language,category,emotion,condition,emotion_strategy,neutral_strategy,model_a,model_b,top_k,overlap_count,jaccard_top_k,overlap_coefficient_top_k,rank_correlation_union,mean_abs_rank_delta_shared,shared_candidates
en,food,anger,emotion,centroid_phrases,neutral_centroid,bielik_1_5b_v3,gemini,10,5,0.3333333333333333,0.5,0.2690909090909091,1.4,comfort food; fresh fruit; hospital food; raw meat; rotten food
en,food,anger,emotion,centroid_phrases,neutral_centroid,bielik_1_5b_v3,mmlw_roberta_large,10,5,0.3333333333333333,0.5,0.12181818181818181,3.0,comfort food; greasy leftovers; raw meat; restaurant meal; rotten food
en,food,anger,emotion,centroid_phrases,neutral_centroid,bielik_1_5b_v3,qwen3_embedding_8b,10,6,0.42857142857142855,0.6,0.3251585623678647,1.8333333333333333,comfort food; fresh fruit; greasy leftovers; hospital food; restaurant meal; rotten food
en,food,anger,emotion,centroid_phrases,neutral_centroid,gemini,mmlw_roberta_large,10,3,0.17647058823529413,0.3,-0.05767045454545451,1.6666666666666667,comfort food; raw meat; rotten food
en,food,anger,emotion,centroid_phrases,neutral_centroid,gemini,qwen3_embedding_8b,10,7,0.5384615384615384,0.7,0.5666666666666667,0.8571428571428571,bread; burnt dinner; comfort food; fresh fruit; hospital food; rotten food; street snack
en,food,anger,emotion,centroid_phrases,neutral_centroid,mmlw_roberta_large,qwen3_embedding_8b,10,5,0.3333333333333333,0.5,0.1327272727272727,4.0,comfort food; greasy leftovers; restaurant meal; rotten food; spicy curry
en,food,anger,emotion,single_word,neutral_centroid,bielik_1_5b_v3,gemini,10,4,0.25,0.4,0.035406698564593296,3.0,comfort food; hospital food; rotten food; salad
en,food,anger,emotion,single_word,neutral_centroid,bielik_1_5b_v3,mmlw_roberta_large,10,3,0.17647058823529413,0.3,-0.40539772727272716,4.0,comfort food; rotten food; salad
en,food,anger,emotion,single_word,neutral_centroid,bielik_1_5b_v3,qwen3_embedding_8b,10,3,0.17647058823529413,0.3,0.2803977272727274,1.0,comfort food; hospital food; rotten food
en,food,anger,emotion,single_word,neutral_centroid,gemini,mmlw_roberta_large,10,4,0.25,0.4,-0.31674641148325355,2.5,comfort food; raw meat; rotten food; salad
en,food,anger,emotion,single_word,neutral_centroid,gemini,qwen3_embedding_8b,10,7,0.5384615384615384,0.7,0.4287878787878788,2.142857142857143,bread; burnt dinner; cheese; comfort food; hospital food; rotten food; spoiled milk
en,food,anger,emotion,single_word,neutral_centroid,mmlw_roberta_large,qwen3_embedding_8b,10,3,0.17647058823529413,0.3,-0.3957386363636364,6.0,comfort food; restaurant meal; rotten food
en,food,anger,identity,centroid_phrases,neutral_centroid,bielik_1_5b_v3,gemini,10,6,0.42857142857142855,0.6,0.15940803382663846,2.8333333333333335,comfort food; hospital food; raw meat; restaurant meal; rotten food; salad
en,food,anger,identity,centroid_phrases,neutral_centroid,bielik_1_5b_v3,mmlw_roberta_large,10,5,0.3333333333333333,0.5,-0.3090909090909091,4.8,comfort food; hospital food; restaurant meal; rotten food; salad
en,food,anger,identity,centroid_phrases,neutral_centroid,bielik_1_5b_v3,qwen3_embedding_8b,10,5,0.3333333333333333,0.5,0.15999999999999998,2.4,cake; comfort food; hospital food; restaurant meal; rotten food
en,food,anger,identity,centroid_phrases,neutral_centroid,gemini,mmlw_roberta_large,10,7,0.5384615384615384,0.7,0.23181818181818184,3.0,bread; comfort food; hospital food; restaurant meal; rotten food; salad; warm bread
en,food,anger,identity,centroid_phrases,neutral_centroid,gemini,qwen3_embedding_8b,10,7,0.5384615384615384,0.7,0.7308080808080808,1.1428571428571428,bread; cheese; comfort food; hospital food; restaurant meal; rotten food; street snack
en,food,anger,identity,centroid_phrases,neutral_centroid,mmlw_roberta_large,qwen3_embedding_8b,10,5,0.3333333333333333,0.5,0.2854545454545454,2.6,bread; comfort food; hospital food; restaurant meal; rotten food
en,food,anger,identity,single_word,neutral_centroid,bielik_1_5b_v3,gemini,10,6,0.42857142857142855,0.6,0.15940803382663846,2.8333333333333335,comfort food; hospital food; raw meat; restaurant meal; rotten food; salad
en,food,anger,identity,single_word,neutral_centroid,bielik_1_5b_v3,mmlw_roberta_large,10,5,0.3333333333333333,0.5,-0.3090909090909091,4.8,comfort food; hospital food; restaurant meal; rotten food; salad
en,food,anger,identity,single_word,neutral_centroid,bielik_1_5b_v3,qwen3_embedding_8b,10,5,0.3333333333333333,0.5,0.15999999999999998,2.4,cake; comfort food; hospital food; restaurant meal; rotten food
en,food,anger,identity,single_word,neutral_centroid,gemini,mmlw_roberta_large,10,7,0.5384615384615384,0.7,0.23181818181818184,3.0,bread; comfort food; hospital food; restaurant meal; rotten food; salad; warm bread
en,food,anger,identity,single_word,neutral_centroid,gemini,qwen3_embedding_8b,10,7,0.5384615384615384,0.7,0.7308080808080808,1.1428571428571428,bread; cheese; comfort food; hospital food; restaurant meal; rotten food; street snack
en,food,anger,identity,single_word,neutral_centroid,mmlw_roberta_large,qwen3_embedding_8b,10,5,0.3333333333333333,0.5,0.2854545454545454,2.6,bread; comfort food; hospital food; restaurant meal; rotten food
en,food,anger,random,centroid_phrases,neutral_centroid,bielik_1_5b_v3,gemini,10,6,0.42857142857142855,0.6,0.21268498942917544,2.3333333333333335,comfort food; fresh fruit; hospital food; raw meat; rotten food; street snack
en,food,anger,random,centroid_phrases,neutral_centroid,bielik_1_5b_v3,mmlw_roberta_large,10,5,0.3333333333333333,0.5,0.28545454545454535,2.4,comfort food; hospital food; raw meat; rotten food; sour yogurt
en,food,anger,random,centroid_phrases,neutral_centroid,bielik_1_5b_v3,qwen3_embedding_8b,10,5,0.3333333333333333,0.5,0.050909090909090925,2.8,comfort food; fresh fruit; hospital food; rotten food; street snack
en,food,anger,random,centroid_phrases,neutral_centroid,gemini,mmlw_roberta_large,10,6,0.42857142857142855,0.6,0.17124735729386892,2.3333333333333335,comfort food; hospital food; raw meat; restaurant meal; rotten food; salad
en,food,anger,random,centroid_phrases,neutral_centroid,gemini,qwen3_embedding_8b,10,8,0.6666666666666666,0.8,0.7968652037617553,1.75,bread; cheese; comfort food; fresh fruit; hospital food; restaurant meal; rotten food; street snack
en,food,anger,random,centroid_phrases,neutral_centroid,mmlw_roberta_large,qwen3_embedding_8b,10,4,0.25,0.4,-0.0003189792663476874,3.0,comfort food; hospital food; restaurant meal; rotten food
en,food,anger,random,single_word,neutral_centroid,bielik_1_5b_v3,gemini,10,6,0.42857142857142855,0.6,0.21268498942917544,2.3333333333333335,comfort food; fresh fruit; hospital food; raw meat; rotten food; street snack
en,food,anger,random,single_word,neutral_centroid,bielik_1_5b_v3,mmlw_roberta_large,10,5,0.3333333333333333,0.5,0.28545454545454535,2.4,comfort food; hospital food; raw meat; rotten food; sour yogurt
en,food,anger,random,single_word,neutral_centroid,bielik_1_5b_v3,qwen3_embedding_8b,10,5,0.3333333333333333,0.5,0.050909090909090925,2.8,comfort food; fresh fruit; hospital food; rotten food; street snack
en,food,anger,random,single_word,neutral_centroid,gemini,mmlw_roberta_large,10,6,0.42857142857142855,0.6,0.17124735729386892,2.3333333333333335,comfort food; hospital food; raw meat; restaurant meal; rotten food; salad
en,food,anger,random,single_word,neutral_centroid,gemini,qwen3_embedding_8b,10,8,0.6666666666666666,0.8,0.7968652037617553,1.75,bread; cheese; comfort food; fresh fruit; hospital food; restaurant meal; rotten food; street snack
en,food,anger,random,single_word,neutral_centroid,mmlw_roberta_large,qwen3_embedding_8b,10,4,0.25,0.4,-0.0003189792663476874,3.0,comfort food; hospital food; restaurant meal; rotten food
en,food,anger,shuffled_emotion,centroid_phrases,neutral_centroid,bielik_1_5b_v3,gemini,10,4,0.25,0.4,0.3059011164274322,0.0,comfort food; hospital food; rotten food; sour yogurt
en,food,anger,shuffled_emotion,centroid_phrases,neutral_centroid,bielik_1_5b_v3,mmlw_roberta_large,10,4,0.25,0.4,0.11706539074960126,3.25,comfort food; greasy leftovers; restaurant meal; rotten food
en,food,anger,shuffled_emotion,centroid_phrases,neutral_centroid,bielik_1_5b_v3,qwen3_embedding_8b,10,6,0.42857142857142855,0.6,0.5441860465116277,0.6666666666666666,comfort food; fresh fruit; greasy leftovers; hospital food; restaurant meal; rotten food
en,food,anger,shuffled_emotion,centroid_phrases,neutral_centroid,gemini,mmlw_roberta_large,10,4,0.25,0.4,-0.26570972886762356,2.5,bread; comfort food; rotten food; salad
en,food,anger,shuffled_emotion,centroid_phrases,neutral_centroid,gemini,qwen3_embedding_8b,10,6,0.42857142857142855,0.6,0.5737843551797038,0.8333333333333334,bread; burnt dinner; comfort food; hospital food; rotten food; street snack
en,food,anger,shuffled_emotion,centroid_phrases,neutral_centroid,mmlw_roberta_large,qwen3_embedding_8b,10,6,0.42857142857142855,0.6,0.04101479915433407,3.0,bread; comfort food; greasy leftovers; restaurant meal; rotten food; stale bread
en,food,anger,shuffled_emotion,single_word,neutral_centroid,bielik_1_5b_v3,gemini,10,4,0.25,0.4,0.46411483253588515,0.5,comfort food; hospital food; rotten food; salad
en,food,anger,shuffled_emotion,single_word,neutral_centroid,bielik_1_5b_v3,mmlw_roberta_large,10,3,0.17647058823529413,0.3,0.14517045454545455,0.3333333333333333,comfort food; rotten food; salad
en,food,anger,shuffled_emotion,single_word,neutral_centroid,bielik_1_5b_v3,qwen3_embedding_8b,10,3,0.17647058823529413,0.3,0.3238636363636364,0.0,comfort food; hospital food; rotten food
en,food,anger,shuffled_emotion,single_word,neutral_centroid,gemini,mmlw_roberta_large,10,5,0.3333333333333333,0.5,0.14363636363636362,1.4,bread; comfort food; rotten food; salad; sweet dessert
en,food,anger,shuffled_emotion,single_word,neutral_centroid,gemini,qwen3_embedding_8b,10,7,0.5384615384615384,0.7,0.6651515151515152,1.2857142857142858,bread; burnt dinner; cheese; comfort food; hospital food; rotten food; street snack
en,food,anger,shuffled_emotion,single_word,neutral_centroid,mmlw_roberta_large,qwen3_embedding_8b,10,5,0.3333333333333333,0.5,0.1818181818181818,1.6,bread; comfort food; greasy leftovers; rotten food; stale bread
en,food,disgust,emotion,centroid_phrases,neutral_centroid,bielik_1_5b_v3,gemini,10,5,0.3333333333333333,0.5,0.290909090909091,1.0,bitter medicine; comfort food; greasy leftovers; hospital food; rotten food
en,food,disgust,emotion,centroid_phrases,neutral_centroid,bielik_1_5b_v3,mmlw_roberta_large,10,4,0.25,0.4,0.21403508771929824,2.5,comfort food; greasy leftovers; restaurant meal; rotten food
en,food,disgust,emotion,centroid_phrases,neutral_centroid,bielik_1_5b_v3,qwen3_embedding_8b,10,5,0.3333333333333333,0.5,0.43272727272727274,2.4,comfort food; greasy leftovers; hospital food; restaurant meal; rotten food
en,food,disgust,emotion,centroid_phrases,neutral_centroid,gemini,mmlw_roberta_large,10,5,0.3333333333333333,0.5,0.14363636363636365,3.6,comfort food; greasy leftovers; raw meat; rotten food; spoiled milk
en,food,disgust,emotion,centroid_phrases,neutral_centroid,gemini,qwen3_embedding_8b,10,8,0.6666666666666666,0.8,0.6463949843260189,1.75,burnt dinner; comfort food; dirty plate; greasy leftovers; hospital food; raw meat; rotten food; spoiled milk
en,food,disgust,emotion,centroid_phrases,neutral_centroid,mmlw_roberta_large,qwen3_embedding_8b,10,6,0.42857142857142855,0.6,0.4257928118393235,2.1666666666666665,comfort food; greasy leftovers; raw meat; restaurant meal; rotten food; spoiled milk
en,food,disgust,emotion,single_word,neutral_centroid,bielik_1_5b_v3,gemini,10,4,0.25,0.4,0.17830940988835722,1.75,comfort food; hospital food; rotten food; salad
en,food,disgust,emotion,single_word,neutral_centroid,bielik_1_5b_v3,mmlw_roberta_large,10,3,0.17647058823529413,0.3,-0.20255681818181812,4.666666666666667,comfort food; hospital food; rotten food
en,food,disgust,emotion,single_word,neutral_centroid,bielik_1_5b_v3,qwen3_embedding_8b,10,4,0.25,0.4,0.21913875598086122,1.5,comfort food; hospital food; rotten food; worms
en,food,disgust,emotion,single_word,neutral_centroid,gemini,mmlw_roberta_large,10,5,0.3333333333333333,0.5,0.029090909090909108,2.6,comfort food; hospital food; raw meat; rotten food; spoiled milk
en,food,disgust,emotion,single_word,neutral_centroid,gemini,qwen3_embedding_8b,10,6,0.42857142857142855,0.6,0.2659619450317124,1.3333333333333333,burnt dinner; comfort food; dirty plate; hospital food; rotten food; spoiled milk
en,food,disgust,emotion,single_word,neutral_centroid,mmlw_roberta_large,qwen3_embedding_8b,10,6,0.42857142857142855,0.6,0.2837209302325582,2.8333333333333335,comfort food; greasy leftovers; hospital food; restaurant meal; rotten food; spoiled milk
en,food,disgust,identity,centroid_phrases,neutral_centroid,bielik_1_5b_v3,gemini,10,6,0.42857142857142855,0.6,0.15940803382663846,2.8333333333333335,comfort food; hospital food; raw meat; restaurant meal; rotten food; salad
en,food,disgust,identity,centroid_phrases,neutral_centroid,bielik_1_5b_v3,mmlw_roberta_large,10,5,0.3333333333333333,0.5,-0.3090909090909091,4.8,comfort food; hospital food; restaurant meal; rotten food; salad
en,food,disgust,identity,centroid_phrases,neutral_centroid,bielik_1_5b_v3,qwen3_embedding_8b,10,5,0.3333333333333333,0.5,0.15999999999999998,2.4,cake; comfort food; hospital food; restaurant meal; rotten food
en,food,disgust,identity,centroid_phrases,neutral_centroid,gemini,mmlw_roberta_large,10,7,0.5384615384615384,0.7,0.23181818181818184,3.0,bread; comfort food; hospital food; restaurant meal; rotten food; salad; warm bread
en,food,disgust,identity,centroid_phrases,neutral_centroid,gemini,qwen3_embedding_8b,10,7,0.5384615384615384,0.7,0.7308080808080808,1.1428571428571428,bread; cheese; comfort food; hospital food; restaurant meal; rotten food; street snack
en,food,disgust,identity,centroid_phrases,neutral_centroid,mmlw_roberta_large,qwen3_embedding_8b,10,5,0.3333333333333333,0.5,0.2854545454545454,2.6,bread; comfort food; hospital food; restaurant meal; rotten food
en,food,disgust,identity,single_word,neutral_centroid,bielik_1_5b_v3,gemini,10,6,0.42857142857142855,0.6,0.15940803382663846,2.8333333333333335,comfort food; hospital food; raw meat; restaurant meal; rotten food; salad
en,food,disgust,identity,single_word,neutral_centroid,bielik_1_5b_v3,mmlw_roberta_large,10,5,0.3333333333333333,0.5,-0.3090909090909091,4.8,comfort food; hospital food; restaurant meal; rotten food; salad
en,food,disgust,identity,single_word,neutral_centroid,bielik_1_5b_v3,qwen3_embedding_8b,10,5,0.3333333333333333,0.5,0.15999999999999998,2.4,cake; comfort food; hospital food; restaurant meal; rotten food
en,food,disgust,identity,single_word,neutral_centroid,gemini,mmlw_roberta_large,10,7,0.5384615384615384,0.7,0.23181818181818184,3.0,bread; comfort food; hospital food; restaurant meal; rotten food; salad; warm bread
en,food,disgust,identity,single_word,neutral_centroid,gemini,qwen3_embedding_8b,10,7,0.5384615384615384,0.7,0.7308080808080808,1.1428571428571428,bread; cheese; comfort food; hospital food; restaurant meal; rotten food; street snack
en,food,disgust,identity,single_word,neutral_centroid,mmlw_roberta_large,qwen3_embedding_8b,10,5,0.3333333333333333,0.5,0.2854545454545454,2.6,bread; comfort food; hospital food; restaurant meal; rotten food
en,food,disgust,random,centroid_phrases,neutral_centroid,bielik_1_5b_v3,gemini,10,5,0.3333333333333333,0.5,-0.02545454545454546,3.8,comfort food; hospital food; raw meat; restaurant meal; rotten food
en,food,disgust,random,centroid_phrases,neutral_centroid,bielik_1_5b_v3,mmlw_roberta_large,10,3,0.17647058823529413,0.3,-0.6420454545454545,3.0,home-cooked soup; restaurant meal; rotten food
en,food,disgust,random,centroid_phrases,neutral_centroid,bielik_1_5b_v3,qwen3_embedding_8b,10,5,0.3333333333333333,0.5,0.19272727272727266,2.4,comfort food; fresh fruit; hospital food; restaurant meal; rotten food
en,food,disgust,random,centroid_phrases,neutral_centroid,gemini,mmlw_roberta_large,10,5,0.3333333333333333,0.5,-0.3745454545454545,1.2,bread; restaurant meal; rotten food; salad; warm bread
en,food,disgust,random,centroid_phrases,neutral_centroid,gemini,qwen3_embedding_8b,10,6,0.42857142857142855,0.6,0.26004228329809725,3.0,bread; comfort food; hospital food; restaurant meal; rotten food; street snack
en,food,disgust,random,centroid_phrases,neutral_centroid,mmlw_roberta_large,qwen3_embedding_8b,10,4,0.25,0.4,-0.41881977671451354,4.25,bread; greasy leftovers; restaurant meal; rotten food
en,food,disgust,random,single_word,neutral_centroid,bielik_1_5b_v3,gemini,10,5,0.3333333333333333,0.5,-0.02545454545454546,3.8,comfort food; hospital food; raw meat; restaurant meal; rotten food
en,food,disgust,random,single_word,neutral_centroid,bielik_1_5b_v3,mmlw_roberta_large,10,3,0.17647058823529413,0.3,-0.6420454545454545,3.0,home-cooked soup; restaurant meal; rotten food
en,food,disgust,random,single_word,neutral_centroid,bielik_1_5b_v3,qwen3_embedding_8b,10,5,0.3333333333333333,0.5,0.19272727272727266,2.4,comfort food; fresh fruit; hospital food; restaurant meal; rotten food
en,food,disgust,random,single_word,neutral_centroid,gemini,mmlw_roberta_large,10,5,0.3333333333333333,0.5,-0.3745454545454545,1.2,bread; restaurant meal; rotten food; salad; warm bread
en,food,disgust,random,single_word,neutral_centroid,gemini,qwen3_embedding_8b,10,6,0.42857142857142855,0.6,0.26004228329809725,3.0,bread; comfort food; hospital food; restaurant meal; rotten food; street snack
en,food,disgust,random,single_word,neutral_centroid,mmlw_roberta_large,qwen3_embedding_8b,10,4,0.25,0.4,-0.41881977671451354,4.25,bread; greasy leftovers; restaurant meal; rotten food
en,food,disgust,shuffled_emotion,centroid_phrases,neutral_centroid,bielik_1_5b_v3,gemini,10,4,0.25,0.4,0.22424242424242424,2.75,comfort food; fresh fruit; hospital food; rotten food
en,food,disgust,shuffled_emotion,centroid_phrases,neutral_centroid,bielik_1_5b_v3,mmlw_roberta_large,10,5,0.3333333333333333,0.5,0.0781818181818182,2.0,comfort food; greasy leftovers; hospital food; restaurant meal; sour yogurt
en,food,disgust,shuffled_emotion,centroid_phrases,neutral_centroid,bielik_1_5b_v3,qwen3_embedding_8b,10,5,0.3333333333333333,0.5,0.4545454545454545,1.8,comfort food; fresh fruit; hospital food; restaurant meal; rotten food
en,food,disgust,shuffled_emotion,centroid_phrases,neutral_centroid,gemini,mmlw_roberta_large,10,4,0.25,0.4,-0.005422647527910685,3.25,comfort food; hospital food; sweet dessert; warm bread
en,food,disgust,shuffled_emotion,centroid_phrases,neutral_centroid,gemini,qwen3_embedding_8b,10,6,0.42857142857142855,0.6,0.5086680761099365,1.5,comfort food; fresh fruit; hospital food; rotten food; street snack; sweet dessert
en,food,disgust,shuffled_emotion,centroid_phrases,neutral_centroid,mmlw_roberta_large,qwen3_embedding_8b,10,5,0.3333333333333333,0.5,0.10545454545454541,2.6,bread; comfort food; hospital food; restaurant meal; sweet dessert
en,food,disgust,shuffled_emotion,single_word,neutral_centroid,bielik_1_5b_v3,gemini,10,5,0.3333333333333333,0.5,0.12181818181818185,1.6,coffee; comfort food; hospital food; rotten food; salad
en,food,disgust,shuffled_emotion,single_word,neutral_centroid,bielik_1_5b_v3,mmlw_roberta_large,10,3,0.17647058823529413,0.3,-0.1784090909090909,1.0,comfort food; hospital food; salad
en,food,disgust,shuffled_emotion,single_word,neutral_centroid,bielik_1_5b_v3,qwen3_embedding_8b,10,4,0.25,0.4,0.35693779904306216,1.5,cake; comfort food; hospital food; rotten food
en,food,disgust,shuffled_emotion,single_word,neutral_centroid,gemini,mmlw_roberta_large,10,3,0.17647058823529413,0.3,-0.1832386363636363,1.3333333333333333,comfort food; hospital food; salad
en,food,disgust,shuffled_emotion,single_word,neutral_centroid,gemini,qwen3_embedding_8b,10,7,0.5384615384615384,0.7,0.2580808080808082,3.2857142857142856,bread; cheese; comfort food; fresh fruit; hospital food; rotten food; street snack
en,food,disgust,shuffled_emotion,single_word,neutral_centroid,mmlw_roberta_large,qwen3_embedding_8b,10,3,0.17647058823529413,0.3,0.05823863636363637,2.6666666666666665,comfort food; hospital food; restaurant meal
en,food,joy,emotion,centroid_phrases,neutral_centroid,bielik_1_5b_v3,gemini,10,4,0.25,0.4,0.22424242424242424,2.75,comfort food; fresh fruit; hospital food; rotten food
en,food,joy,emotion,centroid_phrases,neutral_centroid,bielik_1_5b_v3,mmlw_roberta_large,10,5,0.3333333333333333,0.5,0.0781818181818182,2.0,comfort food; greasy leftovers; hospital food; restaurant meal; sour yogurt
en,food,joy,emotion,centroid_phrases,neutral_centroid,bielik_1_5b_v3,qwen3_embedding_8b,10,5,0.3333333333333333,0.5,0.4545454545454545,1.8,comfort food; fresh fruit; hospital food; restaurant meal; rotten food
en,food,joy,emotion,centroid_phrases,neutral_centroid,gemini,mmlw_roberta_large,10,4,0.25,0.4,-0.005422647527910685,3.25,comfort food; hospital food; sweet dessert; warm bread
en,food,joy,emotion,centroid_phrases,neutral_centroid,gemini,qwen3_embedding_8b,10,6,0.42857142857142855,0.6,0.5086680761099365,1.5,comfort food; fresh fruit; hospital food; rotten food; street snack; sweet dessert
en,food,joy,emotion,centroid_phrases,neutral_centroid,mmlw_roberta_large,qwen3_embedding_8b,10,5,0.3333333333333333,0.5,0.10545454545454541,2.6,bread; comfort food; hospital food; restaurant meal; sweet dessert
en,food,joy,emotion,single_word,neutral_centroid,bielik_1_5b_v3,gemini,10,5,0.3333333333333333,0.5,0.12181818181818185,1.6,coffee; comfort food; hospital food; rotten food; salad
en,food,joy,emotion,single_word,neutral_centroid,bielik_1_5b_v3,mmlw_roberta_large,10,3,0.17647058823529413,0.3,-0.1784090909090909,1.0,comfort food; hospital food; salad
en,food,joy,emotion,single_word,neutral_centroid,bielik_1_5b_v3,qwen3_embedding_8b,10,4,0.25,0.4,0.35693779904306216,1.5,cake; comfort food; hospital food; rotten food
en,food,joy,emotion,single_word,neutral_centroid,gemini,mmlw_roberta_large,10,3,0.17647058823529413,0.3,-0.1832386363636363,1.3333333333333333,comfort food; hospital food; salad
en,food,joy,emotion,single_word,neutral_centroid,gemini,qwen3_embedding_8b,10,7,0.5384615384615384,0.7,0.2580808080808082,3.2857142857142856,bread; cheese; comfort food; fresh fruit; hospital food; rotten food; street snack
en,food,joy,emotion,single_word,neutral_centroid,mmlw_roberta_large,qwen3_embedding_8b,10,3,0.17647058823529413,0.3,0.05823863636363637,2.6666666666666665,comfort food; hospital food; restaurant meal
en,food,joy,identity,centroid_phrases,neutral_centroid,bielik_1_5b_v3,gemini,10,6,0.42857142857142855,0.6,0.15940803382663846,2.8333333333333335,comfort food; hospital food; raw meat; restaurant meal; rotten food; salad
en,food,joy,identity,centroid_phrases,neutral_centroid,bielik_1_5b_v3,mmlw_roberta_large,10,5,0.3333333333333333,0.5,-0.3090909090909091,4.8,comfort food; hospital food; restaurant meal; rotten food; salad
en,food,joy,identity,centroid_phrases,neutral_centroid,bielik_1_5b_v3,qwen3_embedding_8b,10,5,0.3333333333333333,0.5,0.15999999999999998,2.4,cake; comfort food; hospital food; restaurant meal; rotten food
en,food,joy,identity,centroid_phrases,neutral_centroid,gemini,mmlw_roberta_large,10,7,0.5384615384615384,0.7,0.23181818181818184,3.0,bread; comfort food; hospital food; restaurant meal; rotten food; salad; warm bread
en,food,joy,identity,centroid_phrases,neutral_centroid,gemini,qwen3_embedding_8b,10,7,0.5384615384615384,0.7,0.7308080808080808,1.1428571428571428,bread; cheese; comfort food; hospital food; restaurant meal; rotten food; street snack
en,food,joy,identity,centroid_phrases,neutral_centroid,mmlw_roberta_large,qwen3_embedding_8b,10,5,0.3333333333333333,0.5,0.2854545454545454,2.6,bread; comfort food; hospital food; restaurant meal; rotten food
en,food,joy,identity,single_word,neutral_centroid,bielik_1_5b_v3,gemini,10,6,0.42857142857142855,0.6,0.15940803382663846,2.8333333333333335,comfort food; hospital food; raw meat; restaurant meal; rotten food; salad
en,food,joy,identity,single_word,neutral_centroid,bielik_1_5b_v3,mmlw_roberta_large,10,5,0.3333333333333333,0.5,-0.3090909090909091,4.8,comfort food; hospital food; restaurant meal; rotten food; salad
en,food,joy,identity,single_word,neutral_centroid,bielik_1_5b_v3,qwen3_embedding_8b,10,5,0.3333333333333333,0.5,0.15999999999999998,2.4,cake; comfort food; hospital food; restaurant meal; rotten food
en,food,joy,identity,single_word,neutral_centroid,gemini,mmlw_roberta_large,10,7,0.5384615384615384,0.7,0.23181818181818184,3.0,bread; comfort food; hospital food; restaurant meal; rotten food; salad; warm bread
en,food,joy,identity,single_word,neutral_centroid,gemini,qwen3_embedding_8b,10,7,0.5384615384615384,0.7,0.7308080808080808,1.1428571428571428,bread; cheese; comfort food; hospital food; restaurant meal; rotten food; street snack
en,food,joy,identity,single_word,neutral_centroid,mmlw_roberta_large,qwen3_embedding_8b,10,5,0.3333333333333333,0.5,0.2854545454545454,2.6,bread; comfort food; hospital food; restaurant meal; rotten food
en,food,joy,random,centroid_phrases,neutral_centroid,bielik_1_5b_v3,gemini,10,5,0.3333333333333333,0.5,-0.25999999999999995,4.6,comfort food; hospital food; mold; restaurant meal; rotten food
en,food,joy,random,centroid_phrases,neutral_centroid,bielik_1_5b_v3,mmlw_roberta_large,10,5,0.3333333333333333,0.5,0.01818181818181819,4.0,comfort food; hospital food; restaurant meal; rotten food; sweet dessert
en,food,joy,random,centroid_phrases,neutral_centroid,bielik_1_5b_v3,qwen3_embedding_8b,10,5,0.3333333333333333,0.5,0.20363636363636362,2.4,comfort food; fresh fruit; hospital food; restaurant meal; rotten food
en,food,joy,random,centroid_phrases,neutral_centroid,gemini,mmlw_roberta_large,10,6,0.42857142857142855,0.6,-0.012262156448202945,4.166666666666667,bread; comfort food; hospital food; restaurant meal; rotten food; salad
en,food,joy,random,centroid_phrases,neutral_centroid,gemini,qwen3_embedding_8b,10,7,0.5384615384615384,0.7,0.06767676767676767,3.4285714285714284,bread; cheese; comfort food; hospital food; restaurant meal; rotten food; street snack
en,food,joy,random,centroid_phrases,neutral_centroid,mmlw_roberta_large,qwen3_embedding_8b,10,5,0.3333333333333333,0.5,0.5745454545454544,1.4,bread; comfort food; hospital food; restaurant meal; rotten food
en,food,joy,random,single_word,neutral_centroid,bielik_1_5b_v3,gemini,10,5,0.3333333333333333,0.5,-0.25999999999999995,4.6,comfort food; hospital food; mold; restaurant meal; rotten food
en,food,joy,random,single_word,neutral_centroid,bielik_1_5b_v3,mmlw_roberta_large,10,5,0.3333333333333333,0.5,0.01818181818181819,4.0,comfort food; hospital food; restaurant meal; rotten food; sweet dessert
en,food,joy,random,single_word,neutral_centroid,bielik_1_5b_v3,qwen3_embedding_8b,10,5,0.3333333333333333,0.5,0.20363636363636362,2.4,comfort food; fresh fruit; hospital food; restaurant meal; rotten food
en,food,joy,random,single_word,neutral_centroid,gemini,mmlw_roberta_large,10,6,0.42857142857142855,0.6,-0.012262156448202945,4.166666666666667,bread; comfort food; hospital food; restaurant meal; rotten food; salad
en,food,joy,random,single_word,neutral_centroid,gemini,qwen3_embedding_8b,10,7,0.5384615384615384,0.7,0.06767676767676767,3.4285714285714284,bread; cheese; comfort food; hospital food; restaurant meal; rotten food; street snack
en,food,joy,random,single_word,neutral_centroid,mmlw_roberta_large,qwen3_embedding_8b,10,5,0.3333333333333333,0.5,0.5745454545454544,1.4,bread; comfort food; hospital food; restaurant meal; rotten food
en,food,joy,shuffled_emotion,centroid_phrases,neutral_centroid,bielik_1_5b_v3,gemini,10,5,0.3333333333333333,0.5,0.2690909090909091,1.4,comfort food; fresh fruit; hospital food; raw meat; rotten food
en,food,joy,shuffled_emotion,centroid_phrases,neutral_centroid,bielik_1_5b_v3,mmlw_roberta_large,10,5,0.3333333333333333,0.5,0.12181818181818181,3.0,comfort food; greasy leftovers; raw meat; restaurant meal; rotten food
en,food,joy,shuffled_emotion,centroid_phrases,neutral_centroid,bielik_1_5b_v3,qwen3_embedding_8b,10,6,0.42857142857142855,0.6,0.3251585623678647,1.8333333333333333,comfort food; fresh fruit; greasy leftovers; hospital food; restaurant meal; rotten food
en,food,joy,shuffled_emotion,centroid_phrases,neutral_centroid,gemini,mmlw_roberta_large,10,3,0.17647058823529413,0.3,-0.05767045454545451,1.6666666666666667,comfort food; raw meat; rotten food
en,food,joy,shuffled_emotion,centroid_phrases,neutral_centroid,gemini,qwen3_embedding_8b,10,7,0.5384615384615384,0.7,0.5666666666666667,0.8571428571428571,bread; burnt dinner; comfort food; fresh fruit; hospital food; rotten food; street snack
en,food,joy,shuffled_emotion,centroid_phrases,neutral_centroid,mmlw_roberta_large,qwen3_embedding_8b,10,5,0.3333333333333333,0.5,0.1327272727272727,4.0,comfort food; greasy leftovers; restaurant meal; rotten food; spicy curry
en,food,joy,shuffled_emotion,single_word,neutral_centroid,bielik_1_5b_v3,gemini,10,4,0.25,0.4,0.035406698564593296,3.0,comfort food; hospital food; rotten food; salad
en,food,joy,shuffled_emotion,single_word,neutral_centroid,bielik_1_5b_v3,mmlw_roberta_large,10,3,0.17647058823529413,0.3,-0.40539772727272716,4.0,comfort food; rotten food; salad
en,food,joy,shuffled_emotion,single_word,neutral_centroid,bielik_1_5b_v3,qwen3_embedding_8b,10,3,0.17647058823529413,0.3,0.2803977272727274,1.0,comfort food; hospital food; rotten food
en,food,joy,shuffled_emotion,single_word,neutral_centroid,gemini,mmlw_roberta_large,10,4,0.25,0.4,-0.31674641148325355,2.5,comfort food; raw meat; rotten food; salad
en,food,joy,shuffled_emotion,single_word,neutral_centroid,gemini,qwen3_embedding_8b,10,7,0.5384615384615384,0.7,0.4287878787878788,2.142857142857143,bread; burnt dinner; cheese; comfort food; hospital food; rotten food; spoiled milk
en,food,joy,shuffled_emotion,single_word,neutral_centroid,mmlw_roberta_large,qwen3_embedding_8b,10,3,0.17647058823529413,0.3,-0.3957386363636364,6.0,comfort food; restaurant meal; rotten food
en,food,sadness,emotion,centroid_phrases,neutral_centroid,bielik_1_5b_v3,gemini,10,4,0.25,0.4,0.3059011164274322,0.0,comfort food; hospital food; rotten food; sour yogurt
en,food,sadness,emotion,centroid_phrases,neutral_centroid,bielik_1_5b_v3,mmlw_roberta_large,10,4,0.25,0.4,0.11706539074960126,3.25,comfort food; greasy leftovers; restaurant meal; rotten food
en,food,sadness,emotion,centroid_phrases,neutral_centroid,bielik_1_5b_v3,qwen3_embedding_8b,10,6,0.42857142857142855,0.6,0.5441860465116277,0.6666666666666666,comfort food; fresh fruit; greasy leftovers; hospital food; restaurant meal; rotten food
en,food,sadness,emotion,centroid_phrases,neutral_centroid,gemini,mmlw_roberta_large,10,4,0.25,0.4,-0.26570972886762356,2.5,bread; comfort food; rotten food; salad
en,food,sadness,emotion,centroid_phrases,neutral_centroid,gemini,qwen3_embedding_8b,10,6,0.42857142857142855,0.6,0.5737843551797038,0.8333333333333334,bread; burnt dinner; comfort food; hospital food; rotten food; street snack
en,food,sadness,emotion,centroid_phrases,neutral_centroid,mmlw_roberta_large,qwen3_embedding_8b,10,6,0.42857142857142855,0.6,0.04101479915433407,3.0,bread; comfort food; greasy leftovers; restaurant meal; rotten food; stale bread
en,food,sadness,emotion,single_word,neutral_centroid,bielik_1_5b_v3,gemini,10,4,0.25,0.4,0.46411483253588515,0.5,comfort food; hospital food; rotten food; salad
en,food,sadness,emotion,single_word,neutral_centroid,bielik_1_5b_v3,mmlw_roberta_large,10,3,0.17647058823529413,0.3,0.14517045454545455,0.3333333333333333,comfort food; rotten food; salad
en,food,sadness,emotion,single_word,neutral_centroid,bielik_1_5b_v3,qwen3_embedding_8b,10,3,0.17647058823529413,0.3,0.3238636363636364,0.0,comfort food; hospital food; rotten food
en,food,sadness,emotion,single_word,neutral_centroid,gemini,mmlw_roberta_large,10,5,0.3333333333333333,0.5,0.14363636363636362,1.4,bread; comfort food; rotten food; salad; sweet dessert
en,food,sadness,emotion,single_word,neutral_centroid,gemini,qwen3_embedding_8b,10,7,0.5384615384615384,0.7,0.6651515151515152,1.2857142857142858,bread; burnt dinner; cheese; comfort food; hospital food; rotten food; street snack
en,food,sadness,emotion,single_word,neutral_centroid,mmlw_roberta_large,qwen3_embedding_8b,10,5,0.3333333333333333,0.5,0.1818181818181818,1.6,bread; comfort food; greasy leftovers; rotten food; stale bread
en,food,sadness,identity,centroid_phrases,neutral_centroid,bielik_1_5b_v3,gemini,10,6,0.42857142857142855,0.6,0.15940803382663846,2.8333333333333335,comfort food; hospital food; raw meat; restaurant meal; rotten food; salad
en,food,sadness,identity,centroid_phrases,neutral_centroid,bielik_1_5b_v3,mmlw_roberta_large,10,5,0.3333333333333333,0.5,-0.3090909090909091,4.8,comfort food; hospital food; restaurant meal; rotten food; salad
en,food,sadness,identity,centroid_phrases,neutral_centroid,bielik_1_5b_v3,qwen3_embedding_8b,10,5,0.3333333333333333,0.5,0.15999999999999998,2.4,cake; comfort food; hospital food; restaurant meal; rotten food
en,food,sadness,identity,centroid_phrases,neutral_centroid,gemini,mmlw_roberta_large,10,7,0.5384615384615384,0.7,0.23181818181818184,3.0,bread; comfort food; hospital food; restaurant meal; rotten food; salad; warm bread
en,food,sadness,identity,centroid_phrases,neutral_centroid,gemini,qwen3_embedding_8b,10,7,0.5384615384615384,0.7,0.7308080808080808,1.1428571428571428,bread; cheese; comfort food; hospital food; restaurant meal; rotten food; street snack
en,food,sadness,identity,centroid_phrases,neutral_centroid,mmlw_roberta_large,qwen3_embedding_8b,10,5,0.3333333333333333,0.5,0.2854545454545454,2.6,bread; comfort food; hospital food; restaurant meal; rotten food
en,food,sadness,identity,single_word,neutral_centroid,bielik_1_5b_v3,gemini,10,6,0.42857142857142855,0.6,0.15940803382663846,2.8333333333333335,comfort food; hospital food; raw meat; restaurant meal; rotten food; salad
en,food,sadness,identity,single_word,neutral_centroid,bielik_1_5b_v3,mmlw_roberta_large,10,5,0.3333333333333333,0.5,-0.3090909090909091,4.8,comfort food; hospital food; restaurant meal; rotten food; salad
en,food,sadness,identity,single_word,neutral_centroid,bielik_1_5b_v3,qwen3_embedding_8b,10,5,0.3333333333333333,0.5,0.15999999999999998,2.4,cake; comfort food; hospital food; restaurant meal; rotten food
en,food,sadness,identity,single_word,neutral_centroid,gemini,mmlw_roberta_large,10,7,0.5384615384615384,0.7,0.23181818181818184,3.0,bread; comfort food; hospital food; restaurant meal; rotten food; salad; warm bread
en,food,sadness,identity,single_word,neutral_centroid,gemini,qwen3_embedding_8b,10,7,0.5384615384615384,0.7,0.7308080808080808,1.1428571428571428,bread; cheese; comfort food; hospital food; restaurant meal; rotten food; street snack
en,food,sadness,identity,single_word,neutral_centroid,mmlw_roberta_large,qwen3_embedding_8b,10,5,0.3333333333333333,0.5,0.2854545454545454,2.6,bread; comfort food; hospital food; restaurant meal; rotten food
en,food,sadness,random,centroid_phrases,neutral_centroid,bielik_1_5b_v3,gemini,10,6,0.42857142857142855,0.6,-0.01818181818181813,2.3333333333333335,comfort food; fresh fruit; hospital food; raw meat; restaurant meal; salad
en,food,sadness,random,centroid_phrases,neutral_centroid,bielik_1_5b_v3,mmlw_roberta_large,10,4,0.25,0.4,-0.04625199362041466,4.5,comfort food; hospital food; restaurant meal; rotten food
en,food,sadness,random,centroid_phrases,neutral_centroid,bielik_1_5b_v3,qwen3_embedding_8b,10,5,0.3333333333333333,0.5,0.1927272727272726,2.8,comfort food; fresh fruit; hospital food; restaurant meal; rotten food
en,food,sadness,random,centroid_phrases,neutral_centroid,gemini,mmlw_roberta_large,10,5,0.3333333333333333,0.5,-0.22727272727272724,3.8,bread; cheese; comfort food; hospital food; restaurant meal
en,food,sadness,random,centroid_phrases,neutral_centroid,gemini,qwen3_embedding_8b,10,7,0.5384615384615384,0.7,0.23838383838383845,1.5714285714285714,bread; cheese; comfort food; fresh fruit; hospital food; restaurant meal; street snack
en,food,sadness,random,centroid_phrases,neutral_centroid,mmlw_roberta_large,qwen3_embedding_8b,10,6,0.42857142857142855,0.6,-0.012262156448202948,3.6666666666666665,bread; cheese; comfort food; hospital food; restaurant meal; rotten food
en,food,sadness,random,single_word,neutral_centroid,bielik_1_5b_v3,gemini,10,6,0.42857142857142855,0.6,-0.01818181818181813,2.3333333333333335,comfort food; fresh fruit; hospital food; raw meat; restaurant meal; salad
en,food,sadness,random,single_word,neutral_centroid,bielik_1_5b_v3,mmlw_roberta_large,10,4,0.25,0.4,-0.04625199362041466,4.5,comfort food; hospital food; restaurant meal; rotten food
en,food,sadness,random,single_word,neutral_centroid,bielik_1_5b_v3,qwen3_embedding_8b,10,5,0.3333333333333333,0.5,0.1927272727272726,2.8,comfort food; fresh fruit; hospital food; restaurant meal; rotten food
en,food,sadness,random,single_word,neutral_centroid,gemini,mmlw_roberta_large,10,5,0.3333333333333333,0.5,-0.22727272727272724,3.8,bread; cheese; comfort food; hospital food; restaurant meal
en,food,sadness,random,single_word,neutral_centroid,gemini,qwen3_embedding_8b,10,7,0.5384615384615384,0.7,0.23838383838383845,1.5714285714285714,bread; cheese; comfort food; fresh fruit; hospital food; restaurant meal; street snack
en,food,sadness,random,single_word,neutral_centroid,mmlw_roberta_large,qwen3_embedding_8b,10,6,0.42857142857142855,0.6,-0.012262156448202948,3.6666666666666665,bread; cheese; comfort food; hospital food; restaurant meal; rotten food
en,food,sadness,shuffled_emotion,centroid_phrases,neutral_centroid,bielik_1_5b_v3,gemini,10,5,0.3333333333333333,0.5,0.290909090909091,1.0,bitter medicine; comfort food; greasy leftovers; hospital food; rotten food
en,food,sadness,shuffled_emotion,centroid_phrases,neutral_centroid,bielik_1_5b_v3,mmlw_roberta_large,10,4,0.25,0.4,0.21403508771929824,2.5,comfort food; greasy leftovers; restaurant meal; rotten food
en,food,sadness,shuffled_emotion,centroid_phrases,neutral_centroid,bielik_1_5b_v3,qwen3_embedding_8b,10,5,0.3333333333333333,0.5,0.43272727272727274,2.4,comfort food; greasy leftovers; hospital food; restaurant meal; rotten food
en,food,sadness,shuffled_emotion,centroid_phrases,neutral_centroid,gemini,mmlw_roberta_large,10,5,0.3333333333333333,0.5,0.14363636363636365,3.6,comfort food; greasy leftovers; raw meat; rotten food; spoiled milk
en,food,sadness,shuffled_emotion,centroid_phrases,neutral_centroid,gemini,qwen3_embedding_8b,10,8,0.6666666666666666,0.8,0.6463949843260189,1.75,burnt dinner; comfort food; dirty plate; greasy leftovers; hospital food; raw meat; rotten food; spoiled milk
en,food,sadness,shuffled_emotion,centroid_phrases,neutral_centroid,mmlw_roberta_large,qwen3_embedding_8b,10,6,0.42857142857142855,0.6,0.4257928118393235,2.1666666666666665,comfort food; greasy leftovers; raw meat; restaurant meal; rotten food; spoiled milk
en,food,sadness,shuffled_emotion,single_word,neutral_centroid,bielik_1_5b_v3,gemini,10,4,0.25,0.4,0.17830940988835722,1.75,comfort food; hospital food; rotten food; salad
en,food,sadness,shuffled_emotion,single_word,neutral_centroid,bielik_1_5b_v3,mmlw_roberta_large,10,3,0.17647058823529413,0.3,-0.20255681818181812,4.666666666666667,comfort food; hospital food; rotten food
en,food,sadness,shuffled_emotion,single_word,neutral_centroid,bielik_1_5b_v3,qwen3_embedding_8b,10,4,0.25,0.4,0.21913875598086122,1.5,comfort food; hospital food; rotten food; worms
en,food,sadness,shuffled_emotion,single_word,neutral_centroid,gemini,mmlw_roberta_large,10,5,0.3333333333333333,0.5,0.029090909090909108,2.6,comfort food; hospital food; raw meat; rotten food; spoiled milk
en,food,sadness,shuffled_emotion,single_word,neutral_centroid,gemini,qwen3_embedding_8b,10,6,0.42857142857142855,0.6,0.2659619450317124,1.3333333333333333,burnt dinner; comfort food; dirty plate; hospital food; rotten food; spoiled milk
en,food,sadness,shuffled_emotion,single_word,neutral_centroid,mmlw_roberta_large,qwen3_embedding_8b,10,6,0.42857142857142855,0.6,0.2837209302325582,2.8333333333333335,comfort food; greasy leftovers; hospital food; restaurant meal; rotten food; spoiled milk
en,object,anger,emotion,centroid_phrases,neutral_centroid,bielik_1_5b_v3,gemini,10,5,0.3333333333333333,0.5,-0.19999999999999993,3.4,dirty towel; locked door; photograph; ring; warning sign
en,object,anger,emotion,centroid_phrases,neutral_centroid,bielik_1_5b_v3,mmlw_roberta_large,10,4,0.25,0.4,-0.38819776714513554,2.75,dirty towel; love letter; photograph; ring
en,object,anger,emotion,centroid_phrases,neutral_centroid,bielik_1_5b_v3,qwen3_embedding_8b,10,3,0.17647058823529413,0.3,-0.6082386363636364,1.6666666666666667,old shoe; ring; warning sign
en,object,anger,emotion,centroid_phrases,neutral_centroid,gemini,mmlw_roberta_large,10,4,0.25,0.4,-0.08708133971291866,2.75,dirty towel; photograph; ring; toy
en,object,anger,emotion,centroid_phrases,neutral_centroid,gemini,qwen3_embedding_8b,10,4,0.25,0.4,-0.30143540669856456,4.0,broken glass; ring; toy; warning sign
en,object,anger,emotion,centroid_phrases,neutral_centroid,mmlw_roberta_large,qwen3_embedding_8b,10,4,0.25,0.4,-0.5208931419457735,3.0,flower; mirror; ring; toy
en,object,anger,emotion,single_word,neutral_centroid,bielik_1_5b_v3,gemini,10,5,0.3333333333333333,0.5,-0.5109090909090909,3.6,dirty towel; flower; mirror; phone; ring
en,object,anger,emotion,single_word,neutral_centroid,bielik_1_5b_v3,mmlw_roberta_large,10,4,0.25,0.4,-0.3371610845295056,4.0,dirty towel; phone; ring; table
en,object,anger,emotion,single_word,neutral_centroid,bielik_1_5b_v3,qwen3_embedding_8b,10,4,0.25,0.4,-0.16363636363636364,1.25,flower; gift; mirror; ring
en,object,anger,emotion,single_word,neutral_centroid,gemini,mmlw_roberta_large,10,5,0.3333333333333333,0.5,0.09454545454545456,2.8,dirty towel; phone; photograph; ring; toy
en,object,anger,emotion,single_word,neutral_centroid,gemini,qwen3_embedding_8b,10,5,0.3333333333333333,0.5,0.007272727272727251,3.4,broken glass; flower; mirror; ring; toy
en,object,anger,emotion,single_word,neutral_centroid,mmlw_roberta_large,qwen3_embedding_8b,10,3,0.17647058823529413,0.3,-0.2991477272727272,5.666666666666667,book; ring; toy
en,object,anger,identity,centroid_phrases,neutral_centroid,bielik_1_5b_v3,gemini,10,7,0.5384615384615384,0.7,0.04141414141414141,2.7142857142857144,blanket; lamp; mirror; phone; ring; table; toy
en,object,anger,identity,centroid_phrases,neutral_centroid,bielik_1_5b_v3,mmlw_roberta_large,10,5,0.3333333333333333,0.5,0.14909090909090905,3.0,dirty towel; phone; ring; table; toy
en,object,anger,identity,centroid_phrases,neutral_centroid,bielik_1_5b_v3,qwen3_embedding_8b,10,5,0.3333333333333333,0.5,0.32363636363636356,3.6,gift; mirror; ring; table; toy
en,object,anger,identity,centroid_phrases,neutral_centroid,gemini,mmlw_roberta_large,10,7,0.5384615384615384,0.7,-0.12272727272727271,2.2857142857142856,flower; key; phone; photograph; ring; table; toy
en,object,anger,identity,centroid_phrases,neutral_centroid,gemini,qwen3_embedding_8b,10,6,0.42857142857142855,0.6,0.20676532769556022,3.3333333333333335,key; mirror; photograph; ring; table; toy
en,object,anger,identity,centroid_phrases,neutral_centroid,mmlw_roberta_large,qwen3_embedding_8b,10,7,0.5384615384615384,0.7,-0.004545454545454556,2.142857142857143,book; chair; key; photograph; ring; table; toy
en,object,anger,identity,single_word,neutral_centroid,bielik_1_5b_v3,gemini,10,7,0.5384615384615384,0.7,0.04141414141414141,2.7142857142857144,blanket; lamp; mirror; phone; ring; table; toy
en,object,anger,identity,single_word,neutral_centroid,bielik_1_5b_v3,mmlw_roberta_large,10,5,0.3333333333333333,0.5,0.14909090909090905,3.0,dirty towel; phone; ring; table; toy
en,object,anger,identity,single_word,neutral_centroid,bielik_1_5b_v3,qwen3_embedding_8b,10,5,0.3333333333333333,0.5,0.32363636363636356,3.6,gift; mirror; ring; table; toy
en,object,anger,identity,single_word,neutral_centroid,gemini,mmlw_roberta_large,10,7,0.5384615384615384,0.7,-0.12272727272727271,2.2857142857142856,flower; key; phone; photograph; ring; table; toy
en,object,anger,identity,single_word,neutral_centroid,gemini,qwen3_embedding_8b,10,6,0.42857142857142855,0.6,0.20676532769556022,3.3333333333333335,key; mirror; photograph; ring; table; toy
en,object,anger,identity,single_word,neutral_centroid,mmlw_roberta_large,qwen3_embedding_8b,10,7,0.5384615384615384,0.7,-0.004545454545454556,2.142857142857143,book; chair; key; photograph; ring; table; toy
en,object,anger,random,centroid_phrases,neutral_centroid,bielik_1_5b_v3,gemini,10,4,0.25,0.4,-0.10239234449760765,1.75,mirror; phone; photograph; table
en,object,anger,random,centroid_phrases,neutral_centroid,bielik_1_5b_v3,mmlw_roberta_large,10,4,0.25,0.4,-0.41371610845295054,2.75,dirty towel; phone; photograph; table
en,object,anger,random,centroid_phrases,neutral_centroid,bielik_1_5b_v3,qwen3_embedding_8b,10,5,0.3333333333333333,0.5,-0.23272727272727267,3.0,blanket; gift; mirror; photograph; table
en,object,anger,random,centroid_phrases,neutral_centroid,gemini,mmlw_roberta_large,10,7,0.5384615384615384,0.7,-0.05050505050505051,1.7142857142857142,chair; lamp; phone; photograph; ring; table; toy
en,object,anger,random,centroid_phrases,neutral_centroid,gemini,qwen3_embedding_8b,10,5,0.3333333333333333,0.5,0.38363636363636366,2.6,mirror; photograph; ring; table; toy
en,object,anger,random,centroid_phrases,neutral_centroid,mmlw_roberta_large,qwen3_embedding_8b,10,6,0.42857142857142855,0.6,0.15940803382663848,3.3333333333333335,book; key; photograph; ring; table; toy
en,object,anger,random,single_word,neutral_centroid,bielik_1_5b_v3,gemini,10,4,0.25,0.4,-0.10239234449760765,1.75,mirror; phone; photograph; table
en,object,anger,random,single_word,neutral_centroid,bielik_1_5b_v3,mmlw_roberta_large,10,4,0.25,0.4,-0.41371610845295054,2.75,dirty towel; phone; photograph; table
en,object,anger,random,single_word,neutral_centroid,bielik_1_5b_v3,qwen3_embedding_8b,10,5,0.3333333333333333,0.5,-0.23272727272727267,3.0,blanket; gift; mirror; photograph; table
en,object,anger,random,single_word,neutral_centroid,gemini,mmlw_roberta_large,10,7,0.5384615384615384,0.7,-0.05050505050505051,1.7142857142857142,chair; lamp; phone; photograph; ring; table; toy
en,object,anger,random,single_word,neutral_centroid,gemini,qwen3_embedding_8b,10,5,0.3333333333333333,0.5,0.38363636363636366,2.6,mirror; photograph; ring; table; toy
en,object,anger,random,single_word,neutral_centroid,mmlw_roberta_large,qwen3_embedding_8b,10,6,0.42857142857142855,0.6,0.15940803382663848,3.3333333333333335,book; key; photograph; ring; table; toy
en,object,anger,shuffled_emotion,centroid_phrases,neutral_centroid,bielik_1_5b_v3,gemini,10,4,0.25,0.4,-0.5719298245614035,2.25,dirty towel; old shoe; photograph; warning sign
en,object,anger,shuffled_emotion,centroid_phrases,neutral_centroid,bielik_1_5b_v3,mmlw_roberta_large,10,3,0.17647058823529413,0.3,-0.4198863636363636,4.0,dirty towel; love letter; photograph
en,object,anger,shuffled_emotion,centroid_phrases,neutral_centroid,bielik_1_5b_v3,qwen3_embedding_8b,10,2,0.1111111111111111,0.2,-0.6317541613316261,3.5,old shoe; photograph
en,object,anger,shuffled_emotion,centroid_phrases,neutral_centroid,gemini,mmlw_roberta_large,10,4,0.25,0.4,-0.11259968102073363,2.75,dirty towel; flower; photograph; toy
en,object,anger,shuffled_emotion,centroid_phrases,neutral_centroid,gemini,qwen3_embedding_8b,10,5,0.3333333333333333,0.5,0.11090909090909094,3.6,broken glass; old shoe; photograph; torn photograph; toy
en,object,anger,shuffled_emotion,centroid_phrases,neutral_centroid,mmlw_roberta_large,qwen3_embedding_8b,10,4,0.25,0.4,-0.45454545454545453,3.0,chair; mirror; photograph; toy
en,object,anger,shuffled_emotion,single_word,neutral_centroid,bielik_1_5b_v3,gemini,10,2,0.1111111111111111,0.2,-0.631754161331626,0.5,lamp; ring
en,object,anger,shuffled_emotion,single_word,neutral_centroid,bielik_1_5b_v3,mmlw_roberta_large,10,2,0.1111111111111111,0.2,-0.4980793854033289,4.0,dirty towel; table
en,object,anger,shuffled_emotion,single_word,neutral_centroid,bielik_1_5b_v3,qwen3_embedding_8b,10,2,0.1111111111111111,0.2,-0.4750320102432777,3.0,gift; warning sign
en,object,anger,shuffled_emotion,single_word,neutral_centroid,gemini,mmlw_roberta_large,10,5,0.3333333333333333,0.5,0.13272727272727278,3.8,broken glass; flower; photograph; torn photograph; toy
en,object,anger,shuffled_emotion,single_word,neutral_centroid,gemini,qwen3_embedding_8b,10,5,0.3333333333333333,0.5,0.03454545454545454,4.4,broken glass; flower; old shoe; torn photograph; toy
en,object,anger,shuffled_emotion,single_word,neutral_centroid,mmlw_roberta_large,qwen3_embedding_8b,10,6,0.42857142857142855,0.6,-0.053699788583509524,3.5,book; broken glass; flower; mirror; torn photograph; toy
en,object,disgust,emotion,centroid_phrases,neutral_centroid,bielik_1_5b_v3,gemini,10,5,0.3333333333333333,0.5,-0.11818181818181814,2.4,dirty towel; funny mask; old shoe; photograph; warning sign
en,object,disgust,emotion,centroid_phrases,neutral_centroid,bielik_1_5b_v3,mmlw_roberta_large,10,3,0.17647058823529413,0.3,-0.2846590909090908,1.6666666666666667,dirty towel; love letter; photograph
en,object,disgust,emotion,centroid_phrases,neutral_centroid,bielik_1_5b_v3,qwen3_embedding_8b,10,2,0.1111111111111111,0.2,-0.21690140845070413,1.5,dirty towel; old shoe
en,object,disgust,emotion,centroid_phrases,neutral_centroid,gemini,mmlw_roberta_large,10,4,0.25,0.4,0.014992025518341305,1.75,dirty towel; mirror; photograph; toy
en,object,disgust,emotion,centroid_phrases,neutral_centroid,gemini,qwen3_embedding_8b,10,5,0.3333333333333333,0.5,-0.03636363636363637,3.4,dirty towel; mirror; old shoe; ring; toy
en,object,disgust,emotion,centroid_phrases,neutral_centroid,mmlw_roberta_large,qwen3_embedding_8b,10,4,0.25,0.4,-0.03094098883572568,1.25,broken glass; dirty towel; mirror; toy
en,object,disgust,emotion,single_word,neutral_centroid,bielik_1_5b_v3,gemini,10,3,0.17647058823529413,0.3,-0.3860795454545454,6.0,dirty towel; photograph; ring
en,object,disgust,emotion,single_word,neutral_centroid,bielik_1_5b_v3,mmlw_roberta_large,10,4,0.25,0.4,-0.24529505582137157,2.75,dirty towel; mirror; photograph; table
en,object,disgust,emotion,single_word,neutral_centroid,bielik_1_5b_v3,qwen3_embedding_8b,10,3,0.17647058823529413,0.3,-0.3039772727272727,2.3333333333333335,dirty towel; gift; mirror
en,object,disgust,emotion,single_word,neutral_centroid,gemini,mmlw_roberta_large,10,5,0.3333333333333333,0.5,0.09999999999999998,2.8,dirty towel; photograph; toy; trash bag; warning sign
en,object,disgust,emotion,single_word,neutral_centroid,gemini,qwen3_embedding_8b,10,4,0.25,0.4,-0.08197767145135566,3.5,dirty towel; old shoe; toy; trash bag
en,object,disgust,emotion,single_word,neutral_centroid,mmlw_roberta_large,qwen3_embedding_8b,10,5,0.3333333333333333,0.5,0.20909090909090908,2.2,book; dirty towel; mirror; toy; trash bag
en,object,disgust,identity,centroid_phrases,neutral_centroid,bielik_1_5b_v3,gemini,10,7,0.5384615384615384,0.7,0.04141414141414141,2.7142857142857144,blanket; lamp; mirror; phone; ring; table; toy
en,object,disgust,identity,centroid_phrases,neutral_centroid,bielik_1_5b_v3,mmlw_roberta_large,10,5,0.3333333333333333,0.5,0.14909090909090905,3.0,dirty towel; phone; ring; table; toy
en,object,disgust,identity,centroid_phrases,neutral_centroid,bielik_1_5b_v3,qwen3_embedding_8b,10,5,0.3333333333333333,0.5,0.32363636363636356,3.6,gift; mirror; ring; table; toy
en,object,disgust,identity,centroid_phrases,neutral_centroid,gemini,mmlw_roberta_large,10,7,0.5384615384615384,0.7,-0.12272727272727271,2.2857142857142856,flower; key; phone; photograph; ring; table; toy
en,object,disgust,identity,centroid_phrases,neutral_centroid,gemini,qwen3_embedding_8b,10,6,0.42857142857142855,0.6,0.20676532769556022,3.3333333333333335,key; mirror; photograph; ring; table; toy
en,object,disgust,identity,centroid_phrases,neutral_centroid,mmlw_roberta_large,qwen3_embedding_8b,10,7,0.5384615384615384,0.7,-0.004545454545454556,2.142857142857143,book; chair; key; photograph; ring; table; toy
en,object,disgust,identity,single_word,neutral_centroid,bielik_1_5b_v3,gemini,10,7,0.5384615384615384,0.7,0.04141414141414141,2.7142857142857144,blanket; lamp; mirror; phone; ring; table; toy
en,object,disgust,identity,single_word,neutral_centroid,bielik_1_5b_v3,mmlw_roberta_large,10,5,0.3333333333333333,0.5,0.14909090909090905,3.0,dirty towel; phone; ring; table; toy
en,object,disgust,identity,single_word,neutral_centroid,bielik_1_5b_v3,qwen3_embedding_8b,10,5,0.3333333333333333,0.5,0.32363636363636356,3.6,gift; mirror; ring; table; toy
en,object,disgust,identity,single_word,neutral_centroid,gemini,mmlw_roberta_large,10,7,0.5384615384615384,0.7,-0.12272727272727271,2.2857142857142856,flower; key; phone; photograph; ring; table; toy
en,object,disgust,identity,single_word,neutral_centroid,gemini,qwen3_embedding_8b,10,6,0.42857142857142855,0.6,0.20676532769556022,3.3333333333333335,key; mirror; photograph; ring; table; toy
en,object,disgust,identity,single_word,neutral_centroid,mmlw_roberta_large,qwen3_embedding_8b,10,7,0.5384615384615384,0.7,-0.004545454545454556,2.142857142857143,book; chair; key; photograph; ring; table; toy
en,object,disgust,random,centroid_phrases,neutral_centroid,bielik_1_5b_v3,gemini,10,3,0.17647058823529413,0.3,-0.22670454545454538,3.3333333333333335,key; lamp; table
en,object,disgust,random,centroid_phrases,neutral_centroid,bielik_1_5b_v3,mmlw_roberta_large,10,3,0.17647058823529413,0.3,-0.01903409090909089,2.0,dirty towel; phone; table
en,object,disgust,random,centroid_phrases,neutral_centroid,bielik_1_5b_v3,qwen3_embedding_8b,10,2,0.1111111111111111,0.2,-0.44276568501920605,4.0,key; table
en,object,disgust,random,centroid_phrases,neutral_centroid,gemini,mmlw_roberta_large,10,5,0.3333333333333333,0.5,-0.46727272727272723,3.0,flower; gift; photograph; table; toy
en,object,disgust,random,centroid_phrases,neutral_centroid,gemini,qwen3_embedding_8b,10,7,0.5384615384615384,0.7,0.03484848484848484,2.5714285714285716,gift; key; mirror; photograph; ring; table; toy
en,object,disgust,random,centroid_phrases,neutral_centroid,mmlw_roberta_large,qwen3_embedding_8b,10,6,0.42857142857142855,0.6,-0.18393234672304437,2.6666666666666665,book; chair; gift; photograph; table; toy
en,object,disgust,random,single_word,neutral_centroid,bielik_1_5b_v3,gemini,10,3,0.17647058823529413,0.3,-0.22670454545454538,3.3333333333333335,key; lamp; table
en,object,disgust,random,single_word,neutral_centroid,bielik_1_5b_v3,mmlw_roberta_large,10,3,0.17647058823529413,0.3,-0.01903409090909089,2.0,dirty towel; phone; table
en,object,disgust,random,single_word,neutral_centroid,bielik_1_5b_v3,qwen3_embedding_8b,10,2,0.1111111111111111,0.2,-0.44276568501920605,4.0,key; table
en,object,disgust,random,single_word,neutral_centroid,gemini,mmlw_roberta_large,10,5,0.3333333333333333,0.5,-0.46727272727272723,3.0,flower; gift; photograph; table; toy
en,object,disgust,random,single_word,neutral_centroid,gemini,qwen3_embedding_8b,10,7,0.5384615384615384,0.7,0.03484848484848484,2.5714285714285716,gift; key; mirror; photograph; ring; table; toy
en,object,disgust,random,single_word,neutral_centroid,mmlw_roberta_large,qwen3_embedding_8b,10,6,0.42857142857142855,0.6,-0.18393234672304437,2.6666666666666665,book; chair; gift; photograph; table; toy
en,object,disgust,shuffled_emotion,centroid_phrases,neutral_centroid,bielik_1_5b_v3,gemini,10,2,0.1111111111111111,0.2,-0.5626120358514723,5.5,funny mask; photograph
en,object,disgust,shuffled_emotion,centroid_phrases,neutral_centroid,bielik_1_5b_v3,mmlw_roberta_large,10,3,0.17647058823529413,0.3,-0.5068181818181817,5.333333333333333,dirty towel; love letter; photograph
en,object,disgust,shuffled_emotion,centroid_phrases,neutral_centroid,bielik_1_5b_v3,qwen3_embedding_8b,10,3,0.17647058823529413,0.3,-0.6758522727272724,3.6666666666666665,funny mask; old shoe; photograph
en,object,disgust,shuffled_emotion,centroid_phrases,neutral_centroid,gemini,mmlw_roberta_large,10,5,0.3333333333333333,0.5,-0.10727272727272723,2.2,flower; gift; photograph; table; toy
en,object,disgust,shuffled_emotion,centroid_phrases,neutral_centroid,gemini,qwen3_embedding_8b,10,6,0.42857142857142855,0.6,0.17716701902748416,3.5,flower; funny mask; gift; photograph; ring; toy
en,object,disgust,shuffled_emotion,centroid_phrases,neutral_centroid,mmlw_roberta_large,qwen3_embedding_8b,10,7,0.5384615384615384,0.7,0.3762626262626263,3.4285714285714284,book; chair; flower; gift; mirror; photograph; toy
en,object,disgust,shuffled_emotion,single_word,neutral_centroid,bielik_1_5b_v3,gemini,10,7,0.5384615384615384,0.7,-0.4904040404040404,4.142857142857143,flower; key; mirror; phone; photograph; ring; table
en,object,disgust,shuffled_emotion,single_word,neutral_centroid,bielik_1_5b_v3,mmlw_roberta_large,10,6,0.42857142857142855,0.6,-0.5095137420718815,4.833333333333333,book; flower; gift; key; photograph; table
en,object,disgust,shuffled_emotion,single_word,neutral_centroid,bielik_1_5b_v3,qwen3_embedding_8b,10,6,0.42857142857142855,0.6,0.2600422832980972,1.5,book; flower; gift; key; mirror; ring
en,object,disgust,shuffled_emotion,single_word,neutral_centroid,gemini,mmlw_roberta_large,10,5,0.3333333333333333,0.5,0.04545454545454546,2.0,flower; key; photograph; table; toy
en,object,disgust,shuffled_emotion,single_word,neutral_centroid,gemini,qwen3_embedding_8b,10,5,0.3333333333333333,0.5,0.13818181818181816,2.8,flower; key; mirror; ring; toy
en,object,disgust,shuffled_emotion,single_word,neutral_centroid,mmlw_roberta_large,qwen3_embedding_8b,10,7,0.5384615384615384,0.7,0.20555555555555552,2.7142857142857144,book; chair; flower; gift; key; love letter; toy
en,object,joy,emotion,centroid_phrases,neutral_centroid,bielik_1_5b_v3,gemini,10,2,0.1111111111111111,0.2,-0.5626120358514723,5.5,funny mask; photograph
en,object,joy,emotion,centroid_phrases,neutral_centroid,bielik_1_5b_v3,mmlw_roberta_large,10,3,0.17647058823529413,0.3,-0.5068181818181817,5.333333333333333,dirty towel; love letter; photograph
en,object,joy,emotion,centroid_phrases,neutral_centroid,bielik_1_5b_v3,qwen3_embedding_8b,10,3,0.17647058823529413,0.3,-0.6758522727272724,3.6666666666666665,funny mask; old shoe; photograph
en,object,joy,emotion,centroid_phrases,neutral_centroid,gemini,mmlw_roberta_large,10,5,0.3333333333333333,0.5,-0.10727272727272723,2.2,flower; gift; photograph; table; toy
en,object,joy,emotion,centroid_phrases,neutral_centroid,gemini,qwen3_embedding_8b,10,6,0.42857142857142855,0.6,0.17716701902748416,3.5,flower; funny mask; gift; photograph; ring; toy
en,object,joy,emotion,centroid_phrases,neutral_centroid,mmlw_roberta_large,qwen3_embedding_8b,10,7,0.5384615384615384,0.7,0.3762626262626263,3.4285714285714284,book; chair; flower; gift; mirror; photograph; toy
en,object,joy,emotion,single_word,neutral_centroid,bielik_1_5b_v3,gemini,10,7,0.5384615384615384,0.7,-0.4904040404040404,4.142857142857143,flower; key; mirror; phone; photograph; ring; table
en,object,joy,emotion,single_word,neutral_centroid,bielik_1_5b_v3,mmlw_roberta_large,10,6,0.42857142857142855,0.6,-0.5095137420718815,4.833333333333333,book; flower; gift; key; photograph; table
en,object,joy,emotion,single_word,neutral_centroid,bielik_1_5b_v3,qwen3_embedding_8b,10,6,0.42857142857142855,0.6,0.2600422832980972,1.5,book; flower; gift; key; mirror; ring
en,object,joy,emotion,single_word,neutral_centroid,gemini,mmlw_roberta_large,10,5,0.3333333333333333,0.5,0.04545454545454546,2.0,flower; key; photograph; table; toy
en,object,joy,emotion,single_word,neutral_centroid,gemini,qwen3_embedding_8b,10,5,0.3333333333333333,0.5,0.13818181818181816,2.8,flower; key; mirror; ring; toy
en,object,joy,emotion,single_word,neutral_centroid,mmlw_roberta_large,qwen3_embedding_8b,10,7,0.5384615384615384,0.7,0.20555555555555552,2.7142857142857144,book; chair; flower; gift; key; love letter; toy
en,object,joy,identity,centroid_phrases,neutral_centroid,bielik_1_5b_v3,gemini,10,7,0.5384615384615384,0.7,0.04141414141414141,2.7142857142857144,blanket; lamp; mirror; phone; ring; table; toy
en,object,joy,identity,centroid_phrases,neutral_centroid,bielik_1_5b_v3,mmlw_roberta_large,10,5,0.3333333333333333,0.5,0.14909090909090905,3.0,dirty towel; phone; ring; table; toy
en,object,joy,identity,centroid_phrases,neutral_centroid,bielik_1_5b_v3,qwen3_embedding_8b,10,5,0.3333333333333333,0.5,0.32363636363636356,3.6,gift; mirror; ring; table; toy
en,object,joy,identity,centroid_phrases,neutral_centroid,gemini,mmlw_roberta_large,10,7,0.5384615384615384,0.7,-0.12272727272727271,2.2857142857142856,flower; key; phone; photograph; ring; table; toy
en,object,joy,identity,centroid_phrases,neutral_centroid,gemini,qwen3_embedding_8b,10,6,0.42857142857142855,0.6,0.20676532769556022,3.3333333333333335,key; mirror; photograph; ring; table; toy
en,object,joy,identity,centroid_phrases,neutral_centroid,mmlw_roberta_large,qwen3_embedding_8b,10,7,0.5384615384615384,0.7,-0.004545454545454556,2.142857142857143,book; chair; key; photograph; ring; table; toy
en,object,joy,identity,single_word,neutral_centroid,bielik_1_5b_v3,gemini,10,7,0.5384615384615384,0.7,0.04141414141414141,2.7142857142857144,blanket; lamp; mirror; phone; ring; table; toy
en,object,joy,identity,single_word,neutral_centroid,bielik_1_5b_v3,mmlw_roberta_large,10,5,0.3333333333333333,0.5,0.14909090909090905,3.0,dirty towel; phone; ring; table; toy
en,object,joy,identity,single_word,neutral_centroid,bielik_1_5b_v3,qwen3_embedding_8b,10,5,0.3333333333333333,0.5,0.32363636363636356,3.6,gift; mirror; ring; table; toy
en,object,joy,identity,single_word,neutral_centroid,gemini,mmlw_roberta_large,10,7,0.5384615384615384,0.7,-0.12272727272727271,2.2857142857142856,flower; key; phone; photograph; ring; table; toy
en,object,joy,identity,single_word,neutral_centroid,gemini,qwen3_embedding_8b,10,6,0.42857142857142855,0.6,0.20676532769556022,3.3333333333333335,key; mirror; photograph; ring; table; toy
en,object,joy,identity,single_word,neutral_centroid,mmlw_roberta_large,qwen3_embedding_8b,10,7,0.5384615384615384,0.7,-0.004545454545454556,2.142857142857143,book; chair; key; photograph; ring; table; toy
en,object,joy,random,centroid_phrases,neutral_centroid,bielik_1_5b_v3,gemini,10,5,0.3333333333333333,0.5,0.04000000000000003,2.4,lamp; photograph; ring; table; toy
en,object,joy,random,centroid_phrases,neutral_centroid,bielik_1_5b_v3,mmlw_roberta_large,10,5,0.3333333333333333,0.5,0.09454545454545453,3.2,dirty towel; photograph; ring; table; toy
en,object,joy,random,centroid_phrases,neutral_centroid,bielik_1_5b_v3,qwen3_embedding_8b,10,5,0.3333333333333333,0.5,-0.03636363636363632,1.6,blanket; old shoe; ring; table; toy
en,object,joy,random,centroid_phrases,neutral_centroid,gemini,mmlw_roberta_large,10,8,0.6666666666666666,0.8,-0.42946708463949845,4.25,book; flower; key; phone; photograph; ring; table; toy
en,object,joy,random,centroid_phrases,neutral_centroid,gemini,qwen3_embedding_8b,10,6,0.42857142857142855,0.6,0.3665961945031713,3.0,book; key; mirror; ring; table; toy
en,object,joy,random,centroid_phrases,neutral_centroid,mmlw_roberta_large,qwen3_embedding_8b,10,6,0.42857142857142855,0.6,-0.14841437632135301,2.1666666666666665,book; chair; key; ring; table; toy
en,object,joy,random,single_word,neutral_centroid,bielik_1_5b_v3,gemini,10,5,0.3333333333333333,0.5,0.04000000000000003,2.4,lamp; photograph; ring; table; toy
en,object,joy,random,single_word,neutral_centroid,bielik_1_5b_v3,mmlw_roberta_large,10,5,0.3333333333333333,0.5,0.09454545454545453,3.2,dirty towel; photograph; ring; table; toy
en,object,joy,random,single_word,neutral_centroid,bielik_1_5b_v3,qwen3_embedding_8b,10,5,0.3333333333333333,0.5,-0.03636363636363632,1.6,blanket; old shoe; ring; table; toy
en,object,joy,random,single_word,neutral_centroid,gemini,mmlw_roberta_large,10,8,0.6666666666666666,0.8,-0.42946708463949845,4.25,book; flower; key; phone; photograph; ring; table; toy
en,object,joy,random,single_word,neutral_centroid,gemini,qwen3_embedding_8b,10,6,0.42857142857142855,0.6,0.3665961945031713,3.0,book; key; mirror; ring; table; toy
en,object,joy,random,single_word,neutral_centroid,mmlw_roberta_large,qwen3_embedding_8b,10,6,0.42857142857142855,0.6,-0.14841437632135301,2.1666666666666665,book; chair; key; ring; table; toy
en,object,joy,shuffled_emotion,centroid_phrases,neutral_centroid,bielik_1_5b_v3,gemini,10,5,0.3333333333333333,0.5,-0.19999999999999993,3.4,dirty towel; locked door; photograph; ring; warning sign
en,object,joy,shuffled_emotion,centroid_phrases,neutral_centroid,bielik_1_5b_v3,mmlw_roberta_large,10,4,0.25,0.4,-0.38819776714513554,2.75,dirty towel; love letter; photograph; ring
en,object,joy,shuffled_emotion,centroid_phrases,neutral_centroid,bielik_1_5b_v3,qwen3_embedding_8b,10,3,0.17647058823529413,0.3,-0.6082386363636364,1.6666666666666667,old shoe; ring; warning sign
en,object,joy,shuffled_emotion,centroid_phrases,neutral_centroid,gemini,mmlw_roberta_large,10,4,0.25,0.4,-0.08708133971291866,2.75,dirty towel; photograph; ring; toy
en,object,joy,shuffled_emotion,centroid_phrases,neutral_centroid,gemini,qwen3_embedding_8b,10,4,0.25,0.4,-0.30143540669856456,4.0,broken glass; ring; toy; warning sign
en,object,joy,shuffled_emotion,centroid_phrases,neutral_centroid,mmlw_roberta_large,qwen3_embedding_8b,10,4,0.25,0.4,-0.5208931419457735,3.0,flower; mirror; ring; toy
en,object,joy,shuffled_emotion,single_word,neutral_centroid,bielik_1_5b_v3,gemini,10,5,0.3333333333333333,0.5,-0.5109090909090909,3.6,dirty towel; flower; mirror; phone; ring
en,object,joy,shuffled_emotion,single_word,neutral_centroid,bielik_1_5b_v3,mmlw_roberta_large,10,4,0.25,0.4,-0.3371610845295056,4.0,dirty towel; phone; ring; table
en,object,joy,shuffled_emotion,single_word,neutral_centroid,bielik_1_5b_v3,qwen3_embedding_8b,10,4,0.25,0.4,-0.16363636363636364,1.25,flower; gift; mirror; ring
en,object,joy,shuffled_emotion,single_word,neutral_centroid,gemini,mmlw_roberta_large,10,5,0.3333333333333333,0.5,0.09454545454545456,2.8,dirty towel; phone; photograph; ring; toy
en,object,joy,shuffled_emotion,single_word,neutral_centroid,gemini,qwen3_embedding_8b,10,5,0.3333333333333333,0.5,0.007272727272727251,3.4,broken glass; flower; mirror; ring; toy
en,object,joy,shuffled_emotion,single_word,neutral_centroid,mmlw_roberta_large,qwen3_embedding_8b,10,3,0.17647058823529413,0.3,-0.2991477272727272,5.666666666666667,book; ring; toy
en,object,sadness,emotion,centroid_phrases,neutral_centroid,bielik_1_5b_v3,gemini,10,4,0.25,0.4,-0.5719298245614035,2.25,dirty towel; old shoe; photograph; warning sign
en,object,sadness,emotion,centroid_phrases,neutral_centroid,bielik_1_5b_v3,mmlw_roberta_large,10,3,0.17647058823529413,0.3,-0.4198863636363636,4.0,dirty towel; love letter; photograph
en,object,sadness,emotion,centroid_phrases,neutral_centroid,bielik_1_5b_v3,qwen3_embedding_8b,10,2,0.1111111111111111,0.2,-0.6317541613316261,3.5,old shoe; photograph
en,object,sadness,emotion,centroid_phrases,neutral_centroid,gemini,mmlw_roberta_large,10,4,0.25,0.4,-0.11259968102073363,2.75,dirty towel; flower; photograph; toy
en,object,sadness,emotion,centroid_phrases,neutral_centroid,gemini,qwen3_embedding_8b,10,5,0.3333333333333333,0.5,0.11090909090909094,3.6,broken glass; old shoe; photograph; torn photograph; toy
en,object,sadness,emotion,centroid_phrases,neutral_centroid,mmlw_roberta_large,qwen3_embedding_8b,10,4,0.25,0.4,-0.45454545454545453,3.0,chair; mirror; photograph; toy
en,object,sadness,emotion,single_word,neutral_centroid,bielik_1_5b_v3,gemini,10,2,0.1111111111111111,0.2,-0.631754161331626,0.5,lamp; ring
en,object,sadness,emotion,single_word,neutral_centroid,bielik_1_5b_v3,mmlw_roberta_large,10,2,0.1111111111111111,0.2,-0.4980793854033289,4.0,dirty towel; table
en,object,sadness,emotion,single_word,neutral_centroid,bielik_1_5b_v3,qwen3_embedding_8b,10,2,0.1111111111111111,0.2,-0.4750320102432777,3.0,gift; warning sign
en,object,sadness,emotion,single_word,neutral_centroid,gemini,mmlw_roberta_large,10,5,0.3333333333333333,0.5,0.13272727272727278,3.8,broken glass; flower; photograph; torn photograph; toy
en,object,sadness,emotion,single_word,neutral_centroid,gemini,qwen3_embedding_8b,10,5,0.3333333333333333,0.5,0.03454545454545454,4.4,broken glass; flower; old shoe; torn photograph; toy
en,object,sadness,emotion,single_word,neutral_centroid,mmlw_roberta_large,qwen3_embedding_8b,10,6,0.42857142857142855,0.6,-0.053699788583509524,3.5,book; broken glass; flower; mirror; torn photograph; toy
en,object,sadness,identity,centroid_phrases,neutral_centroid,bielik_1_5b_v3,gemini,10,7,0.5384615384615384,0.7,0.04141414141414141,2.7142857142857144,blanket; lamp; mirror; phone; ring; table; toy
en,object,sadness,identity,centroid_phrases,neutral_centroid,bielik_1_5b_v3,mmlw_roberta_large,10,5,0.3333333333333333,0.5,0.14909090909090905,3.0,dirty towel; phone; ring; table; toy
en,object,sadness,identity,centroid_phrases,neutral_centroid,bielik_1_5b_v3,qwen3_embedding_8b,10,5,0.3333333333333333,0.5,0.32363636363636356,3.6,gift; mirror; ring; table; toy
en,object,sadness,identity,centroid_phrases,neutral_centroid,gemini,mmlw_roberta_large,10,7,0.5384615384615384,0.7,-0.12272727272727271,2.2857142857142856,flower; key; phone; photograph; ring; table; toy
en,object,sadness,identity,centroid_phrases,neutral_centroid,gemini,qwen3_embedding_8b,10,6,0.42857142857142855,0.6,0.20676532769556022,3.3333333333333335,key; mirror; photograph; ring; table; toy
en,object,sadness,identity,centroid_phrases,neutral_centroid,mmlw_roberta_large,qwen3_embedding_8b,10,7,0.5384615384615384,0.7,-0.004545454545454556,2.142857142857143,book; chair; key; photograph; ring; table; toy
en,object,sadness,identity,single_word,neutral_centroid,bielik_1_5b_v3,gemini,10,7,0.5384615384615384,0.7,0.04141414141414141,2.7142857142857144,blanket; lamp; mirror; phone; ring; table; toy
en,object,sadness,identity,single_word,neutral_centroid,bielik_1_5b_v3,mmlw_roberta_large,10,5,0.3333333333333333,0.5,0.14909090909090905,3.0,dirty towel; phone; ring; table; toy
en,object,sadness,identity,single_word,neutral_centroid,bielik_1_5b_v3,qwen3_embedding_8b,10,5,0.3333333333333333,0.5,0.32363636363636356,3.6,gift; mirror; ring; table; toy
en,object,sadness,identity,single_word,neutral_centroid,gemini,mmlw_roberta_large,10,7,0.5384615384615384,0.7,-0.12272727272727271,2.2857142857142856,flower; key; phone; photograph; ring; table; toy
en,object,sadness,identity,single_word,neutral_centroid,gemini,qwen3_embedding_8b,10,6,0.42857142857142855,0.6,0.20676532769556022,3.3333333333333335,key; mirror; photograph; ring; table; toy
en,object,sadness,identity,single_word,neutral_centroid,mmlw_roberta_large,qwen3_embedding_8b,10,7,0.5384615384615384,0.7,-0.004545454545454556,2.142857142857143,book; chair; key; photograph; ring; table; toy
en,object,sadness,random,centroid_phrases,neutral_centroid,bielik_1_5b_v3,gemini,10,6,0.42857142857142855,0.6,-0.17801268498942913,3.8333333333333335,gift; lamp; mirror; phone; ring; table
en,object,sadness,random,centroid_phrases,neutral_centroid,bielik_1_5b_v3,mmlw_roberta_large,10,6,0.42857142857142855,0.6,-0.10105708245243127,2.3333333333333335,dead battery; dirty towel; mirror; phone; ring; table
en,object,sadness,random,centroid_phrases,neutral_centroid,bielik_1_5b_v3,qwen3_embedding_8b,10,6,0.42857142857142855,0.6,-0.018181818181818167,2.6666666666666665,gift; lamp; mirror; old shoe; ring; table
en,object,sadness,random,centroid_phrases,neutral_centroid,gemini,mmlw_roberta_large,10,6,0.42857142857142855,0.6,0.011416490486257955,3.1666666666666665,mirror; phone; photograph; ring; table; toy
en,object,sadness,random,centroid_phrases,neutral_centroid,gemini,qwen3_embedding_8b,10,7,0.5384615384615384,0.7,0.40909090909090917,1.7142857142857142,gift; key; lamp; mirror; ring; table; toy
en,object,sadness,random,centroid_phrases,neutral_centroid,mmlw_roberta_large,qwen3_embedding_8b,10,5,0.3333333333333333,0.5,0.2690909090909091,2.0,book; mirror; ring; table; toy
en,object,sadness,random,single_word,neutral_centroid,bielik_1_5b_v3,gemini,10,6,0.42857142857142855,0.6,-0.17801268498942913,3.8333333333333335,gift; lamp; mirror; phone; ring; table
en,object,sadness,random,single_word,neutral_centroid,bielik_1_5b_v3,mmlw_roberta_large,10,6,0.42857142857142855,0.6,-0.10105708245243127,2.3333333333333335,dead battery; dirty towel; mirror; phone; ring; table
en,object,sadness,random,single_word,neutral_centroid,bielik_1_5b_v3,qwen3_embedding_8b,10,6,0.42857142857142855,0.6,-0.018181818181818167,2.6666666666666665,gift; lamp; mirror; old shoe; ring; table
en,object,sadness,random,single_word,neutral_centroid,gemini,mmlw_roberta_large,10,6,0.42857142857142855,0.6,0.011416490486257955,3.1666666666666665,mirror; phone; photograph; ring; table; toy
en,object,sadness,random,single_word,neutral_centroid,gemini,qwen3_embedding_8b,10,7,0.5384615384615384,0.7,0.40909090909090917,1.7142857142857142,gift; key; lamp; mirror; ring; table; toy
en,object,sadness,random,single_word,neutral_centroid,mmlw_roberta_large,qwen3_embedding_8b,10,5,0.3333333333333333,0.5,0.2690909090909091,2.0,book; mirror; ring; table; toy
en,object,sadness,shuffled_emotion,centroid_phrases,neutral_centroid,bielik_1_5b_v3,gemini,10,5,0.3333333333333333,0.5,-0.11818181818181814,2.4,dirty towel; funny mask; old shoe; photograph; warning sign
en,object,sadness,shuffled_emotion,centroid_phrases,neutral_centroid,bielik_1_5b_v3,mmlw_roberta_large,10,3,0.17647058823529413,0.3,-0.2846590909090908,1.6666666666666667,dirty towel; love letter; photograph
en,object,sadness,shuffled_emotion,centroid_phrases,neutral_centroid,bielik_1_5b_v3,qwen3_embedding_8b,10,2,0.1111111111111111,0.2,-0.21690140845070413,1.5,dirty towel; old shoe
en,object,sadness,shuffled_emotion,centroid_phrases,neutral_centroid,gemini,mmlw_roberta_large,10,4,0.25,0.4,0.014992025518341305,1.75,dirty towel; mirror; photograph; toy
en,object,sadness,shuffled_emotion,centroid_phrases,neutral_centroid,gemini,qwen3_embedding_8b,10,5,0.3333333333333333,0.5,-0.03636363636363637,3.4,dirty towel; mirror; old shoe; ring; toy
en,object,sadness,shuffled_emotion,centroid_phrases,neutral_centroid,mmlw_roberta_large,qwen3_embedding_8b,10,4,0.25,0.4,-0.03094098883572568,1.25,broken glass; dirty towel; mirror; toy
en,object,sadness,shuffled_emotion,single_word,neutral_centroid,bielik_1_5b_v3,gemini,10,3,0.17647058823529413,0.3,-0.3860795454545454,6.0,dirty towel; photograph; ring
en,object,sadness,shuffled_emotion,single_word,neutral_centroid,bielik_1_5b_v3,mmlw_roberta_large,10,4,0.25,0.4,-0.24529505582137157,2.75,dirty towel; mirror; photograph; table
en,object,sadness,shuffled_emotion,single_word,neutral_centroid,bielik_1_5b_v3,qwen3_embedding_8b,10,3,0.17647058823529413,0.3,-0.3039772727272727,2.3333333333333335,dirty towel; gift; mirror
en,object,sadness,shuffled_emotion,single_word,neutral_centroid,gemini,mmlw_roberta_large,10,5,0.3333333333333333,0.5,0.09999999999999998,2.8,dirty towel; photograph; toy; trash bag; warning sign
en,object,sadness,shuffled_emotion,single_word,neutral_centroid,gemini,qwen3_embedding_8b,10,4,0.25,0.4,-0.08197767145135566,3.5,dirty towel; old shoe; toy; trash bag
en,object,sadness,shuffled_emotion,single_word,neutral_centroid,mmlw_roberta_large,qwen3_embedding_8b,10,5,0.3333333333333333,0.5,0.20909090909090908,2.2,book; dirty towel; mirror; toy; trash bag
en,person,anger,emotion,centroid_phrases,neutral_centroid,bielik_1_5b_v3,gemini,10,4,0.25,0.4,-0.5923444976076555,5.5,annoying passenger; cruel boss; friend; jealous rival
en,person,anger,emotion,centroid_phrases,neutral_centroid,bielik_1_5b_v3,mmlw_roberta_large,10,3,0.17647058823529413,0.3,0.014772727272727285,3.3333333333333335,friend; grieving father; jealous rival
en,person,anger,emotion,centroid_phrases,neutral_centroid,bielik_1_5b_v3,qwen3_embedding_8b,10,6,0.42857142857142855,0.6,-0.1543340380549683,3.6666666666666665,annoying passenger; cruel boss; excited fan; friend; grieving father; jealous rival
en,person,anger,emotion,centroid_phrases,neutral_centroid,gemini,mmlw_roberta_large,10,5,0.3333333333333333,0.5,-0.0418181818181818,2.6,abusive bully; angry customer; comedian; friend; jealous rival
en,person,anger,emotion,centroid_phrases,neutral_centroid,gemini,qwen3_embedding_8b,10,6,0.42857142857142855,0.6,0.35475687103594067,1.6666666666666667,angry customer; annoying passenger; cruel boss; friend; jealous rival; parent
en,person,anger,emotion,centroid_phrases,neutral_centroid,mmlw_roberta_large,qwen3_embedding_8b,10,4,0.25,0.4,0.10175438596491228,3.75,angry customer; friend; grieving father; jealous rival
en,person,anger,emotion,single_word,neutral_centroid,bielik_1_5b_v3,gemini,10,4,0.25,0.4,-0.005422647527910685,2.25,angry customer; friend; grieving father; teacher
en,person,anger,emotion,single_word,neutral_centroid,bielik_1_5b_v3,mmlw_roberta_large,10,5,0.3333333333333333,0.5,-0.18363636363636363,2.8,angry customer; child; comedian; grieving father; partner
en,person,anger,emotion,single_word,neutral_centroid,bielik_1_5b_v3,qwen3_embedding_8b,10,5,0.3333333333333333,0.5,0.1381818181818182,1.4,angry customer; friend; hero; partner; stranger
en,person,anger,emotion,single_word,neutral_centroid,gemini,mmlw_roberta_large,10,5,0.3333333333333333,0.5,0.2254545454545454,2.2,abusive bully; angry customer; grieving father; jealous rival; parent
en,person,anger,emotion,single_word,neutral_centroid,gemini,qwen3_embedding_8b,10,6,0.42857142857142855,0.6,0.2067653276955602,2.5,angry customer; annoying passenger; cruel boss; friend; jealous rival; parent
en,person,anger,emotion,single_word,neutral_centroid,mmlw_roberta_large,qwen3_embedding_8b,10,4,0.25,0.4,-0.025837320574162676,1.5,angry customer; jealous rival; parent; partner
en,person,anger,identity,centroid_phrases,neutral_centroid,bielik_1_5b_v3,gemini,10,6,0.42857142857142855,0.6,0.05285412262156447,3.0,athlete; child; comedian; friend; parent; teacher
en,person,anger,identity,centroid_phrases,neutral_centroid,bielik_1_5b_v3,mmlw_roberta_large,10,6,0.42857142857142855,0.6,0.2482029598308667,1.8333333333333333,athlete; child; comedian; friend; hero; partner
en,person,anger,identity,centroid_phrases,neutral_centroid,bielik_1_5b_v3,qwen3_embedding_8b,10,5,0.3333333333333333,0.5,0.21454545454545457,2.6,friend; hero; parent; partner; teacher
en,person,anger,identity,centroid_phrases,neutral_centroid,gemini,mmlw_roberta_large,10,6,0.42857142857142855,0.6,-0.24904862579281178,3.6666666666666665,athlete; child; comedian; friend; guest; musician
en,person,anger,identity,centroid_phrases,neutral_centroid,gemini,qwen3_embedding_8b,10,6,0.42857142857142855,0.6,0.3192389006342494,2.0,doctor; friend; guest; musician; parent; teacher
en,person,anger,identity,centroid_phrases,neutral_centroid,mmlw_roberta_large,qwen3_embedding_8b,10,6,0.42857142857142855,0.6,-0.06553911205073994,2.5,friend; guest; hero; musician; partner; stranger
en,person,anger,identity,single_word,neutral_centroid,bielik_1_5b_v3,gemini,10,6,0.42857142857142855,0.6,0.05285412262156447,3.0,athlete; child; comedian; friend; parent; teacher
en,person,anger,identity,single_word,neutral_centroid,bielik_1_5b_v3,mmlw_roberta_large,10,6,0.42857142857142855,0.6,0.2482029598308667,1.8333333333333333,athlete; child; comedian; friend; hero; partner
en,person,anger,identity,single_word,neutral_centroid,bielik_1_5b_v3,qwen3_embedding_8b,10,5,0.3333333333333333,0.5,0.21454545454545457,2.6,friend; hero; parent; partner; teacher
en,person,anger,identity,single_word,neutral_centroid,gemini,mmlw_roberta_large,10,6,0.42857142857142855,0.6,-0.24904862579281178,3.6666666666666665,athlete; child; comedian; friend; guest; musician
en,person,anger,identity,single_word,neutral_centroid,gemini,qwen3_embedding_8b,10,6,0.42857142857142855,0.6,0.3192389006342494,2.0,doctor; friend; guest; musician; parent; teacher
en,person,anger,identity,single_word,neutral_centroid,mmlw_roberta_large,qwen3_embedding_8b,10,6,0.42857142857142855,0.6,-0.06553911205073994,2.5,friend; guest; hero; musician; partner; stranger
en,person,anger,random,centroid_phrases,neutral_centroid,bielik_1_5b_v3,gemini,10,6,0.42857142857142855,0.6,0.11797040169133191,3.5,athlete; child; comedian; friend; parent; teacher
en,person,anger,random,centroid_phrases,neutral_centroid,bielik_1_5b_v3,mmlw_roberta_large,10,6,0.42857142857142855,0.6,0.0646934460887949,2.0,athlete; child; comedian; friend; parent; teacher
en,person,anger,random,centroid_phrases,neutral_centroid,bielik_1_5b_v3,qwen3_embedding_8b,10,5,0.3333333333333333,0.5,-0.06363636363636362,3.8,child; friend; parent; partner; teacher
en,person,anger,random,centroid_phrases,neutral_centroid,gemini,mmlw_roberta_large,10,8,0.6666666666666666,0.8,-0.4445141065830721,4.0,athlete; child; comedian; doctor; friend; guest; parent; teacher
en,person,anger,random,centroid_phrases,neutral_centroid,gemini,qwen3_embedding_8b,10,6,0.42857142857142855,0.6,0.01141649048625793,3.8333333333333335,child; friend; guest; musician; parent; teacher
en,person,anger,random,centroid_phrases,neutral_centroid,mmlw_roberta_large,qwen3_embedding_8b,10,5,0.3333333333333333,0.5,-0.2654545454545454,2.6,child; friend; guest; parent; teacher
en,person,anger,random,single_word,neutral_centroid,bielik_1_5b_v3,gemini,10,6,0.42857142857142855,0.6,0.11797040169133191,3.5,athlete; child; comedian; friend; parent; teacher
en,person,anger,random,single_word,neutral_centroid,bielik_1_5b_v3,mmlw_roberta_large,10,6,0.42857142857142855,0.6,0.0646934460887949,2.0,athlete; child; comedian; friend; parent; teacher
en,person,anger,random,single_word,neutral_centroid,bielik_1_5b_v3,qwen3_embedding_8b,10,5,0.3333333333333333,0.5,-0.06363636363636362,3.8,child; friend; parent; partner; teacher
en,person,anger,random,single_word,neutral_centroid,gemini,mmlw_roberta_large,10,8,0.6666666666666666,0.8,-0.4445141065830721,4.0,athlete; child; comedian; doctor; friend; guest; parent; teacher
en,person,anger,random,single_word,neutral_centroid,gemini,qwen3_embedding_8b,10,6,0.42857142857142855,0.6,0.01141649048625793,3.8333333333333335,child; friend; guest; musician; parent; teacher
en,person,anger,random,single_word,neutral_centroid,mmlw_roberta_large,qwen3_embedding_8b,10,5,0.3333333333333333,0.5,-0.2654545454545454,2.6,child; friend; guest; parent; teacher
en,person,anger,shuffled_emotion,centroid_phrases,neutral_centroid,bielik_1_5b_v3,gemini,10,6,0.42857142857142855,0.6,0.2245243128964059,2.1666666666666665,cruel boss; friend; grieving father; jealous rival; lonely student; teacher
en,person,anger,shuffled_emotion,centroid_phrases,neutral_centroid,bielik_1_5b_v3,mmlw_roberta_large,10,4,0.25,0.4,0.12727272727272726,2.75,comedian; friend; grieving father; jealous rival
en,person,anger,shuffled_emotion,centroid_phrases,neutral_centroid,bielik_1_5b_v3,qwen3_embedding_8b,10,3,0.17647058823529413,0.3,0.15000000000000005,1.3333333333333333,friend; grieving father; lonely student
en,person,anger,shuffled_emotion,centroid_phrases,neutral_centroid,gemini,mmlw_roberta_large,10,5,0.3333333333333333,0.5,-0.03090909090909088,3.8,friend; grieving father; jealous rival; musician; sad widow
en,person,anger,shuffled_emotion,centroid_phrases,neutral_centroid,gemini,qwen3_embedding_8b,10,6,0.42857142857142855,0.6,0.7158562367864693,0.6666666666666666,friend; grieving father; lonely student; musician; parent; sad widow
en,person,anger,shuffled_emotion,centroid_phrases,neutral_centroid,mmlw_roberta_large,qwen3_embedding_8b,10,5,0.3333333333333333,0.5,-0.09636363636363635,2.2,friend; grieving father; musician; partner; sad widow
en,person,anger,shuffled_emotion,single_word,neutral_centroid,bielik_1_5b_v3,gemini,10,6,0.42857142857142855,0.6,0.5560253699788582,1.6666666666666667,child; friend; grieving father; lonely student; sad widow; teacher
en,person,anger,shuffled_emotion,single_word,neutral_centroid,bielik_1_5b_v3,mmlw_roberta_large,10,6,0.42857142857142855,0.6,0.41987315010570814,1.5,child; comedian; friend; grieving father; lonely student; sad widow
en,person,anger,shuffled_emotion,single_word,neutral_centroid,bielik_1_5b_v3,qwen3_embedding_8b,10,8,0.6666666666666666,0.8,0.5561128526645767,1.5,child; friend; grieving father; hero; lonely student; partner; sad widow; stranger
en,person,anger,shuffled_emotion,single_word,neutral_centroid,gemini,mmlw_roberta_large,10,7,0.5384615384615384,0.7,0.3499999999999999,3.0,child; friend; grieving father; jealous rival; lonely student; musician; sad widow
en,person,anger,shuffled_emotion,single_word,neutral_centroid,gemini,qwen3_embedding_8b,10,7,0.5384615384615384,0.7,0.6585858585858586,1.5714285714285714,child; friend; grieving father; lonely student; musician; parent; sad widow
en,person,anger,shuffled_emotion,single_word,neutral_centroid,mmlw_roberta_large,qwen3_embedding_8b,10,6,0.42857142857142855,0.6,0.3547568710359407,1.3333333333333333,child; friend; grieving father; lonely student; musician; sad widow
en,person,disgust,emotion,centroid_phrases,neutral_centroid,bielik_1_5b_v3,gemini,10,4,0.25,0.4,-0.4749601275917065,5.5,cruel boss; friend; frightened child; teacher
en,person,disgust,emotion,centroid_phrases,neutral_centroid,bielik_1_5b_v3,mmlw_roberta_large,10,4,0.25,0.4,-0.13811802232854864,3.0,comedian; friend; grieving father; jealous rival
en,person,disgust,emotion,centroid_phrases,neutral_centroid,bielik_1_5b_v3,qwen3_embedding_8b,10,3,0.17647058823529413,0.3,-0.3474431818181818,4.0,cruel boss; friend; frightened child
en,person,disgust,emotion,centroid_phrases,neutral_centroid,gemini,mmlw_roberta_large,10,3,0.17647058823529413,0.3,-0.47784090909090915,2.0,abusive bully; angry customer; friend
en,person,disgust,emotion,centroid_phrases,neutral_centroid,gemini,qwen3_embedding_8b,10,7,0.5384615384615384,0.7,0.1858585858585858,3.142857142857143,abusive bully; angry customer; annoying passenger; cruel boss; friend; frightened child; musician
en,person,disgust,emotion,centroid_phrases,neutral_centroid,mmlw_roberta_large,qwen3_embedding_8b,10,3,0.17647058823529413,0.3,-0.3860795454545454,2.6666666666666665,abusive bully; angry customer; friend
en,person,disgust,emotion,single_word,neutral_centroid,bielik_1_5b_v3,gemini,10,3,0.17647058823529413,0.3,-0.540625,5.333333333333333,child; comedian; friend
en,person,disgust,emotion,single_word,neutral_centroid,bielik_1_5b_v3,mmlw_roberta_large,10,5,0.3333333333333333,0.5,-0.39090909090909093,5.2,child; comedian; friend; grieving father; jealous rival
en,person,disgust,emotion,single_word,neutral_centroid,bielik_1_5b_v3,qwen3_embedding_8b,10,4,0.25,0.4,0.050717703349282287,2.0,comedian; friend; guest; stranger
en,person,disgust,emotion,single_word,neutral_centroid,gemini,mmlw_roberta_large,10,6,0.42857142857142855,0.6,-0.4976744186046511,4.0,abusive bully; angry customer; child; comedian; cruel boss; friend
en,person,disgust,emotion,single_word,neutral_centroid,gemini,qwen3_embedding_8b,10,7,0.5384615384615384,0.7,-0.1621212121212121,4.142857142857143,abusive bully; angry customer; annoying passenger; comedian; cruel boss; friend; musician
en,person,disgust,emotion,single_word,neutral_centroid,mmlw_roberta_large,qwen3_embedding_8b,10,5,0.3333333333333333,0.5,-0.25454545454545446,4.4,abusive bully; angry customer; comedian; cruel boss; friend
en,person,disgust,identity,centroid_phrases,neutral_centroid,bielik_1_5b_v3,gemini,10,6,0.42857142857142855,0.6,0.05285412262156447,3.0,athlete; child; comedian; friend; parent; teacher
en,person,disgust,identity,centroid_phrases,neutral_centroid,bielik_1_5b_v3,mmlw_roberta_large,10,6,0.42857142857142855,0.6,0.2482029598308667,1.8333333333333333,athlete; child; comedian; friend; hero; partner
en,person,disgust,identity,centroid_phrases,neutral_centroid,bielik_1_5b_v3,qwen3_embedding_8b,10,5,0.3333333333333333,0.5,0.21454545454545457,2.6,friend; hero; parent; partner; teacher
en,person,disgust,identity,centroid_phrases,neutral_centroid,gemini,mmlw_roberta_large,10,6,0.42857142857142855,0.6,-0.24904862579281178,3.6666666666666665,athlete; child; comedian; friend; guest; musician
en,person,disgust,identity,centroid_phrases,neutral_centroid,gemini,qwen3_embedding_8b,10,6,0.42857142857142855,0.6,0.3192389006342494,2.0,doctor; friend; guest; musician; parent; teacher
en,person,disgust,identity,centroid_phrases,neutral_centroid,mmlw_roberta_large,qwen3_embedding_8b,10,6,0.42857142857142855,0.6,-0.06553911205073994,2.5,friend; guest; hero; musician; partner; stranger
en,person,disgust,identity,single_word,neutral_centroid,bielik_1_5b_v3,gemini,10,6,0.42857142857142855,0.6,0.05285412262156447,3.0,athlete; child; comedian; friend; parent; teacher
en,person,disgust,identity,single_word,neutral_centroid,bielik_1_5b_v3,mmlw_roberta_large,10,6,0.42857142857142855,0.6,0.2482029598308667,1.8333333333333333,athlete; child; comedian; friend; hero; partner
en,person,disgust,identity,single_word,neutral_centroid,bielik_1_5b_v3,qwen3_embedding_8b,10,5,0.3333333333333333,0.5,0.21454545454545457,2.6,friend; hero; parent; partner; teacher
en,person,disgust,identity,single_word,neutral_centroid,gemini,mmlw_roberta_large,10,6,0.42857142857142855,0.6,-0.24904862579281178,3.6666666666666665,athlete; child; comedian; friend; guest; musician
en,person,disgust,identity,single_word,neutral_centroid,gemini,qwen3_embedding_8b,10,6,0.42857142857142855,0.6,0.3192389006342494,2.0,doctor; friend; guest; musician; parent; teacher
en,person,disgust,identity,single_word,neutral_centroid,mmlw_roberta_large,qwen3_embedding_8b,10,6,0.42857142857142855,0.6,-0.06553911205073994,2.5,friend; guest; hero; musician; partner; stranger
en,person,disgust,random,centroid_phrases,neutral_centroid,bielik_1_5b_v3,gemini,10,6,0.42857142857142855,0.6,0.17124735729386892,4.5,athlete; child; friend; parent; partner; teacher
en,person,disgust,random,centroid_phrases,neutral_centroid,bielik_1_5b_v3,mmlw_roberta_large,10,5,0.3333333333333333,0.5,-0.0418181818181818,3.8,child; friend; partner; stranger; teacher
en,person,disgust,random,centroid_phrases,neutral_centroid,bielik_1_5b_v3,qwen3_embedding_8b,10,7,0.5384615384615384,0.7,0.3565656565656565,2.857142857142857,child; friend; hero; parent; partner; stranger; teacher
en,person,disgust,random,centroid_phrases,neutral_centroid,gemini,mmlw_roberta_large,10,5,0.3333333333333333,0.5,-0.14545454545454542,2.2,child; doctor; friend; partner; teacher
en,person,disgust,random,centroid_phrases,neutral_centroid,gemini,qwen3_embedding_8b,10,7,0.5384615384615384,0.7,0.21868686868686865,2.5714285714285716,child; friend; guest; musician; parent; partner; teacher
en,person,disgust,random,centroid_phrases,neutral_centroid,mmlw_roberta_large,qwen3_embedding_8b,10,5,0.3333333333333333,0.5,-0.2381818181818181,4.2,child; friend; partner; stranger; teacher
en,person,disgust,random,single_word,neutral_centroid,bielik_1_5b_v3,gemini,10,6,0.42857142857142855,0.6,0.17124735729386892,4.5,athlete; child; friend; parent; partner; teacher
en,person,disgust,random,single_word,neutral_centroid,bielik_1_5b_v3,mmlw_roberta_large,10,5,0.3333333333333333,0.5,-0.0418181818181818,3.8,child; friend; partner; stranger; teacher
en,person,disgust,random,single_word,neutral_centroid,bielik_1_5b_v3,qwen3_embedding_8b,10,7,0.5384615384615384,0.7,0.3565656565656565,2.857142857142857,child; friend; hero; parent; partner; stranger; teacher
en,person,disgust,random,single_word,neutral_centroid,gemini,mmlw_roberta_large,10,5,0.3333333333333333,0.5,-0.14545454545454542,2.2,child; doctor; friend; partner; teacher
en,person,disgust,random,single_word,neutral_centroid,gemini,qwen3_embedding_8b,10,7,0.5384615384615384,0.7,0.21868686868686865,2.5714285714285716,child; friend; guest; musician; parent; partner; teacher
en,person,disgust,random,single_word,neutral_centroid,mmlw_roberta_large,qwen3_embedding_8b,10,5,0.3333333333333333,0.5,-0.2381818181818181,4.2,child; friend; partner; stranger; teacher
en,person,disgust,shuffled_emotion,centroid_phrases,neutral_centroid,bielik_1_5b_v3,gemini,10,4,0.25,0.4,-0.29633173843700156,3.75,comedian; excited fan; friend; teacher
en,person,disgust,shuffled_emotion,centroid_phrases,neutral_centroid,bielik_1_5b_v3,mmlw_roberta_large,10,5,0.3333333333333333,0.5,-0.13999999999999996,5.4,comedian; excited fan; friend; grieving father; jealous rival
en,person,disgust,shuffled_emotion,centroid_phrases,neutral_centroid,bielik_1_5b_v3,qwen3_embedding_8b,10,4,0.25,0.4,-0.30143540669856456,2.5,comedian; excited fan; friend; teacher
en,person,disgust,shuffled_emotion,centroid_phrases,neutral_centroid,gemini,mmlw_roberta_large,10,5,0.3333333333333333,0.5,0.1981818181818182,2.6,comedian; excited fan; friend; happy bride; musician
en,person,disgust,shuffled_emotion,centroid_phrases,neutral_centroid,gemini,qwen3_embedding_8b,10,7,0.5384615384615384,0.7,0.6782828282828284,1.5714285714285714,comedian; excited fan; friend; guest; happy bride; musician; teacher
en,person,disgust,shuffled_emotion,centroid_phrases,neutral_centroid,mmlw_roberta_large,qwen3_embedding_8b,10,6,0.42857142857142855,0.6,0.17716701902748408,3.3333333333333335,comedian; excited fan; friend; happy bride; musician; partner
en,person,disgust,shuffled_emotion,single_word,neutral_centroid,bielik_1_5b_v3,gemini,10,5,0.3333333333333333,0.5,0.023636363636363684,3.0,child; comedian; friend; guest; teacher
en,person,disgust,shuffled_emotion,single_word,neutral_centroid,bielik_1_5b_v3,mmlw_roberta_large,10,4,0.25,0.4,-0.16363636363636364,4.5,child; comedian; friend; hero
en,person,disgust,shuffled_emotion,single_word,neutral_centroid,bielik_1_5b_v3,qwen3_embedding_8b,10,5,0.3333333333333333,0.5,-0.030909090909090855,2.0,comedian; friend; guest; hero; stranger
en,person,disgust,shuffled_emotion,single_word,neutral_centroid,gemini,mmlw_roberta_large,10,6,0.42857142857142855,0.6,0.23044397463002103,3.0,child; comedian; excited fan; friend; happy bride; musician
en,person,disgust,shuffled_emotion,single_word,neutral_centroid,gemini,qwen3_embedding_8b,10,7,0.5384615384615384,0.7,0.047979797979797956,3.2857142857142856,comedian; excited fan; friend; guest; happy bride; musician; parent
en,person,disgust,shuffled_emotion,single_word,neutral_centroid,mmlw_roberta_large,qwen3_embedding_8b,10,7,0.5384615384615384,0.7,0.1202020202020202,3.5714285714285716,comedian; excited fan; friend; happy bride; hero; musician; partner
en,person,joy,emotion,centroid_phrases,neutral_centroid,bielik_1_5b_v3,gemini,10,4,0.25,0.4,-0.29633173843700156,3.75,comedian; excited fan; friend; teacher
en,person,joy,emotion,centroid_phrases,neutral_centroid,bielik_1_5b_v3,mmlw_roberta_large,10,5,0.3333333333333333,0.5,-0.13999999999999996,5.4,comedian; excited fan; friend; grieving father; jealous rival
en,person,joy,emotion,centroid_phrases,neutral_centroid,bielik_1_5b_v3,qwen3_embedding_8b,10,4,0.25,0.4,-0.30143540669856456,2.5,comedian; excited fan; friend; teacher
en,person,joy,emotion,centroid_phrases,neutral_centroid,gemini,mmlw_roberta_large,10,5,0.3333333333333333,0.5,0.1981818181818182,2.6,comedian; excited fan; friend; happy bride; musician
en,person,joy,emotion,centroid_phrases,neutral_centroid,gemini,qwen3_embedding_8b,10,7,0.5384615384615384,0.7,0.6782828282828284,1.5714285714285714,comedian; excited fan; friend; guest; happy bride; musician; teacher
en,person,joy,emotion,centroid_phrases,neutral_centroid,mmlw_roberta_large,qwen3_embedding_8b,10,6,0.42857142857142855,0.6,0.17716701902748408,3.3333333333333335,comedian; excited fan; friend; happy bride; musician; partner
en,person,joy,emotion,single_word,neutral_centroid,bielik_1_5b_v3,gemini,10,5,0.3333333333333333,0.5,0.023636363636363684,3.0,child; comedian; friend; guest; teacher
en,person,joy,emotion,single_word,neutral_centroid,bielik_1_5b_v3,mmlw_roberta_large,10,4,0.25,0.4,-0.16363636363636364,4.5,child; comedian; friend; hero
en,person,joy,emotion,single_word,neutral_centroid,bielik_1_5b_v3,qwen3_embedding_8b,10,5,0.3333333333333333,0.5,-0.030909090909090855,2.0,comedian; friend; guest; hero; stranger
en,person,joy,emotion,single_word,neutral_centroid,gemini,mmlw_roberta_large,10,6,0.42857142857142855,0.6,0.23044397463002103,3.0,child; comedian; excited fan; friend; happy bride; musician
en,person,joy,emotion,single_word,neutral_centroid,gemini,qwen3_embedding_8b,10,7,0.5384615384615384,0.7,0.047979797979797956,3.2857142857142856,comedian; excited fan; friend; guest; happy bride; musician; parent
en,person,joy,emotion,single_word,neutral_centroid,mmlw_roberta_large,qwen3_embedding_8b,10,7,0.5384615384615384,0.7,0.1202020202020202,3.5714285714285716,comedian; excited fan; friend; happy bride; hero; musician; partner
en,person,joy,identity,centroid_phrases,neutral_centroid,bielik_1_5b_v3,gemini,10,6,0.42857142857142855,0.6,0.05285412262156447,3.0,athlete; child; comedian; friend; parent; teacher
en,person,joy,identity,centroid_phrases,neutral_centroid,bielik_1_5b_v3,mmlw_roberta_large,10,6,0.42857142857142855,0.6,0.2482029598308667,1.8333333333333333,athlete; child; comedian; friend; hero; partner
en,person,joy,identity,centroid_phrases,neutral_centroid,bielik_1_5b_v3,qwen3_embedding_8b,10,5,0.3333333333333333,0.5,0.21454545454545457,2.6,friend; hero; parent; partner; teacher
en,person,joy,identity,centroid_phrases,neutral_centroid,gemini,mmlw_roberta_large,10,6,0.42857142857142855,0.6,-0.24904862579281178,3.6666666666666665,athlete; child; comedian; friend; guest; musician
en,person,joy,identity,centroid_phrases,neutral_centroid,gemini,qwen3_embedding_8b,10,6,0.42857142857142855,0.6,0.3192389006342494,2.0,doctor; friend; guest; musician; parent; teacher
en,person,joy,identity,centroid_phrases,neutral_centroid,mmlw_roberta_large,qwen3_embedding_8b,10,6,0.42857142857142855,0.6,-0.06553911205073994,2.5,friend; guest; hero; musician; partner; stranger
en,person,joy,identity,single_word,neutral_centroid,bielik_1_5b_v3,gemini,10,6,0.42857142857142855,0.6,0.05285412262156447,3.0,athlete; child; comedian; friend; parent; teacher
en,person,joy,identity,single_word,neutral_centroid,bielik_1_5b_v3,mmlw_roberta_large,10,6,0.42857142857142855,0.6,0.2482029598308667,1.8333333333333333,athlete; child; comedian; friend; hero; partner
en,person,joy,identity,single_word,neutral_centroid,bielik_1_5b_v3,qwen3_embedding_8b,10,5,0.3333333333333333,0.5,0.21454545454545457,2.6,friend; hero; parent; partner; teacher
en,person,joy,identity,single_word,neutral_centroid,gemini,mmlw_roberta_large,10,6,0.42857142857142855,0.6,-0.24904862579281178,3.6666666666666665,athlete; child; comedian; friend; guest; musician
en,person,joy,identity,single_word,neutral_centroid,gemini,qwen3_embedding_8b,10,6,0.42857142857142855,0.6,0.3192389006342494,2.0,doctor; friend; guest; musician; parent; teacher
en,person,joy,identity,single_word,neutral_centroid,mmlw_roberta_large,qwen3_embedding_8b,10,6,0.42857142857142855,0.6,-0.06553911205073994,2.5,friend; guest; hero; musician; partner; stranger
en,person,joy,random,centroid_phrases,neutral_centroid,bielik_1_5b_v3,gemini,10,7,0.5384615384615384,0.7,0.21212121212121213,3.142857142857143,athlete; child; friend; guest; hero; parent; teacher
en,person,joy,random,centroid_phrases,neutral_centroid,bielik_1_5b_v3,mmlw_roberta_large,10,6,0.42857142857142855,0.6,0.10613107822410138,3.0,athlete; child; comedian; friend; hero; parent
en,person,joy,random,centroid_phrases,neutral_centroid,bielik_1_5b_v3,qwen3_embedding_8b,10,6,0.42857142857142855,0.6,-0.05369978858350952,3.5,comedian; friend; guest; hero; parent; teacher
en,person,joy,random,centroid_phrases,neutral_centroid,gemini,mmlw_roberta_large,10,5,0.3333333333333333,0.5,-0.43999999999999984,2.6,athlete; child; friend; hero; parent
en,person,joy,random,centroid_phrases,neutral_centroid,gemini,qwen3_embedding_8b,10,6,0.42857142857142855,0.6,0.34883720930232565,2.1666666666666665,friend; guest; hero; neighbor; parent; teacher
en,person,joy,random,centroid_phrases,neutral_centroid,mmlw_roberta_large,qwen3_embedding_8b,10,6,0.42857142857142855,0.6,-0.12473572938689217,4.5,comedian; friend; hero; musician; parent; partner
en,person,joy,random,single_word,neutral_centroid,bielik_1_5b_v3,gemini,10,7,0.5384615384615384,0.7,0.21212121212121213,3.142857142857143,athlete; child; friend; guest; hero; parent; teacher
en,person,joy,random,single_word,neutral_centroid,bielik_1_5b_v3,mmlw_roberta_large,10,6,0.42857142857142855,0.6,0.10613107822410138,3.0,athlete; child; comedian; friend; hero; parent
en,person,joy,random,single_word,neutral_centroid,bielik_1_5b_v3,qwen3_embedding_8b,10,6,0.42857142857142855,0.6,-0.05369978858350952,3.5,comedian; friend; guest; hero; parent; teacher
en,person,joy,random,single_word,neutral_centroid,gemini,mmlw_roberta_large,10,5,0.3333333333333333,0.5,-0.43999999999999984,2.6,athlete; child; friend; hero; parent
en,person,joy,random,single_word,neutral_centroid,gemini,qwen3_embedding_8b,10,6,0.42857142857142855,0.6,0.34883720930232565,2.1666666666666665,friend; guest; hero; neighbor; parent; teacher
en,person,joy,random,single_word,neutral_centroid,mmlw_roberta_large,qwen3_embedding_8b,10,6,0.42857142857142855,0.6,-0.12473572938689217,4.5,comedian; friend; hero; musician; parent; partner
en,person,joy,shuffled_emotion,centroid_phrases,neutral_centroid,bielik_1_5b_v3,gemini,10,4,0.25,0.4,-0.5923444976076555,5.5,annoying passenger; cruel boss; friend; jealous rival
en,person,joy,shuffled_emotion,centroid_phrases,neutral_centroid,bielik_1_5b_v3,mmlw_roberta_large,10,3,0.17647058823529413,0.3,0.014772727272727285,3.3333333333333335,friend; grieving father; jealous rival
en,person,joy,shuffled_emotion,centroid_phrases,neutral_centroid,bielik_1_5b_v3,qwen3_embedding_8b,10,6,0.42857142857142855,0.6,-0.1543340380549683,3.6666666666666665,annoying passenger; cruel boss; excited fan; friend; grieving father; jealous rival
en,person,joy,shuffled_emotion,centroid_phrases,neutral_centroid,gemini,mmlw_roberta_large,10,5,0.3333333333333333,0.5,-0.0418181818181818,2.6,abusive bully; angry customer; comedian; friend; jealous rival
en,person,joy,shuffled_emotion,centroid_phrases,neutral_centroid,gemini,qwen3_embedding_8b,10,6,0.42857142857142855,0.6,0.35475687103594067,1.6666666666666667,angry customer; annoying passenger; cruel boss; friend; jealous rival; parent
en,person,joy,shuffled_emotion,centroid_phrases,neutral_centroid,mmlw_roberta_large,qwen3_embedding_8b,10,4,0.25,0.4,0.10175438596491228,3.75,angry customer; friend; grieving father; jealous rival
en,person,joy,shuffled_emotion,single_word,neutral_centroid,bielik_1_5b_v3,gemini,10,4,0.25,0.4,-0.005422647527910685,2.25,angry customer; friend; grieving father; teacher
en,person,joy,shuffled_emotion,single_word,neutral_centroid,bielik_1_5b_v3,mmlw_roberta_large,10,5,0.3333333333333333,0.5,-0.18363636363636363,2.8,angry customer; child; comedian; grieving father; partner
en,person,joy,shuffled_emotion,single_word,neutral_centroid,bielik_1_5b_v3,qwen3_embedding_8b,10,5,0.3333333333333333,0.5,0.1381818181818182,1.4,angry customer; friend; hero; partner; stranger
en,person,joy,shuffled_emotion,single_word,neutral_centroid,gemini,mmlw_roberta_large,10,5,0.3333333333333333,0.5,0.2254545454545454,2.2,abusive bully; angry customer; grieving father; jealous rival; parent
en,person,joy,shuffled_emotion,single_word,neutral_centroid,gemini,qwen3_embedding_8b,10,6,0.42857142857142855,0.6,0.2067653276955602,2.5,angry customer; annoying passenger; cruel boss; friend; jealous rival; parent
en,person,joy,shuffled_emotion,single_word,neutral_centroid,mmlw_roberta_large,qwen3_embedding_8b,10,4,0.25,0.4,-0.025837320574162676,1.5,angry customer; jealous rival; parent; partner
en,person,sadness,emotion,centroid_phrases,neutral_centroid,bielik_1_5b_v3,gemini,10,6,0.42857142857142855,0.6,0.2245243128964059,2.1666666666666665,cruel boss; friend; grieving father; jealous rival; lonely student; teacher
en,person,sadness,emotion,centroid_phrases,neutral_centroid,bielik_1_5b_v3,mmlw_roberta_large,10,4,0.25,0.4,0.12727272727272726,2.75,comedian; friend; grieving father; jealous rival
en,person,sadness,emotion,centroid_phrases,neutral_centroid,bielik_1_5b_v3,qwen3_embedding_8b,10,3,0.17647058823529413,0.3,0.15000000000000005,1.3333333333333333,friend; grieving father; lonely student
en,person,sadness,emotion,centroid_phrases,neutral_centroid,gemini,mmlw_roberta_large,10,5,0.3333333333333333,0.5,-0.03090909090909088,3.8,friend; grieving father; jealous rival; musician; sad widow
en,person,sadness,emotion,centroid_phrases,neutral_centroid,gemini,qwen3_embedding_8b,10,6,0.42857142857142855,0.6,0.7158562367864693,0.6666666666666666,friend; grieving father; lonely student; musician; parent; sad widow
en,person,sadness,emotion,centroid_phrases,neutral_centroid,mmlw_roberta_large,qwen3_embedding_8b,10,5,0.3333333333333333,0.5,-0.09636363636363635,2.2,friend; grieving father; musician; partner; sad widow
en,person,sadness,emotion,single_word,neutral_centroid,bielik_1_5b_v3,gemini,10,6,0.42857142857142855,0.6,0.5560253699788582,1.6666666666666667,child; friend; grieving father; lonely student; sad widow; teacher
en,person,sadness,emotion,single_word,neutral_centroid,bielik_1_5b_v3,mmlw_roberta_large,10,6,0.42857142857142855,0.6,0.41987315010570814,1.5,child; comedian; friend; grieving father; lonely student; sad widow
en,person,sadness,emotion,single_word,neutral_centroid,bielik_1_5b_v3,qwen3_embedding_8b,10,8,0.6666666666666666,0.8,0.5561128526645767,1.5,child; friend; grieving father; hero; lonely student; partner; sad widow; stranger
en,person,sadness,emotion,single_word,neutral_centroid,gemini,mmlw_roberta_large,10,7,0.5384615384615384,0.7,0.3499999999999999,3.0,child; friend; grieving father; jealous rival; lonely student; musician; sad widow
en,person,sadness,emotion,single_word,neutral_centroid,gemini,qwen3_embedding_8b,10,7,0.5384615384615384,0.7,0.6585858585858586,1.5714285714285714,child; friend; grieving father; lonely student; musician; parent; sad widow
en,person,sadness,emotion,single_word,neutral_centroid,mmlw_roberta_large,qwen3_embedding_8b,10,6,0.42857142857142855,0.6,0.3547568710359407,1.3333333333333333,child; friend; grieving father; lonely student; musician; sad widow
en,person,sadness,identity,centroid_phrases,neutral_centroid,bielik_1_5b_v3,gemini,10,6,0.42857142857142855,0.6,0.05285412262156447,3.0,athlete; child; comedian; friend; parent; teacher
en,person,sadness,identity,centroid_phrases,neutral_centroid,bielik_1_5b_v3,mmlw_roberta_large,10,6,0.42857142857142855,0.6,0.2482029598308667,1.8333333333333333,athlete; child; comedian; friend; hero; partner
en,person,sadness,identity,centroid_phrases,neutral_centroid,bielik_1_5b_v3,qwen3_embedding_8b,10,5,0.3333333333333333,0.5,0.21454545454545457,2.6,friend; hero; parent; partner; teacher
en,person,sadness,identity,centroid_phrases,neutral_centroid,gemini,mmlw_roberta_large,10,6,0.42857142857142855,0.6,-0.24904862579281178,3.6666666666666665,athlete; child; comedian; friend; guest; musician
en,person,sadness,identity,centroid_phrases,neutral_centroid,gemini,qwen3_embedding_8b,10,6,0.42857142857142855,0.6,0.3192389006342494,2.0,doctor; friend; guest; musician; parent; teacher
en,person,sadness,identity,centroid_phrases,neutral_centroid,mmlw_roberta_large,qwen3_embedding_8b,10,6,0.42857142857142855,0.6,-0.06553911205073994,2.5,friend; guest; hero; musician; partner; stranger
en,person,sadness,identity,single_word,neutral_centroid,bielik_1_5b_v3,gemini,10,6,0.42857142857142855,0.6,0.05285412262156447,3.0,athlete; child; comedian; friend; parent; teacher
en,person,sadness,identity,single_word,neutral_centroid,bielik_1_5b_v3,mmlw_roberta_large,10,6,0.42857142857142855,0.6,0.2482029598308667,1.8333333333333333,athlete; child; comedian; friend; hero; partner
en,person,sadness,identity,single_word,neutral_centroid,bielik_1_5b_v3,qwen3_embedding_8b,10,5,0.3333333333333333,0.5,0.21454545454545457,2.6,friend; hero; parent; partner; teacher
en,person,sadness,identity,single_word,neutral_centroid,gemini,mmlw_roberta_large,10,6,0.42857142857142855,0.6,-0.24904862579281178,3.6666666666666665,athlete; child; comedian; friend; guest; musician
en,person,sadness,identity,single_word,neutral_centroid,gemini,qwen3_embedding_8b,10,6,0.42857142857142855,0.6,0.3192389006342494,2.0,doctor; friend; guest; musician; parent; teacher
en,person,sadness,identity,single_word,neutral_centroid,mmlw_roberta_large,qwen3_embedding_8b,10,6,0.42857142857142855,0.6,-0.06553911205073994,2.5,friend; guest; hero; musician; partner; stranger
en,person,sadness,random,centroid_phrases,neutral_centroid,bielik_1_5b_v3,gemini,10,5,0.3333333333333333,0.5,0.4163636363636365,2.2,athlete; child; friend; parent; teacher
en,person,sadness,random,centroid_phrases,neutral_centroid,bielik_1_5b_v3,mmlw_roberta_large,10,6,0.42857142857142855,0.6,0.2778012684989429,2.3333333333333335,athlete; child; friend; parent; partner; stranger
en,person,sadness,random,centroid_phrases,neutral_centroid,bielik_1_5b_v3,qwen3_embedding_8b,10,7,0.5384615384615384,0.7,0.4222222222222223,2.7142857142857144,athlete; child; friend; parent; partner; stranger; teacher
en,person,sadness,random,centroid_phrases,neutral_centroid,gemini,mmlw_roberta_large,10,7,0.5384615384615384,0.7,-0.030808080808080795,2.4285714285714284,athlete; child; comedian; doctor; friend; musician; parent
en,person,sadness,random,centroid_phrases,neutral_centroid,gemini,qwen3_embedding_8b,10,6,0.42857142857142855,0.6,-0.024101479915433394,3.6666666666666665,athlete; child; friend; guest; parent; teacher
en,person,sadness,random,centroid_phrases,neutral_centroid,mmlw_roberta_large,qwen3_embedding_8b,10,7,0.5384615384615384,0.7,0.13989898989898988,2.4285714285714284,athlete; child; friend; hero; parent; partner; stranger
en,person,sadness,random,single_word,neutral_centroid,bielik_1_5b_v3,gemini,10,5,0.3333333333333333,0.5,0.4163636363636365,2.2,athlete; child; friend; parent; teacher
en,person,sadness,random,single_word,neutral_centroid,bielik_1_5b_v3,mmlw_roberta_large,10,6,0.42857142857142855,0.6,0.2778012684989429,2.3333333333333335,athlete; child; friend; parent; partner; stranger
en,person,sadness,random,single_word,neutral_centroid,bielik_1_5b_v3,qwen3_embedding_8b,10,7,0.5384615384615384,0.7,0.4222222222222223,2.7142857142857144,athlete; child; friend; parent; partner; stranger; teacher
en,person,sadness,random,single_word,neutral_centroid,gemini,mmlw_roberta_large,10,7,0.5384615384615384,0.7,-0.030808080808080795,2.4285714285714284,athlete; child; comedian; doctor; friend; musician; parent
en,person,sadness,random,single_word,neutral_centroid,gemini,qwen3_embedding_8b,10,6,0.42857142857142855,0.6,-0.024101479915433394,3.6666666666666665,athlete; child; friend; guest; parent; teacher
en,person,sadness,random,single_word,neutral_centroid,mmlw_roberta_large,qwen3_embedding_8b,10,7,0.5384615384615384,0.7,0.13989898989898988,2.4285714285714284,athlete; child; friend; hero; parent; partner; stranger
en,person,sadness,shuffled_emotion,centroid_phrases,neutral_centroid,bielik_1_5b_v3,gemini,10,4,0.25,0.4,-0.4749601275917065,5.5,cruel boss; friend; frightened child; teacher
en,person,sadness,shuffled_emotion,centroid_phrases,neutral_centroid,bielik_1_5b_v3,mmlw_roberta_large,10,4,0.25,0.4,-0.13811802232854864,3.0,comedian; friend; grieving father; jealous rival
en,person,sadness,shuffled_emotion,centroid_phrases,neutral_centroid,bielik_1_5b_v3,qwen3_embedding_8b,10,3,0.17647058823529413,0.3,-0.3474431818181818,4.0,cruel boss; friend; frightened child
en,person,sadness,shuffled_emotion,centroid_phrases,neutral_centroid,gemini,mmlw_roberta_large,10,3,0.17647058823529413,0.3,-0.47784090909090915,2.0,abusive bully; angry customer; friend
en,person,sadness,shuffled_emotion,centroid_phrases,neutral_centroid,gemini,qwen3_embedding_8b,10,7,0.5384615384615384,0.7,0.1858585858585858,3.142857142857143,abusive bully; angry customer; annoying passenger; cruel boss; friend; frightened child; musician
en,person,sadness,shuffled_emotion,centroid_phrases,neutral_centroid,mmlw_roberta_large,qwen3_embedding_8b,10,3,0.17647058823529413,0.3,-0.3860795454545454,2.6666666666666665,abusive bully; angry customer; friend
en,person,sadness,shuffled_emotion,single_word,neutral_centroid,bielik_1_5b_v3,gemini,10,3,0.17647058823529413,0.3,-0.540625,5.333333333333333,child; comedian; friend
en,person,sadness,shuffled_emotion,single_word,neutral_centroid,bielik_1_5b_v3,mmlw_roberta_large,10,5,0.3333333333333333,0.5,-0.39090909090909093,5.2,child; comedian; friend; grieving father; jealous rival
en,person,sadness,shuffled_emotion,single_word,neutral_centroid,bielik_1_5b_v3,qwen3_embedding_8b,10,4,0.25,0.4,0.050717703349282287,2.0,comedian; friend; guest; stranger
en,person,sadness,shuffled_emotion,single_word,neutral_centroid,gemini,mmlw_roberta_large,10,6,0.42857142857142855,0.6,-0.4976744186046511,4.0,abusive bully; angry customer; child; comedian; cruel boss; friend
en,person,sadness,shuffled_emotion,single_word,neutral_centroid,gemini,qwen3_embedding_8b,10,7,0.5384615384615384,0.7,-0.1621212121212121,4.142857142857143,abusive bully; angry customer; annoying passenger; comedian; cruel boss; friend; musician
en,person,sadness,shuffled_emotion,single_word,neutral_centroid,mmlw_roberta_large,qwen3_embedding_8b,10,5,0.3333333333333333,0.5,-0.25454545454545446,4.4,abusive bully; angry customer; comedian; cruel boss; friend
en,place,anger,emotion,centroid_phrases,neutral_centroid,bielik_1_5b_v3,gemini,10,5,0.3333333333333333,0.5,-0.10181818181818181,4.6,dangerous street; funeral home; hospital; office; park
en,place,anger,emotion,centroid_phrases,neutral_centroid,bielik_1_5b_v3,mmlw_roberta_large,10,4,0.25,0.4,-0.06156299840510367,2.75,funeral home; museum; office; park
en,place,anger,emotion,centroid_phrases,neutral_centroid,bielik_1_5b_v3,qwen3_embedding_8b,10,5,0.3333333333333333,0.5,-0.3145454545454546,2.4,airport; dangerous street; dirty alley; museum; park
en,place,anger,emotion,centroid_phrases,neutral_centroid,gemini,mmlw_roberta_large,10,4,0.25,0.4,-0.2350877192982456,2.0,funeral home; office; park; school
en,place,anger,emotion,centroid_phrases,neutral_centroid,gemini,qwen3_embedding_8b,10,4,0.25,0.4,0.035406698564593296,2.25,abandoned building; dangerous street; park; train station
en,place,anger,emotion,centroid_phrases,neutral_centroid,mmlw_roberta_large,qwen3_embedding_8b,10,3,0.17647058823529413,0.3,0.04857954545454547,0.6666666666666666,museum; park; restaurant
en,place,anger,emotion,single_word,neutral_centroid,bielik_1_5b_v3,gemini,10,5,0.3333333333333333,0.5,-0.24363636363636354,2.8,dirty alley; museum; office; park; school
en,place,anger,emotion,single_word,neutral_centroid,bielik_1_5b_v3,mmlw_roberta_large,10,8,0.6666666666666666,0.8,0.12727272727272715,2.125,church; dirty alley; home; museum; office; park; restaurant; school
en,place,anger,emotion,single_word,neutral_centroid,bielik_1_5b_v3,qwen3_embedding_8b,10,4,0.25,0.4,-0.08197767145135566,2.75,dirty alley; home; park; restaurant
en,place,anger,emotion,single_word,neutral_centroid,gemini,mmlw_roberta_large,10,6,0.42857142857142855,0.6,0.02325581395348837,2.1666666666666665,dangerous street; dirty alley; museum; office; park; school
en,place,anger,emotion,single_word,neutral_centroid,gemini,qwen3_embedding_8b,10,4,0.25,0.4,0.06602870813397128,3.5,airport; dangerous street; dirty alley; park
en,place,anger,emotion,single_word,neutral_centroid,mmlw_roberta_large,qwen3_embedding_8b,10,6,0.42857142857142855,0.6,0.37843551797040165,1.0,dangerous street; dirty alley; funeral home; home; park; restaurant
en,place,anger,identity,centroid_phrases,neutral_centroid,bielik_1_5b_v3,gemini,10,7,0.5384615384615384,0.7,0.5075757575757576,2.7142857142857144,airport; museum; office; park; playground; school; train station
en,place,anger,identity,centroid_phrases,neutral_centroid,bielik_1_5b_v3,mmlw_roberta_large,10,7,0.5384615384615384,0.7,0.15303030303030307,2.142857142857143,home; museum; office; park; restaurant; school; train station
en,place,anger,identity,centroid_phrases,neutral_centroid,bielik_1_5b_v3,qwen3_embedding_8b,10,6,0.42857142857142855,0.6,0.2067653276955602,2.8333333333333335,airport; home; museum; park; playground; restaurant
en,place,anger,identity,centroid_phrases,neutral_centroid,gemini,mmlw_roberta_large,10,7,0.5384615384615384,0.7,0.15959595959595965,2.142857142857143,cemetery; church; museum; office; park; school; train station
en,place,anger,identity,centroid_phrases,neutral_centroid,gemini,qwen3_embedding_8b,10,5,0.3333333333333333,0.5,-0.04727272727272725,3.2,airport; cemetery; museum; park; playground
en,place,anger,identity,centroid_phrases,neutral_centroid,mmlw_roberta_large,qwen3_embedding_8b,10,5,0.3333333333333333,0.5,0.19818181818181818,2.4,cemetery; home; museum; park; restaurant
en,place,anger,identity,single_word,neutral_centroid,bielik_1_5b_v3,gemini,10,7,0.5384615384615384,0.7,0.5075757575757576,2.7142857142857144,airport; museum; office; park; playground; school; train station
en,place,anger,identity,single_word,neutral_centroid,bielik_1_5b_v3,mmlw_roberta_large,10,7,0.5384615384615384,0.7,0.15303030303030307,2.142857142857143,home; museum; office; park; restaurant; school; train station
en,place,anger,identity,single_word,neutral_centroid,bielik_1_5b_v3,qwen3_embedding_8b,10,6,0.42857142857142855,0.6,0.2067653276955602,2.8333333333333335,airport; home; museum; park; playground; restaurant
en,place,anger,identity,single_word,neutral_centroid,gemini,mmlw_roberta_large,10,7,0.5384615384615384,0.7,0.15959595959595965,2.142857142857143,cemetery; church; museum; office; park; school; train station
en,place,anger,identity,single_word,neutral_centroid,gemini,qwen3_embedding_8b,10,5,0.3333333333333333,0.5,-0.04727272727272725,3.2,airport; cemetery; museum; park; playground
en,place,anger,identity,single_word,neutral_centroid,mmlw_roberta_large,qwen3_embedding_8b,10,5,0.3333333333333333,0.5,0.19818181818181818,2.4,cemetery; home; museum; park; restaurant
en,place,anger,random,centroid_phrases,neutral_centroid,bielik_1_5b_v3,gemini,10,8,0.6666666666666666,0.8,0.34545454545454535,2.125,cemetery; church; hospital; museum; office; park; playground; train station
en,place,anger,random,centroid_phrases,neutral_centroid,bielik_1_5b_v3,mmlw_roberta_large,10,7,0.5384615384615384,0.7,-0.15555555555555559,2.857142857142857,airport; church; hospital; museum; office; park; train station
en,place,anger,random,centroid_phrases,neutral_centroid,bielik_1_5b_v3,qwen3_embedding_8b,10,7,0.5384615384615384,0.7,-0.16868686868686866,2.142857142857143,airport; cemetery; hospital; museum; park; playground; train station
en,place,anger,random,centroid_phrases,neutral_centroid,gemini,mmlw_roberta_large,10,7,0.5384615384615384,0.7,0.21868686868686868,2.857142857142857,church; home; hospital; museum; office; park; train station
en,place,anger,random,centroid_phrases,neutral_centroid,gemini,qwen3_embedding_8b,10,7,0.5384615384615384,0.7,-0.148989898989899,2.5714285714285716,cemetery; home; hospital; museum; park; playground; train station
en,place,anger,random,centroid_phrases,neutral_centroid,mmlw_roberta_large,qwen3_embedding_8b,10,7,0.5384615384615384,0.7,0.2186868686868687,2.5714285714285716,airport; home; hospital; museum; park; restaurant; train station
en,place,anger,random,single_word,neutral_centroid,bielik_1_5b_v3,gemini,10,8,0.6666666666666666,0.8,0.34545454545454535,2.125,cemetery; church; hospital; museum; office; park; playground; train station
en,place,anger,random,single_word,neutral_centroid,bielik_1_5b_v3,mmlw_roberta_large,10,7,0.5384615384615384,0.7,-0.15555555555555559,2.857142857142857,airport; church; hospital; museum; office; park; train station
en,place,anger,random,single_word,neutral_centroid,bielik_1_5b_v3,qwen3_embedding_8b,10,7,0.5384615384615384,0.7,-0.16868686868686866,2.142857142857143,airport; cemetery; hospital; museum; park; playground; train station
en,place,anger,random,single_word,neutral_centroid,gemini,mmlw_roberta_large,10,7,0.5384615384615384,0.7,0.21868686868686868,2.857142857142857,church; home; hospital; museum; office; park; train station
en,place,anger,random,single_word,neutral_centroid,gemini,qwen3_embedding_8b,10,7,0.5384615384615384,0.7,-0.148989898989899,2.5714285714285716,cemetery; home; hospital; museum; park; playground; train station
en,place,anger,random,single_word,neutral_centroid,mmlw_roberta_large,qwen3_embedding_8b,10,7,0.5384615384615384,0.7,0.2186868686868687,2.5714285714285716,airport; home; hospital; museum; park; restaurant; train station
en,place,anger,shuffled_emotion,centroid_phrases,neutral_centroid,bielik_1_5b_v3,gemini,10,5,0.3333333333333333,0.5,0.05090909090909092,3.0,funeral home; hospital; office; park; train station
en,place,anger,shuffled_emotion,centroid_phrases,neutral_centroid,bielik_1_5b_v3,mmlw_roberta_large,10,3,0.17647058823529413,0.3,-0.28465909090909086,4.333333333333333,funeral home; office; park
en,place,anger,shuffled_emotion,centroid_phrases,neutral_centroid,bielik_1_5b_v3,qwen3_embedding_8b,10,4,0.25,0.4,-0.3116427432216905,2.5,dirty alley; funeral home; park; sunny beach
en,place,anger,shuffled_emotion,centroid_phrases,neutral_centroid,gemini,mmlw_roberta_large,10,4,0.25,0.4,-0.27591706539074956,3.75,cozy cafe; funeral home; office; park
en,place,anger,shuffled_emotion,centroid_phrases,neutral_centroid,gemini,qwen3_embedding_8b,10,5,0.3333333333333333,0.5,0.23090909090909087,2.6,abandoned building; cemetery; dark basement; funeral home; park
en,place,anger,shuffled_emotion,centroid_phrases,neutral_centroid,mmlw_roberta_large,qwen3_embedding_8b,10,3,0.17647058823529413,0.3,-0.231534090909091,4.333333333333333,funeral home; home; park
en,place,anger,shuffled_emotion,single_word,neutral_centroid,bielik_1_5b_v3,gemini,10,5,0.3333333333333333,0.5,-0.19999999999999996,3.0,hospital; museum; office; park; train station
en,place,anger,shuffled_emotion,single_word,neutral_centroid,bielik_1_5b_v3,mmlw_roberta_large,10,6,0.42857142857142855,0.6,0.01733615221987316,1.6666666666666667,church; home; museum; office; park; school
en,place,anger,shuffled_emotion,single_word,neutral_centroid,bielik_1_5b_v3,qwen3_embedding_8b,10,3,0.17647058823529413,0.3,-0.28948863636363636,2.3333333333333335,home; hospital; park
en,place,anger,shuffled_emotion,single_word,neutral_centroid,gemini,mmlw_roberta_large,10,5,0.3333333333333333,0.5,0.03454545454545456,2.0,cemetery; funeral home; museum; office; park
en,place,anger,shuffled_emotion,single_word,neutral_centroid,gemini,qwen3_embedding_8b,10,5,0.3333333333333333,0.5,0.28545454545454546,2.0,abandoned building; cemetery; funeral home; hospital; park
en,place,anger,shuffled_emotion,single_word,neutral_centroid,mmlw_roberta_large,qwen3_embedding_8b,10,4,0.25,0.4,0.2599681020733652,2.5,cemetery; funeral home; home; park
en,place,disgust,emotion,centroid_phrases,neutral_centroid,bielik_1_5b_v3,gemini,10,6,0.42857142857142855,0.6,0.017336152219873162,2.1666666666666665,dangerous street; dirty alley; funeral home; hospital; office; park
en,place,disgust,emotion,centroid_phrases,neutral_centroid,bielik_1_5b_v3,mmlw_roberta_large,10,5,0.3333333333333333,0.5,-0.18909090909090903,3.0,dangerous street; funeral home; museum; office; park
en,place,disgust,emotion,centroid_phrases,neutral_centroid,bielik_1_5b_v3,qwen3_embedding_8b,10,4,0.25,0.4,-0.33205741626794255,2.5,dirty alley; funeral home; museum; park
en,place,disgust,emotion,centroid_phrases,neutral_centroid,gemini,mmlw_roberta_large,10,5,0.3333333333333333,0.5,-0.3745454545454545,3.2,church; dangerous street; funeral home; office; park
en,place,disgust,emotion,centroid_phrases,neutral_centroid,gemini,qwen3_embedding_8b,10,5,0.3333333333333333,0.5,0.31272727272727263,2.2,abandoned building; dirty alley; funeral home; park; polluted river
en,place,disgust,emotion,centroid_phrases,neutral_centroid,mmlw_roberta_large,qwen3_embedding_8b,10,4,0.25,0.4,-0.1993620414673046,2.0,funeral home; museum; park; restaurant
en,place,disgust,emotion,single_word,neutral_centroid,bielik_1_5b_v3,gemini,10,5,0.3333333333333333,0.5,-0.4072727272727272,3.6,cemetery; dirty alley; hospital; office; park
en,place,disgust,emotion,single_word,neutral_centroid,bielik_1_5b_v3,mmlw_roberta_large,10,7,0.5384615384615384,0.7,-0.011111111111111118,3.4285714285714284,church; dirty alley; home; hospital; museum; park; restaurant
en,place,disgust,emotion,single_word,neutral_centroid,bielik_1_5b_v3,qwen3_embedding_8b,10,5,0.3333333333333333,0.5,-0.42363636363636353,4.8,cemetery; dirty alley; museum; park; restaurant
en,place,disgust,emotion,single_word,neutral_centroid,gemini,mmlw_roberta_large,10,5,0.3333333333333333,0.5,-0.1018181818181818,3.8,dangerous street; dirty alley; hospital; park; polluted river
en,place,disgust,emotion,single_word,neutral_centroid,gemini,qwen3_embedding_8b,10,5,0.3333333333333333,0.5,0.37272727272727263,2.0,abandoned building; cemetery; dirty alley; park; polluted river
en,place,disgust,emotion,single_word,neutral_centroid,mmlw_roberta_large,qwen3_embedding_8b,10,6,0.42857142857142855,0.6,0.14756871035940802,3.5,dirty alley; funeral home; museum; park; polluted river; restaurant
en,place,disgust,identity,centroid_phrases,neutral_centroid,bielik_1_5b_v3,gemini,10,7,0.5384615384615384,0.7,0.5075757575757576,2.7142857142857144,airport; museum; office; park; playground; school; train station
en,place,disgust,identity,centroid_phrases,neutral_centroid,bielik_1_5b_v3,mmlw_roberta_large,10,7,0.5384615384615384,0.7,0.15303030303030307,2.142857142857143,home; museum; office; park; restaurant; school; train station
en,place,disgust,identity,centroid_phrases,neutral_centroid,bielik_1_5b_v3,qwen3_embedding_8b,10,6,0.42857142857142855,0.6,0.2067653276955602,2.8333333333333335,airport; home; museum; park; playground; restaurant
en,place,disgust,identity,centroid_phrases,neutral_centroid,gemini,mmlw_roberta_large,10,7,0.5384615384615384,0.7,0.15959595959595965,2.142857142857143,cemetery; church; museum; office; park; school; train station
en,place,disgust,identity,centroid_phrases,neutral_centroid,gemini,qwen3_embedding_8b,10,5,0.3333333333333333,0.5,-0.04727272727272725,3.2,airport; cemetery; museum; park; playground
en,place,disgust,identity,centroid_phrases,neutral_centroid,mmlw_roberta_large,qwen3_embedding_8b,10,5,0.3333333333333333,0.5,0.19818181818181818,2.4,cemetery; home; museum; park; restaurant
en,place,disgust,identity,single_word,neutral_centroid,bielik_1_5b_v3,gemini,10,7,0.5384615384615384,0.7,0.5075757575757576,2.7142857142857144,airport; museum; office; park; playground; school; train station
en,place,disgust,identity,single_word,neutral_centroid,bielik_1_5b_v3,mmlw_roberta_large,10,7,0.5384615384615384,0.7,0.15303030303030307,2.142857142857143,home; museum; office; park; restaurant; school; train station
en,place,disgust,identity,single_word,neutral_centroid,bielik_1_5b_v3,qwen3_embedding_8b,10,6,0.42857142857142855,0.6,0.2067653276955602,2.8333333333333335,airport; home; museum; park; playground; restaurant
en,place,disgust,identity,single_word,neutral_centroid,gemini,mmlw_roberta_large,10,7,0.5384615384615384,0.7,0.15959595959595965,2.142857142857143,cemetery; church; museum; office; park; school; train station
en,place,disgust,identity,single_word,neutral_centroid,gemini,qwen3_embedding_8b,10,5,0.3333333333333333,0.5,-0.04727272727272725,3.2,airport; cemetery; museum; park; playground
en,place,disgust,identity,single_word,neutral_centroid,mmlw_roberta_large,qwen3_embedding_8b,10,5,0.3333333333333333,0.5,0.19818181818181818,2.4,cemetery; home; museum; park; restaurant
en,place,disgust,random,centroid_phrases,neutral_centroid,bielik_1_5b_v3,gemini,10,5,0.3333333333333333,0.5,0.4436363636363637,3.0,museum; office; park; playground; school
en,place,disgust,random,centroid_phrases,neutral_centroid,bielik_1_5b_v3,mmlw_roberta_large,10,6,0.42857142857142855,0.6,-0.03594080338266381,2.6666666666666665,church; funeral home; home; office; park; school
en,place,disgust,random,centroid_phrases,neutral_centroid,bielik_1_5b_v3,qwen3_embedding_8b,10,6,0.42857142857142855,0.6,-0.012262156448202966,4.0,airport; cemetery; home; museum; park; playground
en,place,disgust,random,centroid_phrases,neutral_centroid,gemini,mmlw_roberta_large,10,4,0.25,0.4,-0.07687400318979265,3.25,cozy cafe; office; park; school
en,place,disgust,random,centroid_phrases,neutral_centroid,gemini,qwen3_embedding_8b,10,4,0.25,0.4,-0.005422647527910685,2.25,museum; park; playground; train station
en,place,disgust,random,centroid_phrases,neutral_centroid,mmlw_roberta_large,qwen3_embedding_8b,10,3,0.17647058823529413,0.3,0.08721590909090912,1.3333333333333333,home; park; restaurant
en,place,disgust,random,single_word,neutral_centroid,bielik_1_5b_v3,gemini,10,5,0.3333333333333333,0.5,0.4436363636363637,3.0,museum; office; park; playground; school
en,place,disgust,random,single_word,neutral_centroid,bielik_1_5b_v3,mmlw_roberta_large,10,6,0.42857142857142855,0.6,-0.03594080338266381,2.6666666666666665,church; funeral home; home; office; park; school
en,place,disgust,random,single_word,neutral_centroid,bielik_1_5b_v3,qwen3_embedding_8b,10,6,0.42857142857142855,0.6,-0.012262156448202966,4.0,airport; cemetery; home; museum; park; playground
en,place,disgust,random,single_word,neutral_centroid,gemini,mmlw_roberta_large,10,4,0.25,0.4,-0.07687400318979265,3.25,cozy cafe; office; park; school
en,place,disgust,random,single_word,neutral_centroid,gemini,qwen3_embedding_8b,10,4,0.25,0.4,-0.005422647527910685,2.25,museum; park; playground; train station
en,place,disgust,random,single_word,neutral_centroid,mmlw_roberta_large,qwen3_embedding_8b,10,3,0.17647058823529413,0.3,0.08721590909090912,1.3333333333333333,home; park; restaurant
en,place,disgust,shuffled_emotion,centroid_phrases,neutral_centroid,bielik_1_5b_v3,gemini,10,4,0.25,0.4,0.08644338118022328,2.75,hospital; office; park; playground
en,place,disgust,shuffled_emotion,centroid_phrases,neutral_centroid,bielik_1_5b_v3,mmlw_roberta_large,10,3,0.17647058823529413,0.3,-0.2991477272727273,4.0,office; park; sunny beach
en,place,disgust,shuffled_emotion,centroid_phrases,neutral_centroid,bielik_1_5b_v3,qwen3_embedding_8b,10,4,0.25,0.4,0.06602870813397128,1.25,airport; park; playground; sunny beach
en,place,disgust,shuffled_emotion,centroid_phrases,neutral_centroid,gemini,mmlw_roberta_large,10,5,0.3333333333333333,0.5,0.44363636363636344,1.6,beautiful garden; church; home; office; park
en,place,disgust,shuffled_emotion,centroid_phrases,neutral_centroid,gemini,qwen3_embedding_8b,10,3,0.17647058823529413,0.3,0.005113636363636375,1.3333333333333333,home; park; playground
en,place,disgust,shuffled_emotion,centroid_phrases,neutral_centroid,mmlw_roberta_large,qwen3_embedding_8b,10,6,0.42857142857142855,0.6,-0.10697674418604648,3.6666666666666665,home; museum; park; restaurant; sunny beach; wedding hall
en,place,disgust,shuffled_emotion,single_word,neutral_centroid,bielik_1_5b_v3,gemini,10,7,0.5384615384615384,0.7,0.409090909090909,2.857142857142857,church; home; museum; office; park; playground; school
en,place,disgust,shuffled_emotion,single_word,neutral_centroid,bielik_1_5b_v3,mmlw_roberta_large,10,7,0.5384615384615384,0.7,0.35,2.5714285714285716,church; home; museum; office; park; playground; restaurant
en,place,disgust,shuffled_emotion,single_word,neutral_centroid,bielik_1_5b_v3,qwen3_embedding_8b,10,5,0.3333333333333333,0.5,0.24727272727272728,2.6,home; museum; park; playground; restaurant
en,place,disgust,shuffled_emotion,single_word,neutral_centroid,gemini,mmlw_roberta_large,10,8,0.6666666666666666,0.8,-0.060815047021943576,3.5,beautiful garden; church; home; museum; office; park; playground; sunny beach
en,place,disgust,shuffled_emotion,single_word,neutral_centroid,gemini,qwen3_embedding_8b,10,5,0.3333333333333333,0.5,0.13272727272727275,1.6,home; museum; park; playground; sunny beach
en,place,disgust,shuffled_emotion,single_word,neutral_centroid,mmlw_roberta_large,qwen3_embedding_8b,10,6,0.42857142857142855,0.6,0.12389006342494714,2.3333333333333335,home; museum; park; playground; restaurant; sunny beach
en,place,joy,emotion,centroid_phrases,neutral_centroid,bielik_1_5b_v3,gemini,10,4,0.25,0.4,0.08644338118022328,2.75,hospital; office; park; playground
en,place,joy,emotion,centroid_phrases,neutral_centroid,bielik_1_5b_v3,mmlw_roberta_large,10,3,0.17647058823529413,0.3,-0.2991477272727273,4.0,office; park; sunny beach
en,place,joy,emotion,centroid_phrases,neutral_centroid,bielik_1_5b_v3,qwen3_embedding_8b,10,4,0.25,0.4,0.06602870813397128,1.25,airport; park; playground; sunny beach
en,place,joy,emotion,centroid_phrases,neutral_centroid,gemini,mmlw_roberta_large,10,5,0.3333333333333333,0.5,0.44363636363636344,1.6,beautiful garden; church; home; office; park
en,place,joy,emotion,centroid_phrases,neutral_centroid,gemini,qwen3_embedding_8b,10,3,0.17647058823529413,0.3,0.005113636363636375,1.3333333333333333,home; park; playground
en,place,joy,emotion,centroid_phrases,neutral_centroid,mmlw_roberta_large,qwen3_embedding_8b,10,6,0.42857142857142855,0.6,-0.10697674418604648,3.6666666666666665,home; museum; park; restaurant; sunny beach; wedding hall
en,place,joy,emotion,single_word,neutral_centroid,bielik_1_5b_v3,gemini,10,7,0.5384615384615384,0.7,0.409090909090909,2.857142857142857,church; home; museum; office; park; playground; school
en,place,joy,emotion,single_word,neutral_centroid,bielik_1_5b_v3,mmlw_roberta_large,10,7,0.5384615384615384,0.7,0.35,2.5714285714285716,church; home; museum; office; park; playground; restaurant
en,place,joy,emotion,single_word,neutral_centroid,bielik_1_5b_v3,qwen3_embedding_8b,10,5,0.3333333333333333,0.5,0.24727272727272728,2.6,home; museum; park; playground; restaurant
en,place,joy,emotion,single_word,neutral_centroid,gemini,mmlw_roberta_large,10,8,0.6666666666666666,0.8,-0.060815047021943576,3.5,beautiful garden; church; home; museum; office; park; playground; sunny beach
en,place,joy,emotion,single_word,neutral_centroid,gemini,qwen3_embedding_8b,10,5,0.3333333333333333,0.5,0.13272727272727275,1.6,home; museum; park; playground; sunny beach
en,place,joy,emotion,single_word,neutral_centroid,mmlw_roberta_large,qwen3_embedding_8b,10,6,0.42857142857142855,0.6,0.12389006342494714,2.3333333333333335,home; museum; park; playground; restaurant; sunny beach
en,place,joy,identity,centroid_phrases,neutral_centroid,bielik_1_5b_v3,gemini,10,7,0.5384615384615384,0.7,0.5075757575757576,2.7142857142857144,airport; museum; office; park; playground; school; train station
en,place,joy,identity,centroid_phrases,neutral_centroid,bielik_1_5b_v3,mmlw_roberta_large,10,7,0.5384615384615384,0.7,0.15303030303030307,2.142857142857143,home; museum; office; park; restaurant; school; train station
en,place,joy,identity,centroid_phrases,neutral_centroid,bielik_1_5b_v3,qwen3_embedding_8b,10,6,0.42857142857142855,0.6,0.2067653276955602,2.8333333333333335,airport; home; museum; park; playground; restaurant
en,place,joy,identity,centroid_phrases,neutral_centroid,gemini,mmlw_roberta_large,10,7,0.5384615384615384,0.7,0.15959595959595965,2.142857142857143,cemetery; church; museum; office; park; school; train station
en,place,joy,identity,centroid_phrases,neutral_centroid,gemini,qwen3_embedding_8b,10,5,0.3333333333333333,0.5,-0.04727272727272725,3.2,airport; cemetery; museum; park; playground
en,place,joy,identity,centroid_phrases,neutral_centroid,mmlw_roberta_large,qwen3_embedding_8b,10,5,0.3333333333333333,0.5,0.19818181818181818,2.4,cemetery; home; museum; park; restaurant
en,place,joy,identity,single_word,neutral_centroid,bielik_1_5b_v3,gemini,10,7,0.5384615384615384,0.7,0.5075757575757576,2.7142857142857144,airport; museum; office; park; playground; school; train station
en,place,joy,identity,single_word,neutral_centroid,bielik_1_5b_v3,mmlw_roberta_large,10,7,0.5384615384615384,0.7,0.15303030303030307,2.142857142857143,home; museum; office; park; restaurant; school; train station
en,place,joy,identity,single_word,neutral_centroid,bielik_1_5b_v3,qwen3_embedding_8b,10,6,0.42857142857142855,0.6,0.2067653276955602,2.8333333333333335,airport; home; museum; park; playground; restaurant
en,place,joy,identity,single_word,neutral_centroid,gemini,mmlw_roberta_large,10,7,0.5384615384615384,0.7,0.15959595959595965,2.142857142857143,cemetery; church; museum; office; park; school; train station
en,place,joy,identity,single_word,neutral_centroid,gemini,qwen3_embedding_8b,10,5,0.3333333333333333,0.5,-0.04727272727272725,3.2,airport; cemetery; museum; park; playground
en,place,joy,identity,single_word,neutral_centroid,mmlw_roberta_large,qwen3_embedding_8b,10,5,0.3333333333333333,0.5,0.19818181818181818,2.4,cemetery; home; museum; park; restaurant
en,place,joy,random,centroid_phrases,neutral_centroid,bielik_1_5b_v3,gemini,10,6,0.42857142857142855,0.6,0.5264270613107822,1.3333333333333333,library; museum; office; park; playground; school
en,place,joy,random,centroid_phrases,neutral_centroid,bielik_1_5b_v3,mmlw_roberta_large,10,5,0.3333333333333333,0.5,0.0018181818181818032,3.6,home; museum; office; park; school
en,place,joy,random,centroid_phrases,neutral_centroid,bielik_1_5b_v3,qwen3_embedding_8b,10,5,0.3333333333333333,0.5,-0.009090909090909078,2.6,airport; home; library; museum; park
en,place,joy,random,centroid_phrases,neutral_centroid,gemini,mmlw_roberta_large,10,5,0.3333333333333333,0.5,0.17090909090909087,2.4,church; museum; office; park; school
en,place,joy,random,centroid_phrases,neutral_centroid,gemini,qwen3_embedding_8b,10,3,0.17647058823529413,0.3,-0.07698863636363638,1.0,library; museum; park
en,place,joy,random,centroid_phrases,neutral_centroid,mmlw_roberta_large,qwen3_embedding_8b,10,5,0.3333333333333333,0.5,0.31818181818181823,2.2,funeral home; home; museum; park; restaurant
en,place,joy,random,single_word,neutral_centroid,bielik_1_5b_v3,gemini,10,6,0.42857142857142855,0.6,0.5264270613107822,1.3333333333333333,library; museum; office; park; playground; school
en,place,joy,random,single_word,neutral_centroid,bielik_1_5b_v3,mmlw_roberta_large,10,5,0.3333333333333333,0.5,0.0018181818181818032,3.6,home; museum; office; park; school
en,place,joy,random,single_word,neutral_centroid,bielik_1_5b_v3,qwen3_embedding_8b,10,5,0.3333333333333333,0.5,-0.009090909090909078,2.6,airport; home; library; museum; park
en,place,joy,random,single_word,neutral_centroid,gemini,mmlw_roberta_large,10,5,0.3333333333333333,0.5,0.17090909090909087,2.4,church; museum; office; park; school
en,place,joy,random,single_word,neutral_centroid,gemini,qwen3_embedding_8b,10,3,0.17647058823529413,0.3,-0.07698863636363638,1.0,library; museum; park
en,place,joy,random,single_word,neutral_centroid,mmlw_roberta_large,qwen3_embedding_8b,10,5,0.3333333333333333,0.5,0.31818181818181823,2.2,funeral home; home; museum; park; restaurant
en,place,joy,shuffled_emotion,centroid_phrases,neutral_centroid,bielik_1_5b_v3,gemini,10,5,0.3333333333333333,0.5,-0.10181818181818181,4.6,dangerous street; funeral home; hospital; office; park
en,place,joy,shuffled_emotion,centroid_phrases,neutral_centroid,bielik_1_5b_v3,mmlw_roberta_large,10,4,0.25,0.4,-0.06156299840510367,2.75,funeral home; museum; office; park
en,place,joy,shuffled_emotion,centroid_phrases,neutral_centroid,bielik_1_5b_v3,qwen3_embedding_8b,10,5,0.3333333333333333,0.5,-0.3145454545454546,2.4,airport; dangerous street; dirty alley; museum; park
en,place,joy,shuffled_emotion,centroid_phrases,neutral_centroid,gemini,mmlw_roberta_large,10,4,0.25,0.4,-0.2350877192982456,2.0,funeral home; office; park; school
en,place,joy,shuffled_emotion,centroid_phrases,neutral_centroid,gemini,qwen3_embedding_8b,10,4,0.25,0.4,0.035406698564593296,2.25,abandoned building; dangerous street; park; train station
en,place,joy,shuffled_emotion,centroid_phrases,neutral_centroid,mmlw_roberta_large,qwen3_embedding_8b,10,3,0.17647058823529413,0.3,0.04857954545454547,0.6666666666666666,museum; park; restaurant
en,place,joy,shuffled_emotion,single_word,neutral_centroid,bielik_1_5b_v3,gemini,10,5,0.3333333333333333,0.5,-0.24363636363636354,2.8,dirty alley; museum; office; park; school
en,place,joy,shuffled_emotion,single_word,neutral_centroid,bielik_1_5b_v3,mmlw_roberta_large,10,8,0.6666666666666666,0.8,0.12727272727272715,2.125,church; dirty alley; home; museum; office; park; restaurant; school
en,place,joy,shuffled_emotion,single_word,neutral_centroid,bielik_1_5b_v3,qwen3_embedding_8b,10,4,0.25,0.4,-0.08197767145135566,2.75,dirty alley; home; park; restaurant
en,place,joy,shuffled_emotion,single_word,neutral_centroid,gemini,mmlw_roberta_large,10,6,0.42857142857142855,0.6,0.02325581395348837,2.1666666666666665,dangerous street; dirty alley; museum; office; park; school
en,place,joy,shuffled_emotion,single_word,neutral_centroid,gemini,qwen3_embedding_8b,10,4,0.25,0.4,0.06602870813397128,3.5,airport; dangerous street; dirty alley; park
en,place,joy,shuffled_emotion,single_word,neutral_centroid,mmlw_roberta_large,qwen3_embedding_8b,10,6,0.42857142857142855,0.6,0.37843551797040165,1.0,dangerous street; dirty alley; funeral home; home; park; restaurant
en,place,sadness,emotion,centroid_phrases,neutral_centroid,bielik_1_5b_v3,gemini,10,5,0.3333333333333333,0.5,0.05090909090909092,3.0,funeral home; hospital; office; park; train station
en,place,sadness,emotion,centroid_phrases,neutral_centroid,bielik_1_5b_v3,mmlw_roberta_large,10,3,0.17647058823529413,0.3,-0.28465909090909086,4.333333333333333,funeral home; office; park
en,place,sadness,emotion,centroid_phrases,neutral_centroid,bielik_1_5b_v3,qwen3_embedding_8b,10,4,0.25,0.4,-0.3116427432216905,2.5,dirty alley; funeral home; park; sunny beach
en,place,sadness,emotion,centroid_phrases,neutral_centroid,gemini,mmlw_roberta_large,10,4,0.25,0.4,-0.27591706539074956,3.75,cozy cafe; funeral home; office; park
en,place,sadness,emotion,centroid_phrases,neutral_centroid,gemini,qwen3_embedding_8b,10,5,0.3333333333333333,0.5,0.23090909090909087,2.6,abandoned building; cemetery; dark basement; funeral home; park
en,place,sadness,emotion,centroid_phrases,neutral_centroid,mmlw_roberta_large,qwen3_embedding_8b,10,3,0.17647058823529413,0.3,-0.231534090909091,4.333333333333333,funeral home; home; park
en,place,sadness,emotion,single_word,neutral_centroid,bielik_1_5b_v3,gemini,10,5,0.3333333333333333,0.5,-0.19999999999999996,3.0,hospital; museum; office; park; train station
en,place,sadness,emotion,single_word,neutral_centroid,bielik_1_5b_v3,mmlw_roberta_large,10,6,0.42857142857142855,0.6,0.01733615221987316,1.6666666666666667,church; home; museum; office; park; school
en,place,sadness,emotion,single_word,neutral_centroid,bielik_1_5b_v3,qwen3_embedding_8b,10,3,0.17647058823529413,0.3,-0.28948863636363636,2.3333333333333335,home; hospital; park
en,place,sadness,emotion,single_word,neutral_centroid,gemini,mmlw_roberta_large,10,5,0.3333333333333333,0.5,0.03454545454545456,2.0,cemetery; funeral home; museum; office; park
en,place,sadness,emotion,single_word,neutral_centroid,gemini,qwen3_embedding_8b,10,5,0.3333333333333333,0.5,0.28545454545454546,2.0,abandoned building; cemetery; funeral home; hospital; park
en,place,sadness,emotion,single_word,neutral_centroid,mmlw_roberta_large,qwen3_embedding_8b,10,4,0.25,0.4,0.2599681020733652,2.5,cemetery; funeral home; home; park
en,place,sadness,identity,centroid_phrases,neutral_centroid,bielik_1_5b_v3,gemini,10,7,0.5384615384615384,0.7,0.5075757575757576,2.7142857142857144,airport; museum; office; park; playground; school; train station
en,place,sadness,identity,centroid_phrases,neutral_centroid,bielik_1_5b_v3,mmlw_roberta_large,10,7,0.5384615384615384,0.7,0.15303030303030307,2.142857142857143,home; museum; office; park; restaurant; school; train station
en,place,sadness,identity,centroid_phrases,neutral_centroid,bielik_1_5b_v3,qwen3_embedding_8b,10,6,0.42857142857142855,0.6,0.2067653276955602,2.8333333333333335,airport; home; museum; park; playground; restaurant
en,place,sadness,identity,centroid_phrases,neutral_centroid,gemini,mmlw_roberta_large,10,7,0.5384615384615384,0.7,0.15959595959595965,2.142857142857143,cemetery; church; museum; office; park; school; train station
en,place,sadness,identity,centroid_phrases,neutral_centroid,gemini,qwen3_embedding_8b,10,5,0.3333333333333333,0.5,-0.04727272727272725,3.2,airport; cemetery; museum; park; playground
en,place,sadness,identity,centroid_phrases,neutral_centroid,mmlw_roberta_large,qwen3_embedding_8b,10,5,0.3333333333333333,0.5,0.19818181818181818,2.4,cemetery; home; museum; park; restaurant
en,place,sadness,identity,single_word,neutral_centroid,bielik_1_5b_v3,gemini,10,7,0.5384615384615384,0.7,0.5075757575757576,2.7142857142857144,airport; museum; office; park; playground; school; train station
en,place,sadness,identity,single_word,neutral_centroid,bielik_1_5b_v3,mmlw_roberta_large,10,7,0.5384615384615384,0.7,0.15303030303030307,2.142857142857143,home; museum; office; park; restaurant; school; train station
en,place,sadness,identity,single_word,neutral_centroid,bielik_1_5b_v3,qwen3_embedding_8b,10,6,0.42857142857142855,0.6,0.2067653276955602,2.8333333333333335,airport; home; museum; park; playground; restaurant
en,place,sadness,identity,single_word,neutral_centroid,gemini,mmlw_roberta_large,10,7,0.5384615384615384,0.7,0.15959595959595965,2.142857142857143,cemetery; church; museum; office; park; school; train station
en,place,sadness,identity,single_word,neutral_centroid,gemini,qwen3_embedding_8b,10,5,0.3333333333333333,0.5,-0.04727272727272725,3.2,airport; cemetery; museum; park; playground
en,place,sadness,identity,single_word,neutral_centroid,mmlw_roberta_large,qwen3_embedding_8b,10,5,0.3333333333333333,0.5,0.19818181818181818,2.4,cemetery; home; museum; park; restaurant
en,place,sadness,random,centroid_phrases,neutral_centroid,bielik_1_5b_v3,gemini,10,5,0.3333333333333333,0.5,0.449090909090909,1.8,home; museum; office; park; playground
en,place,sadness,random,centroid_phrases,neutral_centroid,bielik_1_5b_v3,mmlw_roberta_large,10,5,0.3333333333333333,0.5,0.28,1.8,home; office; park; restaurant; train station
en,place,sadness,random,centroid_phrases,neutral_centroid,bielik_1_5b_v3,qwen3_embedding_8b,10,5,0.3333333333333333,0.5,0.06727272727272729,1.4,airport; home; hospital; park; restaurant
en,place,sadness,random,centroid_phrases,neutral_centroid,gemini,mmlw_roberta_large,10,5,0.3333333333333333,0.5,0.08909090909090908,2.0,church; home; office; park; school
en,place,sadness,random,centroid_phrases,neutral_centroid,gemini,qwen3_embedding_8b,10,2,0.1111111111111111,0.2,-0.2676056338028168,4.5,home; park
en,place,sadness,random,centroid_phrases,neutral_centroid,mmlw_roberta_large,qwen3_embedding_8b,10,5,0.3333333333333333,0.5,0.09999999999999998,2.4,childhood home; funeral home; home; park; restaurant
en,place,sadness,random,single_word,neutral_centroid,bielik_1_5b_v3,gemini,10,5,0.3333333333333333,0.5,0.449090909090909,1.8,home; museum; office; park; playground
en,place,sadness,random,single_word,neutral_centroid,bielik_1_5b_v3,mmlw_roberta_large,10,5,0.3333333333333333,0.5,0.28,1.8,home; office; park; restaurant; train station
en,place,sadness,random,single_word,neutral_centroid,bielik_1_5b_v3,qwen3_embedding_8b,10,5,0.3333333333333333,0.5,0.06727272727272729,1.4,airport; home; hospital; park; restaurant
en,place,sadness,random,single_word,neutral_centroid,gemini,mmlw_roberta_large,10,5,0.3333333333333333,0.5,0.08909090909090908,2.0,church; home; office; park; school
en,place,sadness,random,single_word,neutral_centroid,gemini,qwen3_embedding_8b,10,2,0.1111111111111111,0.2,-0.2676056338028168,4.5,home; park
en,place,sadness,random,single_word,neutral_centroid,mmlw_roberta_large,qwen3_embedding_8b,10,5,0.3333333333333333,0.5,0.09999999999999998,2.4,childhood home; funeral home; home; park; restaurant
en,place,sadness,shuffled_emotion,centroid_phrases,neutral_centroid,bielik_1_5b_v3,gemini,10,6,0.42857142857142855,0.6,0.017336152219873162,2.1666666666666665,dangerous street; dirty alley; funeral home; hospital; office; park
en,place,sadness,shuffled_emotion,centroid_phrases,neutral_centroid,bielik_1_5b_v3,mmlw_roberta_large,10,5,0.3333333333333333,0.5,-0.18909090909090903,3.0,dangerous street; funeral home; museum; office; park
en,place,sadness,shuffled_emotion,centroid_phrases,neutral_centroid,bielik_1_5b_v3,qwen3_embedding_8b,10,4,0.25,0.4,-0.33205741626794255,2.5,dirty alley; funeral home; museum; park
en,place,sadness,shuffled_emotion,centroid_phrases,neutral_centroid,gemini,mmlw_roberta_large,10,5,0.3333333333333333,0.5,-0.3745454545454545,3.2,church; dangerous street; funeral home; office; park
en,place,sadness,shuffled_emotion,centroid_phrases,neutral_centroid,gemini,qwen3_embedding_8b,10,5,0.3333333333333333,0.5,0.31272727272727263,2.2,abandoned building; dirty alley; funeral home; park; polluted river
en,place,sadness,shuffled_emotion,centroid_phrases,neutral_centroid,mmlw_roberta_large,qwen3_embedding_8b,10,4,0.25,0.4,-0.1993620414673046,2.0,funeral home; museum; park; restaurant
en,place,sadness,shuffled_emotion,single_word,neutral_centroid,bielik_1_5b_v3,gemini,10,5,0.3333333333333333,0.5,-0.4072727272727272,3.6,cemetery; dirty alley; hospital; office; park
en,place,sadness,shuffled_emotion,single_word,neutral_centroid,bielik_1_5b_v3,mmlw_roberta_large,10,7,0.5384615384615384,0.7,-0.011111111111111118,3.4285714285714284,church; dirty alley; home; hospital; museum; park; restaurant
en,place,sadness,shuffled_emotion,single_word,neutral_centroid,bielik_1_5b_v3,qwen3_embedding_8b,10,5,0.3333333333333333,0.5,-0.42363636363636353,4.8,cemetery; dirty alley; museum; park; restaurant
en,place,sadness,shuffled_emotion,single_word,neutral_centroid,gemini,mmlw_roberta_large,10,5,0.3333333333333333,0.5,-0.1018181818181818,3.8,dangerous street; dirty alley; hospital; park; polluted river
en,place,sadness,shuffled_emotion,single_word,neutral_centroid,gemini,qwen3_embedding_8b,10,5,0.3333333333333333,0.5,0.37272727272727263,2.0,abandoned building; cemetery; dirty alley; park; polluted river
en,place,sadness,shuffled_emotion,single_word,neutral_centroid,mmlw_roberta_large,qwen3_embedding_8b,10,6,0.42857142857142855,0.6,0.14756871035940802,3.5,dirty alley; funeral home; museum; park; polluted river; restaurant
en,situation,anger,emotion,centroid_phrases,neutral_centroid,bielik_1_5b_v3,gemini,10,5,0.3333333333333333,0.5,0.045454545454545414,2.8,awkward silence; being betrayed; being ignored; missing the train; walking alone at night
en,situation,anger,emotion,centroid_phrases,neutral_centroid,bielik_1_5b_v3,mmlw_roberta_large,10,5,0.3333333333333333,0.5,-0.10181818181818178,3.6,accident; awkward silence; being betrayed; being ignored; meeting an old friend
en,situation,anger,emotion,centroid_phrases,neutral_centroid,bielik_1_5b_v3,qwen3_embedding_8b,10,5,0.3333333333333333,0.5,-0.06363636363636366,1.8,accident; awkward silence; being betrayed; being ignored; missing the train
en,situation,anger,emotion,centroid_phrases,neutral_centroid,gemini,mmlw_roberta_large,10,6,0.42857142857142855,0.6,0.34291754756871035,2.3333333333333335,argument; awkward silence; being betrayed; being ignored; seeing an injury; winning a prize
en,situation,anger,emotion,centroid_phrases,neutral_centroid,gemini,qwen3_embedding_8b,10,7,0.5384615384615384,0.7,0.19898989898989908,2.7142857142857144,argument; awkward silence; being betrayed; being ignored; failure; missing the train; seeing an injury
en,situation,anger,emotion,centroid_phrases,neutral_centroid,mmlw_roberta_large,qwen3_embedding_8b,10,7,0.5384615384615384,0.7,0.40909090909090906,2.142857142857143,accident; argument; awkward silence; being betrayed; being ignored; party; seeing an injury
en,situation,anger,emotion,single_word,neutral_centroid,bielik_1_5b_v3,gemini,10,4,0.25,0.4,-0.5413078149920255,4.25,accident; argument; awkward silence; failure
en,situation,anger,emotion,single_word,neutral_centroid,bielik_1_5b_v3,mmlw_roberta_large,10,4,0.25,0.4,-0.13301435406698564,3.5,accident; argument; awkward silence; party
en,situation,anger,emotion,single_word,neutral_centroid,bielik_1_5b_v3,qwen3_embedding_8b,10,6,0.42857142857142855,0.6,-0.3378435517970401,4.833333333333333,accident; argument; awkward silence; celebration; failure; party
en,situation,anger,emotion,single_word,neutral_centroid,gemini,mmlw_roberta_large,10,5,0.3333333333333333,0.5,0.3236363636363636,2.2,accident; argument; awkward silence; being betrayed; being ignored
en,situation,anger,emotion,single_word,neutral_centroid,gemini,qwen3_embedding_8b,10,7,0.5384615384615384,0.7,0.37626262626262624,2.857142857142857,accident; argument; awkward silence; being betrayed; being ignored; failure; surprise
en,situation,anger,emotion,single_word,neutral_centroid,mmlw_roberta_large,qwen3_embedding_8b,10,7,0.5384615384615384,0.7,0.3237373737373738,2.0,accident; argument; awkward silence; being betrayed; being ignored; party; seeing an injury
en,situation,anger,identity,centroid_phrases,neutral_centroid,bielik_1_5b_v3,gemini,10,4,0.25,0.4,-0.29122807017543856,1.0,awkward silence; first date; meeting an old friend; missing the train
en,situation,anger,identity,centroid_phrases,neutral_centroid,bielik_1_5b_v3,mmlw_roberta_large,10,4,0.25,0.4,-0.11259968102073363,3.75,accident; awkward silence; meeting an old friend; party
en,situation,anger,identity,centroid_phrases,neutral_centroid,bielik_1_5b_v3,qwen3_embedding_8b,10,4,0.25,0.4,0.0251993620414673,2.75,accident; awkward silence; celebration; party
en,situation,anger,identity,centroid_phrases,neutral_centroid,gemini,mmlw_roberta_large,10,4,0.25,0.4,-0.29633173843700156,3.5,argument; awkward silence; being betrayed; meeting an old friend
en,situation,anger,identity,centroid_phrases,neutral_centroid,gemini,qwen3_embedding_8b,10,7,0.5384615384615384,0.7,0.19898989898989905,2.5714285714285716,argument; awkward silence; being betrayed; being ignored; failure; public speech; surprise
en,situation,anger,identity,centroid_phrases,neutral_centroid,mmlw_roberta_large,qwen3_embedding_8b,10,5,0.3333333333333333,0.5,0.2309090909090909,2.4,accident; argument; awkward silence; being betrayed; party
en,situation,anger,identity,single_word,neutral_centroid,bielik_1_5b_v3,gemini,10,4,0.25,0.4,-0.29122807017543856,1.0,awkward silence; first date; meeting an old friend; missing the train
en,situation,anger,identity,single_word,neutral_centroid,bielik_1_5b_v3,mmlw_roberta_large,10,4,0.25,0.4,-0.11259968102073363,3.75,accident; awkward silence; meeting an old friend; party
en,situation,anger,identity,single_word,neutral_centroid,bielik_1_5b_v3,qwen3_embedding_8b,10,4,0.25,0.4,0.0251993620414673,2.75,accident; awkward silence; celebration; party
en,situation,anger,identity,single_word,neutral_centroid,gemini,mmlw_roberta_large,10,4,0.25,0.4,-0.29633173843700156,3.5,argument; awkward silence; being betrayed; meeting an old friend
en,situation,anger,identity,single_word,neutral_centroid,gemini,qwen3_embedding_8b,10,7,0.5384615384615384,0.7,0.19898989898989905,2.5714285714285716,argument; awkward silence; being betrayed; being ignored; failure; public speech; surprise
en,situation,anger,identity,single_word,neutral_centroid,mmlw_roberta_large,qwen3_embedding_8b,10,5,0.3333333333333333,0.5,0.2309090909090909,2.4,accident; argument; awkward silence; being betrayed; party
en,situation,anger,random,centroid_phrases,neutral_centroid,bielik_1_5b_v3,gemini,10,4,0.25,0.4,-0.6535885167464114,3.0,awkward silence; first date; job interview; missing the train
en,situation,anger,random,centroid_phrases,neutral_centroid,bielik_1_5b_v3,mmlw_roberta_large,10,3,0.17647058823529413,0.3,-0.19289772727272722,3.6666666666666665,accident; awkward silence; winning a prize
en,situation,anger,random,centroid_phrases,neutral_centroid,bielik_1_5b_v3,qwen3_embedding_8b,10,4,0.25,0.4,-0.3524720893141946,4.0,accident; awkward silence; celebration; job interview
en,situation,anger,random,centroid_phrases,neutral_centroid,gemini,mmlw_roberta_large,10,4,0.25,0.4,-0.1891547049441786,2.5,argument; awkward silence; being betrayed; public speech
en,situation,anger,random,centroid_phrases,neutral_centroid,gemini,qwen3_embedding_8b,10,6,0.42857142857142855,0.6,0.283720930232558,0.6666666666666666,argument; awkward silence; being betrayed; failure; job interview; public speech
en,situation,anger,random,centroid_phrases,neutral_centroid,mmlw_roberta_large,qwen3_embedding_8b,10,6,0.42857142857142855,0.6,0.005496828752642704,2.0,accident; argument; awkward silence; being betrayed; party; public speech
en,situation,anger,random,single_word,neutral_centroid,bielik_1_5b_v3,gemini,10,4,0.25,0.4,-0.6535885167464114,3.0,awkward silence; first date; job interview; missing the train
en,situation,anger,random,single_word,neutral_centroid,bielik_1_5b_v3,mmlw_roberta_large,10,3,0.17647058823529413,0.3,-0.19289772727272722,3.6666666666666665,accident; awkward silence; winning a prize
en,situation,anger,random,single_word,neutral_centroid,bielik_1_5b_v3,qwen3_embedding_8b,10,4,0.25,0.4,-0.3524720893141946,4.0,accident; awkward silence; celebration; job interview
en,situation,anger,random,single_word,neutral_centroid,gemini,mmlw_roberta_large,10,4,0.25,0.4,-0.1891547049441786,2.5,argument; awkward silence; being betrayed; public speech
en,situation,anger,random,single_word,neutral_centroid,gemini,qwen3_embedding_8b,10,6,0.42857142857142855,0.6,0.283720930232558,0.6666666666666666,argument; awkward silence; being betrayed; failure; job interview; public speech
en,situation,anger,random,single_word,neutral_centroid,mmlw_roberta_large,qwen3_embedding_8b,10,6,0.42857142857142855,0.6,0.005496828752642704,2.0,accident; argument; awkward silence; being betrayed; party; public speech
en,situation,anger,shuffled_emotion,centroid_phrases,neutral_centroid,bielik_1_5b_v3,gemini,10,5,0.3333333333333333,0.5,-0.22727272727272727,4.4,awkward silence; being betrayed; being ignored; missing the train; walking alone at night
en,situation,anger,shuffled_emotion,centroid_phrases,neutral_centroid,bielik_1_5b_v3,mmlw_roberta_large,10,4,0.25,0.4,-0.37799043062200954,4.25,awkward silence; being betrayed; meeting an old friend; walking alone at night
en,situation,anger,shuffled_emotion,centroid_phrases,neutral_centroid,bielik_1_5b_v3,qwen3_embedding_8b,10,6,0.42857142857142855,0.6,-0.36152219873150104,2.3333333333333335,awkward silence; being betrayed; being ignored; funeral service; missing the train; walking alone at night
en,situation,anger,shuffled_emotion,centroid_phrases,neutral_centroid,gemini,mmlw_roberta_large,10,6,0.42857142857142855,0.6,-0.23128964059196616,1.5,accident; argument; awkward silence; being betrayed; seeing an injury; walking alone at night
en,situation,anger,shuffled_emotion,centroid_phrases,neutral_centroid,gemini,qwen3_embedding_8b,10,8,0.6666666666666666,0.8,0.5485893416927898,1.625,accident; awkward silence; being betrayed; being ignored; failure; missing the train; seeing an injury; walking alone at night
en,situation,anger,shuffled_emotion,centroid_phrases,neutral_centroid,mmlw_roberta_large,qwen3_embedding_8b,10,5,0.3333333333333333,0.5,-0.06363636363636363,1.6,accident; awkward silence; being betrayed; seeing an injury; walking alone at night
en,situation,anger,shuffled_emotion,single_word,neutral_centroid,bielik_1_5b_v3,gemini,10,4,0.25,0.4,-0.30143540669856456,3.0,accident; awkward silence; lost wallet; missing the train
en,situation,anger,shuffled_emotion,single_word,neutral_centroid,bielik_1_5b_v3,mmlw_roberta_large,10,3,0.17647058823529413,0.3,-0.06732954545454543,1.3333333333333333,accident; awkward silence; party
en,situation,anger,shuffled_emotion,single_word,neutral_centroid,bielik_1_5b_v3,qwen3_embedding_8b,10,5,0.3333333333333333,0.5,-0.3254545454545454,3.4,accident; awkward silence; celebration; funeral service; missing the train
en,situation,anger,shuffled_emotion,single_word,neutral_centroid,gemini,mmlw_roberta_large,10,7,0.5384615384615384,0.7,0.16616161616161623,3.4285714285714284,accident; argument; awkward silence; being betrayed; being ignored; failure; seeing an injury
en,situation,anger,shuffled_emotion,single_word,neutral_centroid,gemini,qwen3_embedding_8b,10,7,0.5384615384615384,0.7,0.5141414141414141,2.142857142857143,accident; awkward silence; being betrayed; being ignored; failure; missing the train; seeing an injury
en,situation,anger,shuffled_emotion,single_word,neutral_centroid,mmlw_roberta_large,qwen3_embedding_8b,10,6,0.42857142857142855,0.6,0.43763213530655387,2.6666666666666665,accident; awkward silence; being betrayed; being ignored; failure; seeing an injury
en,situation,disgust,emotion,centroid_phrases,neutral_centroid,bielik_1_5b_v3,gemini,10,5,0.3333333333333333,0.5,0.20363636363636362,1.8,awkward silence; being betrayed; being ignored; missing the train; walking alone at night
en,situation,disgust,emotion,centroid_phrases,neutral_centroid,bielik_1_5b_v3,mmlw_roberta_large,10,5,0.3333333333333333,0.5,-0.15090909090909085,3.6,accident; awkward silence; being betrayed; being ignored; meeting an old friend
en,situation,disgust,emotion,centroid_phrases,neutral_centroid,bielik_1_5b_v3,qwen3_embedding_8b,10,5,0.3333333333333333,0.5,-0.16727272727272724,1.8,accident; awkward silence; being betrayed; being ignored; missing the train
en,situation,disgust,emotion,centroid_phrases,neutral_centroid,gemini,mmlw_roberta_large,10,5,0.3333333333333333,0.5,0.09454545454545456,2.8,argument; awkward silence; being betrayed; being ignored; seeing an injury
en,situation,disgust,emotion,centroid_phrases,neutral_centroid,gemini,qwen3_embedding_8b,10,7,0.5384615384615384,0.7,0.2121212121212121,3.4285714285714284,awkward silence; being betrayed; being ignored; cleaning a dirty room; failure; missing the train; seeing an injury
en,situation,disgust,emotion,centroid_phrases,neutral_centroid,mmlw_roberta_large,qwen3_embedding_8b,10,5,0.3333333333333333,0.5,0.2690909090909091,1.8,accident; awkward silence; being betrayed; being ignored; seeing an injury
en,situation,disgust,emotion,single_word,neutral_centroid,bielik_1_5b_v3,gemini,10,5,0.3333333333333333,0.5,-0.24363636363636346,4.4,accident; awkward silence; failure; missing the train; surprise
en,situation,disgust,emotion,single_word,neutral_centroid,bielik_1_5b_v3,mmlw_roberta_large,10,3,0.17647058823529413,0.3,-0.33295454545454545,5.0,accident; awkward silence; failure
en,situation,disgust,emotion,single_word,neutral_centroid,bielik_1_5b_v3,qwen3_embedding_8b,10,4,0.25,0.4,0.20893141945773522,2.75,accident; awkward silence; failure; surprise
en,situation,disgust,emotion,single_word,neutral_centroid,gemini,mmlw_roberta_large,10,6,0.42857142857142855,0.6,0.18308668076109938,2.0,accident; argument; awkward silence; being betrayed; being ignored; failure
en,situation,disgust,emotion,single_word,neutral_centroid,gemini,qwen3_embedding_8b,10,7,0.5384615384615384,0.7,0.27777777777777785,3.142857142857143,accident; argument; awkward silence; being betrayed; being ignored; failure; surprise
en,situation,disgust,emotion,single_word,neutral_centroid,mmlw_roberta_large,qwen3_embedding_8b,10,7,0.5384615384615384,0.7,0.18585858585858586,2.7142857142857144,accident; argument; awkward silence; being betrayed; being ignored; failure; seeing an injury
en,situation,disgust,identity,centroid_phrases,neutral_centroid,bielik_1_5b_v3,gemini,10,4,0.25,0.4,-0.29122807017543856,1.0,awkward silence; first date; meeting an old friend; missing the train
en,situation,disgust,identity,centroid_phrases,neutral_centroid,bielik_1_5b_v3,mmlw_roberta_large,10,4,0.25,0.4,-0.11259968102073363,3.75,accident; awkward silence; meeting an old friend; party
en,situation,disgust,identity,centroid_phrases,neutral_centroid,bielik_1_5b_v3,qwen3_embedding_8b,10,4,0.25,0.4,0.0251993620414673,2.75,accident; awkward silence; celebration; party
en,situation,disgust,identity,centroid_phrases,neutral_centroid,gemini,mmlw_roberta_large,10,4,0.25,0.4,-0.29633173843700156,3.5,argument; awkward silence; being betrayed; meeting an old friend
en,situation,disgust,identity,centroid_phrases,neutral_centroid,gemini,qwen3_embedding_8b,10,7,0.5384615384615384,0.7,0.19898989898989905,2.5714285714285716,argument; awkward silence; being betrayed; being ignored; failure; public speech; surprise
en,situation,disgust,identity,centroid_phrases,neutral_centroid,mmlw_roberta_large,qwen3_embedding_8b,10,5,0.3333333333333333,0.5,0.2309090909090909,2.4,accident; argument; awkward silence; being betrayed; party
en,situation,disgust,identity,single_word,neutral_centroid,bielik_1_5b_v3,gemini,10,4,0.25,0.4,-0.29122807017543856,1.0,awkward silence; first date; meeting an old friend; missing the train
en,situation,disgust,identity,single_word,neutral_centroid,bielik_1_5b_v3,mmlw_roberta_large,10,4,0.25,0.4,-0.11259968102073363,3.75,accident; awkward silence; meeting an old friend; party
en,situation,disgust,identity,single_word,neutral_centroid,bielik_1_5b_v3,qwen3_embedding_8b,10,4,0.25,0.4,0.0251993620414673,2.75,accident; awkward silence; celebration; party
en,situation,disgust,identity,single_word,neutral_centroid,gemini,mmlw_roberta_large,10,4,0.25,0.4,-0.29633173843700156,3.5,argument; awkward silence; being betrayed; meeting an old friend
en,situation,disgust,identity,single_word,neutral_centroid,gemini,qwen3_embedding_8b,10,7,0.5384615384615384,0.7,0.19898989898989905,2.5714285714285716,argument; awkward silence; being betrayed; being ignored; failure; public speech; surprise
en,situation,disgust,identity,single_word,neutral_centroid,mmlw_roberta_large,qwen3_embedding_8b,10,5,0.3333333333333333,0.5,0.2309090909090909,2.4,accident; argument; awkward silence; being betrayed; party
en,situation,disgust,random,centroid_phrases,neutral_centroid,bielik_1_5b_v3,gemini,10,4,0.25,0.4,-0.1891547049441786,4.25,accident; argument; awkward silence; missing the train
en,situation,disgust,random,centroid_phrases,neutral_centroid,bielik_1_5b_v3,mmlw_roberta_large,10,4,0.25,0.4,-0.43413078149920253,3.25,accident; argument; family dinner; party
en,situation,disgust,random,centroid_phrases,neutral_centroid,bielik_1_5b_v3,qwen3_embedding_8b,10,4,0.25,0.4,-0.17384370015948963,2.5,accident; argument; awkward silence; party
en,situation,disgust,random,centroid_phrases,neutral_centroid,gemini,mmlw_roberta_large,10,4,0.25,0.4,-0.3473684210526315,4.0,accident; argument; watching a comedy; winning a prize
en,situation,disgust,random,centroid_phrases,neutral_centroid,gemini,qwen3_embedding_8b,10,6,0.42857142857142855,0.6,0.550105708245243,2.0,accident; argument; awkward silence; failure; public speech; surprise
en,situation,disgust,random,centroid_phrases,neutral_centroid,mmlw_roberta_large,qwen3_embedding_8b,10,5,0.3333333333333333,0.5,-0.09636363636363632,3.2,accident; argument; being betrayed; being ignored; party
en,situation,disgust,random,single_word,neutral_centroid,bielik_1_5b_v3,gemini,10,4,0.25,0.4,-0.1891547049441786,4.25,accident; argument; awkward silence; missing the train
en,situation,disgust,random,single_word,neutral_centroid,bielik_1_5b_v3,mmlw_roberta_large,10,4,0.25,0.4,-0.43413078149920253,3.25,accident; argument; family dinner; party
en,situation,disgust,random,single_word,neutral_centroid,bielik_1_5b_v3,qwen3_embedding_8b,10,4,0.25,0.4,-0.17384370015948963,2.5,accident; argument; awkward silence; party
en,situation,disgust,random,single_word,neutral_centroid,gemini,mmlw_roberta_large,10,4,0.25,0.4,-0.3473684210526315,4.0,accident; argument; watching a comedy; winning a prize
en,situation,disgust,random,single_word,neutral_centroid,gemini,qwen3_embedding_8b,10,6,0.42857142857142855,0.6,0.550105708245243,2.0,accident; argument; awkward silence; failure; public speech; surprise
en,situation,disgust,random,single_word,neutral_centroid,mmlw_roberta_large,qwen3_embedding_8b,10,5,0.3333333333333333,0.5,-0.09636363636363632,3.2,accident; argument; being betrayed; being ignored; party
en,situation,disgust,shuffled_emotion,centroid_phrases,neutral_centroid,bielik_1_5b_v3,gemini,10,6,0.42857142857142855,0.6,0.01733615221987321,2.3333333333333335,being betrayed; being ignored; celebration; hearing good news; meeting an old friend; walking alone at night
en,situation,disgust,shuffled_emotion,centroid_phrases,neutral_centroid,bielik_1_5b_v3,mmlw_roberta_large,10,4,0.25,0.4,-0.33205741626794255,3.0,awkward silence; being betrayed; celebration; meeting an old friend
en,situation,disgust,shuffled_emotion,centroid_phrases,neutral_centroid,bielik_1_5b_v3,qwen3_embedding_8b,10,4,0.25,0.4,-0.005422647527910685,2.75,awkward silence; being betrayed; celebration; hearing good news
en,situation,disgust,shuffled_emotion,centroid_phrases,neutral_centroid,gemini,mmlw_roberta_large,10,6,0.42857142857142855,0.6,0.09429175475687104,3.5,being betrayed; celebration; meeting an old friend; party; watching a comedy; winning a prize
en,situation,disgust,shuffled_emotion,centroid_phrases,neutral_centroid,gemini,qwen3_embedding_8b,10,6,0.42857142857142855,0.6,0.3902748414376321,1.8333333333333333,being betrayed; celebration; hearing good news; party; watching a comedy; winning a prize
en,situation,disgust,shuffled_emotion,centroid_phrases,neutral_centroid,mmlw_roberta_large,qwen3_embedding_8b,10,8,0.6666666666666666,0.8,-0.18871473354231974,4.25,awkward silence; being betrayed; celebration; party; seeing an injury; surprise; watching a comedy; winning a prize
en,situation,disgust,shuffled_emotion,single_word,neutral_centroid,bielik_1_5b_v3,gemini,10,2,0.1111111111111111,0.2,-0.1661971830985915,1.0,celebration; party
en,situation,disgust,shuffled_emotion,single_word,neutral_centroid,bielik_1_5b_v3,mmlw_roberta_large,10,4,0.25,0.4,-0.2146730462519936,4.0,accident; celebration; party; surprise
en,situation,disgust,shuffled_emotion,single_word,neutral_centroid,bielik_1_5b_v3,qwen3_embedding_8b,10,5,0.3333333333333333,0.5,0.21454545454545454,3.2,accident; celebration; failure; party; surprise
en,situation,disgust,shuffled_emotion,single_word,neutral_centroid,gemini,mmlw_roberta_large,10,6,0.42857142857142855,0.6,0.38435517970401684,2.8333333333333335,argument; celebration; meeting an old friend; party; watching a comedy; winning a prize
en,situation,disgust,shuffled_emotion,single_word,neutral_centroid,gemini,qwen3_embedding_8b,10,6,0.42857142857142855,0.6,-0.00042283298097250764,1.5,argument; awkward silence; celebration; hearing good news; party; winning a prize
en,situation,disgust,shuffled_emotion,single_word,neutral_centroid,mmlw_roberta_large,qwen3_embedding_8b,10,7,0.5384615384615384,0.7,-0.41818181818181815,4.714285714285714,accident; argument; being betrayed; celebration; party; surprise; winning a prize
en,situation,joy,emotion,centroid_phrases,neutral_centroid,bielik_1_5b_v3,gemini,10,6,0.42857142857142855,0.6,0.01733615221987321,2.3333333333333335,being betrayed; being ignored; celebration; hearing good news; meeting an old friend; walking alone at night
en,situation,joy,emotion,centroid_phrases,neutral_centroid,bielik_1_5b_v3,mmlw_roberta_large,10,4,0.25,0.4,-0.33205741626794255,3.0,awkward silence; being betrayed; celebration; meeting an old friend
en,situation,joy,emotion,centroid_phrases,neutral_centroid,bielik_1_5b_v3,qwen3_embedding_8b,10,4,0.25,0.4,-0.005422647527910685,2.75,awkward silence; being betrayed; celebration; hearing good news
en,situation,joy,emotion,centroid_phrases,neutral_centroid,gemini,mmlw_roberta_large,10,6,0.42857142857142855,0.6,0.09429175475687104,3.5,being betrayed; celebration; meeting an old friend; party; watching a comedy; winning a prize
en,situation,joy,emotion,centroid_phrases,neutral_centroid,gemini,qwen3_embedding_8b,10,6,0.42857142857142855,0.6,0.3902748414376321,1.8333333333333333,being betrayed; celebration; hearing good news; party; watching a comedy; winning a prize
en,situation,joy,emotion,centroid_phrases,neutral_centroid,mmlw_roberta_large,qwen3_embedding_8b,10,8,0.6666666666666666,0.8,-0.18871473354231974,4.25,awkward silence; being betrayed; celebration; party; seeing an injury; surprise; watching a comedy; winning a prize
en,situation,joy,emotion,single_word,neutral_centroid,bielik_1_5b_v3,gemini,10,2,0.1111111111111111,0.2,-0.1661971830985915,1.0,celebration; party
en,situation,joy,emotion,single_word,neutral_centroid,bielik_1_5b_v3,mmlw_roberta_large,10,4,0.25,0.4,-0.2146730462519936,4.0,accident; celebration; party; surprise
en,situation,joy,emotion,single_word,neutral_centroid,bielik_1_5b_v3,qwen3_embedding_8b,10,5,0.3333333333333333,0.5,0.21454545454545454,3.2,accident; celebration; failure; party; surprise
en,situation,joy,emotion,single_word,neutral_centroid,gemini,mmlw_roberta_large,10,6,0.42857142857142855,0.6,0.38435517970401684,2.8333333333333335,argument; celebration; meeting an old friend; party; watching a comedy; winning a prize
en,situation,joy,emotion,single_word,neutral_centroid,gemini,qwen3_embedding_8b,10,6,0.42857142857142855,0.6,-0.00042283298097250764,1.5,argument; awkward silence; celebration; hearing good news; party; winning a prize
en,situation,joy,emotion,single_word,neutral_centroid,mmlw_roberta_large,qwen3_embedding_8b,10,7,0.5384615384615384,0.7,-0.41818181818181815,4.714285714285714,accident; argument; being betrayed; celebration; party; surprise; winning a prize
en,situation,joy,identity,centroid_phrases,neutral_centroid,bielik_1_5b_v3,gemini,10,4,0.25,0.4,-0.29122807017543856,1.0,awkward silence; first date; meeting an old friend; missing the train
en,situation,joy,identity,centroid_phrases,neutral_centroid,bielik_1_5b_v3,mmlw_roberta_large,10,4,0.25,0.4,-0.11259968102073363,3.75,accident; awkward silence; meeting an old friend; party
en,situation,joy,identity,centroid_phrases,neutral_centroid,bielik_1_5b_v3,qwen3_embedding_8b,10,4,0.25,0.4,0.0251993620414673,2.75,accident; awkward silence; celebration; party
en,situation,joy,identity,centroid_phrases,neutral_centroid,gemini,mmlw_roberta_large,10,4,0.25,0.4,-0.29633173843700156,3.5,argument; awkward silence; being betrayed; meeting an old friend
en,situation,joy,identity,centroid_phrases,neutral_centroid,gemini,qwen3_embedding_8b,10,7,0.5384615384615384,0.7,0.19898989898989905,2.5714285714285716,argument; awkward silence; being betrayed; being ignored; failure; public speech; surprise
en,situation,joy,identity,centroid_phrases,neutral_centroid,mmlw_roberta_large,qwen3_embedding_8b,10,5,0.3333333333333333,0.5,0.2309090909090909,2.4,accident; argument; awkward silence; being betrayed; party
en,situation,joy,identity,single_word,neutral_centroid,bielik_1_5b_v3,gemini,10,4,0.25,0.4,-0.29122807017543856,1.0,awkward silence; first date; meeting an old friend; missing the train
en,situation,joy,identity,single_word,neutral_centroid,bielik_1_5b_v3,mmlw_roberta_large,10,4,0.25,0.4,-0.11259968102073363,3.75,accident; awkward silence; meeting an old friend; party
en,situation,joy,identity,single_word,neutral_centroid,bielik_1_5b_v3,qwen3_embedding_8b,10,4,0.25,0.4,0.0251993620414673,2.75,accident; awkward silence; celebration; party
en,situation,joy,identity,single_word,neutral_centroid,gemini,mmlw_roberta_large,10,4,0.25,0.4,-0.29633173843700156,3.5,argument; awkward silence; being betrayed; meeting an old friend
en,situation,joy,identity,single_word,neutral_centroid,gemini,qwen3_embedding_8b,10,7,0.5384615384615384,0.7,0.19898989898989905,2.5714285714285716,argument; awkward silence; being betrayed; being ignored; failure; public speech; surprise
en,situation,joy,identity,single_word,neutral_centroid,mmlw_roberta_large,qwen3_embedding_8b,10,5,0.3333333333333333,0.5,0.2309090909090909,2.4,accident; argument; awkward silence; being betrayed; party
en,situation,joy,random,centroid_phrases,neutral_centroid,bielik_1_5b_v3,gemini,10,4,0.25,0.4,-0.5566188197767145,5.5,awkward silence; celebration; first date; missing the train
en,situation,joy,random,centroid_phrases,neutral_centroid,bielik_1_5b_v3,mmlw_roberta_large,10,3,0.17647058823529413,0.3,-0.048011363636363616,2.6666666666666665,accident; awkward silence; party
en,situation,joy,random,centroid_phrases,neutral_centroid,bielik_1_5b_v3,qwen3_embedding_8b,10,4,0.25,0.4,0.004784688995215311,4.25,accident; awkward silence; celebration; party
en,situation,joy,random,centroid_phrases,neutral_centroid,gemini,mmlw_roberta_large,10,2,0.1111111111111111,0.2,-0.11088348271446863,2.0,argument; awkward silence
en,situation,joy,random,centroid_phrases,neutral_centroid,gemini,qwen3_embedding_8b,10,8,0.6666666666666666,0.8,0.08213166144200623,2.5,argument; awkward silence; being betrayed; being ignored; celebration; failure; public speech; surprise
en,situation,joy,random,centroid_phrases,neutral_centroid,mmlw_roberta_large,qwen3_embedding_8b,10,4,0.25,0.4,0.4488038277511961,1.0,accident; argument; awkward silence; party
en,situation,joy,random,single_word,neutral_centroid,bielik_1_5b_v3,gemini,10,4,0.25,0.4,-0.5566188197767145,5.5,awkward silence; celebration; first date; missing the train
en,situation,joy,random,single_word,neutral_centroid,bielik_1_5b_v3,mmlw_roberta_large,10,3,0.17647058823529413,0.3,-0.048011363636363616,2.6666666666666665,accident; awkward silence; party
en,situation,joy,random,single_word,neutral_centroid,bielik_1_5b_v3,qwen3_embedding_8b,10,4,0.25,0.4,0.004784688995215311,4.25,accident; awkward silence; celebration; party
en,situation,joy,random,single_word,neutral_centroid,gemini,mmlw_roberta_large,10,2,0.1111111111111111,0.2,-0.11088348271446863,2.0,argument; awkward silence
en,situation,joy,random,single_word,neutral_centroid,gemini,qwen3_embedding_8b,10,8,0.6666666666666666,0.8,0.08213166144200623,2.5,argument; awkward silence; being betrayed; being ignored; celebration; failure; public speech; surprise
en,situation,joy,random,single_word,neutral_centroid,mmlw_roberta_large,qwen3_embedding_8b,10,4,0.25,0.4,0.4488038277511961,1.0,accident; argument; awkward silence; party
en,situation,joy,shuffled_emotion,centroid_phrases,neutral_centroid,bielik_1_5b_v3,gemini,10,5,0.3333333333333333,0.5,0.045454545454545414,2.8,awkward silence; being betrayed; being ignored; missing the train; walking alone at night
en,situation,joy,shuffled_emotion,centroid_phrases,neutral_centroid,bielik_1_5b_v3,mmlw_roberta_large,10,5,0.3333333333333333,0.5,-0.10181818181818178,3.6,accident; awkward silence; being betrayed; being ignored; meeting an old friend
en,situation,joy,shuffled_emotion,centroid_phrases,neutral_centroid,bielik_1_5b_v3,qwen3_embedding_8b,10,5,0.3333333333333333,0.5,-0.06363636363636366,1.8,accident; awkward silence; being betrayed; being ignored; missing the train
en,situation,joy,shuffled_emotion,centroid_phrases,neutral_centroid,gemini,mmlw_roberta_large,10,6,0.42857142857142855,0.6,0.34291754756871035,2.3333333333333335,argument; awkward silence; being betrayed; being ignored; seeing an injury; winning a prize
en,situation,joy,shuffled_emotion,centroid_phrases,neutral_centroid,gemini,qwen3_embedding_8b,10,7,0.5384615384615384,0.7,0.19898989898989908,2.7142857142857144,argument; awkward silence; being betrayed; being ignored; failure; missing the train; seeing an injury
en,situation,joy,shuffled_emotion,centroid_phrases,neutral_centroid,mmlw_roberta_large,qwen3_embedding_8b,10,7,0.5384615384615384,0.7,0.40909090909090906,2.142857142857143,accident; argument; awkward silence; being betrayed; being ignored; party; seeing an injury
en,situation,joy,shuffled_emotion,single_word,neutral_centroid,bielik_1_5b_v3,gemini,10,4,0.25,0.4,-0.5413078149920255,4.25,accident; argument; awkward silence; failure
en,situation,joy,shuffled_emotion,single_word,neutral_centroid,bielik_1_5b_v3,mmlw_roberta_large,10,4,0.25,0.4,-0.13301435406698564,3.5,accident; argument; awkward silence; party
en,situation,joy,shuffled_emotion,single_word,neutral_centroid,bielik_1_5b_v3,qwen3_embedding_8b,10,6,0.42857142857142855,0.6,-0.3378435517970401,4.833333333333333,accident; argument; awkward silence; celebration; failure; party
en,situation,joy,shuffled_emotion,single_word,neutral_centroid,gemini,mmlw_roberta_large,10,5,0.3333333333333333,0.5,0.3236363636363636,2.2,accident; argument; awkward silence; being betrayed; being ignored
en,situation,joy,shuffled_emotion,single_word,neutral_centroid,gemini,qwen3_embedding_8b,10,7,0.5384615384615384,0.7,0.37626262626262624,2.857142857142857,accident; argument; awkward silence; being betrayed; being ignored; failure; surprise
en,situation,joy,shuffled_emotion,single_word,neutral_centroid,mmlw_roberta_large,qwen3_embedding_8b,10,7,0.5384615384615384,0.7,0.3237373737373738,2.0,accident; argument; awkward silence; being betrayed; being ignored; party; seeing an injury
en,situation,sadness,emotion,centroid_phrases,neutral_centroid,bielik_1_5b_v3,gemini,10,5,0.3333333333333333,0.5,-0.22727272727272727,4.4,awkward silence; being betrayed; being ignored; missing the train; walking alone at night
en,situation,sadness,emotion,centroid_phrases,neutral_centroid,bielik_1_5b_v3,mmlw_roberta_large,10,4,0.25,0.4,-0.37799043062200954,4.25,awkward silence; being betrayed; meeting an old friend; walking alone at night
en,situation,sadness,emotion,centroid_phrases,neutral_centroid,bielik_1_5b_v3,qwen3_embedding_8b,10,6,0.42857142857142855,0.6,-0.36152219873150104,2.3333333333333335,awkward silence; being betrayed; being ignored; funeral service; missing the train; walking alone at night
en,situation,sadness,emotion,centroid_phrases,neutral_centroid,gemini,mmlw_roberta_large,10,6,0.42857142857142855,0.6,-0.23128964059196616,1.5,accident; argument; awkward silence; being betrayed; seeing an injury; walking alone at night
en,situation,sadness,emotion,centroid_phrases,neutral_centroid,gemini,qwen3_embedding_8b,10,8,0.6666666666666666,0.8,0.5485893416927898,1.625,accident; awkward silence; being betrayed; being ignored; failure; missing the train; seeing an injury; walking alone at night
en,situation,sadness,emotion,centroid_phrases,neutral_centroid,mmlw_roberta_large,qwen3_embedding_8b,10,5,0.3333333333333333,0.5,-0.06363636363636363,1.6,accident; awkward silence; being betrayed; seeing an injury; walking alone at night
en,situation,sadness,emotion,single_word,neutral_centroid,bielik_1_5b_v3,gemini,10,4,0.25,0.4,-0.30143540669856456,3.0,accident; awkward silence; lost wallet; missing the train
en,situation,sadness,emotion,single_word,neutral_centroid,bielik_1_5b_v3,mmlw_roberta_large,10,3,0.17647058823529413,0.3,-0.06732954545454543,1.3333333333333333,accident; awkward silence; party
en,situation,sadness,emotion,single_word,neutral_centroid,bielik_1_5b_v3,qwen3_embedding_8b,10,5,0.3333333333333333,0.5,-0.3254545454545454,3.4,accident; awkward silence; celebration; funeral service; missing the train
en,situation,sadness,emotion,single_word,neutral_centroid,gemini,mmlw_roberta_large,10,7,0.5384615384615384,0.7,0.16616161616161623,3.4285714285714284,accident; argument; awkward silence; being betrayed; being ignored; failure; seeing an injury
en,situation,sadness,emotion,single_word,neutral_centroid,gemini,qwen3_embedding_8b,10,7,0.5384615384615384,0.7,0.5141414141414141,2.142857142857143,accident; awkward silence; being betrayed; being ignored; failure; missing the train; seeing an injury
en,situation,sadness,emotion,single_word,neutral_centroid,mmlw_roberta_large,qwen3_embedding_8b,10,6,0.42857142857142855,0.6,0.43763213530655387,2.6666666666666665,accident; awkward silence; being betrayed; being ignored; failure; seeing an injury
en,situation,sadness,identity,centroid_phrases,neutral_centroid,bielik_1_5b_v3,gemini,10,4,0.25,0.4,-0.29122807017543856,1.0,awkward silence; first date; meeting an old friend; missing the train
en,situation,sadness,identity,centroid_phrases,neutral_centroid,bielik_1_5b_v3,mmlw_roberta_large,10,4,0.25,0.4,-0.11259968102073363,3.75,accident; awkward silence; meeting an old friend; party
en,situation,sadness,identity,centroid_phrases,neutral_centroid,bielik_1_5b_v3,qwen3_embedding_8b,10,4,0.25,0.4,0.0251993620414673,2.75,accident; awkward silence; celebration; party
en,situation,sadness,identity,centroid_phrases,neutral_centroid,gemini,mmlw_roberta_large,10,4,0.25,0.4,-0.29633173843700156,3.5,argument; awkward silence; being betrayed; meeting an old friend
en,situation,sadness,identity,centroid_phrases,neutral_centroid,gemini,qwen3_embedding_8b,10,7,0.5384615384615384,0.7,0.19898989898989905,2.5714285714285716,argument; awkward silence; being betrayed; being ignored; failure; public speech; surprise
en,situation,sadness,identity,centroid_phrases,neutral_centroid,mmlw_roberta_large,qwen3_embedding_8b,10,5,0.3333333333333333,0.5,0.2309090909090909,2.4,accident; argument; awkward silence; being betrayed; party
en,situation,sadness,identity,single_word,neutral_centroid,bielik_1_5b_v3,gemini,10,4,0.25,0.4,-0.29122807017543856,1.0,awkward silence; first date; meeting an old friend; missing the train
en,situation,sadness,identity,single_word,neutral_centroid,bielik_1_5b_v3,mmlw_roberta_large,10,4,0.25,0.4,-0.11259968102073363,3.75,accident; awkward silence; meeting an old friend; party
en,situation,sadness,identity,single_word,neutral_centroid,bielik_1_5b_v3,qwen3_embedding_8b,10,4,0.25,0.4,0.0251993620414673,2.75,accident; awkward silence; celebration; party
en,situation,sadness,identity,single_word,neutral_centroid,gemini,mmlw_roberta_large,10,4,0.25,0.4,-0.29633173843700156,3.5,argument; awkward silence; being betrayed; meeting an old friend
en,situation,sadness,identity,single_word,neutral_centroid,gemini,qwen3_embedding_8b,10,7,0.5384615384615384,0.7,0.19898989898989905,2.5714285714285716,argument; awkward silence; being betrayed; being ignored; failure; public speech; surprise
en,situation,sadness,identity,single_word,neutral_centroid,mmlw_roberta_large,qwen3_embedding_8b,10,5,0.3333333333333333,0.5,0.2309090909090909,2.4,accident; argument; awkward silence; being betrayed; party
en,situation,sadness,random,centroid_phrases,neutral_centroid,bielik_1_5b_v3,gemini,10,4,0.25,0.4,-0.05135566188197766,2.25,awkward silence; first date; missing the train; party
en,situation,sadness,random,centroid_phrases,neutral_centroid,bielik_1_5b_v3,mmlw_roberta_large,10,4,0.25,0.4,-0.30653907496012756,3.75,accident; awkward silence; party; walking alone at night
en,situation,sadness,random,centroid_phrases,neutral_centroid,bielik_1_5b_v3,qwen3_embedding_8b,10,4,0.25,0.4,-0.12280701754385964,3.0,accident; awkward silence; celebration; party
en,situation,sadness,random,centroid_phrases,neutral_centroid,gemini,mmlw_roberta_large,10,5,0.3333333333333333,0.5,0.3018181818181817,1.8,argument; awkward silence; being ignored; party; public speech
en,situation,sadness,random,centroid_phrases,neutral_centroid,gemini,qwen3_embedding_8b,10,7,0.5384615384615384,0.7,0.2646464646464647,3.0,argument; awkward silence; being ignored; failure; party; public speech; surprise
en,situation,sadness,random,centroid_phrases,neutral_centroid,mmlw_roberta_large,qwen3_embedding_8b,10,7,0.5384615384615384,0.7,0.21212121212121207,1.7142857142857142,accident; argument; awkward silence; being betrayed; being ignored; party; public speech
en,situation,sadness,random,single_word,neutral_centroid,bielik_1_5b_v3,gemini,10,4,0.25,0.4,-0.05135566188197766,2.25,awkward silence; first date; missing the train; party
en,situation,sadness,random,single_word,neutral_centroid,bielik_1_5b_v3,mmlw_roberta_large,10,4,0.25,0.4,-0.30653907496012756,3.75,accident; awkward silence; party; walking alone at night
en,situation,sadness,random,single_word,neutral_centroid,bielik_1_5b_v3,qwen3_embedding_8b,10,4,0.25,0.4,-0.12280701754385964,3.0,accident; awkward silence; celebration; party
en,situation,sadness,random,single_word,neutral_centroid,gemini,mmlw_roberta_large,10,5,0.3333333333333333,0.5,0.3018181818181817,1.8,argument; awkward silence; being ignored; party; public speech
en,situation,sadness,random,single_word,neutral_centroid,gemini,qwen3_embedding_8b,10,7,0.5384615384615384,0.7,0.2646464646464647,3.0,argument; awkward silence; being ignored; failure; party; public speech; surprise
en,situation,sadness,random,single_word,neutral_centroid,mmlw_roberta_large,qwen3_embedding_8b,10,7,0.5384615384615384,0.7,0.21212121212121207,1.7142857142857142,accident; argument; awkward silence; being betrayed; being ignored; party; public speech
en,situation,sadness,shuffled_emotion,centroid_phrases,neutral_centroid,bielik_1_5b_v3,gemini,10,5,0.3333333333333333,0.5,0.20363636363636362,1.8,awkward silence; being betrayed; being ignored; missing the train; walking alone at night
en,situation,sadness,shuffled_emotion,centroid_phrases,neutral_centroid,bielik_1_5b_v3,mmlw_roberta_large,10,5,0.3333333333333333,0.5,-0.15090909090909085,3.6,accident; awkward silence; being betrayed; being ignored; meeting an old friend
en,situation,sadness,shuffled_emotion,centroid_phrases,neutral_centroid,bielik_1_5b_v3,qwen3_embedding_8b,10,5,0.3333333333333333,0.5,-0.16727272727272724,1.8,accident; awkward silence; being betrayed; being ignored; missing the train
en,situation,sadness,shuffled_emotion,centroid_phrases,neutral_centroid,gemini,mmlw_roberta_large,10,5,0.3333333333333333,0.5,0.09454545454545456,2.8,argument; awkward silence; being betrayed; being ignored; seeing an injury
en,situation,sadness,shuffled_emotion,centroid_phrases,neutral_centroid,gemini,qwen3_embedding_8b,10,7,0.5384615384615384,0.7,0.2121212121212121,3.4285714285714284,awkward silence; being betrayed; being ignored; cleaning a dirty room; failure; missing the train; seeing an injury
en,situation,sadness,shuffled_emotion,centroid_phrases,neutral_centroid,mmlw_roberta_large,qwen3_embedding_8b,10,5,0.3333333333333333,0.5,0.2690909090909091,1.8,accident; awkward silence; being betrayed; being ignored; seeing an injury
en,situation,sadness,shuffled_emotion,single_word,neutral_centroid,bielik_1_5b_v3,gemini,10,5,0.3333333333333333,0.5,-0.24363636363636346,4.4,accident; awkward silence; failure; missing the train; surprise
en,situation,sadness,shuffled_emotion,single_word,neutral_centroid,bielik_1_5b_v3,mmlw_roberta_large,10,3,0.17647058823529413,0.3,-0.33295454545454545,5.0,accident; awkward silence; failure
en,situation,sadness,shuffled_emotion,single_word,neutral_centroid,bielik_1_5b_v3,qwen3_embedding_8b,10,4,0.25,0.4,0.20893141945773522,2.75,accident; awkward silence; failure; surprise
en,situation,sadness,shuffled_emotion,single_word,neutral_centroid,gemini,mmlw_roberta_large,10,6,0.42857142857142855,0.6,0.18308668076109938,2.0,accident; argument; awkward silence; being betrayed; being ignored; failure
en,situation,sadness,shuffled_emotion,single_word,neutral_centroid,gemini,qwen3_embedding_8b,10,7,0.5384615384615384,0.7,0.27777777777777785,3.142857142857143,accident; argument; awkward silence; being betrayed; being ignored; failure; surprise
en,situation,sadness,shuffled_emotion,single_word,neutral_centroid,mmlw_roberta_large,qwen3_embedding_8b,10,7,0.5384615384615384,0.7,0.18585858585858586,2.7142857142857144,accident; argument; awkward silence; being betrayed; being ignored; failure; seeing an injury
pl,food,anger,emotion,centroid_phrases,neutral_centroid,bielik_1_5b_v3,gemini,10,7,0.5384615384615384,0.7,0.6388888888888888,2.2857142857142856,posiłek w restauracji; spalony obiad; surowe mięso; szpitalne jedzenie; ulubione jedzenie; zepsute jedzenie; świeże owoce
pl,food,anger,emotion,centroid_phrases,neutral_centroid,bielik_1_5b_v3,mmlw_roberta_large,10,5,0.3333333333333333,0.5,0.410909090909091,1.8,gorzkie lekarstwo; posiłek w restauracji; surowe mięso; ulubione jedzenie; zepsute jedzenie
pl,food,anger,emotion,centroid_phrases,neutral_centroid,bielik_1_5b_v3,qwen3_embedding_8b,10,7,0.5384615384615384,0.7,0.6454545454545453,2.2857142857142856,posiłek w restauracji; spalony obiad; surowe mięso; szpitalne jedzenie; ulubione jedzenie; zepsute jedzenie; świeże owoce
pl,food,anger,emotion,centroid_phrases,neutral_centroid,gemini,mmlw_roberta_large,10,4,0.25,0.4,0.21403508771929824,3.5,posiłek w restauracji; surowe mięso; ulubione jedzenie; zepsute jedzenie
pl,food,anger,emotion,centroid_phrases,neutral_centroid,gemini,qwen3_embedding_8b,10,8,0.6666666666666666,0.8,0.729153605015674,1.875,posiłek w restauracji; spalony obiad; surowe mięso; szpitalne jedzenie; uliczna przekąska; ulubione jedzenie; zepsute jedzenie; świeże owoce
pl,food,anger,emotion,centroid_phrases,neutral_centroid,mmlw_roberta_large,qwen3_embedding_8b,10,4,0.25,0.4,0.33652312599681017,2.75,posiłek w restauracji; surowe mięso; ulubione jedzenie; zepsute jedzenie
pl,food,anger,emotion,single_word,neutral_centroid,bielik_1_5b_v3,gemini,10,5,0.3333333333333333,0.5,-0.25454545454545463,4.6,posiłek w restauracji; spalony obiad; ulubione jedzenie; zepsute jedzenie; śmieci
pl,food,anger,emotion,single_word,neutral_centroid,bielik_1_5b_v3,mmlw_roberta_large,10,5,0.3333333333333333,0.5,-0.5327272727272727,5.0,kawa; posiłek w restauracji; spalony obiad; surowe mięso; zepsute jedzenie
pl,food,anger,emotion,single_word,neutral_centroid,bielik_1_5b_v3,qwen3_embedding_8b,10,5,0.3333333333333333,0.5,-0.30363636363636365,5.0,chleb; posiłek w restauracji; surowe mięso; ulubione jedzenie; zepsute jedzenie
pl,food,anger,emotion,single_word,neutral_centroid,gemini,mmlw_roberta_large,10,3,0.17647058823529413,0.3,0.06789772727272729,0.3333333333333333,posiłek w restauracji; spalony obiad; zepsute jedzenie
pl,food,anger,emotion,single_word,neutral_centroid,gemini,qwen3_embedding_8b,10,7,0.5384615384615384,0.7,0.35,2.2857142857142856,pleśń; posiłek w restauracji; szpitalne jedzenie; uliczna przekąska; ulubione jedzenie; zepsute jedzenie; świeże owoce
pl,food,anger,emotion,single_word,neutral_centroid,mmlw_roberta_large,qwen3_embedding_8b,10,3,0.17647058823529413,0.3,-0.03835227272727273,3.0,posiłek w restauracji; surowe mięso; zepsute jedzenie
pl,food,anger,identity,centroid_phrases,neutral_centroid,bielik_1_5b_v3,gemini,10,5,0.3333333333333333,0.5,0.14909090909090916,2.4,posiłek w restauracji; szpitalne jedzenie; ulubione jedzenie; zepsute jedzenie; świeże owoce
pl,food,anger,identity,centroid_phrases,neutral_centroid,bielik_1_5b_v3,mmlw_roberta_large,10,5,0.3333333333333333,0.5,0.12181818181818184,2.4,kawa; posiłek w restauracji; surowe mięso; ulubione jedzenie; zepsute jedzenie
pl,food,anger,identity,centroid_phrases,neutral_centroid,bielik_1_5b_v3,qwen3_embedding_8b,10,6,0.42857142857142855,0.6,-0.07145877378435517,4.166666666666667,posiłek w restauracji; surowe mięso; szpitalne jedzenie; ulubione jedzenie; zepsute jedzenie; świeże owoce
pl,food,anger,identity,centroid_phrases,neutral_centroid,gemini,mmlw_roberta_large,10,4,0.25,0.4,-0.08197767145135566,4.5,ciasto; posiłek w restauracji; ulubione jedzenie; zepsute jedzenie
pl,food,anger,identity,centroid_phrases,neutral_centroid,gemini,qwen3_embedding_8b,10,8,0.6666666666666666,0.8,0.6163009404388714,1.125,ciepły chleb; posiłek w restauracji; spalony obiad; szpitalne jedzenie; uliczna przekąska; ulubione jedzenie; zepsute jedzenie; świeże owoce
pl,food,anger,identity,centroid_phrases,neutral_centroid,mmlw_roberta_large,qwen3_embedding_8b,10,5,0.3333333333333333,0.5,-0.12363636363636364,4.4,czerstwy chleb; posiłek w restauracji; surowe mięso; ulubione jedzenie; zepsute jedzenie
pl,food,anger,identity,single_word,neutral_centroid,bielik_1_5b_v3,gemini,10,5,0.3333333333333333,0.5,0.14909090909090916,2.4,posiłek w restauracji; szpitalne jedzenie; ulubione jedzenie; zepsute jedzenie; świeże owoce
pl,food,anger,identity,single_word,neutral_centroid,bielik_1_5b_v3,mmlw_roberta_large,10,5,0.3333333333333333,0.5,0.12181818181818184,2.4,kawa; posiłek w restauracji; surowe mięso; ulubione jedzenie; zepsute jedzenie
pl,food,anger,identity,single_word,neutral_centroid,bielik_1_5b_v3,qwen3_embedding_8b,10,6,0.42857142857142855,0.6,-0.07145877378435517,4.166666666666667,posiłek w restauracji; surowe mięso; szpitalne jedzenie; ulubione jedzenie; zepsute jedzenie; świeże owoce
pl,food,anger,identity,single_word,neutral_centroid,gemini,mmlw_roberta_large,10,4,0.25,0.4,-0.08197767145135566,4.5,ciasto; posiłek w restauracji; ulubione jedzenie; zepsute jedzenie
pl,food,anger,identity,single_word,neutral_centroid,gemini,qwen3_embedding_8b,10,8,0.6666666666666666,0.8,0.6163009404388714,1.125,ciepły chleb; posiłek w restauracji; spalony obiad; szpitalne jedzenie; uliczna przekąska; ulubione jedzenie; zepsute jedzenie; świeże owoce
pl,food,anger,identity,single_word,neutral_centroid,mmlw_roberta_large,qwen3_embedding_8b,10,5,0.3333333333333333,0.5,-0.12363636363636364,4.4,czerstwy chleb; posiłek w restauracji; surowe mięso; ulubione jedzenie; zepsute jedzenie
pl,food,anger,random,centroid_phrases,neutral_centroid,bielik_1_5b_v3,gemini,10,3,0.17647058823529413,0.3,0.23693181818181816,0.6666666666666666,posiłek w restauracji; szpitalne jedzenie; ulubione jedzenie
pl,food,anger,random,centroid_phrases,neutral_centroid,bielik_1_5b_v3,mmlw_roberta_large,10,4,0.25,0.4,-0.11259968102073363,4.75,posiłek w restauracji; surowe mięso; szpitalne jedzenie; ulubione jedzenie
pl,food,anger,random,centroid_phrases,neutral_centroid,bielik_1_5b_v3,qwen3_embedding_8b,10,6,0.42857142857142855,0.6,0.04693446088794922,2.8333333333333335,ciepły chleb; posiłek w restauracji; surowe mięso; szpitalne jedzenie; ulubione jedzenie; świeże owoce
pl,food,anger,random,centroid_phrases,neutral_centroid,gemini,mmlw_roberta_large,10,6,0.42857142857142855,0.6,-0.10697674418604648,4.333333333333333,posiłek w restauracji; szpitalne jedzenie; słodki deser; tłuste resztki; ulubione jedzenie; zepsute jedzenie
pl,food,anger,random,centroid_phrases,neutral_centroid,gemini,qwen3_embedding_8b,10,6,0.42857142857142855,0.6,0.5382663847780125,1.5,posiłek w restauracji; spalony obiad; szpitalne jedzenie; uliczna przekąska; ulubione jedzenie; zepsute jedzenie
pl,food,anger,random,centroid_phrases,neutral_centroid,mmlw_roberta_large,qwen3_embedding_8b,10,6,0.42857142857142855,0.6,-0.14841437632135307,4.333333333333333,czerstwy chleb; posiłek w restauracji; surowe mięso; szpitalne jedzenie; ulubione jedzenie; zepsute jedzenie
pl,food,anger,random,single_word,neutral_centroid,bielik_1_5b_v3,gemini,10,3,0.17647058823529413,0.3,0.23693181818181816,0.6666666666666666,posiłek w restauracji; szpitalne jedzenie; ulubione jedzenie
pl,food,anger,random,single_word,neutral_centroid,bielik_1_5b_v3,mmlw_roberta_large,10,4,0.25,0.4,-0.11259968102073363,4.75,posiłek w restauracji; surowe mięso; szpitalne jedzenie; ulubione jedzenie
pl,food,anger,random,single_word,neutral_centroid,bielik_1_5b_v3,qwen3_embedding_8b,10,6,0.42857142857142855,0.6,0.04693446088794922,2.8333333333333335,ciepły chleb; posiłek w restauracji; surowe mięso; szpitalne jedzenie; ulubione jedzenie; świeże owoce
pl,food,anger,random,single_word,neutral_centroid,gemini,mmlw_roberta_large,10,6,0.42857142857142855,0.6,-0.10697674418604648,4.333333333333333,posiłek w restauracji; szpitalne jedzenie; słodki deser; tłuste resztki; ulubione jedzenie; zepsute jedzenie
pl,food,anger,random,single_word,neutral_centroid,gemini,qwen3_embedding_8b,10,6,0.42857142857142855,0.6,0.5382663847780125,1.5,posiłek w restauracji; spalony obiad; szpitalne jedzenie; uliczna przekąska; ulubione jedzenie; zepsute jedzenie
pl,food,anger,random,single_word,neutral_centroid,mmlw_roberta_large,qwen3_embedding_8b,10,6,0.42857142857142855,0.6,-0.14841437632135307,4.333333333333333,czerstwy chleb; posiłek w restauracji; surowe mięso; szpitalne jedzenie; ulubione jedzenie; zepsute jedzenie
pl,food,anger,shuffled_emotion,centroid_phrases,neutral_centroid,bielik_1_5b_v3,gemini,10,6,0.42857142857142855,0.6,0.632980972515856,1.6666666666666667,posiłek w restauracji; spalony obiad; szpitalne jedzenie; ulubione jedzenie; zepsute jedzenie; świeże owoce
pl,food,anger,shuffled_emotion,centroid_phrases,neutral_centroid,bielik_1_5b_v3,mmlw_roberta_large,10,6,0.42857142857142855,0.6,0.48498942917547555,2.0,gorzkie lekarstwo; posiłek w restauracji; spalony obiad; surowe mięso; ulubione jedzenie; zepsute jedzenie
pl,food,anger,shuffled_emotion,centroid_phrases,neutral_centroid,bielik_1_5b_v3,qwen3_embedding_8b,10,7,0.5384615384615384,0.7,0.6717171717171718,1.7142857142857142,posiłek w restauracji; spalony obiad; surowe mięso; szpitalne jedzenie; ulubione jedzenie; zepsute jedzenie; świeże owoce
pl,food,anger,shuffled_emotion,centroid_phrases,neutral_centroid,gemini,mmlw_roberta_large,10,4,0.25,0.4,0.2344497607655502,2.5,posiłek w restauracji; spalony obiad; ulubione jedzenie; zepsute jedzenie
pl,food,anger,shuffled_emotion,centroid_phrases,neutral_centroid,gemini,qwen3_embedding_8b,10,7,0.5384615384615384,0.7,0.5994949494949495,1.2857142857142858,posiłek w restauracji; spalony obiad; szpitalne jedzenie; uliczna przekąska; ulubione jedzenie; zepsute jedzenie; świeże owoce
pl,food,anger,shuffled_emotion,centroid_phrases,neutral_centroid,mmlw_roberta_large,qwen3_embedding_8b,10,5,0.3333333333333333,0.5,0.37818181818181823,1.8,posiłek w restauracji; spalony obiad; surowe mięso; ulubione jedzenie; zepsute jedzenie
pl,food,anger,shuffled_emotion,single_word,neutral_centroid,bielik_1_5b_v3,gemini,10,6,0.42857142857142855,0.6,0.05285412262156446,4.5,chleb; posiłek w restauracji; szpitalne jedzenie; ulubione jedzenie; zepsute jedzenie; śmieci
pl,food,anger,shuffled_emotion,single_word,neutral_centroid,bielik_1_5b_v3,mmlw_roberta_large,10,4,0.25,0.4,-0.13811802232854864,4.0,posiłek w restauracji; surowe mięso; ulubione jedzenie; zepsute jedzenie
pl,food,anger,shuffled_emotion,single_word,neutral_centroid,bielik_1_5b_v3,qwen3_embedding_8b,10,6,0.42857142857142855,0.6,-0.09513742071881602,4.0,posiłek w restauracji; surowe mięso; szpitalne jedzenie; ulubione jedzenie; zepsute jedzenie; świeże owoce
pl,food,anger,shuffled_emotion,single_word,neutral_centroid,gemini,mmlw_roberta_large,10,5,0.3333333333333333,0.5,0.04545454545454549,2.8,posiłek w restauracji; spalony obiad; tłuste resztki; ulubione jedzenie; zepsute jedzenie
pl,food,anger,shuffled_emotion,single_word,neutral_centroid,gemini,qwen3_embedding_8b,10,6,0.42857142857142855,0.6,0.6507399577167019,0.8333333333333334,posiłek w restauracji; spalony obiad; szpitalne jedzenie; uliczna przekąska; ulubione jedzenie; zepsute jedzenie
pl,food,anger,shuffled_emotion,single_word,neutral_centroid,mmlw_roberta_large,qwen3_embedding_8b,10,5,0.3333333333333333,0.5,0.06181818181818183,2.8,posiłek w restauracji; spalony obiad; surowe mięso; ulubione jedzenie; zepsute jedzenie
pl,food,disgust,emotion,centroid_phrases,neutral_centroid,bielik_1_5b_v3,gemini,10,7,0.5384615384615384,0.7,0.5207070707070707,0.8571428571428571,posiłek w restauracji; spalony obiad; szpitalne jedzenie; tłuste resztki; ulubione jedzenie; zepsute jedzenie; świeże owoce
pl,food,disgust,emotion,centroid_phrases,neutral_centroid,bielik_1_5b_v3,mmlw_roberta_large,10,7,0.5384615384615384,0.7,0.46818181818181803,2.5714285714285716,gorzkie lekarstwo; posiłek w restauracji; spalony obiad; surowe mięso; tłuste resztki; ulubione jedzenie; zepsute jedzenie
pl,food,disgust,emotion,centroid_phrases,neutral_centroid,bielik_1_5b_v3,qwen3_embedding_8b,10,8,0.6666666666666666,0.8,0.4733542319749214,2.25,posiłek w restauracji; spalony obiad; surowe mięso; szpitalne jedzenie; tłuste resztki; ulubione jedzenie; zepsute jedzenie; świeże owoce
pl,food,disgust,emotion,centroid_phrases,neutral_centroid,gemini,mmlw_roberta_large,10,5,0.3333333333333333,0.5,0.21454545454545454,2.4,posiłek w restauracji; spalony obiad; tłuste resztki; ulubione jedzenie; zepsute jedzenie
pl,food,disgust,emotion,centroid_phrases,neutral_centroid,gemini,qwen3_embedding_8b,10,8,0.6666666666666666,0.8,0.5410658307210032,1.75,posiłek w restauracji; spalony obiad; szpitalne jedzenie; tłuste resztki; uliczna przekąska; ulubione jedzenie; zepsute jedzenie; świeże owoce
pl,food,disgust,emotion,centroid_phrases,neutral_centroid,mmlw_roberta_large,qwen3_embedding_8b,10,6,0.42857142857142855,0.6,0.4435517970401691,2.5,posiłek w restauracji; spalony obiad; surowe mięso; tłuste resztki; ulubione jedzenie; zepsute jedzenie
pl,food,disgust,emotion,single_word,neutral_centroid,bielik_1_5b_v3,gemini,10,6,0.42857142857142855,0.6,0.5501057082452431,2.3333333333333335,posiłek w restauracji; spalony obiad; szpitalne jedzenie; ulubione jedzenie; zepsute jedzenie; śmieci
pl,food,disgust,emotion,single_word,neutral_centroid,bielik_1_5b_v3,mmlw_roberta_large,10,5,0.3333333333333333,0.5,0.18181818181818185,2.4,posiłek w restauracji; spalony obiad; szpitalne jedzenie; ulubione jedzenie; zepsute jedzenie
pl,food,disgust,emotion,single_word,neutral_centroid,bielik_1_5b_v3,qwen3_embedding_8b,10,5,0.3333333333333333,0.5,0.11636363636363638,2.6,posiłek w restauracji; spalony obiad; szpitalne jedzenie; ulubione jedzenie; zepsute jedzenie
pl,food,disgust,emotion,single_word,neutral_centroid,gemini,mmlw_roberta_large,10,6,0.42857142857142855,0.6,0.413953488372093,2.1666666666666665,posiłek w restauracji; spalony obiad; szpitalne jedzenie; tłuste resztki; ulubione jedzenie; zepsute jedzenie
pl,food,disgust,emotion,single_word,neutral_centroid,gemini,qwen3_embedding_8b,10,7,0.5384615384615384,0.7,0.46818181818181803,1.5714285714285714,posiłek w restauracji; spalony obiad; szpitalne jedzenie; tłuste resztki; uliczna przekąska; ulubione jedzenie; zepsute jedzenie
pl,food,disgust,emotion,single_word,neutral_centroid,mmlw_roberta_large,qwen3_embedding_8b,10,7,0.5384615384615384,0.7,0.455050505050505,2.142857142857143,posiłek w restauracji; spalony obiad; surowe mięso; szpitalne jedzenie; tłuste resztki; ulubione jedzenie; zepsute jedzenie
pl,food,disgust,identity,centroid_phrases,neutral_centroid,bielik_1_5b_v3,gemini,10,5,0.3333333333333333,0.5,0.14909090909090916,2.4,posiłek w restauracji; szpitalne jedzenie; ulubione jedzenie; zepsute jedzenie; świeże owoce
pl,food,disgust,identity,centroid_phrases,neutral_centroid,bielik_1_5b_v3,mmlw_roberta_large,10,5,0.3333333333333333,0.5,0.12181818181818184,2.4,kawa; posiłek w restauracji; surowe mięso; ulubione jedzenie; zepsute jedzenie
pl,food,disgust,identity,centroid_phrases,neutral_centroid,bielik_1_5b_v3,qwen3_embedding_8b,10,6,0.42857142857142855,0.6,-0.07145877378435517,4.166666666666667,posiłek w restauracji; surowe mięso; szpitalne jedzenie; ulubione jedzenie; zepsute jedzenie; świeże owoce
pl,food,disgust,identity,centroid_phrases,neutral_centroid,gemini,mmlw_roberta_large,10,4,0.25,0.4,-0.08197767145135566,4.5,ciasto; posiłek w restauracji; ulubione jedzenie; zepsute jedzenie
pl,food,disgust,identity,centroid_phrases,neutral_centroid,gemini,qwen3_embedding_8b,10,8,0.6666666666666666,0.8,0.6163009404388714,1.125,ciepły chleb; posiłek w restauracji; spalony obiad; szpitalne jedzenie; uliczna przekąska; ulubione jedzenie; zepsute jedzenie; świeże owoce
pl,food,disgust,identity,centroid_phrases,neutral_centroid,mmlw_roberta_large,qwen3_embedding_8b,10,5,0.3333333333333333,0.5,-0.12363636363636364,4.4,czerstwy chleb; posiłek w restauracji; surowe mięso; ulubione jedzenie; zepsute jedzenie
pl,food,disgust,identity,single_word,neutral_centroid,bielik_1_5b_v3,gemini,10,5,0.3333333333333333,0.5,0.14909090909090916,2.4,posiłek w restauracji; szpitalne jedzenie; ulubione jedzenie; zepsute jedzenie; świeże owoce
pl,food,disgust,identity,single_word,neutral_centroid,bielik_1_5b_v3,mmlw_roberta_large,10,5,0.3333333333333333,0.5,0.12181818181818184,2.4,kawa; posiłek w restauracji; surowe mięso; ulubione jedzenie; zepsute jedzenie
pl,food,disgust,identity,single_word,neutral_centroid,bielik_1_5b_v3,qwen3_embedding_8b,10,6,0.42857142857142855,0.6,-0.07145877378435517,4.166666666666667,posiłek w restauracji; surowe mięso; szpitalne jedzenie; ulubione jedzenie; zepsute jedzenie; świeże owoce
pl,food,disgust,identity,single_word,neutral_centroid,gemini,mmlw_roberta_large,10,4,0.25,0.4,-0.08197767145135566,4.5,ciasto; posiłek w restauracji; ulubione jedzenie; zepsute jedzenie
pl,food,disgust,identity,single_word,neutral_centroid,gemini,qwen3_embedding_8b,10,8,0.6666666666666666,0.8,0.6163009404388714,1.125,ciepły chleb; posiłek w restauracji; spalony obiad; szpitalne jedzenie; uliczna przekąska; ulubione jedzenie; zepsute jedzenie; świeże owoce
pl,food,disgust,identity,single_word,neutral_centroid,mmlw_roberta_large,qwen3_embedding_8b,10,5,0.3333333333333333,0.5,-0.12363636363636364,4.4,czerstwy chleb; posiłek w restauracji; surowe mięso; ulubione jedzenie; zepsute jedzenie
pl,food,disgust,random,centroid_phrases,neutral_centroid,bielik_1_5b_v3,gemini,10,5,0.3333333333333333,0.5,-0.030909090909090914,2.2,posiłek w restauracji; spalony obiad; ulubione jedzenie; zepsute jedzenie; świeże owoce
pl,food,disgust,random,centroid_phrases,neutral_centroid,bielik_1_5b_v3,mmlw_roberta_large,10,4,0.25,0.4,0.2344497607655502,0.5,kawa; posiłek w restauracji; surowe mięso; ulubione jedzenie
pl,food,disgust,random,centroid_phrases,neutral_centroid,bielik_1_5b_v3,qwen3_embedding_8b,10,6,0.42857142857142855,0.6,-0.03594080338266384,3.3333333333333335,posiłek w restauracji; spalony obiad; surowe mięso; ulubione jedzenie; zepsute jedzenie; świeże owoce
pl,food,disgust,random,centroid_phrases,neutral_centroid,gemini,mmlw_roberta_large,10,6,0.42857142857142855,0.6,0.07061310782241015,2.0,ciasto; posiłek w restauracji; słodki deser; tłuste resztki; uliczna przekąska; ulubione jedzenie
pl,food,disgust,random,centroid_phrases,neutral_centroid,gemini,qwen3_embedding_8b,10,7,0.5384615384615384,0.7,0.6388888888888887,1.2857142857142858,posiłek w restauracji; spalony obiad; szpitalne jedzenie; uliczna przekąska; ulubione jedzenie; zepsute jedzenie; świeże owoce
pl,food,disgust,random,centroid_phrases,neutral_centroid,mmlw_roberta_large,qwen3_embedding_8b,10,5,0.3333333333333333,0.5,-0.07454545454545453,3.6,czerstwy chleb; posiłek w restauracji; surowe mięso; uliczna przekąska; ulubione jedzenie
pl,food,disgust,random,single_word,neutral_centroid,bielik_1_5b_v3,gemini,10,5,0.3333333333333333,0.5,-0.030909090909090914,2.2,posiłek w restauracji; spalony obiad; ulubione jedzenie; zepsute jedzenie; świeże owoce
pl,food,disgust,random,single_word,neutral_centroid,bielik_1_5b_v3,mmlw_roberta_large,10,4,0.25,0.4,0.2344497607655502,0.5,kawa; posiłek w restauracji; surowe mięso; ulubione jedzenie
pl,food,disgust,random,single_word,neutral_centroid,bielik_1_5b_v3,qwen3_embedding_8b,10,6,0.42857142857142855,0.6,-0.03594080338266384,3.3333333333333335,posiłek w restauracji; spalony obiad; surowe mięso; ulubione jedzenie; zepsute jedzenie; świeże owoce
pl,food,disgust,random,single_word,neutral_centroid,gemini,mmlw_roberta_large,10,6,0.42857142857142855,0.6,0.07061310782241015,2.0,ciasto; posiłek w restauracji; słodki deser; tłuste resztki; uliczna przekąska; ulubione jedzenie
pl,food,disgust,random,single_word,neutral_centroid,gemini,qwen3_embedding_8b,10,7,0.5384615384615384,0.7,0.6388888888888887,1.2857142857142858,posiłek w restauracji; spalony obiad; szpitalne jedzenie; uliczna przekąska; ulubione jedzenie; zepsute jedzenie; świeże owoce
pl,food,disgust,random,single_word,neutral_centroid,mmlw_roberta_large,qwen3_embedding_8b,10,5,0.3333333333333333,0.5,-0.07454545454545453,3.6,czerstwy chleb; posiłek w restauracji; surowe mięso; uliczna przekąska; ulubione jedzenie
pl,food,disgust,shuffled_emotion,centroid_phrases,neutral_centroid,bielik_1_5b_v3,gemini,10,5,0.3333333333333333,0.5,0.6563636363636364,0.6,posiłek w restauracji; szpitalne jedzenie; ulubione jedzenie; zepsute jedzenie; świeże owoce
pl,food,disgust,shuffled_emotion,centroid_phrases,neutral_centroid,bielik_1_5b_v3,mmlw_roberta_large,10,4,0.25,0.4,0.20382775119617225,2.75,posiłek w restauracji; surowe mięso; ulubione jedzenie; zepsute jedzenie
pl,food,disgust,shuffled_emotion,centroid_phrases,neutral_centroid,bielik_1_5b_v3,qwen3_embedding_8b,10,7,0.5384615384615384,0.7,0.7242424242424244,1.5714285714285714,posiłek w restauracji; spalony obiad; surowe mięso; szpitalne jedzenie; ulubione jedzenie; zepsute jedzenie; świeże owoce
pl,food,disgust,shuffled_emotion,centroid_phrases,neutral_centroid,gemini,mmlw_roberta_large,10,5,0.3333333333333333,0.5,0.07272727272727271,3.0,ciasto; posiłek w restauracji; słodki deser; ulubione jedzenie; zepsute jedzenie
pl,food,disgust,shuffled_emotion,centroid_phrases,neutral_centroid,gemini,qwen3_embedding_8b,10,7,0.5384615384615384,0.7,0.6585858585858586,1.1428571428571428,ciasto; posiłek w restauracji; szpitalne jedzenie; uliczna przekąska; ulubione jedzenie; zepsute jedzenie; świeże owoce
pl,food,disgust,shuffled_emotion,centroid_phrases,neutral_centroid,mmlw_roberta_large,qwen3_embedding_8b,10,5,0.3333333333333333,0.5,0.08363636363636366,3.8,ciasto; posiłek w restauracji; surowe mięso; ulubione jedzenie; zepsute jedzenie
pl,food,disgust,shuffled_emotion,single_word,neutral_centroid,bielik_1_5b_v3,gemini,10,5,0.3333333333333333,0.5,0.09454545454545456,2.6,posiłek w restauracji; szpitalne jedzenie; ulubione jedzenie; zepsute jedzenie; świeże owoce
pl,food,disgust,shuffled_emotion,single_word,neutral_centroid,bielik_1_5b_v3,mmlw_roberta_large,10,4,0.25,0.4,0.13237639553429026,2.25,kawa; posiłek w restauracji; surowe mięso; ulubione jedzenie
pl,food,disgust,shuffled_emotion,single_word,neutral_centroid,bielik_1_5b_v3,qwen3_embedding_8b,10,6,0.42857142857142855,0.6,-0.03002114164904861,3.1666666666666665,posiłek w restauracji; surowe mięso; szpitalne jedzenie; ulubione jedzenie; zepsute jedzenie; świeże owoce
pl,food,disgust,shuffled_emotion,single_word,neutral_centroid,gemini,mmlw_roberta_large,10,4,0.25,0.4,0.2650717703349282,1.75,ciasto; posiłek w restauracji; słodki deser; ulubione jedzenie
pl,food,disgust,shuffled_emotion,single_word,neutral_centroid,gemini,qwen3_embedding_8b,10,7,0.5384615384615384,0.7,0.6848484848484849,0.8571428571428571,posiłek w restauracji; szpitalne jedzenie; słodki deser; uliczna przekąska; ulubione jedzenie; zepsute jedzenie; świeże owoce
pl,food,disgust,shuffled_emotion,single_word,neutral_centroid,mmlw_roberta_large,qwen3_embedding_8b,10,4,0.25,0.4,0.06602870813397128,2.0,posiłek w restauracji; surowe mięso; słodki deser; ulubione jedzenie
pl,food,joy,emotion,centroid_phrases,neutral_centroid,bielik_1_5b_v3,gemini,10,5,0.3333333333333333,0.5,0.6563636363636364,0.6,posiłek w restauracji; szpitalne jedzenie; ulubione jedzenie; zepsute jedzenie; świeże owoce
pl,food,joy,emotion,centroid_phrases,neutral_centroid,bielik_1_5b_v3,mmlw_roberta_large,10,4,0.25,0.4,0.20382775119617225,2.75,posiłek w restauracji; surowe mięso; ulubione jedzenie; zepsute jedzenie
pl,food,joy,emotion,centroid_phrases,neutral_centroid,bielik_1_5b_v3,qwen3_embedding_8b,10,7,0.5384615384615384,0.7,0.7242424242424244,1.5714285714285714,posiłek w restauracji; spalony obiad; surowe mięso; szpitalne jedzenie; ulubione jedzenie; zepsute jedzenie; świeże owoce
pl,food,joy,emotion,centroid_phrases,neutral_centroid,gemini,mmlw_roberta_large,10,5,0.3333333333333333,0.5,0.07272727272727271,3.0,ciasto; posiłek w restauracji; słodki deser; ulubione jedzenie; zepsute jedzenie
pl,food,joy,emotion,centroid_phrases,neutral_centroid,gemini,qwen3_embedding_8b,10,7,0.5384615384615384,0.7,0.6585858585858586,1.1428571428571428,ciasto; posiłek w restauracji; szpitalne jedzenie; uliczna przekąska; ulubione jedzenie; zepsute jedzenie; świeże owoce
pl,food,joy,emotion,centroid_phrases,neutral_centroid,mmlw_roberta_large,qwen3_embedding_8b,10,5,0.3333333333333333,0.5,0.08363636363636366,3.8,ciasto; posiłek w restauracji; surowe mięso; ulubione jedzenie; zepsute jedzenie
pl,food,joy,emotion,single_word,neutral_centroid,bielik_1_5b_v3,gemini,10,5,0.3333333333333333,0.5,0.09454545454545456,2.6,posiłek w restauracji; szpitalne jedzenie; ulubione jedzenie; zepsute jedzenie; świeże owoce
pl,food,joy,emotion,single_word,neutral_centroid,bielik_1_5b_v3,mmlw_roberta_large,10,4,0.25,0.4,0.13237639553429026,2.25,kawa; posiłek w restauracji; surowe mięso; ulubione jedzenie
pl,food,joy,emotion,single_word,neutral_centroid,bielik_1_5b_v3,qwen3_embedding_8b,10,6,0.42857142857142855,0.6,-0.03002114164904861,3.1666666666666665,posiłek w restauracji; surowe mięso; szpitalne jedzenie; ulubione jedzenie; zepsute jedzenie; świeże owoce
pl,food,joy,emotion,single_word,neutral_centroid,gemini,mmlw_roberta_large,10,4,0.25,0.4,0.2650717703349282,1.75,ciasto; posiłek w restauracji; słodki deser; ulubione jedzenie
pl,food,joy,emotion,single_word,neutral_centroid,gemini,qwen3_embedding_8b,10,7,0.5384615384615384,0.7,0.6848484848484849,0.8571428571428571,posiłek w restauracji; szpitalne jedzenie; słodki deser; uliczna przekąska; ulubione jedzenie; zepsute jedzenie; świeże owoce
pl,food,joy,emotion,single_word,neutral_centroid,mmlw_roberta_large,qwen3_embedding_8b,10,4,0.25,0.4,0.06602870813397128,2.0,posiłek w restauracji; surowe mięso; słodki deser; ulubione jedzenie
pl,food,joy,identity,centroid_phrases,neutral_centroid,bielik_1_5b_v3,gemini,10,5,0.3333333333333333,0.5,0.14909090909090916,2.4,posiłek w restauracji; szpitalne jedzenie; ulubione jedzenie; zepsute jedzenie; świeże owoce
pl,food,joy,identity,centroid_phrases,neutral_centroid,bielik_1_5b_v3,mmlw_roberta_large,10,5,0.3333333333333333,0.5,0.12181818181818184,2.4,kawa; posiłek w restauracji; surowe mięso; ulubione jedzenie; zepsute jedzenie
pl,food,joy,identity,centroid_phrases,neutral_centroid,bielik_1_5b_v3,qwen3_embedding_8b,10,6,0.42857142857142855,0.6,-0.07145877378435517,4.166666666666667,posiłek w restauracji; surowe mięso; szpitalne jedzenie; ulubione jedzenie; zepsute jedzenie; świeże owoce
pl,food,joy,identity,centroid_phrases,neutral_centroid,gemini,mmlw_roberta_large,10,4,0.25,0.4,-0.08197767145135566,4.5,ciasto; posiłek w restauracji; ulubione jedzenie; zepsute jedzenie
pl,food,joy,identity,centroid_phrases,neutral_centroid,gemini,qwen3_embedding_8b,10,8,0.6666666666666666,0.8,0.6163009404388714,1.125,ciepły chleb; posiłek w restauracji; spalony obiad; szpitalne jedzenie; uliczna przekąska; ulubione jedzenie; zepsute jedzenie; świeże owoce
pl,food,joy,identity,centroid_phrases,neutral_centroid,mmlw_roberta_large,qwen3_embedding_8b,10,5,0.3333333333333333,0.5,-0.12363636363636364,4.4,czerstwy chleb; posiłek w restauracji; surowe mięso; ulubione jedzenie; zepsute jedzenie
pl,food,joy,identity,single_word,neutral_centroid,bielik_1_5b_v3,gemini,10,5,0.3333333333333333,0.5,0.14909090909090916,2.4,posiłek w restauracji; szpitalne jedzenie; ulubione jedzenie; zepsute jedzenie; świeże owoce
pl,food,joy,identity,single_word,neutral_centroid,bielik_1_5b_v3,mmlw_roberta_large,10,5,0.3333333333333333,0.5,0.12181818181818184,2.4,kawa; posiłek w restauracji; surowe mięso; ulubione jedzenie; zepsute jedzenie
pl,food,joy,identity,single_word,neutral_centroid,bielik_1_5b_v3,qwen3_embedding_8b,10,6,0.42857142857142855,0.6,-0.07145877378435517,4.166666666666667,posiłek w restauracji; surowe mięso; szpitalne jedzenie; ulubione jedzenie; zepsute jedzenie; świeże owoce
pl,food,joy,identity,single_word,neutral_centroid,gemini,mmlw_roberta_large,10,4,0.25,0.4,-0.08197767145135566,4.5,ciasto; posiłek w restauracji; ulubione jedzenie; zepsute jedzenie
pl,food,joy,identity,single_word,neutral_centroid,gemini,qwen3_embedding_8b,10,8,0.6666666666666666,0.8,0.6163009404388714,1.125,ciepły chleb; posiłek w restauracji; spalony obiad; szpitalne jedzenie; uliczna przekąska; ulubione jedzenie; zepsute jedzenie; świeże owoce
pl,food,joy,identity,single_word,neutral_centroid,mmlw_roberta_large,qwen3_embedding_8b,10,5,0.3333333333333333,0.5,-0.12363636363636364,4.4,czerstwy chleb; posiłek w restauracji; surowe mięso; ulubione jedzenie; zepsute jedzenie
pl,food,joy,random,centroid_phrases,neutral_centroid,bielik_1_5b_v3,gemini,10,5,0.3333333333333333,0.5,-0.009090909090909097,1.6,posiłek w restauracji; surowe mięso; ulubione jedzenie; zepsute jedzenie; świeże owoce
pl,food,joy,random,centroid_phrases,neutral_centroid,bielik_1_5b_v3,mmlw_roberta_large,10,6,0.42857142857142855,0.6,0.23044397463002114,1.5,chleb; kawa; posiłek w restauracji; surowe mięso; ulubione jedzenie; świeże owoce
pl,food,joy,random,centroid_phrases,neutral_centroid,bielik_1_5b_v3,qwen3_embedding_8b,10,5,0.3333333333333333,0.5,-0.05272727272727273,3.4,posiłek w restauracji; surowe mięso; ulubione jedzenie; zepsute jedzenie; świeże owoce
pl,food,joy,random,centroid_phrases,neutral_centroid,gemini,mmlw_roberta_large,10,5,0.3333333333333333,0.5,0.04000000000000001,0.8,posiłek w restauracji; surowe mięso; uliczna przekąska; ulubione jedzenie; świeże owoce
pl,food,joy,random,centroid_phrases,neutral_centroid,gemini,qwen3_embedding_8b,10,8,0.6666666666666666,0.8,0.6388714733542322,2.5,posiłek w restauracji; spalony obiad; surowe mięso; szpitalne jedzenie; uliczna przekąska; ulubione jedzenie; zepsute jedzenie; świeże owoce
pl,food,joy,random,centroid_phrases,neutral_centroid,mmlw_roberta_large,qwen3_embedding_8b,10,6,0.42857142857142855,0.6,-0.25496828752642703,4.166666666666667,czerstwy chleb; posiłek w restauracji; surowe mięso; uliczna przekąska; ulubione jedzenie; świeże owoce
pl,food,joy,random,single_word,neutral_centroid,bielik_1_5b_v3,gemini,10,5,0.3333333333333333,0.5,-0.009090909090909097,1.6,posiłek w restauracji; surowe mięso; ulubione jedzenie; zepsute jedzenie; świeże owoce
pl,food,joy,random,single_word,neutral_centroid,bielik_1_5b_v3,mmlw_roberta_large,10,6,0.42857142857142855,0.6,0.23044397463002114,1.5,chleb; kawa; posiłek w restauracji; surowe mięso; ulubione jedzenie; świeże owoce
pl,food,joy,random,single_word,neutral_centroid,bielik_1_5b_v3,qwen3_embedding_8b,10,5,0.3333333333333333,0.5,-0.05272727272727273,3.4,posiłek w restauracji; surowe mięso; ulubione jedzenie; zepsute jedzenie; świeże owoce
pl,food,joy,random,single_word,neutral_centroid,gemini,mmlw_roberta_large,10,5,0.3333333333333333,0.5,0.04000000000000001,0.8,posiłek w restauracji; surowe mięso; uliczna przekąska; ulubione jedzenie; świeże owoce
pl,food,joy,random,single_word,neutral_centroid,gemini,qwen3_embedding_8b,10,8,0.6666666666666666,0.8,0.6388714733542322,2.5,posiłek w restauracji; spalony obiad; surowe mięso; szpitalne jedzenie; uliczna przekąska; ulubione jedzenie; zepsute jedzenie; świeże owoce
pl,food,joy,random,single_word,neutral_centroid,mmlw_roberta_large,qwen3_embedding_8b,10,6,0.42857142857142855,0.6,-0.25496828752642703,4.166666666666667,czerstwy chleb; posiłek w restauracji; surowe mięso; uliczna przekąska; ulubione jedzenie; świeże owoce
pl,food,joy,shuffled_emotion,centroid_phrases,neutral_centroid,bielik_1_5b_v3,gemini,10,7,0.5384615384615384,0.7,0.6388888888888888,2.2857142857142856,posiłek w restauracji; spalony obiad; surowe mięso; szpitalne jedzenie; ulubione jedzenie; zepsute jedzenie; świeże owoce
pl,food,joy,shuffled_emotion,centroid_phrases,neutral_centroid,bielik_1_5b_v3,mmlw_roberta_large,10,5,0.3333333333333333,0.5,0.410909090909091,1.8,gorzkie lekarstwo; posiłek w restauracji; surowe mięso; ulubione jedzenie; zepsute jedzenie
pl,food,joy,shuffled_emotion,centroid_phrases,neutral_centroid,bielik_1_5b_v3,qwen3_embedding_8b,10,7,0.5384615384615384,0.7,0.6454545454545453,2.2857142857142856,posiłek w restauracji; spalony obiad; surowe mięso; szpitalne jedzenie; ulubione jedzenie; zepsute jedzenie; świeże owoce
pl,food,joy,shuffled_emotion,centroid_phrases,neutral_centroid,gemini,mmlw_roberta_large,10,4,0.25,0.4,0.21403508771929824,3.5,posiłek w restauracji; surowe mięso; ulubione jedzenie; zepsute jedzenie
pl,food,joy,shuffled_emotion,centroid_phrases,neutral_centroid,gemini,qwen3_embedding_8b,10,8,0.6666666666666666,0.8,0.729153605015674,1.875,posiłek w restauracji; spalony obiad; surowe mięso; szpitalne jedzenie; uliczna przekąska; ulubione jedzenie; zepsute jedzenie; świeże owoce
pl,food,joy,shuffled_emotion,centroid_phrases,neutral_centroid,mmlw_roberta_large,qwen3_embedding_8b,10,4,0.25,0.4,0.33652312599681017,2.75,posiłek w restauracji; surowe mięso; ulubione jedzenie; zepsute jedzenie
pl,food,joy,shuffled_emotion,single_word,neutral_centroid,bielik_1_5b_v3,gemini,10,5,0.3333333333333333,0.5,-0.25454545454545463,4.6,posiłek w restauracji; spalony obiad; ulubione jedzenie; zepsute jedzenie; śmieci
pl,food,joy,shuffled_emotion,single_word,neutral_centroid,bielik_1_5b_v3,mmlw_roberta_large,10,5,0.3333333333333333,0.5,-0.5327272727272727,5.0,kawa; posiłek w restauracji; spalony obiad; surowe mięso; zepsute jedzenie
pl,food,joy,shuffled_emotion,single_word,neutral_centroid,bielik_1_5b_v3,qwen3_embedding_8b,10,5,0.3333333333333333,0.5,-0.30363636363636365,5.0,chleb; posiłek w restauracji; surowe mięso; ulubione jedzenie; zepsute jedzenie
pl,food,joy,shuffled_emotion,single_word,neutral_centroid,gemini,mmlw_roberta_large,10,3,0.17647058823529413,0.3,0.06789772727272729,0.3333333333333333,posiłek w restauracji; spalony obiad; zepsute jedzenie
pl,food,joy,shuffled_emotion,single_word,neutral_centroid,gemini,qwen3_embedding_8b,10,7,0.5384615384615384,0.7,0.35,2.2857142857142856,pleśń; posiłek w restauracji; szpitalne jedzenie; uliczna przekąska; ulubione jedzenie; zepsute jedzenie; świeże owoce
pl,food,joy,shuffled_emotion,single_word,neutral_centroid,mmlw_roberta_large,qwen3_embedding_8b,10,3,0.17647058823529413,0.3,-0.03835227272727273,3.0,posiłek w restauracji; surowe mięso; zepsute jedzenie
pl,food,sadness,emotion,centroid_phrases,neutral_centroid,bielik_1_5b_v3,gemini,10,6,0.42857142857142855,0.6,0.632980972515856,1.6666666666666667,posiłek w restauracji; spalony obiad; szpitalne jedzenie; ulubione jedzenie; zepsute jedzenie; świeże owoce
pl,food,sadness,emotion,centroid_phrases,neutral_centroid,bielik_1_5b_v3,mmlw_roberta_large,10,6,0.42857142857142855,0.6,0.48498942917547555,2.0,gorzkie lekarstwo; posiłek w restauracji; spalony obiad; surowe mięso; ulubione jedzenie; zepsute jedzenie
pl,food,sadness,emotion,centroid_phrases,neutral_centroid,bielik_1_5b_v3,qwen3_embedding_8b,10,7,0.5384615384615384,0.7,0.6717171717171718,1.7142857142857142,posiłek w restauracji; spalony obiad; surowe mięso; szpitalne jedzenie; ulubione jedzenie; zepsute jedzenie; świeże owoce
pl,food,sadness,emotion,centroid_phrases,neutral_centroid,gemini,mmlw_roberta_large,10,4,0.25,0.4,0.2344497607655502,2.5,posiłek w restauracji; spalony obiad; ulubione jedzenie; zepsute jedzenie
pl,food,sadness,emotion,centroid_phrases,neutral_centroid,gemini,qwen3_embedding_8b,10,7,0.5384615384615384,0.7,0.5994949494949495,1.2857142857142858,posiłek w restauracji; spalony obiad; szpitalne jedzenie; uliczna przekąska; ulubione jedzenie; zepsute jedzenie; świeże owoce
pl,food,sadness,emotion,centroid_phrases,neutral_centroid,mmlw_roberta_large,qwen3_embedding_8b,10,5,0.3333333333333333,0.5,0.37818181818181823,1.8,posiłek w restauracji; spalony obiad; surowe mięso; ulubione jedzenie; zepsute jedzenie
pl,food,sadness,emotion,single_word,neutral_centroid,bielik_1_5b_v3,gemini,10,6,0.42857142857142855,0.6,0.05285412262156446,4.5,chleb; posiłek w restauracji; szpitalne jedzenie; ulubione jedzenie; zepsute jedzenie; śmieci
pl,food,sadness,emotion,single_word,neutral_centroid,bielik_1_5b_v3,mmlw_roberta_large,10,4,0.25,0.4,-0.13811802232854864,4.0,posiłek w restauracji; surowe mięso; ulubione jedzenie; zepsute jedzenie
pl,food,sadness,emotion,single_word,neutral_centroid,bielik_1_5b_v3,qwen3_embedding_8b,10,6,0.42857142857142855,0.6,-0.09513742071881602,4.0,posiłek w restauracji; surowe mięso; szpitalne jedzenie; ulubione jedzenie; zepsute jedzenie; świeże owoce
pl,food,sadness,emotion,single_word,neutral_centroid,gemini,mmlw_roberta_large,10,5,0.3333333333333333,0.5,0.04545454545454549,2.8,posiłek w restauracji; spalony obiad; tłuste resztki; ulubione jedzenie; zepsute jedzenie
pl,food,sadness,emotion,single_word,neutral_centroid,gemini,qwen3_embedding_8b,10,6,0.42857142857142855,0.6,0.6507399577167019,0.8333333333333334,posiłek w restauracji; spalony obiad; szpitalne jedzenie; uliczna przekąska; ulubione jedzenie; zepsute jedzenie
pl,food,sadness,emotion,single_word,neutral_centroid,mmlw_roberta_large,qwen3_embedding_8b,10,5,0.3333333333333333,0.5,0.06181818181818183,2.8,posiłek w restauracji; spalony obiad; surowe mięso; ulubione jedzenie; zepsute jedzenie
pl,food,sadness,identity,centroid_phrases,neutral_centroid,bielik_1_5b_v3,gemini,10,5,0.3333333333333333,0.5,0.14909090909090916,2.4,posiłek w restauracji; szpitalne jedzenie; ulubione jedzenie; zepsute jedzenie; świeże owoce
pl,food,sadness,identity,centroid_phrases,neutral_centroid,bielik_1_5b_v3,mmlw_roberta_large,10,5,0.3333333333333333,0.5,0.12181818181818184,2.4,kawa; posiłek w restauracji; surowe mięso; ulubione jedzenie; zepsute jedzenie
pl,food,sadness,identity,centroid_phrases,neutral_centroid,bielik_1_5b_v3,qwen3_embedding_8b,10,6,0.42857142857142855,0.6,-0.07145877378435517,4.166666666666667,posiłek w restauracji; surowe mięso; szpitalne jedzenie; ulubione jedzenie; zepsute jedzenie; świeże owoce
pl,food,sadness,identity,centroid_phrases,neutral_centroid,gemini,mmlw_roberta_large,10,4,0.25,0.4,-0.08197767145135566,4.5,ciasto; posiłek w restauracji; ulubione jedzenie; zepsute jedzenie
pl,food,sadness,identity,centroid_phrases,neutral_centroid,gemini,qwen3_embedding_8b,10,8,0.6666666666666666,0.8,0.6163009404388714,1.125,ciepły chleb; posiłek w restauracji; spalony obiad; szpitalne jedzenie; uliczna przekąska; ulubione jedzenie; zepsute jedzenie; świeże owoce
pl,food,sadness,identity,centroid_phrases,neutral_centroid,mmlw_roberta_large,qwen3_embedding_8b,10,5,0.3333333333333333,0.5,-0.12363636363636364,4.4,czerstwy chleb; posiłek w restauracji; surowe mięso; ulubione jedzenie; zepsute jedzenie
pl,food,sadness,identity,single_word,neutral_centroid,bielik_1_5b_v3,gemini,10,5,0.3333333333333333,0.5,0.14909090909090916,2.4,posiłek w restauracji; szpitalne jedzenie; ulubione jedzenie; zepsute jedzenie; świeże owoce
pl,food,sadness,identity,single_word,neutral_centroid,bielik_1_5b_v3,mmlw_roberta_large,10,5,0.3333333333333333,0.5,0.12181818181818184,2.4,kawa; posiłek w restauracji; surowe mięso; ulubione jedzenie; zepsute jedzenie
pl,food,sadness,identity,single_word,neutral_centroid,bielik_1_5b_v3,qwen3_embedding_8b,10,6,0.42857142857142855,0.6,-0.07145877378435517,4.166666666666667,posiłek w restauracji; surowe mięso; szpitalne jedzenie; ulubione jedzenie; zepsute jedzenie; świeże owoce
pl,food,sadness,identity,single_word,neutral_centroid,gemini,mmlw_roberta_large,10,4,0.25,0.4,-0.08197767145135566,4.5,ciasto; posiłek w restauracji; ulubione jedzenie; zepsute jedzenie
pl,food,sadness,identity,single_word,neutral_centroid,gemini,qwen3_embedding_8b,10,8,0.6666666666666666,0.8,0.6163009404388714,1.125,ciepły chleb; posiłek w restauracji; spalony obiad; szpitalne jedzenie; uliczna przekąska; ulubione jedzenie; zepsute jedzenie; świeże owoce
pl,food,sadness,identity,single_word,neutral_centroid,mmlw_roberta_large,qwen3_embedding_8b,10,5,0.3333333333333333,0.5,-0.12363636363636364,4.4,czerstwy chleb; posiłek w restauracji; surowe mięso; ulubione jedzenie; zepsute jedzenie
pl,food,sadness,random,centroid_phrases,neutral_centroid,bielik_1_5b_v3,gemini,10,7,0.5384615384615384,0.7,0.25151515151515147,1.8571428571428572,ciepły chleb; posiłek w restauracji; szpitalne jedzenie; ulubione jedzenie; zepsute jedzenie; śmieci; świeże owoce
pl,food,sadness,random,centroid_phrases,neutral_centroid,bielik_1_5b_v3,mmlw_roberta_large,10,3,0.17647058823529413,0.3,-0.221875,4.666666666666667,kawa; posiłek w restauracji; ulubione jedzenie
pl,food,sadness,random,centroid_phrases,neutral_centroid,bielik_1_5b_v3,qwen3_embedding_8b,10,7,0.5384615384615384,0.7,-0.05707070707070706,2.857142857142857,chleb; ciepły chleb; posiłek w restauracji; szpitalne jedzenie; ulubione jedzenie; zepsute jedzenie; świeże owoce
pl,food,sadness,random,centroid_phrases,neutral_centroid,gemini,mmlw_roberta_large,10,3,0.17647058823529413,0.3,-0.2991477272727271,4.666666666666667,posiłek w restauracji; słodki deser; ulubione jedzenie
pl,food,sadness,random,centroid_phrases,neutral_centroid,gemini,qwen3_embedding_8b,10,8,0.6666666666666666,0.8,0.48087774294670843,1.75,ciepły chleb; posiłek w restauracji; spalony obiad; szpitalne jedzenie; uliczna przekąska; ulubione jedzenie; zepsute jedzenie; świeże owoce
pl,food,sadness,random,centroid_phrases,neutral_centroid,mmlw_roberta_large,qwen3_embedding_8b,10,3,0.17647058823529413,0.3,-0.32812499999999994,5.333333333333333,posiłek w restauracji; surowe mięso; ulubione jedzenie
pl,food,sadness,random,single_word,neutral_centroid,bielik_1_5b_v3,gemini,10,7,0.5384615384615384,0.7,0.25151515151515147,1.8571428571428572,ciepły chleb; posiłek w restauracji; szpitalne jedzenie; ulubione jedzenie; zepsute jedzenie; śmieci; świeże owoce
pl,food,sadness,random,single_word,neutral_centroid,bielik_1_5b_v3,mmlw_roberta_large,10,3,0.17647058823529413,0.3,-0.221875,4.666666666666667,kawa; posiłek w restauracji; ulubione jedzenie
pl,food,sadness,random,single_word,neutral_centroid,bielik_1_5b_v3,qwen3_embedding_8b,10,7,0.5384615384615384,0.7,-0.05707070707070706,2.857142857142857,chleb; ciepły chleb; posiłek w restauracji; szpitalne jedzenie; ulubione jedzenie; zepsute jedzenie; świeże owoce
pl,food,sadness,random,single_word,neutral_centroid,gemini,mmlw_roberta_large,10,3,0.17647058823529413,0.3,-0.2991477272727271,4.666666666666667,posiłek w restauracji; słodki deser; ulubione jedzenie
pl,food,sadness,random,single_word,neutral_centroid,gemini,qwen3_embedding_8b,10,8,0.6666666666666666,0.8,0.48087774294670843,1.75,ciepły chleb; posiłek w restauracji; spalony obiad; szpitalne jedzenie; uliczna przekąska; ulubione jedzenie; zepsute jedzenie; świeże owoce
pl,food,sadness,random,single_word,neutral_centroid,mmlw_roberta_large,qwen3_embedding_8b,10,3,0.17647058823529413,0.3,-0.32812499999999994,5.333333333333333,posiłek w restauracji; surowe mięso; ulubione jedzenie
pl,food,sadness,shuffled_emotion,centroid_phrases,neutral_centroid,bielik_1_5b_v3,gemini,10,7,0.5384615384615384,0.7,0.5207070707070707,0.8571428571428571,posiłek w restauracji; spalony obiad; szpitalne jedzenie; tłuste resztki; ulubione jedzenie; zepsute jedzenie; świeże owoce
pl,food,sadness,shuffled_emotion,centroid_phrases,neutral_centroid,bielik_1_5b_v3,mmlw_roberta_large,10,7,0.5384615384615384,0.7,0.46818181818181803,2.5714285714285716,gorzkie lekarstwo; posiłek w restauracji; spalony obiad; surowe mięso; tłuste resztki; ulubione jedzenie; zepsute jedzenie
pl,food,sadness,shuffled_emotion,centroid_phrases,neutral_centroid,bielik_1_5b_v3,qwen3_embedding_8b,10,8,0.6666666666666666,0.8,0.4733542319749214,2.25,posiłek w restauracji; spalony obiad; surowe mięso; szpitalne jedzenie; tłuste resztki; ulubione jedzenie; zepsute jedzenie; świeże owoce
pl,food,sadness,shuffled_emotion,centroid_phrases,neutral_centroid,gemini,mmlw_roberta_large,10,5,0.3333333333333333,0.5,0.21454545454545454,2.4,posiłek w restauracji; spalony obiad; tłuste resztki; ulubione jedzenie; zepsute jedzenie
pl,food,sadness,shuffled_emotion,centroid_phrases,neutral_centroid,gemini,qwen3_embedding_8b,10,8,0.6666666666666666,0.8,0.5410658307210032,1.75,posiłek w restauracji; spalony obiad; szpitalne jedzenie; tłuste resztki; uliczna przekąska; ulubione jedzenie; zepsute jedzenie; świeże owoce
pl,food,sadness,shuffled_emotion,centroid_phrases,neutral_centroid,mmlw_roberta_large,qwen3_embedding_8b,10,6,0.42857142857142855,0.6,0.4435517970401691,2.5,posiłek w restauracji; spalony obiad; surowe mięso; tłuste resztki; ulubione jedzenie; zepsute jedzenie
pl,food,sadness,shuffled_emotion,single_word,neutral_centroid,bielik_1_5b_v3,gemini,10,6,0.42857142857142855,0.6,0.5501057082452431,2.3333333333333335,posiłek w restauracji; spalony obiad; szpitalne jedzenie; ulubione jedzenie; zepsute jedzenie; śmieci
pl,food,sadness,shuffled_emotion,single_word,neutral_centroid,bielik_1_5b_v3,mmlw_roberta_large,10,5,0.3333333333333333,0.5,0.18181818181818185,2.4,posiłek w restauracji; spalony obiad; szpitalne jedzenie; ulubione jedzenie; zepsute jedzenie
pl,food,sadness,shuffled_emotion,single_word,neutral_centroid,bielik_1_5b_v3,qwen3_embedding_8b,10,5,0.3333333333333333,0.5,0.11636363636363638,2.6,posiłek w restauracji; spalony obiad; szpitalne jedzenie; ulubione jedzenie; zepsute jedzenie
pl,food,sadness,shuffled_emotion,single_word,neutral_centroid,gemini,mmlw_roberta_large,10,6,0.42857142857142855,0.6,0.413953488372093,2.1666666666666665,posiłek w restauracji; spalony obiad; szpitalne jedzenie; tłuste resztki; ulubione jedzenie; zepsute jedzenie
pl,food,sadness,shuffled_emotion,single_word,neutral_centroid,gemini,qwen3_embedding_8b,10,7,0.5384615384615384,0.7,0.46818181818181803,1.5714285714285714,posiłek w restauracji; spalony obiad; szpitalne jedzenie; tłuste resztki; uliczna przekąska; ulubione jedzenie; zepsute jedzenie
pl,food,sadness,shuffled_emotion,single_word,neutral_centroid,mmlw_roberta_large,qwen3_embedding_8b,10,7,0.5384615384615384,0.7,0.455050505050505,2.142857142857143,posiłek w restauracji; spalony obiad; surowe mięso; szpitalne jedzenie; tłuste resztki; ulubione jedzenie; zepsute jedzenie
pl,object,anger,emotion,centroid_phrases,neutral_centroid,bielik_1_5b_v3,gemini,10,4,0.25,0.4,-0.04625199362041466,3.0,książka; portfel; worek śmieci; zamknięte drzwi
pl,object,anger,emotion,centroid_phrases,neutral_centroid,bielik_1_5b_v3,mmlw_roberta_large,10,4,0.25,0.4,-0.27081339712918656,4.0,książka; list miłosny; podarta fotografia; rozbite szkło
pl,object,anger,emotion,centroid_phrases,neutral_centroid,bielik_1_5b_v3,qwen3_embedding_8b,10,4,0.25,0.4,-0.14832535885167464,1.5,książka; podarta fotografia; rozbite szkło; znak ostrzegawczy
pl,object,anger,emotion,centroid_phrases,neutral_centroid,gemini,mmlw_roberta_large,10,2,0.1111111111111111,0.2,-0.6778489116517283,4.0,książka; pajęczyna
pl,object,anger,emotion,centroid_phrases,neutral_centroid,gemini,qwen3_embedding_8b,10,4,0.25,0.4,-0.41371610845295054,3.75,książka; pajęczyna; stół; zabawka
pl,object,anger,emotion,centroid_phrases,neutral_centroid,mmlw_roberta_large,qwen3_embedding_8b,10,5,0.3333333333333333,0.5,-0.2218181818181817,3.6,książka; kwiat; pajęczyna; podarta fotografia; rozbite szkło
pl,object,anger,emotion,single_word,neutral_centroid,bielik_1_5b_v3,gemini,10,5,0.3333333333333333,0.5,-0.1563636363636363,3.0,klucz; książka; portfel; prezent; zamknięte drzwi
pl,object,anger,emotion,single_word,neutral_centroid,bielik_1_5b_v3,mmlw_roberta_large,10,2,0.1111111111111111,0.2,-0.6087067861715748,4.5,klucz; książka
pl,object,anger,emotion,single_word,neutral_centroid,bielik_1_5b_v3,qwen3_embedding_8b,10,4,0.25,0.4,-0.2248803827751196,2.0,klucz; książka; prezent; stół
pl,object,anger,emotion,single_word,neutral_centroid,gemini,mmlw_roberta_large,10,4,0.25,0.4,-0.3473684210526315,2.0,klucz; książka; kwiat; znak ostrzegawczy
pl,object,anger,emotion,single_word,neutral_centroid,gemini,qwen3_embedding_8b,10,6,0.42857142857142855,0.6,-0.14841437632135307,3.3333333333333335,klucz; książka; kwiat; pierścionek; prezent; znak ostrzegawczy
pl,object,anger,emotion,single_word,neutral_centroid,mmlw_roberta_large,qwen3_embedding_8b,10,5,0.3333333333333333,0.5,-0.369090909090909,3.8,klucz; książka; kwiat; rozbite szkło; znak ostrzegawczy
pl,object,anger,identity,centroid_phrases,neutral_centroid,bielik_1_5b_v3,gemini,10,5,0.3333333333333333,0.5,0.11636363636363634,1.4,klucz; książka; portfel; prezent; stół
pl,object,anger,identity,centroid_phrases,neutral_centroid,bielik_1_5b_v3,mmlw_roberta_large,10,4,0.25,0.4,-0.6382775119617224,3.5,klucz; książka; medal; stół
pl,object,anger,identity,centroid_phrases,neutral_centroid,bielik_1_5b_v3,qwen3_embedding_8b,10,6,0.42857142857142855,0.6,-0.00042283298097252597,2.5,klucz; książka; portfel; prezent; stół; zamknięte drzwi
pl,object,anger,identity,centroid_phrases,neutral_centroid,gemini,mmlw_roberta_large,10,3,0.17647058823529413,0.3,-0.5454545454545454,5.666666666666667,klucz; książka; stół
pl,object,anger,identity,centroid_phrases,neutral_centroid,gemini,qwen3_embedding_8b,10,7,0.5384615384615384,0.7,0.2580808080808081,3.0,klucz; książka; pajęczyna; portfel; prezent; stół; zabawka
pl,object,anger,identity,centroid_phrases,neutral_centroid,mmlw_roberta_large,qwen3_embedding_8b,10,3,0.17647058823529413,0.3,-0.6951704545454541,6.666666666666667,klucz; książka; stół
pl,object,anger,identity,single_word,neutral_centroid,bielik_1_5b_v3,gemini,10,5,0.3333333333333333,0.5,0.11636363636363634,1.4,klucz; książka; portfel; prezent; stół
pl,object,anger,identity,single_word,neutral_centroid,bielik_1_5b_v3,mmlw_roberta_large,10,4,0.25,0.4,-0.6382775119617224,3.5,klucz; książka; medal; stół
pl,object,anger,identity,single_word,neutral_centroid,bielik_1_5b_v3,qwen3_embedding_8b,10,6,0.42857142857142855,0.6,-0.00042283298097252597,2.5,klucz; książka; portfel; prezent; stół; zamknięte drzwi
pl,object,anger,identity,single_word,neutral_centroid,gemini,mmlw_roberta_large,10,3,0.17647058823529413,0.3,-0.5454545454545454,5.666666666666667,klucz; książka; stół
pl,object,anger,identity,single_word,neutral_centroid,gemini,qwen3_embedding_8b,10,7,0.5384615384615384,0.7,0.2580808080808081,3.0,klucz; książka; pajęczyna; portfel; prezent; stół; zabawka
pl,object,anger,identity,single_word,neutral_centroid,mmlw_roberta_large,qwen3_embedding_8b,10,3,0.17647058823529413,0.3,-0.6951704545454541,6.666666666666667,klucz; książka; stół
pl,object,anger,random,centroid_phrases,neutral_centroid,bielik_1_5b_v3,gemini,10,5,0.3333333333333333,0.5,0.2854545454545453,1.8,klucz; krzesło; książka; portfel; stół
pl,object,anger,random,centroid_phrases,neutral_centroid,bielik_1_5b_v3,mmlw_roberta_large,10,3,0.17647058823529413,0.3,-0.33778409090909084,3.0,klucz; stół; telefon
pl,object,anger,random,centroid_phrases,neutral_centroid,bielik_1_5b_v3,qwen3_embedding_8b,10,4,0.25,0.4,-0.16874003189792663,4.75,książka; portfel; prezent; stół
pl,object,anger,random,centroid_phrases,neutral_centroid,gemini,mmlw_roberta_large,10,3,0.17647058823529413,0.3,-0.550284090909091,2.3333333333333335,klucz; stół; znak ostrzegawczy
pl,object,anger,random,centroid_phrases,neutral_centroid,gemini,qwen3_embedding_8b,10,6,0.42857142857142855,0.6,-0.14841437632135307,3.1666666666666665,książka; pajęczyna; portfel; stół; zabawka; zamknięte drzwi
pl,object,anger,random,centroid_phrases,neutral_centroid,mmlw_roberta_large,qwen3_embedding_8b,10,2,0.1111111111111111,0.2,-0.7101152368758004,4.0,kwiat; stół
pl,object,anger,random,single_word,neutral_centroid,bielik_1_5b_v3,gemini,10,5,0.3333333333333333,0.5,0.2854545454545453,1.8,klucz; krzesło; książka; portfel; stół
pl,object,anger,random,single_word,neutral_centroid,bielik_1_5b_v3,mmlw_roberta_large,10,3,0.17647058823529413,0.3,-0.33778409090909084,3.0,klucz; stół; telefon
pl,object,anger,random,single_word,neutral_centroid,bielik_1_5b_v3,qwen3_embedding_8b,10,4,0.25,0.4,-0.16874003189792663,4.75,książka; portfel; prezent; stół
pl,object,anger,random,single_word,neutral_centroid,gemini,mmlw_roberta_large,10,3,0.17647058823529413,0.3,-0.550284090909091,2.3333333333333335,klucz; stół; znak ostrzegawczy
pl,object,anger,random,single_word,neutral_centroid,gemini,qwen3_embedding_8b,10,6,0.42857142857142855,0.6,-0.14841437632135307,3.1666666666666665,książka; pajęczyna; portfel; stół; zabawka; zamknięte drzwi
pl,object,anger,random,single_word,neutral_centroid,mmlw_roberta_large,qwen3_embedding_8b,10,2,0.1111111111111111,0.2,-0.7101152368758004,4.0,kwiat; stół
pl,object,anger,shuffled_emotion,centroid_phrases,neutral_centroid,bielik_1_5b_v3,gemini,10,6,0.42857142857142855,0.6,-0.3141649048625792,4.333333333333333,książka; portfel; rozbite szkło; rozładowana bateria; zamknięte drzwi; zardzewiały nóż
pl,object,anger,shuffled_emotion,centroid_phrases,neutral_centroid,bielik_1_5b_v3,mmlw_roberta_large,10,4,0.25,0.4,-0.21977671451355657,3.0,książka; list miłosny; podarta fotografia; rozbite szkło
pl,object,anger,shuffled_emotion,centroid_phrases,neutral_centroid,bielik_1_5b_v3,qwen3_embedding_8b,10,4,0.25,0.4,-0.07687400318979265,3.75,książka; podarta fotografia; rozbite szkło; zamknięte drzwi
pl,object,anger,shuffled_emotion,centroid_phrases,neutral_centroid,gemini,mmlw_roberta_large,10,2,0.1111111111111111,0.2,-0.5902688860435338,8.0,książka; rozbite szkło
pl,object,anger,shuffled_emotion,centroid_phrases,neutral_centroid,gemini,qwen3_embedding_8b,10,4,0.25,0.4,-0.2606060606060606,4.5,książka; rozbite szkło; zabawka; zamknięte drzwi
pl,object,anger,shuffled_emotion,centroid_phrases,neutral_centroid,mmlw_roberta_large,qwen3_embedding_8b,10,4,0.25,0.4,-0.04114832535885167,3.75,książka; kwiat; podarta fotografia; rozbite szkło
pl,object,anger,shuffled_emotion,single_word,neutral_centroid,bielik_1_5b_v3,gemini,10,5,0.3333333333333333,0.5,0.2963636363636364,1.8,książka; lustro; portfel; prezent; zamknięte drzwi
pl,object,anger,shuffled_emotion,single_word,neutral_centroid,bielik_1_5b_v3,mmlw_roberta_large,10,2,0.1111111111111111,0.2,-0.6040973111395647,4.5,klucz; książka
pl,object,anger,shuffled_emotion,single_word,neutral_centroid,bielik_1_5b_v3,qwen3_embedding_8b,10,6,0.42857142857142855,0.6,-0.3378435517970402,3.3333333333333335,fotografia; książka; prezent; stół; telefon; zamknięte drzwi
pl,object,anger,shuffled_emotion,single_word,neutral_centroid,gemini,mmlw_roberta_large,10,2,0.1111111111111111,0.2,-0.5856594110115235,2.0,książka; kwiat
pl,object,anger,shuffled_emotion,single_word,neutral_centroid,gemini,qwen3_embedding_8b,10,4,0.25,0.4,-0.3116427432216905,3.25,książka; prezent; zamknięte drzwi; śmieszna maska
pl,object,anger,shuffled_emotion,single_word,neutral_centroid,mmlw_roberta_large,qwen3_embedding_8b,10,3,0.17647058823529413,0.3,-0.3764204545454546,3.0,książka; podarta fotografia; rozbite szkło
pl,object,disgust,emotion,centroid_phrases,neutral_centroid,bielik_1_5b_v3,gemini,10,4,0.25,0.4,-0.5770334928229665,4.75,portfel; worek śmieci; zamknięte drzwi; znak ostrzegawczy
pl,object,disgust,emotion,centroid_phrases,neutral_centroid,bielik_1_5b_v3,mmlw_roberta_large,10,4,0.25,0.4,-0.37799043062200954,3.75,list miłosny; podarta fotografia; rozbite szkło; znak ostrzegawczy
pl,object,disgust,emotion,centroid_phrases,neutral_centroid,bielik_1_5b_v3,qwen3_embedding_8b,10,4,0.25,0.4,-0.4851674641148325,3.5,podarta fotografia; rozbite szkło; szpitalna igła; worek śmieci
pl,object,disgust,emotion,centroid_phrases,neutral_centroid,gemini,mmlw_roberta_large,10,2,0.1111111111111111,0.2,-0.687067861715749,3.5,znak ostrzegawczy; zużyty bandaż
pl,object,disgust,emotion,centroid_phrases,neutral_centroid,gemini,qwen3_embedding_8b,10,4,0.25,0.4,-0.28102073365231256,4.25,książka; worek śmieci; zabawka; śmieszna maska
pl,object,disgust,emotion,centroid_phrases,neutral_centroid,mmlw_roberta_large,qwen3_embedding_8b,10,3,0.17647058823529413,0.3,-0.4198863636363636,4.333333333333333,pajęczyna; podarta fotografia; rozbite szkło
pl,object,disgust,emotion,single_word,neutral_centroid,bielik_1_5b_v3,gemini,10,3,0.17647058823529413,0.3,-0.3522727272727273,5.666666666666667,książka; portfel; worek śmieci
pl,object,disgust,emotion,single_word,neutral_centroid,bielik_1_5b_v3,mmlw_roberta_large,10,3,0.17647058823529413,0.3,-0.6565340909090908,2.6666666666666665,klucz; książka; list miłosny
pl,object,disgust,emotion,single_word,neutral_centroid,bielik_1_5b_v3,qwen3_embedding_8b,10,4,0.25,0.4,-0.1534290271132376,2.25,książka; prezent; stół; worek śmieci
pl,object,disgust,emotion,single_word,neutral_centroid,gemini,mmlw_roberta_large,10,4,0.25,0.4,-0.7352472089314194,5.5,książka; pajęczyna; znak ostrzegawczy; zużyty bandaż
pl,object,disgust,emotion,single_word,neutral_centroid,gemini,qwen3_embedding_8b,10,5,0.3333333333333333,0.5,0.10545454545454547,3.2,książka; pajęczyna; worek śmieci; zabawka; znak ostrzegawczy
pl,object,disgust,emotion,single_word,neutral_centroid,mmlw_roberta_large,qwen3_embedding_8b,10,5,0.3333333333333333,0.5,-0.5927272727272724,6.0,książka; kwiat; pajęczyna; rozbite szkło; znak ostrzegawczy
pl,object,disgust,identity,centroid_phrases,neutral_centroid,bielik_1_5b_v3,gemini,10,5,0.3333333333333333,0.5,0.11636363636363634,1.4,klucz; książka; portfel; prezent; stół
pl,object,disgust,identity,centroid_phrases,neutral_centroid,bielik_1_5b_v3,mmlw_roberta_large,10,4,0.25,0.4,-0.6382775119617224,3.5,klucz; książka; medal; stół
pl,object,disgust,identity,centroid_phrases,neutral_centroid,bielik_1_5b_v3,qwen3_embedding_8b,10,6,0.42857142857142855,0.6,-0.00042283298097252597,2.5,klucz; książka; portfel; prezent; stół; zamknięte drzwi
pl,object,disgust,identity,centroid_phrases,neutral_centroid,gemini,mmlw_roberta_large,10,3,0.17647058823529413,0.3,-0.5454545454545454,5.666666666666667,klucz; książka; stół
pl,object,disgust,identity,centroid_phrases,neutral_centroid,gemini,qwen3_embedding_8b,10,7,0.5384615384615384,0.7,0.2580808080808081,3.0,klucz; książka; pajęczyna; portfel; prezent; stół; zabawka
pl,object,disgust,identity,centroid_phrases,neutral_centroid,mmlw_roberta_large,qwen3_embedding_8b,10,3,0.17647058823529413,0.3,-0.6951704545454541,6.666666666666667,klucz; książka; stół
pl,object,disgust,identity,single_word,neutral_centroid,bielik_1_5b_v3,gemini,10,5,0.3333333333333333,0.5,0.11636363636363634,1.4,klucz; książka; portfel; prezent; stół
pl,object,disgust,identity,single_word,neutral_centroid,bielik_1_5b_v3,mmlw_roberta_large,10,4,0.25,0.4,-0.6382775119617224,3.5,klucz; książka; medal; stół
pl,object,disgust,identity,single_word,neutral_centroid,bielik_1_5b_v3,qwen3_embedding_8b,10,6,0.42857142857142855,0.6,-0.00042283298097252597,2.5,klucz; książka; portfel; prezent; stół; zamknięte drzwi
pl,object,disgust,identity,single_word,neutral_centroid,gemini,mmlw_roberta_large,10,3,0.17647058823529413,0.3,-0.5454545454545454,5.666666666666667,klucz; książka; stół
pl,object,disgust,identity,single_word,neutral_centroid,gemini,qwen3_embedding_8b,10,7,0.5384615384615384,0.7,0.2580808080808081,3.0,klucz; książka; pajęczyna; portfel; prezent; stół; zabawka
pl,object,disgust,identity,single_word,neutral_centroid,mmlw_roberta_large,qwen3_embedding_8b,10,3,0.17647058823529413,0.3,-0.6951704545454541,6.666666666666667,klucz; książka; stół
pl,object,disgust,random,centroid_phrases,neutral_centroid,bielik_1_5b_v3,gemini,10,6,0.42857142857142855,0.6,0.3192389006342493,1.6666666666666667,klucz; krzesło; książka; portfel; prezent; zamknięte drzwi
pl,object,disgust,random,centroid_phrases,neutral_centroid,bielik_1_5b_v3,mmlw_roberta_large,10,3,0.17647058823529413,0.3,-0.3474431818181818,1.6666666666666667,klucz; stół; telefon
pl,object,disgust,random,centroid_phrases,neutral_centroid,bielik_1_5b_v3,qwen3_embedding_8b,10,7,0.5384615384615384,0.7,0.15303030303030302,2.7142857142857144,fotografia; klucz; książka; portfel; prezent; stół; zamknięte drzwi
pl,object,disgust,random,centroid_phrases,neutral_centroid,gemini,mmlw_roberta_large,10,2,0.1111111111111111,0.2,-0.4289372599231753,3.5,klucz; pierścionek
pl,object,disgust,random,centroid_phrases,neutral_centroid,gemini,qwen3_embedding_8b,10,7,0.5384615384615384,0.7,0.29090909090909095,3.142857142857143,klucz; książka; pajęczyna; portfel; prezent; zabawka; zamknięte drzwi
pl,object,disgust,random,centroid_phrases,neutral_centroid,mmlw_roberta_large,qwen3_embedding_8b,10,2,0.1111111111111111,0.2,-0.6548015364916772,4.5,klucz; stół
pl,object,disgust,random,single_word,neutral_centroid,bielik_1_5b_v3,gemini,10,6,0.42857142857142855,0.6,0.3192389006342493,1.6666666666666667,klucz; krzesło; książka; portfel; prezent; zamknięte drzwi
pl,object,disgust,random,single_word,neutral_centroid,bielik_1_5b_v3,mmlw_roberta_large,10,3,0.17647058823529413,0.3,-0.3474431818181818,1.6666666666666667,klucz; stół; telefon
pl,object,disgust,random,single_word,neutral_centroid,bielik_1_5b_v3,qwen3_embedding_8b,10,7,0.5384615384615384,0.7,0.15303030303030302,2.7142857142857144,fotografia; klucz; książka; portfel; prezent; stół; zamknięte drzwi
pl,object,disgust,random,single_word,neutral_centroid,gemini,mmlw_roberta_large,10,2,0.1111111111111111,0.2,-0.4289372599231753,3.5,klucz; pierścionek
pl,object,disgust,random,single_word,neutral_centroid,gemini,qwen3_embedding_8b,10,7,0.5384615384615384,0.7,0.29090909090909095,3.142857142857143,klucz; książka; pajęczyna; portfel; prezent; zabawka; zamknięte drzwi
pl,object,disgust,random,single_word,neutral_centroid,mmlw_roberta_large,qwen3_embedding_8b,10,2,0.1111111111111111,0.2,-0.6548015364916772,4.5,klucz; stół
pl,object,disgust,shuffled_emotion,centroid_phrases,neutral_centroid,bielik_1_5b_v3,gemini,10,4,0.25,0.4,-0.30653907496012756,4.5,książka; list miłosny; portfel; zamknięte drzwi
pl,object,disgust,shuffled_emotion,centroid_phrases,neutral_centroid,bielik_1_5b_v3,mmlw_roberta_large,10,2,0.1111111111111111,0.2,-0.5165172855313699,4.5,list miłosny; rozbite szkło
pl,object,disgust,shuffled_emotion,centroid_phrases,neutral_centroid,bielik_1_5b_v3,qwen3_embedding_8b,10,4,0.25,0.4,-0.28102073365231256,3.5,książka; podarta fotografia; portfel; rozbite szkło
pl,object,disgust,shuffled_emotion,centroid_phrases,neutral_centroid,gemini,mmlw_roberta_large,10,1,0.05263157894736842,0.1,-0.6696969696969698,2.0,list miłosny
pl,object,disgust,shuffled_emotion,centroid_phrases,neutral_centroid,gemini,qwen3_embedding_8b,10,4,0.25,0.4,-0.5311004784688995,2.5,krzesło; książka; pajęczyna; portfel
pl,object,disgust,shuffled_emotion,centroid_phrases,neutral_centroid,mmlw_roberta_large,qwen3_embedding_8b,10,4,0.25,0.4,-0.2095693779904306,3.75,fotografia; kwiat; prezent; rozbite szkło
pl,object,disgust,shuffled_emotion,single_word,neutral_centroid,bielik_1_5b_v3,gemini,10,4,0.25,0.4,-0.14322169059011164,1.5,klucz; książka; portfel; stół
pl,object,disgust,shuffled_emotion,single_word,neutral_centroid,bielik_1_5b_v3,mmlw_roberta_large,10,5,0.3333333333333333,0.5,-0.6690909090909088,2.4,fotografia; klucz; medal; prezent; stół
pl,object,disgust,shuffled_emotion,single_word,neutral_centroid,bielik_1_5b_v3,qwen3_embedding_8b,10,4,0.25,0.4,0.13237639553429026,3.5,książka; lustro; portfel; prezent
pl,object,disgust,shuffled_emotion,single_word,neutral_centroid,gemini,mmlw_roberta_large,10,2,0.1111111111111111,0.2,-0.6501920614596668,2.0,klucz; stół
pl,object,disgust,shuffled_emotion,single_word,neutral_centroid,gemini,qwen3_embedding_8b,10,4,0.25,0.4,-0.26570972886762356,3.25,książka; pierścionek; portfel; śmieszna maska
pl,object,disgust,shuffled_emotion,single_word,neutral_centroid,mmlw_roberta_large,qwen3_embedding_8b,10,3,0.17647058823529413,0.3,-0.2798295454545453,4.0,kwiat; prezent; rozbite szkło
pl,object,joy,emotion,centroid_phrases,neutral_centroid,bielik_1_5b_v3,gemini,10,4,0.25,0.4,-0.30653907496012756,4.5,książka; list miłosny; portfel; zamknięte drzwi
pl,object,joy,emotion,centroid_phrases,neutral_centroid,bielik_1_5b_v3,mmlw_roberta_large,10,2,0.1111111111111111,0.2,-0.5165172855313699,4.5,list miłosny; rozbite szkło
pl,object,joy,emotion,centroid_phrases,neutral_centroid,bielik_1_5b_v3,qwen3_embedding_8b,10,4,0.25,0.4,-0.28102073365231256,3.5,książka; podarta fotografia; portfel; rozbite szkło
pl,object,joy,emotion,centroid_phrases,neutral_centroid,gemini,mmlw_roberta_large,10,1,0.05263157894736842,0.1,-0.6696969696969698,2.0,list miłosny
pl,object,joy,emotion,centroid_phrases,neutral_centroid,gemini,qwen3_embedding_8b,10,4,0.25,0.4,-0.5311004784688995,2.5,krzesło; książka; pajęczyna; portfel
pl,object,joy,emotion,centroid_phrases,neutral_centroid,mmlw_roberta_large,qwen3_embedding_8b,10,4,0.25,0.4,-0.2095693779904306,3.75,fotografia; kwiat; prezent; rozbite szkło
pl,object,joy,emotion,single_word,neutral_centroid,bielik_1_5b_v3,gemini,10,4,0.25,0.4,-0.14322169059011164,1.5,klucz; książka; portfel; stół
pl,object,joy,emotion,single_word,neutral_centroid,bielik_1_5b_v3,mmlw_roberta_large,10,5,0.3333333333333333,0.5,-0.6690909090909088,2.4,fotografia; klucz; medal; prezent; stół
pl,object,joy,emotion,single_word,neutral_centroid,bielik_1_5b_v3,qwen3_embedding_8b,10,4,0.25,0.4,0.13237639553429026,3.5,książka; lustro; portfel; prezent
pl,object,joy,emotion,single_word,neutral_centroid,gemini,mmlw_roberta_large,10,2,0.1111111111111111,0.2,-0.6501920614596668,2.0,klucz; stół
pl,object,joy,emotion,single_word,neutral_centroid,gemini,qwen3_embedding_8b,10,4,0.25,0.4,-0.26570972886762356,3.25,książka; pierścionek; portfel; śmieszna maska
pl,object,joy,emotion,single_word,neutral_centroid,mmlw_roberta_large,qwen3_embedding_8b,10,3,0.17647058823529413,0.3,-0.2798295454545453,4.0,kwiat; prezent; rozbite szkło
pl,object,joy,identity,centroid_phrases,neutral_centroid,bielik_1_5b_v3,gemini,10,5,0.3333333333333333,0.5,0.11636363636363634,1.4,klucz; książka; portfel; prezent; stół
pl,object,joy,identity,centroid_phrases,neutral_centroid,bielik_1_5b_v3,mmlw_roberta_large,10,4,0.25,0.4,-0.6382775119617224,3.5,klucz; książka; medal; stół
pl,object,joy,identity,centroid_phrases,neutral_centroid,bielik_1_5b_v3,qwen3_embedding_8b,10,6,0.42857142857142855,0.6,-0.00042283298097252597,2.5,klucz; książka; portfel; prezent; stół; zamknięte drzwi
pl,object,joy,identity,centroid_phrases,neutral_centroid,gemini,mmlw_roberta_large,10,3,0.17647058823529413,0.3,-0.5454545454545454,5.666666666666667,klucz; książka; stół
pl,object,joy,identity,centroid_phrases,neutral_centroid,gemini,qwen3_embedding_8b,10,7,0.5384615384615384,0.7,0.2580808080808081,3.0,klucz; książka; pajęczyna; portfel; prezent; stół; zabawka
pl,object,joy,identity,centroid_phrases,neutral_centroid,mmlw_roberta_large,qwen3_embedding_8b,10,3,0.17647058823529413,0.3,-0.6951704545454541,6.666666666666667,klucz; książka; stół
pl,object,joy,identity,single_word,neutral_centroid,bielik_1_5b_v3,gemini,10,5,0.3333333333333333,0.5,0.11636363636363634,1.4,klucz; książka; portfel; prezent; stół
pl,object,joy,identity,single_word,neutral_centroid,bielik_1_5b_v3,mmlw_roberta_large,10,4,0.25,0.4,-0.6382775119617224,3.5,klucz; książka; medal; stół
pl,object,joy,identity,single_word,neutral_centroid,bielik_1_5b_v3,qwen3_embedding_8b,10,6,0.42857142857142855,0.6,-0.00042283298097252597,2.5,klucz; książka; portfel; prezent; stół; zamknięte drzwi
pl,object,joy,identity,single_word,neutral_centroid,gemini,mmlw_roberta_large,10,3,0.17647058823529413,0.3,-0.5454545454545454,5.666666666666667,klucz; książka; stół
pl,object,joy,identity,single_word,neutral_centroid,gemini,qwen3_embedding_8b,10,7,0.5384615384615384,0.7,0.2580808080808081,3.0,klucz; książka; pajęczyna; portfel; prezent; stół; zabawka
pl,object,joy,identity,single_word,neutral_centroid,mmlw_roberta_large,qwen3_embedding_8b,10,3,0.17647058823529413,0.3,-0.6951704545454541,6.666666666666667,klucz; książka; stół
pl,object,joy,random,centroid_phrases,neutral_centroid,bielik_1_5b_v3,gemini,10,5,0.3333333333333333,0.5,0.17636363636363636,2.4,klucz; książka; portfel; prezent; stół
pl,object,joy,random,centroid_phrases,neutral_centroid,bielik_1_5b_v3,mmlw_roberta_large,10,4,0.25,0.4,-0.5668261562998406,3.75,klucz; kwiat; medal; stół
pl,object,joy,random,centroid_phrases,neutral_centroid,bielik_1_5b_v3,qwen3_embedding_8b,10,5,0.3333333333333333,0.5,-0.2381818181818181,4.2,książka; portfel; prezent; stół; zamknięte drzwi
pl,object,joy,random,centroid_phrases,neutral_centroid,gemini,mmlw_roberta_large,10,2,0.1111111111111111,0.2,-0.4704225352112676,2.0,klucz; stół
pl,object,joy,random,centroid_phrases,neutral_centroid,gemini,qwen3_embedding_8b,10,6,0.42857142857142855,0.6,0.10613107822410148,3.5,książka; pajęczyna; portfel; prezent; stół; zabawka
pl,object,joy,random,centroid_phrases,neutral_centroid,mmlw_roberta_large,qwen3_embedding_8b,10,2,0.1111111111111111,0.2,-0.7193341869398208,5.0,podarta fotografia; stół
pl,object,joy,random,single_word,neutral_centroid,bielik_1_5b_v3,gemini,10,5,0.3333333333333333,0.5,0.17636363636363636,2.4,klucz; książka; portfel; prezent; stół
pl,object,joy,random,single_word,neutral_centroid,bielik_1_5b_v3,mmlw_roberta_large,10,4,0.25,0.4,-0.5668261562998406,3.75,klucz; kwiat; medal; stół
pl,object,joy,random,single_word,neutral_centroid,bielik_1_5b_v3,qwen3_embedding_8b,10,5,0.3333333333333333,0.5,-0.2381818181818181,4.2,książka; portfel; prezent; stół; zamknięte drzwi
pl,object,joy,random,single_word,neutral_centroid,gemini,mmlw_roberta_large,10,2,0.1111111111111111,0.2,-0.4704225352112676,2.0,klucz; stół
pl,object,joy,random,single_word,neutral_centroid,gemini,qwen3_embedding_8b,10,6,0.42857142857142855,0.6,0.10613107822410148,3.5,książka; pajęczyna; portfel; prezent; stół; zabawka
pl,object,joy,random,single_word,neutral_centroid,mmlw_roberta_large,qwen3_embedding_8b,10,2,0.1111111111111111,0.2,-0.7193341869398208,5.0,podarta fotografia; stół
pl,object,joy,shuffled_emotion,centroid_phrases,neutral_centroid,bielik_1_5b_v3,gemini,10,4,0.25,0.4,-0.04625199362041466,3.0,książka; portfel; worek śmieci; zamknięte drzwi
pl,object,joy,shuffled_emotion,centroid_phrases,neutral_centroid,bielik_1_5b_v3,mmlw_roberta_large,10,4,0.25,0.4,-0.27081339712918656,4.0,książka; list miłosny; podarta fotografia; rozbite szkło
pl,object,joy,shuffled_emotion,centroid_phrases,neutral_centroid,bielik_1_5b_v3,qwen3_embedding_8b,10,4,0.25,0.4,-0.14832535885167464,1.5,książka; podarta fotografia; rozbite szkło; znak ostrzegawczy
pl,object,joy,shuffled_emotion,centroid_phrases,neutral_centroid,gemini,mmlw_roberta_large,10,2,0.1111111111111111,0.2,-0.6778489116517283,4.0,książka; pajęczyna
pl,object,joy,shuffled_emotion,centroid_phrases,neutral_centroid,gemini,qwen3_embedding_8b,10,4,0.25,0.4,-0.41371610845295054,3.75,książka; pajęczyna; stół; zabawka
pl,object,joy,shuffled_emotion,centroid_phrases,neutral_centroid,mmlw_roberta_large,qwen3_embedding_8b,10,5,0.3333333333333333,0.5,-0.2218181818181817,3.6,książka; kwiat; pajęczyna; podarta fotografia; rozbite szkło
pl,object,joy,shuffled_emotion,single_word,neutral_centroid,bielik_1_5b_v3,gemini,10,5,0.3333333333333333,0.5,-0.1563636363636363,3.0,klucz; książka; portfel; prezent; zamknięte drzwi
pl,object,joy,shuffled_emotion,single_word,neutral_centroid,bielik_1_5b_v3,mmlw_roberta_large,10,2,0.1111111111111111,0.2,-0.6087067861715748,4.5,klucz; książka
pl,object,joy,shuffled_emotion,single_word,neutral_centroid,bielik_1_5b_v3,qwen3_embedding_8b,10,4,0.25,0.4,-0.2248803827751196,2.0,klucz; książka; prezent; stół
pl,object,joy,shuffled_emotion,single_word,neutral_centroid,gemini,mmlw_roberta_large,10,4,0.25,0.4,-0.3473684210526315,2.0,klucz; książka; kwiat; znak ostrzegawczy
pl,object,joy,shuffled_emotion,single_word,neutral_centroid,gemini,qwen3_embedding_8b,10,6,0.42857142857142855,0.6,-0.14841437632135307,3.3333333333333335,klucz; książka; kwiat; pierścionek; prezent; znak ostrzegawczy
pl,object,joy,shuffled_emotion,single_word,neutral_centroid,mmlw_roberta_large,qwen3_embedding_8b,10,5,0.3333333333333333,0.5,-0.369090909090909,3.8,klucz; książka; kwiat; rozbite szkło; znak ostrzegawczy
pl,object,sadness,emotion,centroid_phrases,neutral_centroid,bielik_1_5b_v3,gemini,10,6,0.42857142857142855,0.6,-0.3141649048625792,4.333333333333333,książka; portfel; rozbite szkło; rozładowana bateria; zamknięte drzwi; zardzewiały nóż
pl,object,sadness,emotion,centroid_phrases,neutral_centroid,bielik_1_5b_v3,mmlw_roberta_large,10,4,0.25,0.4,-0.21977671451355657,3.0,książka; list miłosny; podarta fotografia; rozbite szkło
pl,object,sadness,emotion,centroid_phrases,neutral_centroid,bielik_1_5b_v3,qwen3_embedding_8b,10,4,0.25,0.4,-0.07687400318979265,3.75,książka; podarta fotografia; rozbite szkło; zamknięte drzwi
pl,object,sadness,emotion,centroid_phrases,neutral_centroid,gemini,mmlw_roberta_large,10,2,0.1111111111111111,0.2,-0.5902688860435338,8.0,książka; rozbite szkło
pl,object,sadness,emotion,centroid_phrases,neutral_centroid,gemini,qwen3_embedding_8b,10,4,0.25,0.4,-0.2606060606060606,4.5,książka; rozbite szkło; zabawka; zamknięte drzwi
pl,object,sadness,emotion,centroid_phrases,neutral_centroid,mmlw_roberta_large,qwen3_embedding_8b,10,4,0.25,0.4,-0.04114832535885167,3.75,książka; kwiat; podarta fotografia; rozbite szkło
pl,object,sadness,emotion,single_word,neutral_centroid,bielik_1_5b_v3,gemini,10,5,0.3333333333333333,0.5,0.2963636363636364,1.8,książka; lustro; portfel; prezent; zamknięte drzwi
pl,object,sadness,emotion,single_word,neutral_centroid,bielik_1_5b_v3,mmlw_roberta_large,10,2,0.1111111111111111,0.2,-0.6040973111395647,4.5,klucz; książka
pl,object,sadness,emotion,single_word,neutral_centroid,bielik_1_5b_v3,qwen3_embedding_8b,10,6,0.42857142857142855,0.6,-0.3378435517970402,3.3333333333333335,fotografia; książka; prezent; stół; telefon; zamknięte drzwi
pl,object,sadness,emotion,single_word,neutral_centroid,gemini,mmlw_roberta_large,10,2,0.1111111111111111,0.2,-0.5856594110115235,2.0,książka; kwiat
pl,object,sadness,emotion,single_word,neutral_centroid,gemini,qwen3_embedding_8b,10,4,0.25,0.4,-0.3116427432216905,3.25,książka; prezent; zamknięte drzwi; śmieszna maska
pl,object,sadness,emotion,single_word,neutral_centroid,mmlw_roberta_large,qwen3_embedding_8b,10,3,0.17647058823529413,0.3,-0.3764204545454546,3.0,książka; podarta fotografia; rozbite szkło
pl,object,sadness,identity,centroid_phrases,neutral_centroid,bielik_1_5b_v3,gemini,10,5,0.3333333333333333,0.5,0.11636363636363634,1.4,klucz; książka; portfel; prezent; stół
pl,object,sadness,identity,centroid_phrases,neutral_centroid,bielik_1_5b_v3,mmlw_roberta_large,10,4,0.25,0.4,-0.6382775119617224,3.5,klucz; książka; medal; stół
pl,object,sadness,identity,centroid_phrases,neutral_centroid,bielik_1_5b_v3,qwen3_embedding_8b,10,6,0.42857142857142855,0.6,-0.00042283298097252597,2.5,klucz; książka; portfel; prezent; stół; zamknięte drzwi
pl,object,sadness,identity,centroid_phrases,neutral_centroid,gemini,mmlw_roberta_large,10,3,0.17647058823529413,0.3,-0.5454545454545454,5.666666666666667,klucz; książka; stół
pl,object,sadness,identity,centroid_phrases,neutral_centroid,gemini,qwen3_embedding_8b,10,7,0.5384615384615384,0.7,0.2580808080808081,3.0,klucz; książka; pajęczyna; portfel; prezent; stół; zabawka
pl,object,sadness,identity,centroid_phrases,neutral_centroid,mmlw_roberta_large,qwen3_embedding_8b,10,3,0.17647058823529413,0.3,-0.6951704545454541,6.666666666666667,klucz; książka; stół
pl,object,sadness,identity,single_word,neutral_centroid,bielik_1_5b_v3,gemini,10,5,0.3333333333333333,0.5,0.11636363636363634,1.4,klucz; książka; portfel; prezent; stół
pl,object,sadness,identity,single_word,neutral_centroid,bielik_1_5b_v3,mmlw_roberta_large,10,4,0.25,0.4,-0.6382775119617224,3.5,klucz; książka; medal; stół
pl,object,sadness,identity,single_word,neutral_centroid,bielik_1_5b_v3,qwen3_embedding_8b,10,6,0.42857142857142855,0.6,-0.00042283298097252597,2.5,klucz; książka; portfel; prezent; stół; zamknięte drzwi
pl,object,sadness,identity,single_word,neutral_centroid,gemini,mmlw_roberta_large,10,3,0.17647058823529413,0.3,-0.5454545454545454,5.666666666666667,klucz; książka; stół
pl,object,sadness,identity,single_word,neutral_centroid,gemini,qwen3_embedding_8b,10,7,0.5384615384615384,0.7,0.2580808080808081,3.0,klucz; książka; pajęczyna; portfel; prezent; stół; zabawka
pl,object,sadness,identity,single_word,neutral_centroid,mmlw_roberta_large,qwen3_embedding_8b,10,3,0.17647058823529413,0.3,-0.6951704545454541,6.666666666666667,klucz; książka; stół
pl,object,sadness,random,centroid_phrases,neutral_centroid,bielik_1_5b_v3,gemini,10,6,0.42857142857142855,0.6,0.20084566596194495,2.8333333333333335,klucz; krzesło; książka; portfel; prezent; stół
pl,object,sadness,random,centroid_phrases,neutral_centroid,bielik_1_5b_v3,mmlw_roberta_large,10,3,0.17647058823529413,0.3,-0.7096590909090907,6.0,fotografia; klucz; stół
pl,object,sadness,random,centroid_phrases,neutral_centroid,bielik_1_5b_v3,qwen3_embedding_8b,10,5,0.3333333333333333,0.5,0.16,4.0,książka; portfel; prezent; stół; zamknięte drzwi
pl,object,sadness,random,centroid_phrases,neutral_centroid,gemini,mmlw_roberta_large,10,3,0.17647058823529413,0.3,-0.6082386363636363,2.6666666666666665,klucz; pajęczyna; stół
pl,object,sadness,random,centroid_phrases,neutral_centroid,gemini,qwen3_embedding_8b,10,7,0.5384615384615384,0.7,0.24494949494949494,3.5714285714285716,książka; pajęczyna; pierścionek; portfel; prezent; stół; zabawka
pl,object,sadness,random,centroid_phrases,neutral_centroid,mmlw_roberta_large,qwen3_embedding_8b,10,2,0.1111111111111111,0.2,-0.6087067861715748,4.5,pajęczyna; stół
pl,object,sadness,random,single_word,neutral_centroid,bielik_1_5b_v3,gemini,10,6,0.42857142857142855,0.6,0.20084566596194495,2.8333333333333335,klucz; krzesło; książka; portfel; prezent; stół
pl,object,sadness,random,single_word,neutral_centroid,bielik_1_5b_v3,mmlw_roberta_large,10,3,0.17647058823529413,0.3,-0.7096590909090907,6.0,fotografia; klucz; stół
pl,object,sadness,random,single_word,neutral_centroid,bielik_1_5b_v3,qwen3_embedding_8b,10,5,0.3333333333333333,0.5,0.16,4.0,książka; portfel; prezent; stół; zamknięte drzwi
pl,object,sadness,random,single_word,neutral_centroid,gemini,mmlw_roberta_large,10,3,0.17647058823529413,0.3,-0.6082386363636363,2.6666666666666665,klucz; pajęczyna; stół
pl,object,sadness,random,single_word,neutral_centroid,gemini,qwen3_embedding_8b,10,7,0.5384615384615384,0.7,0.24494949494949494,3.5714285714285716,książka; pajęczyna; pierścionek; portfel; prezent; stół; zabawka
pl,object,sadness,random,single_word,neutral_centroid,mmlw_roberta_large,qwen3_embedding_8b,10,2,0.1111111111111111,0.2,-0.6087067861715748,4.5,pajęczyna; stół
pl,object,sadness,shuffled_emotion,centroid_phrases,neutral_centroid,bielik_1_5b_v3,gemini,10,4,0.25,0.4,-0.5770334928229665,4.75,portfel; worek śmieci; zamknięte drzwi; znak ostrzegawczy
pl,object,sadness,shuffled_emotion,centroid_phrases,neutral_centroid,bielik_1_5b_v3,mmlw_roberta_large,10,4,0.25,0.4,-0.37799043062200954,3.75,list miłosny; podarta fotografia; rozbite szkło; znak ostrzegawczy
pl,object,sadness,shuffled_emotion,centroid_phrases,neutral_centroid,bielik_1_5b_v3,qwen3_embedding_8b,10,4,0.25,0.4,-0.4851674641148325,3.5,podarta fotografia; rozbite szkło; szpitalna igła; worek śmieci
pl,object,sadness,shuffled_emotion,centroid_phrases,neutral_centroid,gemini,mmlw_roberta_large,10,2,0.1111111111111111,0.2,-0.687067861715749,3.5,znak ostrzegawczy; zużyty bandaż
pl,object,sadness,shuffled_emotion,centroid_phrases,neutral_centroid,gemini,qwen3_embedding_8b,10,4,0.25,0.4,-0.28102073365231256,4.25,książka; worek śmieci; zabawka; śmieszna maska
pl,object,sadness,shuffled_emotion,centroid_phrases,neutral_centroid,mmlw_roberta_large,qwen3_embedding_8b,10,3,0.17647058823529413,0.3,-0.4198863636363636,4.333333333333333,pajęczyna; podarta fotografia; rozbite szkło
pl,object,sadness,shuffled_emotion,single_word,neutral_centroid,bielik_1_5b_v3,gemini,10,3,0.17647058823529413,0.3,-0.3522727272727273,5.666666666666667,książka; portfel; worek śmieci
pl,object,sadness,shuffled_emotion,single_word,neutral_centroid,bielik_1_5b_v3,mmlw_roberta_large,10,3,0.17647058823529413,0.3,-0.6565340909090908,2.6666666666666665,klucz; książka; list miłosny
pl,object,sadness,shuffled_emotion,single_word,neutral_centroid,bielik_1_5b_v3,qwen3_embedding_8b,10,4,0.25,0.4,-0.1534290271132376,2.25,książka; prezent; stół; worek śmieci
pl,object,sadness,shuffled_emotion,single_word,neutral_centroid,gemini,mmlw_roberta_large,10,4,0.25,0.4,-0.7352472089314194,5.5,książka; pajęczyna; znak ostrzegawczy; zużyty bandaż
pl,object,sadness,shuffled_emotion,single_word,neutral_centroid,gemini,qwen3_embedding_8b,10,5,0.3333333333333333,0.5,0.10545454545454547,3.2,książka; pajęczyna; worek śmieci; zabawka; znak ostrzegawczy
pl,object,sadness,shuffled_emotion,single_word,neutral_centroid,mmlw_roberta_large,qwen3_embedding_8b,10,5,0.3333333333333333,0.5,-0.5927272727272724,6.0,książka; kwiat; pajęczyna; rozbite szkło; znak ostrzegawczy
pl,person,anger,emotion,centroid_phrases,neutral_centroid,bielik_1_5b_v3,gemini,10,4,0.25,0.4,-0.33205741626794255,2.25,dziecko; irytujący pasażer; radosna panna młoda; zły klient
pl,person,anger,emotion,centroid_phrases,neutral_centroid,bielik_1_5b_v3,mmlw_roberta_large,10,5,0.3333333333333333,0.5,-0.38,4.4,dziecko; kochana babcia; muzyk; radosna panna młoda; smutna wdowa
pl,person,anger,emotion,centroid_phrases,neutral_centroid,bielik_1_5b_v3,qwen3_embedding_8b,10,4,0.25,0.4,-0.2146730462519936,2.0,irytujący pasażer; kochana babcia; przyjaciel; zły klient
pl,person,anger,emotion,centroid_phrases,neutral_centroid,gemini,mmlw_roberta_large,10,5,0.3333333333333333,0.5,-0.5436363636363638,4.8,dziecko; gość; podekscytowany kibic; radosna panna młoda; zazdrosny rywal
pl,person,anger,emotion,centroid_phrases,neutral_centroid,gemini,qwen3_embedding_8b,10,5,0.3333333333333333,0.5,-0.01454545454545458,2.0,gość; irytujący pasażer; niebezpieczny przestępca; okrutny szef; zły klient
pl,person,anger,emotion,centroid_phrases,neutral_centroid,mmlw_roberta_large,qwen3_embedding_8b,10,3,0.17647058823529413,0.3,-0.34744318181818185,1.6666666666666667,gość; kochana babcia; nieznajomy
pl,person,anger,emotion,single_word,neutral_centroid,bielik_1_5b_v3,gemini,10,5,0.3333333333333333,0.5,-0.3145454545454546,2.8,bohater; dziecko; gość; lekarz; zły klient
pl,person,anger,emotion,single_word,neutral_centroid,bielik_1_5b_v3,mmlw_roberta_large,10,3,0.17647058823529413,0.3,-0.6082386363636363,3.3333333333333335,gość; muzyk; zły klient
pl,person,anger,emotion,single_word,neutral_centroid,bielik_1_5b_v3,qwen3_embedding_8b,10,4,0.25,0.4,-0.22998405103668257,2.75,bohater; gość; przyjaciel; zły klient
pl,person,anger,emotion,single_word,neutral_centroid,gemini,mmlw_roberta_large,10,5,0.3333333333333333,0.5,-0.390909090909091,4.6,gość; irytujący pasażer; okrutny szef; zazdrosny rywal; zły klient
pl,person,anger,emotion,single_word,neutral_centroid,gemini,qwen3_embedding_8b,10,5,0.3333333333333333,0.5,-0.27090909090909093,3.0,bohater; gość; niebezpieczny przestępca; okrutny szef; zły klient
pl,person,anger,emotion,single_word,neutral_centroid,mmlw_roberta_large,qwen3_embedding_8b,10,6,0.42857142857142855,0.6,-0.03594080338266384,4.0,gość; nieznajomy; odrażający prześladowca; okrutny szef; smutna wdowa; zły klient
pl,person,anger,identity,centroid_phrases,neutral_centroid,bielik_1_5b_v3,gemini,10,6,0.42857142857142855,0.6,0.029175475687103568,2.6666666666666665,bohater; dziecko; gość; nauczyciel; przyjaciel; zaufany kolega
pl,person,anger,identity,centroid_phrases,neutral_centroid,bielik_1_5b_v3,mmlw_roberta_large,10,8,0.6666666666666666,0.8,0.09717868338557994,3.25,bohater; dziecko; gość; muzyk; nauczyciel; partner; przyjaciel; sportowiec
pl,person,anger,identity,centroid_phrases,neutral_centroid,bielik_1_5b_v3,qwen3_embedding_8b,10,4,0.25,0.4,-0.07177033492822965,2.5,bohater; gość; partner; przyjaciel
pl,person,anger,identity,centroid_phrases,neutral_centroid,gemini,mmlw_roberta_large,10,6,0.42857142857142855,0.6,-0.13065539112050736,1.3333333333333333,bohater; dziecko; gość; nauczyciel; nieznajomy; przyjaciel
pl,person,anger,identity,centroid_phrases,neutral_centroid,gemini,qwen3_embedding_8b,10,5,0.3333333333333333,0.5,-0.00909090909090911,3.6,bohater; gość; nieznajomy; przyjaciel; rodzic
pl,person,anger,identity,centroid_phrases,neutral_centroid,mmlw_roberta_large,qwen3_embedding_8b,10,5,0.3333333333333333,0.5,-0.2327272727272727,3.8,bohater; gość; nieznajomy; partner; przyjaciel
pl,person,anger,identity,single_word,neutral_centroid,bielik_1_5b_v3,gemini,10,6,0.42857142857142855,0.6,0.029175475687103568,2.6666666666666665,bohater; dziecko; gość; nauczyciel; przyjaciel; zaufany kolega
pl,person,anger,identity,single_word,neutral_centroid,bielik_1_5b_v3,mmlw_roberta_large,10,8,0.6666666666666666,0.8,0.09717868338557994,3.25,bohater; dziecko; gość; muzyk; nauczyciel; partner; przyjaciel; sportowiec
pl,person,anger,identity,single_word,neutral_centroid,bielik_1_5b_v3,qwen3_embedding_8b,10,4,0.25,0.4,-0.07177033492822965,2.5,bohater; gość; partner; przyjaciel
pl,person,anger,identity,single_word,neutral_centroid,gemini,mmlw_roberta_large,10,6,0.42857142857142855,0.6,-0.13065539112050736,1.3333333333333333,bohater; dziecko; gość; nauczyciel; nieznajomy; przyjaciel
pl,person,anger,identity,single_word,neutral_centroid,gemini,qwen3_embedding_8b,10,5,0.3333333333333333,0.5,-0.00909090909090911,3.6,bohater; gość; nieznajomy; przyjaciel; rodzic
pl,person,anger,identity,single_word,neutral_centroid,mmlw_roberta_large,qwen3_embedding_8b,10,5,0.3333333333333333,0.5,-0.2327272727272727,3.8,bohater; gość; nieznajomy; partner; przyjaciel
pl,person,anger,random,centroid_phrases,neutral_centroid,bielik_1_5b_v3,gemini,10,4,0.25,0.4,0.09154704944178628,1.25,dziecko; gość; nauczyciel; przyjaciel
pl,person,anger,random,centroid_phrases,neutral_centroid,bielik_1_5b_v3,mmlw_roberta_large,10,3,0.17647058823529413,0.3,0.06306818181818177,1.0,dziecko; gość; muzyk
pl,person,anger,random,centroid_phrases,neutral_centroid,bielik_1_5b_v3,qwen3_embedding_8b,10,5,0.3333333333333333,0.5,-0.25999999999999995,2.4,gość; okrutny szef; partner; przyjaciel; samotny student
pl,person,anger,random,centroid_phrases,neutral_centroid,gemini,mmlw_roberta_large,10,5,0.3333333333333333,0.5,0.06181818181818177,2.2,bohater; dziecko; gość; lekarz; sportowiec
pl,person,anger,random,centroid_phrases,neutral_centroid,gemini,qwen3_embedding_8b,10,5,0.3333333333333333,0.5,-0.01999999999999997,3.6,bohater; gość; nieznajomy; przyjaciel; sąsiad
pl,person,anger,random,centroid_phrases,neutral_centroid,mmlw_roberta_large,qwen3_embedding_8b,10,2,0.1111111111111111,0.2,-0.25838668373879625,1.0,bohater; gość
pl,person,anger,random,single_word,neutral_centroid,bielik_1_5b_v3,gemini,10,4,0.25,0.4,0.09154704944178628,1.25,dziecko; gość; nauczyciel; przyjaciel
pl,person,anger,random,single_word,neutral_centroid,bielik_1_5b_v3,mmlw_roberta_large,10,3,0.17647058823529413,0.3,0.06306818181818177,1.0,dziecko; gość; muzyk
pl,person,anger,random,single_word,neutral_centroid,bielik_1_5b_v3,qwen3_embedding_8b,10,5,0.3333333333333333,0.5,-0.25999999999999995,2.4,gość; okrutny szef; partner; przyjaciel; samotny student
pl,person,anger,random,single_word,neutral_centroid,gemini,mmlw_roberta_large,10,5,0.3333333333333333,0.5,0.06181818181818177,2.2,bohater; dziecko; gość; lekarz; sportowiec
pl,person,anger,random,single_word,neutral_centroid,gemini,qwen3_embedding_8b,10,5,0.3333333333333333,0.5,-0.01999999999999997,3.6,bohater; gość; nieznajomy; przyjaciel; sąsiad
pl,person,anger,random,single_word,neutral_centroid,mmlw_roberta_large,qwen3_embedding_8b,10,2,0.1111111111111111,0.2,-0.25838668373879625,1.0,bohater; gość
pl,person,anger,shuffled_emotion,centroid_phrases,neutral_centroid,bielik_1_5b_v3,gemini,10,5,0.3333333333333333,0.5,-0.03636363636363637,3.8,dziecko; pogrążony w żałobie ojciec; przestraszone dziecko; przyjaciel; smutna wdowa
pl,person,anger,shuffled_emotion,centroid_phrases,neutral_centroid,bielik_1_5b_v3,mmlw_roberta_large,10,6,0.42857142857142855,0.6,-0.18393234672304434,4.0,dziecko; kochana babcia; muzyk; pogrążony w żałobie ojciec; przyjaciel; smutna wdowa
pl,person,anger,shuffled_emotion,centroid_phrases,neutral_centroid,bielik_1_5b_v3,qwen3_embedding_8b,10,4,0.25,0.4,-0.21977671451355657,3.75,kochana babcia; pogrążony w żałobie ojciec; przyjaciel; smutna wdowa
pl,person,anger,shuffled_emotion,centroid_phrases,neutral_centroid,gemini,mmlw_roberta_large,10,6,0.42857142857142855,0.6,0.04693446088794926,2.5,dziecko; gość; pogrążony w żałobie ojciec; przyjaciel; smutna wdowa; zazdrosny rywal
pl,person,anger,shuffled_emotion,centroid_phrases,neutral_centroid,gemini,qwen3_embedding_8b,10,5,0.3333333333333333,0.5,0.11090909090909087,1.2,gość; okrutny szef; pogrążony w żałobie ojciec; przyjaciel; smutna wdowa
pl,person,anger,shuffled_emotion,centroid_phrases,neutral_centroid,mmlw_roberta_large,qwen3_embedding_8b,10,6,0.42857142857142855,0.6,0.18308668076109932,3.0,gość; kochana babcia; nieznajomy; pogrążony w żałobie ojciec; przyjaciel; smutna wdowa
pl,person,anger,shuffled_emotion,single_word,neutral_centroid,bielik_1_5b_v3,gemini,10,5,0.3333333333333333,0.5,-0.4454545454545454,3.2,bohater; dziecko; gość; lekarz; muzyk
pl,person,anger,shuffled_emotion,single_word,neutral_centroid,bielik_1_5b_v3,mmlw_roberta_large,10,3,0.17647058823529413,0.3,-0.29914772727272726,3.3333333333333335,bohater; dziecko; muzyk
pl,person,anger,shuffled_emotion,single_word,neutral_centroid,bielik_1_5b_v3,qwen3_embedding_8b,10,4,0.25,0.4,-0.43413078149920253,2.5,bohater; gość; muzyk; partner
pl,person,anger,shuffled_emotion,single_word,neutral_centroid,gemini,mmlw_roberta_large,10,5,0.3333333333333333,0.5,-0.20545454545454547,3.2,bohater; dziecko; muzyk; rodzic; smutna wdowa
pl,person,anger,shuffled_emotion,single_word,neutral_centroid,gemini,qwen3_embedding_8b,10,5,0.3333333333333333,0.5,-0.17818181818181816,2.6,bohater; gość; muzyk; okrutny szef; smutna wdowa
pl,person,anger,shuffled_emotion,single_word,neutral_centroid,mmlw_roberta_large,qwen3_embedding_8b,10,4,0.25,0.4,-0.29633173843700156,4.75,bohater; muzyk; nieznajomy; smutna wdowa
pl,person,disgust,emotion,centroid_phrases,neutral_centroid,bielik_1_5b_v3,gemini,10,4,0.25,0.4,-0.2044657097288676,3.0,dziecko; irytujący pasażer; przestraszone dziecko; zły klient
pl,person,disgust,emotion,centroid_phrases,neutral_centroid,bielik_1_5b_v3,mmlw_roberta_large,10,5,0.3333333333333333,0.5,-0.22727272727272727,2.8,dziecko; pogrążony w żałobie ojciec; przestraszone dziecko; radosna panna młoda; smutna wdowa
pl,person,disgust,emotion,centroid_phrases,neutral_centroid,bielik_1_5b_v3,qwen3_embedding_8b,10,4,0.25,0.4,-0.5821371610845295,2.5,irytujący pasażer; kochana babcia; przyjaciel; smutna wdowa
pl,person,disgust,emotion,centroid_phrases,neutral_centroid,gemini,mmlw_roberta_large,10,5,0.3333333333333333,0.5,-0.24363636363636362,2.4,dziecko; gość; odrażający prześladowca; przestraszone dziecko; zazdrosny rywal
pl,person,disgust,emotion,centroid_phrases,neutral_centroid,gemini,qwen3_embedding_8b,10,5,0.3333333333333333,0.5,0.0072727272727272415,3.2,gość; irytujący pasażer; niebezpieczny przestępca; odrażający prześladowca; okrutny szef
pl,person,disgust,emotion,centroid_phrases,neutral_centroid,mmlw_roberta_large,qwen3_embedding_8b,10,4,0.25,0.4,0.14258373205741626,3.25,gość; nieznajomy; odrażający prześladowca; smutna wdowa
pl,person,disgust,emotion,single_word,neutral_centroid,bielik_1_5b_v3,gemini,10,2,0.1111111111111111,0.2,-0.4151088348271446,3.0,dziecko; gość
pl,person,disgust,emotion,single_word,neutral_centroid,bielik_1_5b_v3,mmlw_roberta_large,10,4,0.25,0.4,-0.5311004784688995,3.25,dziecko; gość; muzyk; sportowiec
pl,person,disgust,emotion,single_word,neutral_centroid,bielik_1_5b_v3,qwen3_embedding_8b,10,2,0.1111111111111111,0.2,-0.33213828425096026,2.0,bohater; gość
pl,person,disgust,emotion,single_word,neutral_centroid,gemini,mmlw_roberta_large,10,5,0.3333333333333333,0.5,-0.08545454545454544,2.4,dziecko; gość; lekarz; odrażający prześladowca; przestraszone dziecko
pl,person,disgust,emotion,single_word,neutral_centroid,gemini,qwen3_embedding_8b,10,6,0.42857142857142855,0.6,-0.11881606765327696,3.0,gość; irytujący pasażer; niebezpieczny przestępca; odrażający prześladowca; okrutny szef; zły klient
pl,person,disgust,emotion,single_word,neutral_centroid,mmlw_roberta_large,qwen3_embedding_8b,10,4,0.25,0.4,0.3059011164274322,1.0,gość; nieznajomy; odrażający prześladowca; smutna wdowa
pl,person,disgust,identity,centroid_phrases,neutral_centroid,bielik_1_5b_v3,gemini,10,6,0.42857142857142855,0.6,0.029175475687103568,2.6666666666666665,bohater; dziecko; gość; nauczyciel; przyjaciel; zaufany kolega
pl,person,disgust,identity,centroid_phrases,neutral_centroid,bielik_1_5b_v3,mmlw_roberta_large,10,8,0.6666666666666666,0.8,0.09717868338557994,3.25,bohater; dziecko; gość; muzyk; nauczyciel; partner; przyjaciel; sportowiec
pl,person,disgust,identity,centroid_phrases,neutral_centroid,bielik_1_5b_v3,qwen3_embedding_8b,10,4,0.25,0.4,-0.07177033492822965,2.5,bohater; gość; partner; przyjaciel
pl,person,disgust,identity,centroid_phrases,neutral_centroid,gemini,mmlw_roberta_large,10,6,0.42857142857142855,0.6,-0.13065539112050736,1.3333333333333333,bohater; dziecko; gość; nauczyciel; nieznajomy; przyjaciel
pl,person,disgust,identity,centroid_phrases,neutral_centroid,gemini,qwen3_embedding_8b,10,5,0.3333333333333333,0.5,-0.00909090909090911,3.6,bohater; gość; nieznajomy; przyjaciel; rodzic
pl,person,disgust,identity,centroid_phrases,neutral_centroid,mmlw_roberta_large,qwen3_embedding_8b,10,5,0.3333333333333333,0.5,-0.2327272727272727,3.8,bohater; gość; nieznajomy; partner; przyjaciel
pl,person,disgust,identity,single_word,neutral_centroid,bielik_1_5b_v3,gemini,10,6,0.42857142857142855,0.6,0.029175475687103568,2.6666666666666665,bohater; dziecko; gość; nauczyciel; przyjaciel; zaufany kolega
pl,person,disgust,identity,single_word,neutral_centroid,bielik_1_5b_v3,mmlw_roberta_large,10,8,0.6666666666666666,0.8,0.09717868338557994,3.25,bohater; dziecko; gość; muzyk; nauczyciel; partner; przyjaciel; sportowiec
pl,person,disgust,identity,single_word,neutral_centroid,bielik_1_5b_v3,qwen3_embedding_8b,10,4,0.25,0.4,-0.07177033492822965,2.5,bohater; gość; partner; przyjaciel
pl,person,disgust,identity,single_word,neutral_centroid,gemini,mmlw_roberta_large,10,6,0.42857142857142855,0.6,-0.13065539112050736,1.3333333333333333,bohater; dziecko; gość; nauczyciel; nieznajomy; przyjaciel
pl,person,disgust,identity,single_word,neutral_centroid,gemini,qwen3_embedding_8b,10,5,0.3333333333333333,0.5,-0.00909090909090911,3.6,bohater; gość; nieznajomy; przyjaciel; rodzic
pl,person,disgust,identity,single_word,neutral_centroid,mmlw_roberta_large,qwen3_embedding_8b,10,5,0.3333333333333333,0.5,-0.2327272727272727,3.8,bohater; gość; nieznajomy; partner; przyjaciel
pl,person,disgust,random,centroid_phrases,neutral_centroid,bielik_1_5b_v3,gemini,10,5,0.3333333333333333,0.5,-0.15636363636363632,2.6,dziecko; gość; nauczyciel; nieznajomy; zaufany kolega
pl,person,disgust,random,centroid_phrases,neutral_centroid,bielik_1_5b_v3,mmlw_roberta_large,10,5,0.3333333333333333,0.5,-0.24363636363636357,2.4,gość; muzyk; nauczyciel; przyjaciel; sportowiec
pl,person,disgust,random,centroid_phrases,neutral_centroid,bielik_1_5b_v3,qwen3_embedding_8b,10,4,0.25,0.4,-0.1534290271132376,3.75,bohater; gość; nieznajomy; przyjaciel
pl,person,disgust,random,centroid_phrases,neutral_centroid,gemini,mmlw_roberta_large,10,4,0.25,0.4,-0.19425837320574163,3.25,gość; lekarz; nauczyciel; rodzic
pl,person,disgust,random,centroid_phrases,neutral_centroid,gemini,qwen3_embedding_8b,10,5,0.3333333333333333,0.5,-0.1836363636363636,3.8,gość; nieznajomy; rodzic; samotny student; sąsiad
pl,person,disgust,random,centroid_phrases,neutral_centroid,mmlw_roberta_large,qwen3_embedding_8b,10,4,0.25,0.4,-0.33205741626794255,1.5,gość; partner; przyjaciel; rodzic
pl,person,disgust,random,single_word,neutral_centroid,bielik_1_5b_v3,gemini,10,5,0.3333333333333333,0.5,-0.15636363636363632,2.6,dziecko; gość; nauczyciel; nieznajomy; zaufany kolega
pl,person,disgust,random,single_word,neutral_centroid,bielik_1_5b_v3,mmlw_roberta_large,10,5,0.3333333333333333,0.5,-0.24363636363636357,2.4,gość; muzyk; nauczyciel; przyjaciel; sportowiec
pl,person,disgust,random,single_word,neutral_centroid,bielik_1_5b_v3,qwen3_embedding_8b,10,4,0.25,0.4,-0.1534290271132376,3.75,bohater; gość; nieznajomy; przyjaciel
pl,person,disgust,random,single_word,neutral_centroid,gemini,mmlw_roberta_large,10,4,0.25,0.4,-0.19425837320574163,3.25,gość; lekarz; nauczyciel; rodzic
pl,person,disgust,random,single_word,neutral_centroid,gemini,qwen3_embedding_8b,10,5,0.3333333333333333,0.5,-0.1836363636363636,3.8,gość; nieznajomy; rodzic; samotny student; sąsiad
pl,person,disgust,random,single_word,neutral_centroid,mmlw_roberta_large,qwen3_embedding_8b,10,4,0.25,0.4,-0.33205741626794255,1.5,gość; partner; przyjaciel; rodzic
pl,person,disgust,shuffled_emotion,centroid_phrases,neutral_centroid,bielik_1_5b_v3,gemini,10,3,0.17647058823529413,0.3,-0.3715909090909091,3.3333333333333335,dziecko; przyjaciel; radosna panna młoda
pl,person,disgust,shuffled_emotion,centroid_phrases,neutral_centroid,bielik_1_5b_v3,mmlw_roberta_large,10,6,0.42857142857142855,0.6,-0.3023255813953488,4.0,dziecko; kochana babcia; muzyk; przyjaciel; radosna panna młoda; smutna wdowa
pl,person,disgust,shuffled_emotion,centroid_phrases,neutral_centroid,bielik_1_5b_v3,qwen3_embedding_8b,10,4,0.25,0.4,-0.4086124401913876,3.75,dziecko; kochana babcia; przyjaciel; smutna wdowa
pl,person,disgust,shuffled_emotion,centroid_phrases,neutral_centroid,gemini,mmlw_roberta_large,10,6,0.42857142857142855,0.6,0.4494714587737843,0.8333333333333334,bohater; dziecko; gość; podekscytowany kibic; przyjaciel; radosna panna młoda
pl,person,disgust,shuffled_emotion,centroid_phrases,neutral_centroid,gemini,qwen3_embedding_8b,10,4,0.25,0.4,-0.2350877192982456,4.0,bohater; dziecko; gość; przyjaciel
pl,person,disgust,shuffled_emotion,centroid_phrases,neutral_centroid,mmlw_roberta_large,qwen3_embedding_8b,10,6,0.42857142857142855,0.6,-0.3200845665961943,2.6666666666666665,bohater; dziecko; gość; kochana babcia; przyjaciel; smutna wdowa
pl,person,disgust,shuffled_emotion,single_word,neutral_centroid,bielik_1_5b_v3,gemini,10,6,0.42857142857142855,0.6,0.07061310782241012,4.0,bohater; dziecko; gość; lekarz; przyjaciel; radosna panna młoda
pl,person,disgust,shuffled_emotion,single_word,neutral_centroid,bielik_1_5b_v3,mmlw_roberta_large,10,7,0.5384615384615384,0.7,-0.004545454545454578,3.5714285714285716,bohater; dziecko; gość; kochana babcia; muzyk; partner; radosna panna młoda
pl,person,disgust,shuffled_emotion,single_word,neutral_centroid,bielik_1_5b_v3,qwen3_embedding_8b,10,6,0.42857142857142855,0.6,0.1653276955602537,1.8333333333333333,bohater; gość; kochana babcia; partner; przyjaciel; radosna panna młoda
pl,person,disgust,shuffled_emotion,single_word,neutral_centroid,gemini,mmlw_roberta_large,10,5,0.3333333333333333,0.5,0.4327272727272726,1.6,bohater; dziecko; gość; podekscytowany kibic; radosna panna młoda
pl,person,disgust,shuffled_emotion,single_word,neutral_centroid,gemini,qwen3_embedding_8b,10,6,0.42857142857142855,0.6,0.2896405919661733,2.5,bohater; gość; przyjaciel; radosna panna młoda; rodzic; sąsiad
pl,person,disgust,shuffled_emotion,single_word,neutral_centroid,mmlw_roberta_large,qwen3_embedding_8b,10,6,0.42857142857142855,0.6,-0.17801268498942915,3.5,bohater; gość; kochana babcia; partner; radosna panna młoda; smutna wdowa
pl,person,joy,emotion,centroid_phrases,neutral_centroid,bielik_1_5b_v3,gemini,10,3,0.17647058823529413,0.3,-0.3715909090909091,3.3333333333333335,dziecko; przyjaciel; radosna panna młoda
pl,person,joy,emotion,centroid_phrases,neutral_centroid,bielik_1_5b_v3,mmlw_roberta_large,10,6,0.42857142857142855,0.6,-0.3023255813953488,4.0,dziecko; kochana babcia; muzyk; przyjaciel; radosna panna młoda; smutna wdowa
pl,person,joy,emotion,centroid_phrases,neutral_centroid,bielik_1_5b_v3,qwen3_embedding_8b,10,4,0.25,0.4,-0.4086124401913876,3.75,dziecko; kochana babcia; przyjaciel; smutna wdowa
pl,person,joy,emotion,centroid_phrases,neutral_centroid,gemini,mmlw_roberta_large,10,6,0.42857142857142855,0.6,0.4494714587737843,0.8333333333333334,bohater; dziecko; gość; podekscytowany kibic; przyjaciel; radosna panna młoda
pl,person,joy,emotion,centroid_phrases,neutral_centroid,gemini,qwen3_embedding_8b,10,4,0.25,0.4,-0.2350877192982456,4.0,bohater; dziecko; gość; przyjaciel
pl,person,joy,emotion,centroid_phrases,neutral_centroid,mmlw_roberta_large,qwen3_embedding_8b,10,6,0.42857142857142855,0.6,-0.3200845665961943,2.6666666666666665,bohater; dziecko; gość; kochana babcia; przyjaciel; smutna wdowa
pl,person,joy,emotion,single_word,neutral_centroid,bielik_1_5b_v3,gemini,10,6,0.42857142857142855,0.6,0.07061310782241012,4.0,bohater; dziecko; gość; lekarz; przyjaciel; radosna panna młoda
pl,person,joy,emotion,single_word,neutral_centroid,bielik_1_5b_v3,mmlw_roberta_large,10,7,0.5384615384615384,0.7,-0.004545454545454578,3.5714285714285716,bohater; dziecko; gość; kochana babcia; muzyk; partner; radosna panna młoda
pl,person,joy,emotion,single_word,neutral_centroid,bielik_1_5b_v3,qwen3_embedding_8b,10,6,0.42857142857142855,0.6,0.1653276955602537,1.8333333333333333,bohater; gość; kochana babcia; partner; przyjaciel; radosna panna młoda
pl,person,joy,emotion,single_word,neutral_centroid,gemini,mmlw_roberta_large,10,5,0.3333333333333333,0.5,0.4327272727272726,1.6,bohater; dziecko; gość; podekscytowany kibic; radosna panna młoda
pl,person,joy,emotion,single_word,neutral_centroid,gemini,qwen3_embedding_8b,10,6,0.42857142857142855,0.6,0.2896405919661733,2.5,bohater; gość; przyjaciel; radosna panna młoda; rodzic; sąsiad
pl,person,joy,emotion,single_word,neutral_centroid,mmlw_roberta_large,qwen3_embedding_8b,10,6,0.42857142857142855,0.6,-0.17801268498942915,3.5,bohater; gość; kochana babcia; partner; radosna panna młoda; smutna wdowa
pl,person,joy,identity,centroid_phrases,neutral_centroid,bielik_1_5b_v3,gemini,10,6,0.42857142857142855,0.6,0.029175475687103568,2.6666666666666665,bohater; dziecko; gość; nauczyciel; przyjaciel; zaufany kolega
pl,person,joy,identity,centroid_phrases,neutral_centroid,bielik_1_5b_v3,mmlw_roberta_large,10,8,0.6666666666666666,0.8,0.09717868338557994,3.25,bohater; dziecko; gość; muzyk; nauczyciel; partner; przyjaciel; sportowiec
pl,person,joy,identity,centroid_phrases,neutral_centroid,bielik_1_5b_v3,qwen3_embedding_8b,10,4,0.25,0.4,-0.07177033492822965,2.5,bohater; gość; partner; przyjaciel
pl,person,joy,identity,centroid_phrases,neutral_centroid,gemini,mmlw_roberta_large,10,6,0.42857142857142855,0.6,-0.13065539112050736,1.3333333333333333,bohater; dziecko; gość; nauczyciel; nieznajomy; przyjaciel
pl,person,joy,identity,centroid_phrases,neutral_centroid,gemini,qwen3_embedding_8b,10,5,0.3333333333333333,0.5,-0.00909090909090911,3.6,bohater; gość; nieznajomy; przyjaciel; rodzic
pl,person,joy,identity,centroid_phrases,neutral_centroid,mmlw_roberta_large,qwen3_embedding_8b,10,5,0.3333333333333333,0.5,-0.2327272727272727,3.8,bohater; gość; nieznajomy; partner; przyjaciel
pl,person,joy,identity,single_word,neutral_centroid,bielik_1_5b_v3,gemini,10,6,0.42857142857142855,0.6,0.029175475687103568,2.6666666666666665,bohater; dziecko; gość; nauczyciel; przyjaciel; zaufany kolega
pl,person,joy,identity,single_word,neutral_centroid,bielik_1_5b_v3,mmlw_roberta_large,10,8,0.6666666666666666,0.8,0.09717868338557994,3.25,bohater; dziecko; gość; muzyk; nauczyciel; partner; przyjaciel; sportowiec
pl,person,joy,identity,single_word,neutral_centroid,bielik_1_5b_v3,qwen3_embedding_8b,10,4,0.25,0.4,-0.07177033492822965,2.5,bohater; gość; partner; przyjaciel
pl,person,joy,identity,single_word,neutral_centroid,gemini,mmlw_roberta_large,10,6,0.42857142857142855,0.6,-0.13065539112050736,1.3333333333333333,bohater; dziecko; gość; nauczyciel; nieznajomy; przyjaciel
pl,person,joy,identity,single_word,neutral_centroid,gemini,qwen3_embedding_8b,10,5,0.3333333333333333,0.5,-0.00909090909090911,3.6,bohater; gość; nieznajomy; przyjaciel; rodzic
pl,person,joy,identity,single_word,neutral_centroid,mmlw_roberta_large,qwen3_embedding_8b,10,5,0.3333333333333333,0.5,-0.2327272727272727,3.8,bohater; gość; nieznajomy; partner; przyjaciel
pl,person,joy,random,centroid_phrases,neutral_centroid,bielik_1_5b_v3,gemini,10,5,0.3333333333333333,0.5,0.029090909090909108,3.8,bohater; dziecko; gość; lekarz; nauczyciel
pl,person,joy,random,centroid_phrases,neutral_centroid,bielik_1_5b_v3,mmlw_roberta_large,10,6,0.42857142857142855,0.6,-0.10697674418604648,5.333333333333333,bohater; gość; muzyk; nauczyciel; partner; sportowiec
pl,person,joy,random,centroid_phrases,neutral_centroid,bielik_1_5b_v3,qwen3_embedding_8b,10,4,0.25,0.4,0.08133971291866028,2.5,bohater; gość; partner; przyjaciel
pl,person,joy,random,centroid_phrases,neutral_centroid,gemini,mmlw_roberta_large,10,5,0.3333333333333333,0.5,-0.30363636363636365,2.2,bohater; gość; nauczyciel; nieznajomy; spokojny obserwator
pl,person,joy,random,centroid_phrases,neutral_centroid,gemini,qwen3_embedding_8b,10,4,0.25,0.4,-0.36778309409888355,3.5,bohater; gość; nieznajomy; rodzic
pl,person,joy,random,centroid_phrases,neutral_centroid,mmlw_roberta_large,qwen3_embedding_8b,10,4,0.25,0.4,-0.3422647527910685,2.75,bohater; gość; nieznajomy; partner
pl,person,joy,random,single_word,neutral_centroid,bielik_1_5b_v3,gemini,10,5,0.3333333333333333,0.5,0.029090909090909108,3.8,bohater; dziecko; gość; lekarz; nauczyciel
pl,person,joy,random,single_word,neutral_centroid,bielik_1_5b_v3,mmlw_roberta_large,10,6,0.42857142857142855,0.6,-0.10697674418604648,5.333333333333333,bohater; gość; muzyk; nauczyciel; partner; sportowiec
pl,person,joy,random,single_word,neutral_centroid,bielik_1_5b_v3,qwen3_embedding_8b,10,4,0.25,0.4,0.08133971291866028,2.5,bohater; gość; partner; przyjaciel
pl,person,joy,random,single_word,neutral_centroid,gemini,mmlw_roberta_large,10,5,0.3333333333333333,0.5,-0.30363636363636365,2.2,bohater; gość; nauczyciel; nieznajomy; spokojny obserwator
pl,person,joy,random,single_word,neutral_centroid,gemini,qwen3_embedding_8b,10,4,0.25,0.4,-0.36778309409888355,3.5,bohater; gość; nieznajomy; rodzic
pl,person,joy,random,single_word,neutral_centroid,mmlw_roberta_large,qwen3_embedding_8b,10,4,0.25,0.4,-0.3422647527910685,2.75,bohater; gość; nieznajomy; partner
pl,person,joy,shuffled_emotion,centroid_phrases,neutral_centroid,bielik_1_5b_v3,gemini,10,4,0.25,0.4,-0.33205741626794255,2.25,dziecko; irytujący pasażer; radosna panna młoda; zły klient
pl,person,joy,shuffled_emotion,centroid_phrases,neutral_centroid,bielik_1_5b_v3,mmlw_roberta_large,10,5,0.3333333333333333,0.5,-0.38,4.4,dziecko; kochana babcia; muzyk; radosna panna młoda; smutna wdowa
pl,person,joy,shuffled_emotion,centroid_phrases,neutral_centroid,bielik_1_5b_v3,qwen3_embedding_8b,10,4,0.25,0.4,-0.2146730462519936,2.0,irytujący pasażer; kochana babcia; przyjaciel; zły klient
pl,person,joy,shuffled_emotion,centroid_phrases,neutral_centroid,gemini,mmlw_roberta_large,10,5,0.3333333333333333,0.5,-0.5436363636363638,4.8,dziecko; gość; podekscytowany kibic; radosna panna młoda; zazdrosny rywal
pl,person,joy,shuffled_emotion,centroid_phrases,neutral_centroid,gemini,qwen3_embedding_8b,10,5,0.3333333333333333,0.5,-0.01454545454545458,2.0,gość; irytujący pasażer; niebezpieczny przestępca; okrutny szef; zły klient
pl,person,joy,shuffled_emotion,centroid_phrases,neutral_centroid,mmlw_roberta_large,qwen3_embedding_8b,10,3,0.17647058823529413,0.3,-0.34744318181818185,1.6666666666666667,gość; kochana babcia; nieznajomy
pl,person,joy,shuffled_emotion,single_word,neutral_centroid,bielik_1_5b_v3,gemini,10,5,0.3333333333333333,0.5,-0.3145454545454546,2.8,bohater; dziecko; gość; lekarz; zły klient
pl,person,joy,shuffled_emotion,single_word,neutral_centroid,bielik_1_5b_v3,mmlw_roberta_large,10,3,0.17647058823529413,0.3,-0.6082386363636363,3.3333333333333335,gość; muzyk; zły klient
pl,person,joy,shuffled_emotion,single_word,neutral_centroid,bielik_1_5b_v3,qwen3_embedding_8b,10,4,0.25,0.4,-0.22998405103668257,2.75,bohater; gość; przyjaciel; zły klient
pl,person,joy,shuffled_emotion,single_word,neutral_centroid,gemini,mmlw_roberta_large,10,5,0.3333333333333333,0.5,-0.390909090909091,4.6,gość; irytujący pasażer; okrutny szef; zazdrosny rywal; zły klient
pl,person,joy,shuffled_emotion,single_word,neutral_centroid,gemini,qwen3_embedding_8b,10,5,0.3333333333333333,0.5,-0.27090909090909093,3.0,bohater; gość; niebezpieczny przestępca; okrutny szef; zły klient
pl,person,joy,shuffled_emotion,single_word,neutral_centroid,mmlw_roberta_large,qwen3_embedding_8b,10,6,0.42857142857142855,0.6,-0.03594080338266384,4.0,gość; nieznajomy; odrażający prześladowca; okrutny szef; smutna wdowa; zły klient
pl,person,sadness,emotion,centroid_phrases,neutral_centroid,bielik_1_5b_v3,gemini,10,5,0.3333333333333333,0.5,-0.03636363636363637,3.8,dziecko; pogrążony w żałobie ojciec; przestraszone dziecko; przyjaciel; smutna wdowa
pl,person,sadness,emotion,centroid_phrases,neutral_centroid,bielik_1_5b_v3,mmlw_roberta_large,10,6,0.42857142857142855,0.6,-0.18393234672304434,4.0,dziecko; kochana babcia; muzyk; pogrążony w żałobie ojciec; przyjaciel; smutna wdowa
pl,person,sadness,emotion,centroid_phrases,neutral_centroid,bielik_1_5b_v3,qwen3_embedding_8b,10,4,0.25,0.4,-0.21977671451355657,3.75,kochana babcia; pogrążony w żałobie ojciec; przyjaciel; smutna wdowa
pl,person,sadness,emotion,centroid_phrases,neutral_centroid,gemini,mmlw_roberta_large,10,6,0.42857142857142855,0.6,0.04693446088794926,2.5,dziecko; gość; pogrążony w żałobie ojciec; przyjaciel; smutna wdowa; zazdrosny rywal
pl,person,sadness,emotion,centroid_phrases,neutral_centroid,gemini,qwen3_embedding_8b,10,5,0.3333333333333333,0.5,0.11090909090909087,1.2,gość; okrutny szef; pogrążony w żałobie ojciec; przyjaciel; smutna wdowa
pl,person,sadness,emotion,centroid_phrases,neutral_centroid,mmlw_roberta_large,qwen3_embedding_8b,10,6,0.42857142857142855,0.6,0.18308668076109932,3.0,gość; kochana babcia; nieznajomy; pogrążony w żałobie ojciec; przyjaciel; smutna wdowa
pl,person,sadness,emotion,single_word,neutral_centroid,bielik_1_5b_v3,gemini,10,5,0.3333333333333333,0.5,-0.4454545454545454,3.2,bohater; dziecko; gość; lekarz; muzyk
pl,person,sadness,emotion,single_word,neutral_centroid,bielik_1_5b_v3,mmlw_roberta_large,10,3,0.17647058823529413,0.3,-0.29914772727272726,3.3333333333333335,bohater; dziecko; muzyk
pl,person,sadness,emotion,single_word,neutral_centroid,bielik_1_5b_v3,qwen3_embedding_8b,10,4,0.25,0.4,-0.43413078149920253,2.5,bohater; gość; muzyk; partner
pl,person,sadness,emotion,single_word,neutral_centroid,gemini,mmlw_roberta_large,10,5,0.3333333333333333,0.5,-0.20545454545454547,3.2,bohater; dziecko; muzyk; rodzic; smutna wdowa
pl,person,sadness,emotion,single_word,neutral_centroid,gemini,qwen3_embedding_8b,10,5,0.3333333333333333,0.5,-0.17818181818181816,2.6,bohater; gość; muzyk; okrutny szef; smutna wdowa
pl,person,sadness,emotion,single_word,neutral_centroid,mmlw_roberta_large,qwen3_embedding_8b,10,4,0.25,0.4,-0.29633173843700156,4.75,bohater; muzyk; nieznajomy; smutna wdowa
pl,person,sadness,identity,centroid_phrases,neutral_centroid,bielik_1_5b_v3,gemini,10,6,0.42857142857142855,0.6,0.029175475687103568,2.6666666666666665,bohater; dziecko; gość; nauczyciel; przyjaciel; zaufany kolega
pl,person,sadness,identity,centroid_phrases,neutral_centroid,bielik_1_5b_v3,mmlw_roberta_large,10,8,0.6666666666666666,0.8,0.09717868338557994,3.25,bohater; dziecko; gość; muzyk; nauczyciel; partner; przyjaciel; sportowiec
pl,person,sadness,identity,centroid_phrases,neutral_centroid,bielik_1_5b_v3,qwen3_embedding_8b,10,4,0.25,0.4,-0.07177033492822965,2.5,bohater; gość; partner; przyjaciel
pl,person,sadness,identity,centroid_phrases,neutral_centroid,gemini,mmlw_roberta_large,10,6,0.42857142857142855,0.6,-0.13065539112050736,1.3333333333333333,bohater; dziecko; gość; nauczyciel; nieznajomy; przyjaciel
pl,person,sadness,identity,centroid_phrases,neutral_centroid,gemini,qwen3_embedding_8b,10,5,0.3333333333333333,0.5,-0.00909090909090911,3.6,bohater; gość; nieznajomy; przyjaciel; rodzic
pl,person,sadness,identity,centroid_phrases,neutral_centroid,mmlw_roberta_large,qwen3_embedding_8b,10,5,0.3333333333333333,0.5,-0.2327272727272727,3.8,bohater; gość; nieznajomy; partner; przyjaciel
pl,person,sadness,identity,single_word,neutral_centroid,bielik_1_5b_v3,gemini,10,6,0.42857142857142855,0.6,0.029175475687103568,2.6666666666666665,bohater; dziecko; gość; nauczyciel; przyjaciel; zaufany kolega
pl,person,sadness,identity,single_word,neutral_centroid,bielik_1_5b_v3,mmlw_roberta_large,10,8,0.6666666666666666,0.8,0.09717868338557994,3.25,bohater; dziecko; gość; muzyk; nauczyciel; partner; przyjaciel; sportowiec
pl,person,sadness,identity,single_word,neutral_centroid,bielik_1_5b_v3,qwen3_embedding_8b,10,4,0.25,0.4,-0.07177033492822965,2.5,bohater; gość; partner; przyjaciel
pl,person,sadness,identity,single_word,neutral_centroid,gemini,mmlw_roberta_large,10,6,0.42857142857142855,0.6,-0.13065539112050736,1.3333333333333333,bohater; dziecko; gość; nauczyciel; nieznajomy; przyjaciel
pl,person,sadness,identity,single_word,neutral_centroid,gemini,qwen3_embedding_8b,10,5,0.3333333333333333,0.5,-0.00909090909090911,3.6,bohater; gość; nieznajomy; przyjaciel; rodzic
pl,person,sadness,identity,single_word,neutral_centroid,mmlw_roberta_large,qwen3_embedding_8b,10,5,0.3333333333333333,0.5,-0.2327272727272727,3.8,bohater; gość; nieznajomy; partner; przyjaciel
pl,person,sadness,random,centroid_phrases,neutral_centroid,bielik_1_5b_v3,gemini,10,6,0.42857142857142855,0.6,-0.024101479915433394,3.1666666666666665,bohater; dziecko; gość; nauczyciel; przyjaciel; zaufany kolega
pl,person,sadness,random,centroid_phrases,neutral_centroid,bielik_1_5b_v3,mmlw_roberta_large,10,5,0.3333333333333333,0.5,0.24181818181818182,3.2,dziecko; gość; muzyk; nauczyciel; sportowiec
pl,person,sadness,random,centroid_phrases,neutral_centroid,bielik_1_5b_v3,qwen3_embedding_8b,10,4,0.25,0.4,0.06602870813397128,1.0,bohater; gość; partner; przyjaciel
pl,person,sadness,random,centroid_phrases,neutral_centroid,gemini,mmlw_roberta_large,10,5,0.3333333333333333,0.5,-0.1672727272727273,4.4,dziecko; gość; lekarz; nauczyciel; rodzic
pl,person,sadness,random,centroid_phrases,neutral_centroid,gemini,qwen3_embedding_8b,10,5,0.3333333333333333,0.5,-0.030909090909090914,3.8,bohater; gość; nieznajomy; przyjaciel; rodzic
pl,person,sadness,random,centroid_phrases,neutral_centroid,mmlw_roberta_large,qwen3_embedding_8b,10,3,0.17647058823529413,0.3,-0.4633522727272727,3.0,gość; rodzic; sąsiad
pl,person,sadness,random,single_word,neutral_centroid,bielik_1_5b_v3,gemini,10,6,0.42857142857142855,0.6,-0.024101479915433394,3.1666666666666665,bohater; dziecko; gość; nauczyciel; przyjaciel; zaufany kolega
pl,person,sadness,random,single_word,neutral_centroid,bielik_1_5b_v3,mmlw_roberta_large,10,5,0.3333333333333333,0.5,0.24181818181818182,3.2,dziecko; gość; muzyk; nauczyciel; sportowiec
pl,person,sadness,random,single_word,neutral_centroid,bielik_1_5b_v3,qwen3_embedding_8b,10,4,0.25,0.4,0.06602870813397128,1.0,bohater; gość; partner; przyjaciel
pl,person,sadness,random,single_word,neutral_centroid,gemini,mmlw_roberta_large,10,5,0.3333333333333333,0.5,-0.1672727272727273,4.4,dziecko; gość; lekarz; nauczyciel; rodzic
pl,person,sadness,random,single_word,neutral_centroid,gemini,qwen3_embedding_8b,10,5,0.3333333333333333,0.5,-0.030909090909090914,3.8,bohater; gość; nieznajomy; przyjaciel; rodzic
pl,person,sadness,random,single_word,neutral_centroid,mmlw_roberta_large,qwen3_embedding_8b,10,3,0.17647058823529413,0.3,-0.4633522727272727,3.0,gość; rodzic; sąsiad
pl,person,sadness,shuffled_emotion,centroid_phrases,neutral_centroid,bielik_1_5b_v3,gemini,10,4,0.25,0.4,-0.2044657097288676,3.0,dziecko; irytujący pasażer; przestraszone dziecko; zły klient
pl,person,sadness,shuffled_emotion,centroid_phrases,neutral_centroid,bielik_1_5b_v3,mmlw_roberta_large,10,5,0.3333333333333333,0.5,-0.22727272727272727,2.8,dziecko; pogrążony w żałobie ojciec; przestraszone dziecko; radosna panna młoda; smutna wdowa
pl,person,sadness,shuffled_emotion,centroid_phrases,neutral_centroid,bielik_1_5b_v3,qwen3_embedding_8b,10,4,0.25,0.4,-0.5821371610845295,2.5,irytujący pasażer; kochana babcia; przyjaciel; smutna wdowa
pl,person,sadness,shuffled_emotion,centroid_phrases,neutral_centroid,gemini,mmlw_roberta_large,10,5,0.3333333333333333,0.5,-0.24363636363636362,2.4,dziecko; gość; odrażający prześladowca; przestraszone dziecko; zazdrosny rywal
pl,person,sadness,shuffled_emotion,centroid_phrases,neutral_centroid,gemini,qwen3_embedding_8b,10,5,0.3333333333333333,0.5,0.0072727272727272415,3.2,gość; irytujący pasażer; niebezpieczny przestępca; odrażający prześladowca; okrutny szef
pl,person,sadness,shuffled_emotion,centroid_phrases,neutral_centroid,mmlw_roberta_large,qwen3_embedding_8b,10,4,0.25,0.4,0.14258373205741626,3.25,gość; nieznajomy; odrażający prześladowca; smutna wdowa
pl,person,sadness,shuffled_emotion,single_word,neutral_centroid,bielik_1_5b_v3,gemini,10,2,0.1111111111111111,0.2,-0.4151088348271446,3.0,dziecko; gość
pl,person,sadness,shuffled_emotion,single_word,neutral_centroid,bielik_1_5b_v3,mmlw_roberta_large,10,4,0.25,0.4,-0.5311004784688995,3.25,dziecko; gość; muzyk; sportowiec
pl,person,sadness,shuffled_emotion,single_word,neutral_centroid,bielik_1_5b_v3,qwen3_embedding_8b,10,2,0.1111111111111111,0.2,-0.33213828425096026,2.0,bohater; gość
pl,person,sadness,shuffled_emotion,single_word,neutral_centroid,gemini,mmlw_roberta_large,10,5,0.3333333333333333,0.5,-0.08545454545454544,2.4,dziecko; gość; lekarz; odrażający prześladowca; przestraszone dziecko
pl,person,sadness,shuffled_emotion,single_word,neutral_centroid,gemini,qwen3_embedding_8b,10,6,0.42857142857142855,0.6,-0.11881606765327696,3.0,gość; irytujący pasażer; niebezpieczny przestępca; odrażający prześladowca; okrutny szef; zły klient
pl,person,sadness,shuffled_emotion,single_word,neutral_centroid,mmlw_roberta_large,qwen3_embedding_8b,10,4,0.25,0.4,0.3059011164274322,1.0,gość; nieznajomy; odrażający prześladowca; smutna wdowa
pl,place,anger,emotion,centroid_phrases,neutral_centroid,bielik_1_5b_v3,gemini,10,2,0.1111111111111111,0.2,-0.21229193341869393,3.0,cmentarz; niebezpieczna ulica
pl,place,anger,emotion,centroid_phrases,neutral_centroid,bielik_1_5b_v3,mmlw_roberta_large,10,0,0.0,0.0,-0.6470588235294117,,
pl,place,anger,emotion,centroid_phrases,neutral_centroid,bielik_1_5b_v3,qwen3_embedding_8b,10,4,0.25,0.4,-0.16363636363636364,4.75,dom z dzieciństwa; muzeum; niebezpieczna ulica; zatłoczony przystanek
pl,place,anger,emotion,centroid_phrases,neutral_centroid,gemini,mmlw_roberta_large,10,4,0.25,0.4,-0.2146730462519936,2.5,brudna uliczka; cela więzienna; dworzec; plac zabaw
pl,place,anger,emotion,centroid_phrases,neutral_centroid,gemini,qwen3_embedding_8b,10,6,0.42857142857142855,0.6,-0.006342494714587734,2.0,brudna uliczka; cela więzienna; dworzec; kościół; niebezpieczna ulica; plac zabaw
pl,place,anger,emotion,centroid_phrases,neutral_centroid,mmlw_roberta_large,qwen3_embedding_8b,10,4,0.25,0.4,-0.06666666666666667,2.25,brudna uliczka; cela więzienna; dworzec; plac zabaw
pl,place,anger,emotion,single_word,neutral_centroid,bielik_1_5b_v3,gemini,10,2,0.1111111111111111,0.2,0.0181818181818182,0.5,cmentarz; muzeum
pl,place,anger,emotion,single_word,neutral_centroid,bielik_1_5b_v3,mmlw_roberta_large,10,2,0.1111111111111111,0.2,-0.5626120358514723,4.5,biuro; park
pl,place,anger,emotion,single_word,neutral_centroid,bielik_1_5b_v3,qwen3_embedding_8b,10,4,0.25,0.4,-0.2350877192982456,1.75,biuro; lotnisko; muzeum; niebezpieczna ulica
pl,place,anger,emotion,single_word,neutral_centroid,gemini,mmlw_roberta_large,10,5,0.3333333333333333,0.5,-0.4999999999999999,3.6,brudna uliczka; dom; dworzec; plac zabaw; sala ratunkowa
pl,place,anger,emotion,single_word,neutral_centroid,gemini,qwen3_embedding_8b,10,6,0.42857142857142855,0.6,-0.053699788583509496,2.0,brudna uliczka; ciemna piwnica; dworzec; kościół; muzeum; plac zabaw
pl,place,anger,emotion,single_word,neutral_centroid,mmlw_roberta_large,qwen3_embedding_8b,10,5,0.3333333333333333,0.5,-0.20545454545454542,2.6,biuro; brudna uliczka; cela więzienna; dworzec; plac zabaw
pl,place,anger,identity,centroid_phrases,neutral_centroid,bielik_1_5b_v3,gemini,10,2,0.1111111111111111,0.2,-0.2629961587708066,3.5,cmentarz; muzeum
pl,place,anger,identity,centroid_phrases,neutral_centroid,bielik_1_5b_v3,mmlw_roberta_large,10,2,0.1111111111111111,0.2,-0.4473751600512162,1.0,biuro; park
pl,place,anger,identity,centroid_phrases,neutral_centroid,bielik_1_5b_v3,qwen3_embedding_8b,10,6,0.42857142857142855,0.6,-0.04778012684989428,2.0,biuro; dom z dzieciństwa; lotnisko; muzeum; niebezpieczna ulica; park
pl,place,anger,identity,centroid_phrases,neutral_centroid,gemini,mmlw_roberta_large,10,4,0.25,0.4,-0.39840510366826154,3.25,dworzec; kościół; plac zabaw; przytulna kawiarnia
pl,place,anger,identity,centroid_phrases,neutral_centroid,gemini,qwen3_embedding_8b,10,3,0.17647058823529413,0.3,-0.13977272727272724,3.0,dworzec; muzeum; plac zabaw
pl,place,anger,identity,centroid_phrases,neutral_centroid,mmlw_roberta_large,qwen3_embedding_8b,10,5,0.3333333333333333,0.5,0.3563636363636363,1.2,biuro; cela więzienna; dworzec; park; plac zabaw
pl,place,anger,identity,single_word,neutral_centroid,bielik_1_5b_v3,gemini,10,2,0.1111111111111111,0.2,-0.2629961587708066,3.5,cmentarz; muzeum
pl,place,anger,identity,single_word,neutral_centroid,bielik_1_5b_v3,mmlw_roberta_large,10,2,0.1111111111111111,0.2,-0.4473751600512162,1.0,biuro; park
pl,place,anger,identity,single_word,neutral_centroid,bielik_1_5b_v3,qwen3_embedding_8b,10,6,0.42857142857142855,0.6,-0.04778012684989428,2.0,biuro; dom z dzieciństwa; lotnisko; muzeum; niebezpieczna ulica; park
pl,place,anger,identity,single_word,neutral_centroid,gemini,mmlw_roberta_large,10,4,0.25,0.4,-0.39840510366826154,3.25,dworzec; kościół; plac zabaw; przytulna kawiarnia
pl,place,anger,identity,single_word,neutral_centroid,gemini,qwen3_embedding_8b,10,3,0.17647058823529413,0.3,-0.13977272727272724,3.0,dworzec; muzeum; plac zabaw
pl,place,anger,identity,single_word,neutral_centroid,mmlw_roberta_large,qwen3_embedding_8b,10,5,0.3333333333333333,0.5,0.3563636363636363,1.2,biuro; cela więzienna; dworzec; park; plac zabaw
pl,place,anger,random,centroid_phrases,neutral_centroid,bielik_1_5b_v3,gemini,10,5,0.3333333333333333,0.5,0.14363636363636362,2.4,cmentarz; muzeum; plac zabaw; przytulna kawiarnia; sala weselna
pl,place,anger,random,centroid_phrases,neutral_centroid,bielik_1_5b_v3,mmlw_roberta_large,10,3,0.17647058823529413,0.3,-0.09147727272727264,1.3333333333333333,biuro; plac zabaw; przytulna kawiarnia
pl,place,anger,random,centroid_phrases,neutral_centroid,bielik_1_5b_v3,qwen3_embedding_8b,10,5,0.3333333333333333,0.5,0.2799999999999999,2.0,biuro; lotnisko; muzeum; niebezpieczna ulica; plac zabaw
pl,place,anger,random,centroid_phrases,neutral_centroid,gemini,mmlw_roberta_large,10,4,0.25,0.4,-0.25550239234449756,1.0,plac zabaw; przytulna kawiarnia; restauracja; sala ratunkowa
pl,place,anger,random,centroid_phrases,neutral_centroid,gemini,qwen3_embedding_8b,10,2,0.1111111111111111,0.2,-0.08322663252240717,2.5,muzeum; plac zabaw
pl,place,anger,random,centroid_phrases,neutral_centroid,mmlw_roberta_large,qwen3_embedding_8b,10,5,0.3333333333333333,0.5,0.20909090909090913,2.8,biuro; cela więzienna; dworzec; park; plac zabaw
pl,place,anger,random,single_word,neutral_centroid,bielik_1_5b_v3,gemini,10,5,0.3333333333333333,0.5,0.14363636363636362,2.4,cmentarz; muzeum; plac zabaw; przytulna kawiarnia; sala weselna
pl,place,anger,random,single_word,neutral_centroid,bielik_1_5b_v3,mmlw_roberta_large,10,3,0.17647058823529413,0.3,-0.09147727272727264,1.3333333333333333,biuro; plac zabaw; przytulna kawiarnia
pl,place,anger,random,single_word,neutral_centroid,bielik_1_5b_v3,qwen3_embedding_8b,10,5,0.3333333333333333,0.5,0.2799999999999999,2.0,biuro; lotnisko; muzeum; niebezpieczna ulica; plac zabaw
pl,place,anger,random,single_word,neutral_centroid,gemini,mmlw_roberta_large,10,4,0.25,0.4,-0.25550239234449756,1.0,plac zabaw; przytulna kawiarnia; restauracja; sala ratunkowa
pl,place,anger,random,single_word,neutral_centroid,gemini,qwen3_embedding_8b,10,2,0.1111111111111111,0.2,-0.08322663252240717,2.5,muzeum; plac zabaw
pl,place,anger,random,single_word,neutral_centroid,mmlw_roberta_large,qwen3_embedding_8b,10,5,0.3333333333333333,0.5,0.20909090909090913,2.8,biuro; cela więzienna; dworzec; park; plac zabaw
pl,place,anger,shuffled_emotion,centroid_phrases,neutral_centroid,bielik_1_5b_v3,gemini,10,3,0.17647058823529413,0.3,-0.2894886363636363,3.0,cmentarz; dom z dzieciństwa; muzeum
pl,place,anger,shuffled_emotion,centroid_phrases,neutral_centroid,bielik_1_5b_v3,mmlw_roberta_large,10,1,0.05263157894736842,0.1,-0.6652680652680654,8.0,dom z dzieciństwa
pl,place,anger,shuffled_emotion,centroid_phrases,neutral_centroid,bielik_1_5b_v3,qwen3_embedding_8b,10,3,0.17647058823529413,0.3,-0.3377840909090909,3.3333333333333335,dom z dzieciństwa; muzeum; zatłoczony przystanek
pl,place,anger,shuffled_emotion,centroid_phrases,neutral_centroid,gemini,mmlw_roberta_large,10,4,0.25,0.4,-0.30143540669856456,2.5,dom pogrzebowy; dom z dzieciństwa; dworzec; plac zabaw
pl,place,anger,shuffled_emotion,centroid_phrases,neutral_centroid,gemini,qwen3_embedding_8b,10,6,0.42857142857142855,0.6,-0.26680761099365735,3.5,ciemna piwnica; dom pogrzebowy; dom z dzieciństwa; kościół; muzeum; plac zabaw
pl,place,anger,shuffled_emotion,centroid_phrases,neutral_centroid,mmlw_roberta_large,qwen3_embedding_8b,10,4,0.25,0.4,-0.18405103668261563,4.25,cela więzienna; dom pogrzebowy; dom z dzieciństwa; plac zabaw
pl,place,anger,shuffled_emotion,single_word,neutral_centroid,bielik_1_5b_v3,gemini,10,4,0.25,0.4,0.17320574162679425,1.75,cmentarz; lotnisko; muzeum; szkoła
pl,place,anger,shuffled_emotion,single_word,neutral_centroid,bielik_1_5b_v3,mmlw_roberta_large,10,2,0.1111111111111111,0.2,-0.5257362355953905,5.5,cmentarz; park
pl,place,anger,shuffled_emotion,single_word,neutral_centroid,bielik_1_5b_v3,qwen3_embedding_8b,10,3,0.17647058823529413,0.3,-0.15426136363636353,1.6666666666666667,lotnisko; muzeum; park
pl,place,anger,shuffled_emotion,single_word,neutral_centroid,gemini,mmlw_roberta_large,10,3,0.17647058823529413,0.3,-0.2894886363636363,3.0,cmentarz; dworzec; plac zabaw
pl,place,anger,shuffled_emotion,single_word,neutral_centroid,gemini,qwen3_embedding_8b,10,5,0.3333333333333333,0.5,0.23636363636363636,1.0,brudna uliczka; ciemna piwnica; lotnisko; muzeum; plac zabaw
pl,place,anger,shuffled_emotion,single_word,neutral_centroid,mmlw_roberta_large,qwen3_embedding_8b,10,4,0.25,0.4,-0.4749601275917065,2.5,biuro; park; plac zabaw; sala ratunkowa
pl,place,disgust,emotion,centroid_phrases,neutral_centroid,bielik_1_5b_v3,gemini,10,4,0.25,0.4,-0.4851674641148325,5.25,cmentarz; dom z dzieciństwa; niebezpieczna ulica; zanieczyszczona rzeka
pl,place,disgust,emotion,centroid_phrases,neutral_centroid,bielik_1_5b_v3,mmlw_roberta_large,10,2,0.1111111111111111,0.2,-0.3321382842509602,4.5,cela więzienna; dom z dzieciństwa
pl,place,disgust,emotion,centroid_phrases,neutral_centroid,bielik_1_5b_v3,qwen3_embedding_8b,10,4,0.25,0.4,-0.21977671451355657,4.0,cela więzienna; dom z dzieciństwa; niebezpieczna ulica; zanieczyszczona rzeka
pl,place,disgust,emotion,centroid_phrases,neutral_centroid,gemini,mmlw_roberta_large,10,3,0.17647058823529413,0.3,-0.5599431818181819,1.0,dom z dzieciństwa; dworzec; plac zabaw
pl,place,disgust,emotion,centroid_phrases,neutral_centroid,gemini,qwen3_embedding_8b,10,7,0.5384615384615384,0.7,-0.5888888888888889,3.0,brudna uliczka; dom z dzieciństwa; dworzec; kościół; niebezpieczna ulica; plac zabaw; zanieczyszczona rzeka
pl,place,disgust,emotion,centroid_phrases,neutral_centroid,mmlw_roberta_large,qwen3_embedding_8b,10,4,0.25,0.4,-0.11770334928229664,1.25,cela więzienna; dom z dzieciństwa; dworzec; plac zabaw
pl,place,disgust,emotion,single_word,neutral_centroid,bielik_1_5b_v3,gemini,10,3,0.17647058823529413,0.3,-0.2508522727272726,2.3333333333333335,cmentarz; niebezpieczna ulica; plac zabaw
pl,place,disgust,emotion,single_word,neutral_centroid,bielik_1_5b_v3,mmlw_roberta_large,10,4,0.25,0.4,-0.5617224880382775,1.75,dom pogrzebowy; park; plac zabaw; szpital
pl,place,disgust,emotion,single_word,neutral_centroid,bielik_1_5b_v3,qwen3_embedding_8b,10,4,0.25,0.4,-0.06666666666666667,1.5,lotnisko; muzeum; niebezpieczna ulica; plac zabaw
pl,place,disgust,emotion,single_word,neutral_centroid,gemini,mmlw_roberta_large,10,2,0.1111111111111111,0.2,-0.4980793854033289,2.5,dworzec; plac zabaw
pl,place,disgust,emotion,single_word,neutral_centroid,gemini,qwen3_embedding_8b,10,5,0.3333333333333333,0.5,-0.31999999999999995,2.8,brudna uliczka; dworzec; kościół; niebezpieczna ulica; plac zabaw
pl,place,disgust,emotion,single_word,neutral_centroid,mmlw_roberta_large,qwen3_embedding_8b,10,4,0.25,0.4,-0.12791068580542264,2.0,biuro; cela więzienna; dworzec; plac zabaw
pl,place,disgust,identity,centroid_phrases,neutral_centroid,bielik_1_5b_v3,gemini,10,2,0.1111111111111111,0.2,-0.2629961587708066,3.5,cmentarz; muzeum
pl,place,disgust,identity,centroid_phrases,neutral_centroid,bielik_1_5b_v3,mmlw_roberta_large,10,2,0.1111111111111111,0.2,-0.4473751600512162,1.0,biuro; park
pl,place,disgust,identity,centroid_phrases,neutral_centroid,bielik_1_5b_v3,qwen3_embedding_8b,10,6,0.42857142857142855,0.6,-0.04778012684989428,2.0,biuro; dom z dzieciństwa; lotnisko; muzeum; niebezpieczna ulica; park
pl,place,disgust,identity,centroid_phrases,neutral_centroid,gemini,mmlw_roberta_large,10,4,0.25,0.4,-0.39840510366826154,3.25,dworzec; kościół; plac zabaw; przytulna kawiarnia
pl,place,disgust,identity,centroid_phrases,neutral_centroid,gemini,qwen3_embedding_8b,10,3,0.17647058823529413,0.3,-0.13977272727272724,3.0,dworzec; muzeum; plac zabaw
pl,place,disgust,identity,centroid_phrases,neutral_centroid,mmlw_roberta_large,qwen3_embedding_8b,10,5,0.3333333333333333,0.5,0.3563636363636363,1.2,biuro; cela więzienna; dworzec; park; plac zabaw
pl,place,disgust,identity,single_word,neutral_centroid,bielik_1_5b_v3,gemini,10,2,0.1111111111111111,0.2,-0.2629961587708066,3.5,cmentarz; muzeum
pl,place,disgust,identity,single_word,neutral_centroid,bielik_1_5b_v3,mmlw_roberta_large,10,2,0.1111111111111111,0.2,-0.4473751600512162,1.0,biuro; park
pl,place,disgust,identity,single_word,neutral_centroid,bielik_1_5b_v3,qwen3_embedding_8b,10,6,0.42857142857142855,0.6,-0.04778012684989428,2.0,biuro; dom z dzieciństwa; lotnisko; muzeum; niebezpieczna ulica; park
pl,place,disgust,identity,single_word,neutral_centroid,gemini,mmlw_roberta_large,10,4,0.25,0.4,-0.39840510366826154,3.25,dworzec; kościół; plac zabaw; przytulna kawiarnia
pl,place,disgust,identity,single_word,neutral_centroid,gemini,qwen3_embedding_8b,10,3,0.17647058823529413,0.3,-0.13977272727272724,3.0,dworzec; muzeum; plac zabaw
pl,place,disgust,identity,single_word,neutral_centroid,mmlw_roberta_large,qwen3_embedding_8b,10,5,0.3333333333333333,0.5,0.3563636363636363,1.2,biuro; cela więzienna; dworzec; park; plac zabaw
pl,place,disgust,random,centroid_phrases,neutral_centroid,bielik_1_5b_v3,gemini,10,4,0.25,0.4,-0.2095693779904306,3.75,cmentarz; muzeum; piękny ogród; plac zabaw
pl,place,disgust,random,centroid_phrases,neutral_centroid,bielik_1_5b_v3,mmlw_roberta_large,10,3,0.17647058823529413,0.3,-0.6082386363636363,3.6666666666666665,biuro; park; plac zabaw
pl,place,disgust,random,centroid_phrases,neutral_centroid,bielik_1_5b_v3,qwen3_embedding_8b,10,6,0.42857142857142855,0.6,-0.2372093023255813,3.3333333333333335,biuro; dom z dzieciństwa; lotnisko; muzeum; park; plac zabaw
pl,place,disgust,random,centroid_phrases,neutral_centroid,gemini,mmlw_roberta_large,10,4,0.25,0.4,-0.6178628389154704,4.75,dworzec; plac zabaw; restauracja; szkoła
pl,place,disgust,random,centroid_phrases,neutral_centroid,gemini,qwen3_embedding_8b,10,3,0.17647058823529413,0.3,-0.17840909090909082,3.6666666666666665,dworzec; muzeum; plac zabaw
pl,place,disgust,random,centroid_phrases,neutral_centroid,mmlw_roberta_large,qwen3_embedding_8b,10,5,0.3333333333333333,0.5,0.0890909090909091,2.8,biuro; cela więzienna; dworzec; park; plac zabaw
pl,place,disgust,random,single_word,neutral_centroid,bielik_1_5b_v3,gemini,10,4,0.25,0.4,-0.2095693779904306,3.75,cmentarz; muzeum; piękny ogród; plac zabaw
pl,place,disgust,random,single_word,neutral_centroid,bielik_1_5b_v3,mmlw_roberta_large,10,3,0.17647058823529413,0.3,-0.6082386363636363,3.6666666666666665,biuro; park; plac zabaw
pl,place,disgust,random,single_word,neutral_centroid,bielik_1_5b_v3,qwen3_embedding_8b,10,6,0.42857142857142855,0.6,-0.2372093023255813,3.3333333333333335,biuro; dom z dzieciństwa; lotnisko; muzeum; park; plac zabaw
pl,place,disgust,random,single_word,neutral_centroid,gemini,mmlw_roberta_large,10,4,0.25,0.4,-0.6178628389154704,4.75,dworzec; plac zabaw; restauracja; szkoła
pl,place,disgust,random,single_word,neutral_centroid,gemini,qwen3_embedding_8b,10,3,0.17647058823529413,0.3,-0.17840909090909082,3.6666666666666665,dworzec; muzeum; plac zabaw
pl,place,disgust,random,single_word,neutral_centroid,mmlw_roberta_large,qwen3_embedding_8b,10,5,0.3333333333333333,0.5,0.0890909090909091,2.8,biuro; cela więzienna; dworzec; park; plac zabaw
pl,place,disgust,shuffled_emotion,centroid_phrases,neutral_centroid,bielik_1_5b_v3,gemini,10,2,0.1111111111111111,0.2,-0.2169014084507042,0.5,cmentarz; piękny ogród
pl,place,disgust,shuffled_emotion,centroid_phrases,neutral_centroid,bielik_1_5b_v3,mmlw_roberta_large,10,1,0.05263157894736842,0.1,-0.612121212121212,4.0,piękny ogród
pl,place,disgust,shuffled_emotion,centroid_phrases,neutral_centroid,bielik_1_5b_v3,qwen3_embedding_8b,10,3,0.17647058823529413,0.3,-0.33295454545454545,4.0,dom z dzieciństwa; muzeum; piękny ogród
pl,place,disgust,shuffled_emotion,centroid_phrases,neutral_centroid,gemini,mmlw_roberta_large,10,4,0.25,0.4,-0.07687400318979265,1.75,dworzec; piękny ogród; plac zabaw; przytulna kawiarnia
pl,place,disgust,shuffled_emotion,centroid_phrases,neutral_centroid,gemini,qwen3_embedding_8b,10,6,0.42857142857142855,0.6,-0.08921775898520086,1.3333333333333333,dworzec; kościół; piękny ogród; plac zabaw; restauracja; sala weselna
pl,place,disgust,shuffled_emotion,centroid_phrases,neutral_centroid,mmlw_roberta_large,qwen3_embedding_8b,10,4,0.25,0.4,0.009888357256778307,0.75,cela więzienna; dworzec; piękny ogród; plac zabaw
pl,place,disgust,shuffled_emotion,single_word,neutral_centroid,bielik_1_5b_v3,gemini,10,5,0.3333333333333333,0.5,-0.28727272727272724,3.0,cmentarz; muzeum; restauracja; szkoła; szpital
pl,place,disgust,shuffled_emotion,single_word,neutral_centroid,bielik_1_5b_v3,mmlw_roberta_large,10,2,0.1111111111111111,0.2,-0.6824583866837388,4.5,biuro; park
pl,place,disgust,shuffled_emotion,single_word,neutral_centroid,bielik_1_5b_v3,qwen3_embedding_8b,10,3,0.17647058823529413,0.3,-0.36676136363636364,4.333333333333333,dom z dzieciństwa; muzeum; restauracja
pl,place,disgust,shuffled_emotion,single_word,neutral_centroid,gemini,mmlw_roberta_large,10,4,0.25,0.4,-0.18405103668261563,3.75,dworzec; kościół; plac zabaw; sala ratunkowa
pl,place,disgust,shuffled_emotion,single_word,neutral_centroid,gemini,qwen3_embedding_8b,10,5,0.3333333333333333,0.5,-0.052727272727272706,2.8,kościół; muzeum; plac zabaw; restauracja; sala ratunkowa
pl,place,disgust,shuffled_emotion,single_word,neutral_centroid,mmlw_roberta_large,qwen3_embedding_8b,10,4,0.25,0.4,-0.31674641148325355,1.25,kościół; piękny ogród; plac zabaw; sala ratunkowa
pl,place,joy,emotion,centroid_phrases,neutral_centroid,bielik_1_5b_v3,gemini,10,2,0.1111111111111111,0.2,-0.2169014084507042,0.5,cmentarz; piękny ogród
pl,place,joy,emotion,centroid_phrases,neutral_centroid,bielik_1_5b_v3,mmlw_roberta_large,10,1,0.05263157894736842,0.1,-0.612121212121212,4.0,piękny ogród
pl,place,joy,emotion,centroid_phrases,neutral_centroid,bielik_1_5b_v3,qwen3_embedding_8b,10,3,0.17647058823529413,0.3,-0.33295454545454545,4.0,dom z dzieciństwa; muzeum; piękny ogród
pl,place,joy,emotion,centroid_phrases,neutral_centroid,gemini,mmlw_roberta_large,10,4,0.25,0.4,-0.07687400318979265,1.75,dworzec; piękny ogród; plac zabaw; przytulna kawiarnia
pl,place,joy,emotion,centroid_phrases,neutral_centroid,gemini,qwen3_embedding_8b,10,6,0.42857142857142855,0.6,-0.08921775898520086,1.3333333333333333,dworzec; kościół; piękny ogród; plac zabaw; restauracja; sala weselna
pl,place,joy,emotion,centroid_phrases,neutral_centroid,mmlw_roberta_large,qwen3_embedding_8b,10,4,0.25,0.4,0.009888357256778307,0.75,cela więzienna; dworzec; piękny ogród; plac zabaw
pl,place,joy,emotion,single_word,neutral_centroid,bielik_1_5b_v3,gemini,10,5,0.3333333333333333,0.5,-0.28727272727272724,3.0,cmentarz; muzeum; restauracja; szkoła; szpital
pl,place,joy,emotion,single_word,neutral_centroid,bielik_1_5b_v3,mmlw_roberta_large,10,2,0.1111111111111111,0.2,-0.6824583866837388,4.5,biuro; park
pl,place,joy,emotion,single_word,neutral_centroid,bielik_1_5b_v3,qwen3_embedding_8b,10,3,0.17647058823529413,0.3,-0.36676136363636364,4.333333333333333,dom z dzieciństwa; muzeum; restauracja
pl,place,joy,emotion,single_word,neutral_centroid,gemini,mmlw_roberta_large,10,4,0.25,0.4,-0.18405103668261563,3.75,dworzec; kościół; plac zabaw; sala ratunkowa
pl,place,joy,emotion,single_word,neutral_centroid,gemini,qwen3_embedding_8b,10,5,0.3333333333333333,0.5,-0.052727272727272706,2.8,kościół; muzeum; plac zabaw; restauracja; sala ratunkowa
pl,place,joy,emotion,single_word,neutral_centroid,mmlw_roberta_large,qwen3_embedding_8b,10,4,0.25,0.4,-0.31674641148325355,1.25,kościół; piękny ogród; plac zabaw; sala ratunkowa
pl,place,joy,identity,centroid_phrases,neutral_centroid,bielik_1_5b_v3,gemini,10,2,0.1111111111111111,0.2,-0.2629961587708066,3.5,cmentarz; muzeum
pl,place,joy,identity,centroid_phrases,neutral_centroid,bielik_1_5b_v3,mmlw_roberta_large,10,2,0.1111111111111111,0.2,-0.4473751600512162,1.0,biuro; park
pl,place,joy,identity,centroid_phrases,neutral_centroid,bielik_1_5b_v3,qwen3_embedding_8b,10,6,0.42857142857142855,0.6,-0.04778012684989428,2.0,biuro; dom z dzieciństwa; lotnisko; muzeum; niebezpieczna ulica; park
pl,place,joy,identity,centroid_phrases,neutral_centroid,gemini,mmlw_roberta_large,10,4,0.25,0.4,-0.39840510366826154,3.25,dworzec; kościół; plac zabaw; przytulna kawiarnia
pl,place,joy,identity,centroid_phrases,neutral_centroid,gemini,qwen3_embedding_8b,10,3,0.17647058823529413,0.3,-0.13977272727272724,3.0,dworzec; muzeum; plac zabaw
pl,place,joy,identity,centroid_phrases,neutral_centroid,mmlw_roberta_large,qwen3_embedding_8b,10,5,0.3333333333333333,0.5,0.3563636363636363,1.2,biuro; cela więzienna; dworzec; park; plac zabaw
pl,place,joy,identity,single_word,neutral_centroid,bielik_1_5b_v3,gemini,10,2,0.1111111111111111,0.2,-0.2629961587708066,3.5,cmentarz; muzeum
pl,place,joy,identity,single_word,neutral_centroid,bielik_1_5b_v3,mmlw_roberta_large,10,2,0.1111111111111111,0.2,-0.4473751600512162,1.0,biuro; park
pl,place,joy,identity,single_word,neutral_centroid,bielik_1_5b_v3,qwen3_embedding_8b,10,6,0.42857142857142855,0.6,-0.04778012684989428,2.0,biuro; dom z dzieciństwa; lotnisko; muzeum; niebezpieczna ulica; park
pl,place,joy,identity,single_word,neutral_centroid,gemini,mmlw_roberta_large,10,4,0.25,0.4,-0.39840510366826154,3.25,dworzec; kościół; plac zabaw; przytulna kawiarnia
pl,place,joy,identity,single_word,neutral_centroid,gemini,qwen3_embedding_8b,10,3,0.17647058823529413,0.3,-0.13977272727272724,3.0,dworzec; muzeum; plac zabaw
pl,place,joy,identity,single_word,neutral_centroid,mmlw_roberta_large,qwen3_embedding_8b,10,5,0.3333333333333333,0.5,0.3563636363636363,1.2,biuro; cela więzienna; dworzec; park; plac zabaw
pl,place,joy,random,centroid_phrases,neutral_centroid,bielik_1_5b_v3,gemini,10,3,0.17647058823529413,0.3,-0.35710227272727263,5.0,biuro; cmentarz; plac zabaw
pl,place,joy,random,centroid_phrases,neutral_centroid,bielik_1_5b_v3,mmlw_roberta_large,10,2,0.1111111111111111,0.2,-0.5533930857874518,5.0,biuro; plac zabaw
pl,place,joy,random,centroid_phrases,neutral_centroid,bielik_1_5b_v3,qwen3_embedding_8b,10,4,0.25,0.4,0.050717703349282287,2.5,biuro; lotnisko; muzeum; plac zabaw
pl,place,joy,random,centroid_phrases,neutral_centroid,gemini,mmlw_roberta_large,10,4,0.25,0.4,-0.3422647527910685,1.25,biuro; plac zabaw; przytulna kawiarnia; sala ratunkowa
pl,place,joy,random,centroid_phrases,neutral_centroid,gemini,qwen3_embedding_8b,10,4,0.25,0.4,-0.4443381180223285,5.25,biuro; kościół; plac zabaw; restauracja
pl,place,joy,random,centroid_phrases,neutral_centroid,mmlw_roberta_large,qwen3_embedding_8b,10,6,0.42857142857142855,0.6,0.07061310782241015,2.5,biuro; cela więzienna; dworzec; park; plac zabaw; słoneczna plaża
pl,place,joy,random,single_word,neutral_centroid,bielik_1_5b_v3,gemini,10,3,0.17647058823529413,0.3,-0.35710227272727263,5.0,biuro; cmentarz; plac zabaw
pl,place,joy,random,single_word,neutral_centroid,bielik_1_5b_v3,mmlw_roberta_large,10,2,0.1111111111111111,0.2,-0.5533930857874518,5.0,biuro; plac zabaw
pl,place,joy,random,single_word,neutral_centroid,bielik_1_5b_v3,qwen3_embedding_8b,10,4,0.25,0.4,0.050717703349282287,2.5,biuro; lotnisko; muzeum; plac zabaw
pl,place,joy,random,single_word,neutral_centroid,gemini,mmlw_roberta_large,10,4,0.25,0.4,-0.3422647527910685,1.25,biuro; plac zabaw; przytulna kawiarnia; sala ratunkowa
pl,place,joy,random,single_word,neutral_centroid,gemini,qwen3_embedding_8b,10,4,0.25,0.4,-0.4443381180223285,5.25,biuro; kościół; plac zabaw; restauracja
pl,place,joy,random,single_word,neutral_centroid,mmlw_roberta_large,qwen3_embedding_8b,10,6,0.42857142857142855,0.6,0.07061310782241015,2.5,biuro; cela więzienna; dworzec; park; plac zabaw; słoneczna plaża
pl,place,joy,shuffled_emotion,centroid_phrases,neutral_centroid,bielik_1_5b_v3,gemini,10,2,0.1111111111111111,0.2,-0.21229193341869393,3.0,cmentarz; niebezpieczna ulica
pl,place,joy,shuffled_emotion,centroid_phrases,neutral_centroid,bielik_1_5b_v3,mmlw_roberta_large,10,0,0.0,0.0,-0.6470588235294117,,
pl,place,joy,shuffled_emotion,centroid_phrases,neutral_centroid,bielik_1_5b_v3,qwen3_embedding_8b,10,4,0.25,0.4,-0.16363636363636364,4.75,dom z dzieciństwa; muzeum; niebezpieczna ulica; zatłoczony przystanek
pl,place,joy,shuffled_emotion,centroid_phrases,neutral_centroid,gemini,mmlw_roberta_large,10,4,0.25,0.4,-0.2146730462519936,2.5,brudna uliczka; cela więzienna; dworzec; plac zabaw
pl,place,joy,shuffled_emotion,centroid_phrases,neutral_centroid,gemini,qwen3_embedding_8b,10,6,0.42857142857142855,0.6,-0.006342494714587734,2.0,brudna uliczka; cela więzienna; dworzec; kościół; niebezpieczna ulica; plac zabaw
pl,place,joy,shuffled_emotion,centroid_phrases,neutral_centroid,mmlw_roberta_large,qwen3_embedding_8b,10,4,0.25,0.4,-0.06666666666666667,2.25,brudna uliczka; cela więzienna; dworzec; plac zabaw
pl,place,joy,shuffled_emotion,single_word,neutral_centroid,bielik_1_5b_v3,gemini,10,2,0.1111111111111111,0.2,0.0181818181818182,0.5,cmentarz; muzeum
pl,place,joy,shuffled_emotion,single_word,neutral_centroid,bielik_1_5b_v3,mmlw_roberta_large,10,2,0.1111111111111111,0.2,-0.5626120358514723,4.5,biuro; park
pl,place,joy,shuffled_emotion,single_word,neutral_centroid,bielik_1_5b_v3,qwen3_embedding_8b,10,4,0.25,0.4,-0.2350877192982456,1.75,biuro; lotnisko; muzeum; niebezpieczna ulica
pl,place,joy,shuffled_emotion,single_word,neutral_centroid,gemini,mmlw_roberta_large,10,5,0.3333333333333333,0.5,-0.4999999999999999,3.6,brudna uliczka; dom; dworzec; plac zabaw; sala ratunkowa
pl,place,joy,shuffled_emotion,single_word,neutral_centroid,gemini,qwen3_embedding_8b,10,6,0.42857142857142855,0.6,-0.053699788583509496,2.0,brudna uliczka; ciemna piwnica; dworzec; kościół; muzeum; plac zabaw
pl,place,joy,shuffled_emotion,single_word,neutral_centroid,mmlw_roberta_large,qwen3_embedding_8b,10,5,0.3333333333333333,0.5,-0.20545454545454542,2.6,biuro; brudna uliczka; cela więzienna; dworzec; plac zabaw
pl,place,sadness,emotion,centroid_phrases,neutral_centroid,bielik_1_5b_v3,gemini,10,3,0.17647058823529413,0.3,-0.2894886363636363,3.0,cmentarz; dom z dzieciństwa; muzeum
pl,place,sadness,emotion,centroid_phrases,neutral_centroid,bielik_1_5b_v3,mmlw_roberta_large,10,1,0.05263157894736842,0.1,-0.6652680652680654,8.0,dom z dzieciństwa
pl,place,sadness,emotion,centroid_phrases,neutral_centroid,bielik_1_5b_v3,qwen3_embedding_8b,10,3,0.17647058823529413,0.3,-0.3377840909090909,3.3333333333333335,dom z dzieciństwa; muzeum; zatłoczony przystanek
pl,place,sadness,emotion,centroid_phrases,neutral_centroid,gemini,mmlw_roberta_large,10,4,0.25,0.4,-0.30143540669856456,2.5,dom pogrzebowy; dom z dzieciństwa; dworzec; plac zabaw
pl,place,sadness,emotion,centroid_phrases,neutral_centroid,gemini,qwen3_embedding_8b,10,6,0.42857142857142855,0.6,-0.26680761099365735,3.5,ciemna piwnica; dom pogrzebowy; dom z dzieciństwa; kościół; muzeum; plac zabaw
pl,place,sadness,emotion,centroid_phrases,neutral_centroid,mmlw_roberta_large,qwen3_embedding_8b,10,4,0.25,0.4,-0.18405103668261563,4.25,cela więzienna; dom pogrzebowy; dom z dzieciństwa; plac zabaw
pl,place,sadness,emotion,single_word,neutral_centroid,bielik_1_5b_v3,gemini,10,4,0.25,0.4,0.17320574162679425,1.75,cmentarz; lotnisko; muzeum; szkoła
pl,place,sadness,emotion,single_word,neutral_centroid,bielik_1_5b_v3,mmlw_roberta_large,10,2,0.1111111111111111,0.2,-0.5257362355953905,5.5,cmentarz; park
pl,place,sadness,emotion,single_word,neutral_centroid,bielik_1_5b_v3,qwen3_embedding_8b,10,3,0.17647058823529413,0.3,-0.15426136363636353,1.6666666666666667,lotnisko; muzeum; park
pl,place,sadness,emotion,single_word,neutral_centroid,gemini,mmlw_roberta_large,10,3,0.17647058823529413,0.3,-0.2894886363636363,3.0,cmentarz; dworzec; plac zabaw
pl,place,sadness,emotion,single_word,neutral_centroid,gemini,qwen3_embedding_8b,10,5,0.3333333333333333,0.5,0.23636363636363636,1.0,brudna uliczka; ciemna piwnica; lotnisko; muzeum; plac zabaw
pl,place,sadness,emotion,single_word,neutral_centroid,mmlw_roberta_large,qwen3_embedding_8b,10,4,0.25,0.4,-0.4749601275917065,2.5,biuro; park; plac zabaw; sala ratunkowa
pl,place,sadness,identity,centroid_phrases,neutral_centroid,bielik_1_5b_v3,gemini,10,2,0.1111111111111111,0.2,-0.2629961587708066,3.5,cmentarz; muzeum
pl,place,sadness,identity,centroid_phrases,neutral_centroid,bielik_1_5b_v3,mmlw_roberta_large,10,2,0.1111111111111111,0.2,-0.4473751600512162,1.0,biuro; park
pl,place,sadness,identity,centroid_phrases,neutral_centroid,bielik_1_5b_v3,qwen3_embedding_8b,10,6,0.42857142857142855,0.6,-0.04778012684989428,2.0,biuro; dom z dzieciństwa; lotnisko; muzeum; niebezpieczna ulica; park
pl,place,sadness,identity,centroid_phrases,neutral_centroid,gemini,mmlw_roberta_large,10,4,0.25,0.4,-0.39840510366826154,3.25,dworzec; kościół; plac zabaw; przytulna kawiarnia
pl,place,sadness,identity,centroid_phrases,neutral_centroid,gemini,qwen3_embedding_8b,10,3,0.17647058823529413,0.3,-0.13977272727272724,3.0,dworzec; muzeum; plac zabaw
pl,place,sadness,identity,centroid_phrases,neutral_centroid,mmlw_roberta_large,qwen3_embedding_8b,10,5,0.3333333333333333,0.5,0.3563636363636363,1.2,biuro; cela więzienna; dworzec; park; plac zabaw
pl,place,sadness,identity,single_word,neutral_centroid,bielik_1_5b_v3,gemini,10,2,0.1111111111111111,0.2,-0.2629961587708066,3.5,cmentarz; muzeum
pl,place,sadness,identity,single_word,neutral_centroid,bielik_1_5b_v3,mmlw_roberta_large,10,2,0.1111111111111111,0.2,-0.4473751600512162,1.0,biuro; park
pl,place,sadness,identity,single_word,neutral_centroid,bielik_1_5b_v3,qwen3_embedding_8b,10,6,0.42857142857142855,0.6,-0.04778012684989428,2.0,biuro; dom z dzieciństwa; lotnisko; muzeum; niebezpieczna ulica; park
pl,place,sadness,identity,single_word,neutral_centroid,gemini,mmlw_roberta_large,10,4,0.25,0.4,-0.39840510366826154,3.25,dworzec; kościół; plac zabaw; przytulna kawiarnia
pl,place,sadness,identity,single_word,neutral_centroid,gemini,qwen3_embedding_8b,10,3,0.17647058823529413,0.3,-0.13977272727272724,3.0,dworzec; muzeum; plac zabaw
pl,place,sadness,identity,single_word,neutral_centroid,mmlw_roberta_large,qwen3_embedding_8b,10,5,0.3333333333333333,0.5,0.3563636363636363,1.2,biuro; cela więzienna; dworzec; park; plac zabaw
pl,place,sadness,random,centroid_phrases,neutral_centroid,bielik_1_5b_v3,gemini,10,2,0.1111111111111111,0.2,-0.44276568501920605,1.0,cmentarz; piękny ogród
pl,place,sadness,random,centroid_phrases,neutral_centroid,bielik_1_5b_v3,mmlw_roberta_large,10,1,0.05263157894736842,0.1,-0.6652680652680654,8.0,park
pl,place,sadness,random,centroid_phrases,neutral_centroid,bielik_1_5b_v3,qwen3_embedding_8b,10,4,0.25,0.4,-0.18405103668261563,2.5,biuro; lotnisko; muzeum; park
pl,place,sadness,random,centroid_phrases,neutral_centroid,gemini,mmlw_roberta_large,10,5,0.3333333333333333,0.5,-0.5545454545454545,3.2,kościół; plac zabaw; przytulna kawiarnia; sala ratunkowa; sala weselna
pl,place,sadness,random,centroid_phrases,neutral_centroid,gemini,qwen3_embedding_8b,10,3,0.17647058823529413,0.3,-0.3957386363636364,5.666666666666667,kościół; plac zabaw; restauracja
pl,place,sadness,random,centroid_phrases,neutral_centroid,mmlw_roberta_large,qwen3_embedding_8b,10,6,0.42857142857142855,0.6,0.0646934460887949,2.5,cela więzienna; dom; dworzec; kościół; park; plac zabaw
pl,place,sadness,random,single_word,neutral_centroid,bielik_1_5b_v3,gemini,10,2,0.1111111111111111,0.2,-0.44276568501920605,1.0,cmentarz; piękny ogród
pl,place,sadness,random,single_word,neutral_centroid,bielik_1_5b_v3,mmlw_roberta_large,10,1,0.05263157894736842,0.1,-0.6652680652680654,8.0,park
pl,place,sadness,random,single_word,neutral_centroid,bielik_1_5b_v3,qwen3_embedding_8b,10,4,0.25,0.4,-0.18405103668261563,2.5,biuro; lotnisko; muzeum; park
pl,place,sadness,random,single_word,neutral_centroid,gemini,mmlw_roberta_large,10,5,0.3333333333333333,0.5,-0.5545454545454545,3.2,kościół; plac zabaw; przytulna kawiarnia; sala ratunkowa; sala weselna
pl,place,sadness,random,single_word,neutral_centroid,gemini,qwen3_embedding_8b,10,3,0.17647058823529413,0.3,-0.3957386363636364,5.666666666666667,kościół; plac zabaw; restauracja
pl,place,sadness,random,single_word,neutral_centroid,mmlw_roberta_large,qwen3_embedding_8b,10,6,0.42857142857142855,0.6,0.0646934460887949,2.5,cela więzienna; dom; dworzec; kościół; park; plac zabaw
pl,place,sadness,shuffled_emotion,centroid_phrases,neutral_centroid,bielik_1_5b_v3,gemini,10,4,0.25,0.4,-0.4851674641148325,5.25,cmentarz; dom z dzieciństwa; niebezpieczna ulica; zanieczyszczona rzeka
pl,place,sadness,shuffled_emotion,centroid_phrases,neutral_centroid,bielik_1_5b_v3,mmlw_roberta_large,10,2,0.1111111111111111,0.2,-0.3321382842509602,4.5,cela więzienna; dom z dzieciństwa
pl,place,sadness,shuffled_emotion,centroid_phrases,neutral_centroid,bielik_1_5b_v3,qwen3_embedding_8b,10,4,0.25,0.4,-0.21977671451355657,4.0,cela więzienna; dom z dzieciństwa; niebezpieczna ulica; zanieczyszczona rzeka
pl,place,sadness,shuffled_emotion,centroid_phrases,neutral_centroid,gemini,mmlw_roberta_large,10,3,0.17647058823529413,0.3,-0.5599431818181819,1.0,dom z dzieciństwa; dworzec; plac zabaw
pl,place,sadness,shuffled_emotion,centroid_phrases,neutral_centroid,gemini,qwen3_embedding_8b,10,7,0.5384615384615384,0.7,-0.5888888888888889,3.0,brudna uliczka; dom z dzieciństwa; dworzec; kościół; niebezpieczna ulica; plac zabaw; zanieczyszczona rzeka
pl,place,sadness,shuffled_emotion,centroid_phrases,neutral_centroid,mmlw_roberta_large,qwen3_embedding_8b,10,4,0.25,0.4,-0.11770334928229664,1.25,cela więzienna; dom z dzieciństwa; dworzec; plac zabaw
pl,place,sadness,shuffled_emotion,single_word,neutral_centroid,bielik_1_5b_v3,gemini,10,3,0.17647058823529413,0.3,-0.2508522727272726,2.3333333333333335,cmentarz; niebezpieczna ulica; plac zabaw
pl,place,sadness,shuffled_emotion,single_word,neutral_centroid,bielik_1_5b_v3,mmlw_roberta_large,10,4,0.25,0.4,-0.5617224880382775,1.75,dom pogrzebowy; park; plac zabaw; szpital
pl,place,sadness,shuffled_emotion,single_word,neutral_centroid,bielik_1_5b_v3,qwen3_embedding_8b,10,4,0.25,0.4,-0.06666666666666667,1.5,lotnisko; muzeum; niebezpieczna ulica; plac zabaw
pl,place,sadness,shuffled_emotion,single_word,neutral_centroid,gemini,mmlw_roberta_large,10,2,0.1111111111111111,0.2,-0.4980793854033289,2.5,dworzec; plac zabaw
pl,place,sadness,shuffled_emotion,single_word,neutral_centroid,gemini,qwen3_embedding_8b,10,5,0.3333333333333333,0.5,-0.31999999999999995,2.8,brudna uliczka; dworzec; kościół; niebezpieczna ulica; plac zabaw
pl,place,sadness,shuffled_emotion,single_word,neutral_centroid,mmlw_roberta_large,qwen3_embedding_8b,10,4,0.25,0.4,-0.12791068580542264,2.0,biuro; cela więzienna; dworzec; plac zabaw
pl,situation,anger,emotion,centroid_phrases,neutral_centroid,bielik_1_5b_v3,gemini,10,6,0.42857142857142855,0.6,-0.40295983086680753,4.5,kłótnia; niezręczna cisza; porażka; publiczne wystąpienie; spóźnienie się na pociąg; zobaczenie rany
pl,situation,anger,emotion,centroid_phrases,neutral_centroid,bielik_1_5b_v3,mmlw_roberta_large,10,6,0.42857142857142855,0.6,-0.047780126849894335,3.8333333333333335,impreza; kłótnia; niezręczna cisza; porażka; rozmowa o pracę; zobaczenie rany
pl,situation,anger,emotion,centroid_phrases,neutral_centroid,bielik_1_5b_v3,qwen3_embedding_8b,10,5,0.3333333333333333,0.5,-0.4181818181818181,5.2,kłótnia; niezręczna cisza; porażka; spóźnienie się na pociąg; zobaczenie rany
pl,situation,anger,emotion,centroid_phrases,neutral_centroid,gemini,mmlw_roberta_large,10,5,0.3333333333333333,0.5,0.05090909090909091,1.8,kłótnia; niezręczna cisza; porażka; wypadek; zobaczenie rany
pl,situation,anger,emotion,centroid_phrases,neutral_centroid,gemini,qwen3_embedding_8b,10,9,0.8181818181818182,0.9,0.5,1.7777777777777777,bycie ignorowanym; kłótnia; niespodzianka; niezręczna cisza; porażka; spóźnienie się na pociąg; wypadek; zobaczenie rany; świętowanie
pl,situation,anger,emotion,centroid_phrases,neutral_centroid,mmlw_roberta_large,qwen3_embedding_8b,10,5,0.3333333333333333,0.5,0.08363636363636365,2.0,kłótnia; niezręczna cisza; porażka; wypadek; zobaczenie rany
pl,situation,anger,emotion,single_word,neutral_centroid,bielik_1_5b_v3,gemini,10,7,0.5384615384615384,0.7,0.0020202020202020046,2.2857142857142856,kłótnia; niespodzianka; pogrzeb; porażka; publiczne wystąpienie; wypadek; zobaczenie rany
pl,situation,anger,emotion,single_word,neutral_centroid,bielik_1_5b_v3,mmlw_roberta_large,10,6,0.42857142857142855,0.6,-0.03594080338266385,3.5,impreza; kłótnia; porażka; wypadek; zdrada; zobaczenie rany
pl,situation,anger,emotion,single_word,neutral_centroid,bielik_1_5b_v3,qwen3_embedding_8b,10,6,0.42857142857142855,0.6,0.10021141649048626,3.6666666666666665,kłótnia; niespodzianka; pogrzeb; porażka; wypadek; zdrada
pl,situation,anger,emotion,single_word,neutral_centroid,gemini,mmlw_roberta_large,10,5,0.3333333333333333,0.5,-0.11272727272727268,2.4,kłótnia; niezręczna cisza; porażka; wypadek; zobaczenie rany
pl,situation,anger,emotion,single_word,neutral_centroid,gemini,qwen3_embedding_8b,10,8,0.6666666666666666,0.8,0.5410658307210032,2.875,bycie ignorowanym; kłótnia; niespodzianka; niezręczna cisza; pogrzeb; porażka; wypadek; świętowanie
pl,situation,anger,emotion,single_word,neutral_centroid,mmlw_roberta_large,qwen3_embedding_8b,10,5,0.3333333333333333,0.5,0.1709090909090909,1.8,kłótnia; niezręczna cisza; porażka; wypadek; zdrada
pl,situation,anger,identity,centroid_phrases,neutral_centroid,bielik_1_5b_v3,gemini,10,5,0.3333333333333333,0.5,-0.28181818181818186,2.8,diagnoza lekarska; pogrzeb; porażka; publiczne wystąpienie; wypadek
pl,situation,anger,identity,centroid_phrases,neutral_centroid,bielik_1_5b_v3,mmlw_roberta_large,10,6,0.42857142857142855,0.6,-0.16025369978858348,3.3333333333333335,impreza; porażka; rodzinny obiad; rozmowa o pracę; wypadek; zobaczenie rany
pl,situation,anger,identity,centroid_phrases,neutral_centroid,bielik_1_5b_v3,qwen3_embedding_8b,10,2,0.1111111111111111,0.2,-0.4058898847631241,4.5,porażka; wypadek
pl,situation,anger,identity,centroid_phrases,neutral_centroid,gemini,mmlw_roberta_large,10,4,0.25,0.4,-0.29633173843700156,4.25,kłótnia; niezręczna cisza; porażka; wypadek
pl,situation,anger,identity,centroid_phrases,neutral_centroid,gemini,qwen3_embedding_8b,10,7,0.5384615384615384,0.7,0.5469696969696972,2.2857142857142856,bycie ignorowanym; kłótnia; niespodzianka; niezręczna cisza; porażka; wypadek; świętowanie
pl,situation,anger,identity,centroid_phrases,neutral_centroid,mmlw_roberta_large,qwen3_embedding_8b,10,4,0.25,0.4,-0.28612440191387556,2.75,kłótnia; niezręczna cisza; porażka; wypadek
pl,situation,anger,identity,single_word,neutral_centroid,bielik_1_5b_v3,gemini,10,5,0.3333333333333333,0.5,-0.28181818181818186,2.8,diagnoza lekarska; pogrzeb; porażka; publiczne wystąpienie; wypadek
pl,situation,anger,identity,single_word,neutral_centroid,bielik_1_5b_v3,mmlw_roberta_large,10,6,0.42857142857142855,0.6,-0.16025369978858348,3.3333333333333335,impreza; porażka; rodzinny obiad; rozmowa o pracę; wypadek; zobaczenie rany
pl,situation,anger,identity,single_word,neutral_centroid,bielik_1_5b_v3,qwen3_embedding_8b,10,2,0.1111111111111111,0.2,-0.4058898847631241,4.5,porażka; wypadek
pl,situation,anger,identity,single_word,neutral_centroid,gemini,mmlw_roberta_large,10,4,0.25,0.4,-0.29633173843700156,4.25,kłótnia; niezręczna cisza; porażka; wypadek
pl,situation,anger,identity,single_word,neutral_centroid,gemini,qwen3_embedding_8b,10,7,0.5384615384615384,0.7,0.5469696969696972,2.2857142857142856,bycie ignorowanym; kłótnia; niespodzianka; niezręczna cisza; porażka; wypadek; świętowanie
pl,situation,anger,identity,single_word,neutral_centroid,mmlw_roberta_large,qwen3_embedding_8b,10,4,0.25,0.4,-0.28612440191387556,2.75,kłótnia; niezręczna cisza; porażka; wypadek
pl,situation,anger,random,centroid_phrases,neutral_centroid,bielik_1_5b_v3,gemini,10,4,0.25,0.4,-0.36267942583732055,4.75,niespodzianka; porażka; publiczne wystąpienie; wypadek
pl,situation,anger,random,centroid_phrases,neutral_centroid,bielik_1_5b_v3,mmlw_roberta_large,10,5,0.3333333333333333,0.5,-0.510909090909091,6.2,impreza; porażka; publiczne wystąpienie; rozmowa o pracę; zobaczenie rany
pl,situation,anger,random,centroid_phrases,neutral_centroid,bielik_1_5b_v3,qwen3_embedding_8b,10,4,0.25,0.4,-0.39330143540669854,4.75,niespodzianka; porażka; publiczne wystąpienie; wypadek
pl,situation,anger,random,centroid_phrases,neutral_centroid,gemini,mmlw_roberta_large,10,5,0.3333333333333333,0.5,-0.3145454545454546,2.4,bycie ignorowanym; kłótnia; niezręczna cisza; porażka; publiczne wystąpienie
pl,situation,anger,random,centroid_phrases,neutral_centroid,gemini,qwen3_embedding_8b,10,8,0.6666666666666666,0.8,0.5862068965517239,1.625,bycie ignorowanym; kłótnia; niespodzianka; niezręczna cisza; porażka; publiczne wystąpienie; wypadek; świętowanie
pl,situation,anger,random,centroid_phrases,neutral_centroid,mmlw_roberta_large,qwen3_embedding_8b,10,5,0.3333333333333333,0.5,-0.19999999999999998,2.0,bycie ignorowanym; kłótnia; niezręczna cisza; porażka; publiczne wystąpienie
pl,situation,anger,random,single_word,neutral_centroid,bielik_1_5b_v3,gemini,10,4,0.25,0.4,-0.36267942583732055,4.75,niespodzianka; porażka; publiczne wystąpienie; wypadek
pl,situation,anger,random,single_word,neutral_centroid,bielik_1_5b_v3,mmlw_roberta_large,10,5,0.3333333333333333,0.5,-0.510909090909091,6.2,impreza; porażka; publiczne wystąpienie; rozmowa o pracę; zobaczenie rany
pl,situation,anger,random,single_word,neutral_centroid,bielik_1_5b_v3,qwen3_embedding_8b,10,4,0.25,0.4,-0.39330143540669854,4.75,niespodzianka; porażka; publiczne wystąpienie; wypadek
pl,situation,anger,random,single_word,neutral_centroid,gemini,mmlw_roberta_large,10,5,0.3333333333333333,0.5,-0.3145454545454546,2.4,bycie ignorowanym; kłótnia; niezręczna cisza; porażka; publiczne wystąpienie
pl,situation,anger,random,single_word,neutral_centroid,gemini,qwen3_embedding_8b,10,8,0.6666666666666666,0.8,0.5862068965517239,1.625,bycie ignorowanym; kłótnia; niespodzianka; niezręczna cisza; porażka; publiczne wystąpienie; wypadek; świętowanie
pl,situation,anger,random,single_word,neutral_centroid,mmlw_roberta_large,qwen3_embedding_8b,10,5,0.3333333333333333,0.5,-0.19999999999999998,2.0,bycie ignorowanym; kłótnia; niezręczna cisza; porażka; publiczne wystąpienie
pl,situation,anger,shuffled_emotion,centroid_phrases,neutral_centroid,bielik_1_5b_v3,gemini,10,6,0.42857142857142855,0.6,-0.08329809725158557,2.3333333333333335,kłótnia; niezręczna cisza; porażka; publiczne wystąpienie; spóźnienie się na pociąg; zobaczenie rany
pl,situation,anger,shuffled_emotion,centroid_phrases,neutral_centroid,bielik_1_5b_v3,mmlw_roberta_large,10,6,0.42857142857142855,0.6,0.14164904862579278,2.1666666666666665,impreza; kłótnia; niezręczna cisza; porażka; rozmowa o pracę; zobaczenie rany
pl,situation,anger,shuffled_emotion,centroid_phrases,neutral_centroid,bielik_1_5b_v3,qwen3_embedding_8b,10,4,0.25,0.4,-0.27591706539074956,5.75,kłótnia; niezręczna cisza; porażka; zobaczenie rany
pl,situation,anger,shuffled_emotion,centroid_phrases,neutral_centroid,gemini,mmlw_roberta_large,10,5,0.3333333333333333,0.5,0.3181818181818181,2.0,kłótnia; niezręczna cisza; porażka; wypadek; zobaczenie rany
pl,situation,anger,shuffled_emotion,centroid_phrases,neutral_centroid,gemini,qwen3_embedding_8b,10,7,0.5384615384615384,0.7,0.4222222222222222,2.857142857142857,bycie ignorowanym; kłótnia; niezręczna cisza; pogrzeb; porażka; wypadek; zobaczenie rany
pl,situation,anger,shuffled_emotion,centroid_phrases,neutral_centroid,mmlw_roberta_large,qwen3_embedding_8b,10,6,0.42857142857142855,0.6,0.21860465116279065,2.0,kłótnia; niezręczna cisza; porażka; wypadek; zdrada; zobaczenie rany
pl,situation,anger,shuffled_emotion,single_word,neutral_centroid,bielik_1_5b_v3,gemini,10,7,0.5384615384615384,0.7,0.2055555555555556,1.7142857142857142,kłótnia; niespodzianka; pogrzeb; porażka; publiczne wystąpienie; wypadek; zobaczenie rany
pl,situation,anger,shuffled_emotion,single_word,neutral_centroid,bielik_1_5b_v3,mmlw_roberta_large,10,6,0.42857142857142855,0.6,0.3547568710359408,2.0,kłótnia; pogrzeb; porażka; rozmowa o pracę; wypadek; zobaczenie rany
pl,situation,anger,shuffled_emotion,single_word,neutral_centroid,bielik_1_5b_v3,qwen3_embedding_8b,10,4,0.25,0.4,-0.18405103668261563,3.25,kłótnia; niespodzianka; porażka; wypadek
pl,situation,anger,shuffled_emotion,single_word,neutral_centroid,gemini,mmlw_roberta_large,10,6,0.42857142857142855,0.6,0.5619450317124735,2.8333333333333335,kłótnia; niezręczna cisza; pogrzeb; porażka; wypadek; zobaczenie rany
pl,situation,anger,shuffled_emotion,single_word,neutral_centroid,gemini,qwen3_embedding_8b,10,7,0.5384615384615384,0.7,0.5272727272727272,2.5714285714285716,bycie ignorowanym; kłótnia; niespodzianka; niezręczna cisza; porażka; samotny spacer nocą; wypadek
pl,situation,anger,shuffled_emotion,single_word,neutral_centroid,mmlw_roberta_large,qwen3_embedding_8b,10,5,0.3333333333333333,0.5,0.23636363636363628,2.6,kłótnia; niezręczna cisza; porażka; wypadek; zdrada
pl,situation,disgust,emotion,centroid_phrases,neutral_centroid,bielik_1_5b_v3,gemini,10,3,0.17647058823529413,0.3,-0.18806818181818175,4.0,kłótnia; niezręczna cisza; porażka
pl,situation,disgust,emotion,centroid_phrases,neutral_centroid,bielik_1_5b_v3,mmlw_roberta_large,10,5,0.3333333333333333,0.5,0.08909090909090908,2.2,kłótnia; niezręczna cisza; porażka; rozmowa o pracę; zobaczenie rany
pl,situation,disgust,emotion,centroid_phrases,neutral_centroid,bielik_1_5b_v3,qwen3_embedding_8b,10,4,0.25,0.4,-0.3116427432216905,5.0,kłótnia; niezręczna cisza; porażka; zobaczenie rany
pl,situation,disgust,emotion,centroid_phrases,neutral_centroid,gemini,mmlw_roberta_large,10,5,0.3333333333333333,0.5,0.26363636363636356,1.4,kłótnia; niezręczna cisza; porażka; wypadek; znalezienie pleśni w jedzeniu
pl,situation,disgust,emotion,centroid_phrases,neutral_centroid,gemini,qwen3_embedding_8b,10,7,0.5384615384615384,0.7,0.5207070707070707,2.142857142857143,bycie ignorowanym; kłótnia; niespodzianka; niezręczna cisza; porażka; wypadek; znalezienie pleśni w jedzeniu
pl,situation,disgust,emotion,centroid_phrases,neutral_centroid,mmlw_roberta_large,qwen3_embedding_8b,10,7,0.5384615384615384,0.7,0.12676767676767675,3.142857142857143,kłótnia; niezręczna cisza; porażka; wypadek; zdrada; znalezienie pleśni w jedzeniu; zobaczenie rany
pl,situation,disgust,emotion,single_word,neutral_centroid,bielik_1_5b_v3,gemini,10,6,0.42857142857142855,0.6,-0.08921775898520085,2.8333333333333335,kłótnia; niespodzianka; porażka; publiczne wystąpienie; wypadek; zobaczenie rany
pl,situation,disgust,emotion,single_word,neutral_centroid,bielik_1_5b_v3,mmlw_roberta_large,10,4,0.25,0.4,-0.18405103668261563,4.25,kłótnia; porażka; wypadek; zobaczenie rany
pl,situation,disgust,emotion,single_word,neutral_centroid,bielik_1_5b_v3,qwen3_embedding_8b,10,6,0.42857142857142855,0.6,-0.2076109936575053,4.166666666666667,kłótnia; niespodzianka; porażka; wypadek; zdrada; zobaczenie rany
pl,situation,disgust,emotion,single_word,neutral_centroid,gemini,mmlw_roberta_large,10,6,0.42857142857142855,0.6,0.1771670190274841,3.0,kłótnia; niezręczna cisza; porażka; wypadek; znalezienie pleśni w jedzeniu; zobaczenie rany
pl,situation,disgust,emotion,single_word,neutral_centroid,gemini,qwen3_embedding_8b,10,7,0.5384615384615384,0.7,0.5404040404040406,2.5714285714285716,bycie ignorowanym; kłótnia; niespodzianka; niezręczna cisza; porażka; wypadek; zobaczenie rany
pl,situation,disgust,emotion,single_word,neutral_centroid,mmlw_roberta_large,qwen3_embedding_8b,10,5,0.3333333333333333,0.5,0.07272727272727277,3.8,kłótnia; niezręczna cisza; porażka; wypadek; zobaczenie rany
pl,situation,disgust,identity,centroid_phrases,neutral_centroid,bielik_1_5b_v3,gemini,10,5,0.3333333333333333,0.5,-0.28181818181818186,2.8,diagnoza lekarska; pogrzeb; porażka; publiczne wystąpienie; wypadek
pl,situation,disgust,identity,centroid_phrases,neutral_centroid,bielik_1_5b_v3,mmlw_roberta_large,10,6,0.42857142857142855,0.6,-0.16025369978858348,3.3333333333333335,impreza; porażka; rodzinny obiad; rozmowa o pracę; wypadek; zobaczenie rany
pl,situation,disgust,identity,centroid_phrases,neutral_centroid,bielik_1_5b_v3,qwen3_embedding_8b,10,2,0.1111111111111111,0.2,-0.4058898847631241,4.5,porażka; wypadek
pl,situation,disgust,identity,centroid_phrases,neutral_centroid,gemini,mmlw_roberta_large,10,4,0.25,0.4,-0.29633173843700156,4.25,kłótnia; niezręczna cisza; porażka; wypadek
pl,situation,disgust,identity,centroid_phrases,neutral_centroid,gemini,qwen3_embedding_8b,10,7,0.5384615384615384,0.7,0.5469696969696972,2.2857142857142856,bycie ignorowanym; kłótnia; niespodzianka; niezręczna cisza; porażka; wypadek; świętowanie
pl,situation,disgust,identity,centroid_phrases,neutral_centroid,mmlw_roberta_large,qwen3_embedding_8b,10,4,0.25,0.4,-0.28612440191387556,2.75,kłótnia; niezręczna cisza; porażka; wypadek
pl,situation,disgust,identity,single_word,neutral_centroid,bielik_1_5b_v3,gemini,10,5,0.3333333333333333,0.5,-0.28181818181818186,2.8,diagnoza lekarska; pogrzeb; porażka; publiczne wystąpienie; wypadek
pl,situation,disgust,identity,single_word,neutral_centroid,bielik_1_5b_v3,mmlw_roberta_large,10,6,0.42857142857142855,0.6,-0.16025369978858348,3.3333333333333335,impreza; porażka; rodzinny obiad; rozmowa o pracę; wypadek; zobaczenie rany
pl,situation,disgust,identity,single_word,neutral_centroid,bielik_1_5b_v3,qwen3_embedding_8b,10,2,0.1111111111111111,0.2,-0.4058898847631241,4.5,porażka; wypadek
pl,situation,disgust,identity,single_word,neutral_centroid,gemini,mmlw_roberta_large,10,4,0.25,0.4,-0.29633173843700156,4.25,kłótnia; niezręczna cisza; porażka; wypadek
pl,situation,disgust,identity,single_word,neutral_centroid,gemini,qwen3_embedding_8b,10,7,0.5384615384615384,0.7,0.5469696969696972,2.2857142857142856,bycie ignorowanym; kłótnia; niespodzianka; niezręczna cisza; porażka; wypadek; świętowanie
pl,situation,disgust,identity,single_word,neutral_centroid,mmlw_roberta_large,qwen3_embedding_8b,10,4,0.25,0.4,-0.28612440191387556,2.75,kłótnia; niezręczna cisza; porażka; wypadek
pl,situation,disgust,random,centroid_phrases,neutral_centroid,bielik_1_5b_v3,gemini,10,5,0.3333333333333333,0.5,-0.6090909090909091,5.0,diagnoza lekarska; pogrzeb; porażka; publiczne wystąpienie; wypadek
pl,situation,disgust,random,centroid_phrases,neutral_centroid,bielik_1_5b_v3,mmlw_roberta_large,10,5,0.3333333333333333,0.5,-0.3199999999999999,4.4,impreza; porażka; rozmowa o pracę; wypadek; zobaczenie rany
pl,situation,disgust,random,centroid_phrases,neutral_centroid,bielik_1_5b_v3,qwen3_embedding_8b,10,2,0.1111111111111111,0.2,-0.42893725992317533,4.0,porażka; wypadek
pl,situation,disgust,random,centroid_phrases,neutral_centroid,gemini,mmlw_roberta_large,10,5,0.3333333333333333,0.5,-0.3581818181818182,3.2,kłótnia; niezręczna cisza; porażka; wypadek; świętowanie
pl,situation,disgust,random,centroid_phrases,neutral_centroid,gemini,qwen3_embedding_8b,10,7,0.5384615384615384,0.7,0.4550505050505051,2.2857142857142856,bycie ignorowanym; kłótnia; niespodzianka; niezręczna cisza; porażka; wypadek; świętowanie
pl,situation,disgust,random,centroid_phrases,neutral_centroid,mmlw_roberta_large,qwen3_embedding_8b,10,5,0.3333333333333333,0.5,-0.19454545454545447,2.2,kłótnia; niezręczna cisza; porażka; wypadek; świętowanie
pl,situation,disgust,random,single_word,neutral_centroid,bielik_1_5b_v3,gemini,10,5,0.3333333333333333,0.5,-0.6090909090909091,5.0,diagnoza lekarska; pogrzeb; porażka; publiczne wystąpienie; wypadek
pl,situation,disgust,random,single_word,neutral_centroid,bielik_1_5b_v3,mmlw_roberta_large,10,5,0.3333333333333333,0.5,-0.3199999999999999,4.4,impreza; porażka; rozmowa o pracę; wypadek; zobaczenie rany
pl,situation,disgust,random,single_word,neutral_centroid,bielik_1_5b_v3,qwen3_embedding_8b,10,2,0.1111111111111111,0.2,-0.42893725992317533,4.0,porażka; wypadek
pl,situation,disgust,random,single_word,neutral_centroid,gemini,mmlw_roberta_large,10,5,0.3333333333333333,0.5,-0.3581818181818182,3.2,kłótnia; niezręczna cisza; porażka; wypadek; świętowanie
pl,situation,disgust,random,single_word,neutral_centroid,gemini,qwen3_embedding_8b,10,7,0.5384615384615384,0.7,0.4550505050505051,2.2857142857142856,bycie ignorowanym; kłótnia; niespodzianka; niezręczna cisza; porażka; wypadek; świętowanie
pl,situation,disgust,random,single_word,neutral_centroid,mmlw_roberta_large,qwen3_embedding_8b,10,5,0.3333333333333333,0.5,-0.19454545454545447,2.2,kłótnia; niezręczna cisza; porażka; wypadek; świętowanie
pl,situation,disgust,shuffled_emotion,centroid_phrases,neutral_centroid,bielik_1_5b_v3,gemini,10,4,0.25,0.4,-0.43923444976076553,3.5,niezręczna cisza; publiczne wystąpienie; usłyszenie dobrych wiadomości; zobaczenie rany
pl,situation,disgust,shuffled_emotion,centroid_phrases,neutral_centroid,bielik_1_5b_v3,mmlw_roberta_large,10,6,0.42857142857142855,0.6,-0.24312896405919668,3.0,impreza; kłótnia; niezręczna cisza; rozmowa o pracę; usłyszenie dobrych wiadomości; zobaczenie rany
pl,situation,disgust,shuffled_emotion,centroid_phrases,neutral_centroid,bielik_1_5b_v3,qwen3_embedding_8b,10,3,0.17647058823529413,0.3,-0.42471590909090906,2.3333333333333335,kłótnia; niezręczna cisza; usłyszenie dobrych wiadomości
pl,situation,disgust,shuffled_emotion,centroid_phrases,neutral_centroid,gemini,mmlw_roberta_large,10,6,0.42857142857142855,0.6,-0.39112050739957704,4.833333333333333,niespodzianka; niezręczna cisza; usłyszenie dobrych wiadomości; wypadek; zobaczenie rany; świętowanie
pl,situation,disgust,shuffled_emotion,centroid_phrases,neutral_centroid,gemini,qwen3_embedding_8b,10,5,0.3333333333333333,0.5,0.5309090909090908,0.8,niespodzianka; niezręczna cisza; usłyszenie dobrych wiadomości; wypadek; świętowanie
pl,situation,disgust,shuffled_emotion,centroid_phrases,neutral_centroid,mmlw_roberta_large,qwen3_embedding_8b,10,7,0.5384615384615384,0.7,-0.31969696969696976,4.714285714285714,kłótnia; niespodzianka; niezręczna cisza; otrzymanie listu miłosnego; usłyszenie dobrych wiadomości; wypadek; świętowanie
pl,situation,disgust,shuffled_emotion,single_word,neutral_centroid,bielik_1_5b_v3,gemini,10,5,0.3333333333333333,0.5,0.01818181818181818,2.4,kłótnia; niespodzianka; pogrzeb; porażka; wypadek
pl,situation,disgust,shuffled_emotion,single_word,neutral_centroid,bielik_1_5b_v3,mmlw_roberta_large,10,5,0.3333333333333333,0.5,-0.17272727272727273,3.6,impreza; kłótnia; niespodzianka; rozmowa o pracę; zobaczenie rany
pl,situation,disgust,shuffled_emotion,single_word,neutral_centroid,bielik_1_5b_v3,qwen3_embedding_8b,10,4,0.25,0.4,-0.2606060606060606,2.5,kłótnia; niespodzianka; porażka; wypadek
pl,situation,disgust,shuffled_emotion,single_word,neutral_centroid,gemini,mmlw_roberta_large,10,5,0.3333333333333333,0.5,-0.2,3.4,kłótnia; niespodzianka; niezręczna cisza; usłyszenie dobrych wiadomości; świętowanie
pl,situation,disgust,shuffled_emotion,single_word,neutral_centroid,gemini,qwen3_embedding_8b,10,7,0.5384615384615384,0.7,0.4747474747474747,1.4285714285714286,kłótnia; niespodzianka; niezręczna cisza; porażka; usłyszenie dobrych wiadomości; wypadek; świętowanie
pl,situation,disgust,shuffled_emotion,single_word,neutral_centroid,mmlw_roberta_large,qwen3_embedding_8b,10,6,0.42857142857142855,0.6,-0.1602536997885835,4.166666666666667,kłótnia; niespodzianka; niezręczna cisza; otrzymanie listu miłosnego; usłyszenie dobrych wiadomości; świętowanie
pl,situation,joy,emotion,centroid_phrases,neutral_centroid,bielik_1_5b_v3,gemini,10,4,0.25,0.4,-0.43923444976076553,3.5,niezręczna cisza; publiczne wystąpienie; usłyszenie dobrych wiadomości; zobaczenie rany
pl,situation,joy,emotion,centroid_phrases,neutral_centroid,bielik_1_5b_v3,mmlw_roberta_large,10,6,0.42857142857142855,0.6,-0.24312896405919668,3.0,impreza; kłótnia; niezręczna cisza; rozmowa o pracę; usłyszenie dobrych wiadomości; zobaczenie rany
pl,situation,joy,emotion,centroid_phrases,neutral_centroid,bielik_1_5b_v3,qwen3_embedding_8b,10,3,0.17647058823529413,0.3,-0.42471590909090906,2.3333333333333335,kłótnia; niezręczna cisza; usłyszenie dobrych wiadomości
pl,situation,joy,emotion,centroid_phrases,neutral_centroid,gemini,mmlw_roberta_large,10,6,0.42857142857142855,0.6,-0.39112050739957704,4.833333333333333,niespodzianka; niezręczna cisza; usłyszenie dobrych wiadomości; wypadek; zobaczenie rany; świętowanie
pl,situation,joy,emotion,centroid_phrases,neutral_centroid,gemini,qwen3_embedding_8b,10,5,0.3333333333333333,0.5,0.5309090909090908,0.8,niespodzianka; niezręczna cisza; usłyszenie dobrych wiadomości; wypadek; świętowanie
pl,situation,joy,emotion,centroid_phrases,neutral_centroid,mmlw_roberta_large,qwen3_embedding_8b,10,7,0.5384615384615384,0.7,-0.31969696969696976,4.714285714285714,kłótnia; niespodzianka; niezręczna cisza; otrzymanie listu miłosnego; usłyszenie dobrych wiadomości; wypadek; świętowanie
pl,situation,joy,emotion,single_word,neutral_centroid,bielik_1_5b_v3,gemini,10,5,0.3333333333333333,0.5,0.01818181818181818,2.4,kłótnia; niespodzianka; pogrzeb; porażka; wypadek
pl,situation,joy,emotion,single_word,neutral_centroid,bielik_1_5b_v3,mmlw_roberta_large,10,5,0.3333333333333333,0.5,-0.17272727272727273,3.6,impreza; kłótnia; niespodzianka; rozmowa o pracę; zobaczenie rany
pl,situation,joy,emotion,single_word,neutral_centroid,bielik_1_5b_v3,qwen3_embedding_8b,10,4,0.25,0.4,-0.2606060606060606,2.5,kłótnia; niespodzianka; porażka; wypadek
pl,situation,joy,emotion,single_word,neutral_centroid,gemini,mmlw_roberta_large,10,5,0.3333333333333333,0.5,-0.2,3.4,kłótnia; niespodzianka; niezręczna cisza; usłyszenie dobrych wiadomości; świętowanie
pl,situation,joy,emotion,single_word,neutral_centroid,gemini,qwen3_embedding_8b,10,7,0.5384615384615384,0.7,0.4747474747474747,1.4285714285714286,kłótnia; niespodzianka; niezręczna cisza; porażka; usłyszenie dobrych wiadomości; wypadek; świętowanie
pl,situation,joy,emotion,single_word,neutral_centroid,mmlw_roberta_large,qwen3_embedding_8b,10,6,0.42857142857142855,0.6,-0.1602536997885835,4.166666666666667,kłótnia; niespodzianka; niezręczna cisza; otrzymanie listu miłosnego; usłyszenie dobrych wiadomości; świętowanie
pl,situation,joy,identity,centroid_phrases,neutral_centroid,bielik_1_5b_v3,gemini,10,5,0.3333333333333333,0.5,-0.28181818181818186,2.8,diagnoza lekarska; pogrzeb; porażka; publiczne wystąpienie; wypadek
pl,situation,joy,identity,centroid_phrases,neutral_centroid,bielik_1_5b_v3,mmlw_roberta_large,10,6,0.42857142857142855,0.6,-0.16025369978858348,3.3333333333333335,impreza; porażka; rodzinny obiad; rozmowa o pracę; wypadek; zobaczenie rany
pl,situation,joy,identity,centroid_phrases,neutral_centroid,bielik_1_5b_v3,qwen3_embedding_8b,10,2,0.1111111111111111,0.2,-0.4058898847631241,4.5,porażka; wypadek
pl,situation,joy,identity,centroid_phrases,neutral_centroid,gemini,mmlw_roberta_large,10,4,0.25,0.4,-0.29633173843700156,4.25,kłótnia; niezręczna cisza; porażka; wypadek
pl,situation,joy,identity,centroid_phrases,neutral_centroid,gemini,qwen3_embedding_8b,10,7,0.5384615384615384,0.7,0.5469696969696972,2.2857142857142856,bycie ignorowanym; kłótnia; niespodzianka; niezręczna cisza; porażka; wypadek; świętowanie
pl,situation,joy,identity,centroid_phrases,neutral_centroid,mmlw_roberta_large,qwen3_embedding_8b,10,4,0.25,0.4,-0.28612440191387556,2.75,kłótnia; niezręczna cisza; porażka; wypadek
pl,situation,joy,identity,single_word,neutral_centroid,bielik_1_5b_v3,gemini,10,5,0.3333333333333333,0.5,-0.28181818181818186,2.8,diagnoza lekarska; pogrzeb; porażka; publiczne wystąpienie; wypadek
pl,situation,joy,identity,single_word,neutral_centroid,bielik_1_5b_v3,mmlw_roberta_large,10,6,0.42857142857142855,0.6,-0.16025369978858348,3.3333333333333335,impreza; porażka; rodzinny obiad; rozmowa o pracę; wypadek; zobaczenie rany
pl,situation,joy,identity,single_word,neutral_centroid,bielik_1_5b_v3,qwen3_embedding_8b,10,2,0.1111111111111111,0.2,-0.4058898847631241,4.5,porażka; wypadek
pl,situation,joy,identity,single_word,neutral_centroid,gemini,mmlw_roberta_large,10,4,0.25,0.4,-0.29633173843700156,4.25,kłótnia; niezręczna cisza; porażka; wypadek
pl,situation,joy,identity,single_word,neutral_centroid,gemini,qwen3_embedding_8b,10,7,0.5384615384615384,0.7,0.5469696969696972,2.2857142857142856,bycie ignorowanym; kłótnia; niespodzianka; niezręczna cisza; porażka; wypadek; świętowanie
pl,situation,joy,identity,single_word,neutral_centroid,mmlw_roberta_large,qwen3_embedding_8b,10,4,0.25,0.4,-0.28612440191387556,2.75,kłótnia; niezręczna cisza; porażka; wypadek
pl,situation,joy,random,centroid_phrases,neutral_centroid,bielik_1_5b_v3,gemini,10,4,0.25,0.4,-0.1993620414673046,4.75,pogrzeb; porażka; publiczne wystąpienie; wypadek
pl,situation,joy,random,centroid_phrases,neutral_centroid,bielik_1_5b_v3,mmlw_roberta_large,10,5,0.3333333333333333,0.5,-0.12363636363636354,3.2,impreza; publiczne wystąpienie; rozmowa o pracę; wypadek; zobaczenie rany
pl,situation,joy,random,centroid_phrases,neutral_centroid,bielik_1_5b_v3,qwen3_embedding_8b,10,3,0.17647058823529413,0.3,-0.45369318181818197,5.333333333333333,porażka; publiczne wystąpienie; wypadek
pl,situation,joy,random,centroid_phrases,neutral_centroid,gemini,mmlw_roberta_large,10,4,0.25,0.4,-0.2146730462519936,3.5,kłótnia; niezręczna cisza; publiczne wystąpienie; wypadek
pl,situation,joy,random,centroid_phrases,neutral_centroid,gemini,qwen3_embedding_8b,10,8,0.6666666666666666,0.8,0.6539184952978057,1.875,bycie ignorowanym; kłótnia; niespodzianka; niezręczna cisza; porażka; publiczne wystąpienie; wypadek; świętowanie
pl,situation,joy,random,centroid_phrases,neutral_centroid,mmlw_roberta_large,qwen3_embedding_8b,10,4,0.25,0.4,-0.29122807017543856,2.5,kłótnia; niezręczna cisza; publiczne wystąpienie; wypadek
pl,situation,joy,random,single_word,neutral_centroid,bielik_1_5b_v3,gemini,10,4,0.25,0.4,-0.1993620414673046,4.75,pogrzeb; porażka; publiczne wystąpienie; wypadek
pl,situation,joy,random,single_word,neutral_centroid,bielik_1_5b_v3,mmlw_roberta_large,10,5,0.3333333333333333,0.5,-0.12363636363636354,3.2,impreza; publiczne wystąpienie; rozmowa o pracę; wypadek; zobaczenie rany
pl,situation,joy,random,single_word,neutral_centroid,bielik_1_5b_v3,qwen3_embedding_8b,10,3,0.17647058823529413,0.3,-0.45369318181818197,5.333333333333333,porażka; publiczne wystąpienie; wypadek
pl,situation,joy,random,single_word,neutral_centroid,gemini,mmlw_roberta_large,10,4,0.25,0.4,-0.2146730462519936,3.5,kłótnia; niezręczna cisza; publiczne wystąpienie; wypadek
pl,situation,joy,random,single_word,neutral_centroid,gemini,qwen3_embedding_8b,10,8,0.6666666666666666,0.8,0.6539184952978057,1.875,bycie ignorowanym; kłótnia; niespodzianka; niezręczna cisza; porażka; publiczne wystąpienie; wypadek; świętowanie
pl,situation,joy,random,single_word,neutral_centroid,mmlw_roberta_large,qwen3_embedding_8b,10,4,0.25,0.4,-0.29122807017543856,2.5,kłótnia; niezręczna cisza; publiczne wystąpienie; wypadek
pl,situation,joy,shuffled_emotion,centroid_phrases,neutral_centroid,bielik_1_5b_v3,gemini,10,6,0.42857142857142855,0.6,-0.40295983086680753,4.5,kłótnia; niezręczna cisza; porażka; publiczne wystąpienie; spóźnienie się na pociąg; zobaczenie rany
pl,situation,joy,shuffled_emotion,centroid_phrases,neutral_centroid,bielik_1_5b_v3,mmlw_roberta_large,10,6,0.42857142857142855,0.6,-0.047780126849894335,3.8333333333333335,impreza; kłótnia; niezręczna cisza; porażka; rozmowa o pracę; zobaczenie rany
pl,situation,joy,shuffled_emotion,centroid_phrases,neutral_centroid,bielik_1_5b_v3,qwen3_embedding_8b,10,5,0.3333333333333333,0.5,-0.4181818181818181,5.2,kłótnia; niezręczna cisza; porażka; spóźnienie się na pociąg; zobaczenie rany
pl,situation,joy,shuffled_emotion,centroid_phrases,neutral_centroid,gemini,mmlw_roberta_large,10,5,0.3333333333333333,0.5,0.05090909090909091,1.8,kłótnia; niezręczna cisza; porażka; wypadek; zobaczenie rany
pl,situation,joy,shuffled_emotion,centroid_phrases,neutral_centroid,gemini,qwen3_embedding_8b,10,9,0.8181818181818182,0.9,0.5,1.7777777777777777,bycie ignorowanym; kłótnia; niespodzianka; niezręczna cisza; porażka; spóźnienie się na pociąg; wypadek; zobaczenie rany; świętowanie
pl,situation,joy,shuffled_emotion,centroid_phrases,neutral_centroid,mmlw_roberta_large,qwen3_embedding_8b,10,5,0.3333333333333333,0.5,0.08363636363636365,2.0,kłótnia; niezręczna cisza; porażka; wypadek; zobaczenie rany
pl,situation,joy,shuffled_emotion,single_word,neutral_centroid,bielik_1_5b_v3,gemini,10,7,0.5384615384615384,0.7,0.0020202020202020046,2.2857142857142856,kłótnia; niespodzianka; pogrzeb; porażka; publiczne wystąpienie; wypadek; zobaczenie rany
pl,situation,joy,shuffled_emotion,single_word,neutral_centroid,bielik_1_5b_v3,mmlw_roberta_large,10,6,0.42857142857142855,0.6,-0.03594080338266385,3.5,impreza; kłótnia; porażka; wypadek; zdrada; zobaczenie rany
pl,situation,joy,shuffled_emotion,single_word,neutral_centroid,bielik_1_5b_v3,qwen3_embedding_8b,10,6,0.42857142857142855,0.6,0.10021141649048626,3.6666666666666665,kłótnia; niespodzianka; pogrzeb; porażka; wypadek; zdrada
pl,situation,joy,shuffled_emotion,single_word,neutral_centroid,gemini,mmlw_roberta_large,10,5,0.3333333333333333,0.5,-0.11272727272727268,2.4,kłótnia; niezręczna cisza; porażka; wypadek; zobaczenie rany
pl,situation,joy,shuffled_emotion,single_word,neutral_centroid,gemini,qwen3_embedding_8b,10,8,0.6666666666666666,0.8,0.5410658307210032,2.875,bycie ignorowanym; kłótnia; niespodzianka; niezręczna cisza; pogrzeb; porażka; wypadek; świętowanie
pl,situation,joy,shuffled_emotion,single_word,neutral_centroid,mmlw_roberta_large,qwen3_embedding_8b,10,5,0.3333333333333333,0.5,0.1709090909090909,1.8,kłótnia; niezręczna cisza; porażka; wypadek; zdrada
pl,situation,sadness,emotion,centroid_phrases,neutral_centroid,bielik_1_5b_v3,gemini,10,6,0.42857142857142855,0.6,-0.08329809725158557,2.3333333333333335,kłótnia; niezręczna cisza; porażka; publiczne wystąpienie; spóźnienie się na pociąg; zobaczenie rany
pl,situation,sadness,emotion,centroid_phrases,neutral_centroid,bielik_1_5b_v3,mmlw_roberta_large,10,6,0.42857142857142855,0.6,0.14164904862579278,2.1666666666666665,impreza; kłótnia; niezręczna cisza; porażka; rozmowa o pracę; zobaczenie rany
pl,situation,sadness,emotion,centroid_phrases,neutral_centroid,bielik_1_5b_v3,qwen3_embedding_8b,10,4,0.25,0.4,-0.27591706539074956,5.75,kłótnia; niezręczna cisza; porażka; zobaczenie rany
pl,situation,sadness,emotion,centroid_phrases,neutral_centroid,gemini,mmlw_roberta_large,10,5,0.3333333333333333,0.5,0.3181818181818181,2.0,kłótnia; niezręczna cisza; porażka; wypadek; zobaczenie rany
pl,situation,sadness,emotion,centroid_phrases,neutral_centroid,gemini,qwen3_embedding_8b,10,7,0.5384615384615384,0.7,0.4222222222222222,2.857142857142857,bycie ignorowanym; kłótnia; niezręczna cisza; pogrzeb; porażka; wypadek; zobaczenie rany
pl,situation,sadness,emotion,centroid_phrases,neutral_centroid,mmlw_roberta_large,qwen3_embedding_8b,10,6,0.42857142857142855,0.6,0.21860465116279065,2.0,kłótnia; niezręczna cisza; porażka; wypadek; zdrada; zobaczenie rany
pl,situation,sadness,emotion,single_word,neutral_centroid,bielik_1_5b_v3,gemini,10,7,0.5384615384615384,0.7,0.2055555555555556,1.7142857142857142,kłótnia; niespodzianka; pogrzeb; porażka; publiczne wystąpienie; wypadek; zobaczenie rany
pl,situation,sadness,emotion,single_word,neutral_centroid,bielik_1_5b_v3,mmlw_roberta_large,10,6,0.42857142857142855,0.6,0.3547568710359408,2.0,kłótnia; pogrzeb; porażka; rozmowa o pracę; wypadek; zobaczenie rany
pl,situation,sadness,emotion,single_word,neutral_centroid,bielik_1_5b_v3,qwen3_embedding_8b,10,4,0.25,0.4,-0.18405103668261563,3.25,kłótnia; niespodzianka; porażka; wypadek
pl,situation,sadness,emotion,single_word,neutral_centroid,gemini,mmlw_roberta_large,10,6,0.42857142857142855,0.6,0.5619450317124735,2.8333333333333335,kłótnia; niezręczna cisza; pogrzeb; porażka; wypadek; zobaczenie rany
pl,situation,sadness,emotion,single_word,neutral_centroid,gemini,qwen3_embedding_8b,10,7,0.5384615384615384,0.7,0.5272727272727272,2.5714285714285716,bycie ignorowanym; kłótnia; niespodzianka; niezręczna cisza; porażka; samotny spacer nocą; wypadek
pl,situation,sadness,emotion,single_word,neutral_centroid,mmlw_roberta_large,qwen3_embedding_8b,10,5,0.3333333333333333,0.5,0.23636363636363628,2.6,kłótnia; niezręczna cisza; porażka; wypadek; zdrada
pl,situation,sadness,identity,centroid_phrases,neutral_centroid,bielik_1_5b_v3,gemini,10,5,0.3333333333333333,0.5,-0.28181818181818186,2.8,diagnoza lekarska; pogrzeb; porażka; publiczne wystąpienie; wypadek
pl,situation,sadness,identity,centroid_phrases,neutral_centroid,bielik_1_5b_v3,mmlw_roberta_large,10,6,0.42857142857142855,0.6,-0.16025369978858348,3.3333333333333335,impreza; porażka; rodzinny obiad; rozmowa o pracę; wypadek; zobaczenie rany
pl,situation,sadness,identity,centroid_phrases,neutral_centroid,bielik_1_5b_v3,qwen3_embedding_8b,10,2,0.1111111111111111,0.2,-0.4058898847631241,4.5,porażka; wypadek
pl,situation,sadness,identity,centroid_phrases,neutral_centroid,gemini,mmlw_roberta_large,10,4,0.25,0.4,-0.29633173843700156,4.25,kłótnia; niezręczna cisza; porażka; wypadek
pl,situation,sadness,identity,centroid_phrases,neutral_centroid,gemini,qwen3_embedding_8b,10,7,0.5384615384615384,0.7,0.5469696969696972,2.2857142857142856,bycie ignorowanym; kłótnia; niespodzianka; niezręczna cisza; porażka; wypadek; świętowanie
pl,situation,sadness,identity,centroid_phrases,neutral_centroid,mmlw_roberta_large,qwen3_embedding_8b,10,4,0.25,0.4,-0.28612440191387556,2.75,kłótnia; niezręczna cisza; porażka; wypadek
pl,situation,sadness,identity,single_word,neutral_centroid,bielik_1_5b_v3,gemini,10,5,0.3333333333333333,0.5,-0.28181818181818186,2.8,diagnoza lekarska; pogrzeb; porażka; publiczne wystąpienie; wypadek
pl,situation,sadness,identity,single_word,neutral_centroid,bielik_1_5b_v3,mmlw_roberta_large,10,6,0.42857142857142855,0.6,-0.16025369978858348,3.3333333333333335,impreza; porażka; rodzinny obiad; rozmowa o pracę; wypadek; zobaczenie rany
pl,situation,sadness,identity,single_word,neutral_centroid,bielik_1_5b_v3,qwen3_embedding_8b,10,2,0.1111111111111111,0.2,-0.4058898847631241,4.5,porażka; wypadek
pl,situation,sadness,identity,single_word,neutral_centroid,gemini,mmlw_roberta_large,10,4,0.25,0.4,-0.29633173843700156,4.25,kłótnia; niezręczna cisza; porażka; wypadek
pl,situation,sadness,identity,single_word,neutral_centroid,gemini,qwen3_embedding_8b,10,7,0.5384615384615384,0.7,0.5469696969696972,2.2857142857142856,bycie ignorowanym; kłótnia; niespodzianka; niezręczna cisza; porażka; wypadek; świętowanie
pl,situation,sadness,identity,single_word,neutral_centroid,mmlw_roberta_large,qwen3_embedding_8b,10,4,0.25,0.4,-0.28612440191387556,2.75,kłótnia; niezręczna cisza; porażka; wypadek
pl,situation,sadness,random,centroid_phrases,neutral_centroid,bielik_1_5b_v3,gemini,10,4,0.25,0.4,-0.27081339712918656,3.25,pogrzeb; porażka; publiczne wystąpienie; wypadek
pl,situation,sadness,random,centroid_phrases,neutral_centroid,bielik_1_5b_v3,mmlw_roberta_large,10,4,0.25,0.4,-0.16363636363636364,2.75,impreza; publiczne wystąpienie; rozmowa o pracę; zobaczenie rany
pl,situation,sadness,random,centroid_phrases,neutral_centroid,bielik_1_5b_v3,qwen3_embedding_8b,10,4,0.25,0.4,-0.42902711323763953,4.25,porażka; wynik egzaminu; wypadek; zdrada
pl,situation,sadness,random,centroid_phrases,neutral_centroid,gemini,mmlw_roberta_large,10,3,0.17647058823529413,0.3,-0.3957386363636363,2.3333333333333335,kłótnia; niezręczna cisza; publiczne wystąpienie
pl,situation,sadness,random,centroid_phrases,neutral_centroid,gemini,qwen3_embedding_8b,10,7,0.5384615384615384,0.7,0.24494949494949486,2.4285714285714284,bycie ignorowanym; kłótnia; niespodzianka; niezręczna cisza; porażka; wypadek; świętowanie
pl,situation,sadness,random,centroid_phrases,neutral_centroid,mmlw_roberta_large,qwen3_embedding_8b,10,2,0.1111111111111111,0.2,-0.3966709346991036,2.0,kłótnia; niezręczna cisza
pl,situation,sadness,random,single_word,neutral_centroid,bielik_1_5b_v3,gemini,10,4,0.25,0.4,-0.27081339712918656,3.25,pogrzeb; porażka; publiczne wystąpienie; wypadek
pl,situation,sadness,random,single_word,neutral_centroid,bielik_1_5b_v3,mmlw_roberta_large,10,4,0.25,0.4,-0.16363636363636364,2.75,impreza; publiczne wystąpienie; rozmowa o pracę; zobaczenie rany
pl,situation,sadness,random,single_word,neutral_centroid,bielik_1_5b_v3,qwen3_embedding_8b,10,4,0.25,0.4,-0.42902711323763953,4.25,porażka; wynik egzaminu; wypadek; zdrada
pl,situation,sadness,random,single_word,neutral_centroid,gemini,mmlw_roberta_large,10,3,0.17647058823529413,0.3,-0.3957386363636363,2.3333333333333335,kłótnia; niezręczna cisza; publiczne wystąpienie
pl,situation,sadness,random,single_word,neutral_centroid,gemini,qwen3_embedding_8b,10,7,0.5384615384615384,0.7,0.24494949494949486,2.4285714285714284,bycie ignorowanym; kłótnia; niespodzianka; niezręczna cisza; porażka; wypadek; świętowanie
pl,situation,sadness,random,single_word,neutral_centroid,mmlw_roberta_large,qwen3_embedding_8b,10,2,0.1111111111111111,0.2,-0.3966709346991036,2.0,kłótnia; niezręczna cisza
pl,situation,sadness,shuffled_emotion,centroid_phrases,neutral_centroid,bielik_1_5b_v3,gemini,10,3,0.17647058823529413,0.3,-0.18806818181818175,4.0,kłótnia; niezręczna cisza; porażka
pl,situation,sadness,shuffled_emotion,centroid_phrases,neutral_centroid,bielik_1_5b_v3,mmlw_roberta_large,10,5,0.3333333333333333,0.5,0.08909090909090908,2.2,kłótnia; niezręczna cisza; porażka; rozmowa o pracę; zobaczenie rany
pl,situation,sadness,shuffled_emotion,centroid_phrases,neutral_centroid,bielik_1_5b_v3,qwen3_embedding_8b,10,4,0.25,0.4,-0.3116427432216905,5.0,kłótnia; niezręczna cisza; porażka; zobaczenie rany
pl,situation,sadness,shuffled_emotion,centroid_phrases,neutral_centroid,gemini,mmlw_roberta_large,10,5,0.3333333333333333,0.5,0.26363636363636356,1.4,kłótnia; niezręczna cisza; porażka; wypadek; znalezienie pleśni w jedzeniu
pl,situation,sadness,shuffled_emotion,centroid_phrases,neutral_centroid,gemini,qwen3_embedding_8b,10,7,0.5384615384615384,0.7,0.5207070707070707,2.142857142857143,bycie ignorowanym; kłótnia; niespodzianka; niezręczna cisza; porażka; wypadek; znalezienie pleśni w jedzeniu
pl,situation,sadness,shuffled_emotion,centroid_phrases,neutral_centroid,mmlw_roberta_large,qwen3_embedding_8b,10,7,0.5384615384615384,0.7,0.12676767676767675,3.142857142857143,kłótnia; niezręczna cisza; porażka; wypadek; zdrada; znalezienie pleśni w jedzeniu; zobaczenie rany
pl,situation,sadness,shuffled_emotion,single_word,neutral_centroid,bielik_1_5b_v3,gemini,10,6,0.42857142857142855,0.6,-0.08921775898520085,2.8333333333333335,kłótnia; niespodzianka; porażka; publiczne wystąpienie; wypadek; zobaczenie rany
pl,situation,sadness,shuffled_emotion,single_word,neutral_centroid,bielik_1_5b_v3,mmlw_roberta_large,10,4,0.25,0.4,-0.18405103668261563,4.25,kłótnia; porażka; wypadek; zobaczenie rany
pl,situation,sadness,shuffled_emotion,single_word,neutral_centroid,bielik_1_5b_v3,qwen3_embedding_8b,10,6,0.42857142857142855,0.6,-0.2076109936575053,4.166666666666667,kłótnia; niespodzianka; porażka; wypadek; zdrada; zobaczenie rany
pl,situation,sadness,shuffled_emotion,single_word,neutral_centroid,gemini,mmlw_roberta_large,10,6,0.42857142857142855,0.6,0.1771670190274841,3.0,kłótnia; niezręczna cisza; porażka; wypadek; znalezienie pleśni w jedzeniu; zobaczenie rany
pl,situation,sadness,shuffled_emotion,single_word,neutral_centroid,gemini,qwen3_embedding_8b,10,7,0.5384615384615384,0.7,0.5404040404040406,2.5714285714285716,bycie ignorowanym; kłótnia; niespodzianka; niezręczna cisza; porażka; wypadek; zobaczenie rany
pl,situation,sadness,shuffled_emotion,single_word,neutral_centroid,mmlw_roberta_large,qwen3_embedding_8b,10,5,0.3333333333333333,0.5,0.07272727272727277,3.8,kłótnia; niezręczna cisza; porażka; wypadek; zobaczenie rany
zh,food,anger,emotion,centroid_phrases,neutral_centroid,bielik_1_5b_v3,gemini,10,4,0.25,0.4,0.2446570972886762,2.25,安慰食物; 烧焦的晚餐; 腐烂的食物; 餐厅饭菜
zh,food,anger,emotion,centroid_phrases,neutral_centroid,bielik_1_5b_v3,mmlw_roberta_large,10,3,0.17647058823529413,0.3,-0.7869318181818181,2.6666666666666665,甜点; 生日蛋糕; 餐厅饭菜
zh,food,anger,emotion,centroid_phrases,neutral_centroid,bielik_1_5b_v3,qwen3_embedding_8b,10,4,0.25,0.4,-0.07177033492822965,3.0,安慰食物; 甜点; 腐烂的食物; 餐厅饭菜
zh,food,anger,emotion,centroid_phrases,neutral_centroid,gemini,mmlw_roberta_large,10,2,0.1111111111111111,0.2,-0.4519846350832265,2.0,新鲜水果; 餐厅饭菜
zh,food,anger,emotion,centroid_phrases,neutral_centroid,gemini,qwen3_embedding_8b,10,5,0.3333333333333333,0.5,0.38909090909090915,2.0,医院饭菜; 安慰食物; 油腻的剩菜; 腐烂的食物; 餐厅饭菜
zh,food,anger,emotion,centroid_phrases,neutral_centroid,mmlw_roberta_large,qwen3_embedding_8b,10,4,0.25,0.4,-0.1789473684210526,2.0,甜点; 蛋糕; 面包; 餐厅饭菜
zh,food,anger,emotion,single_word,neutral_centroid,bielik_1_5b_v3,gemini,10,5,0.3333333333333333,0.5,0.46,1.0,安慰食物; 烧焦的晚餐; 生肉; 腐烂的食物; 餐厅饭菜
zh,food,anger,emotion,single_word,neutral_centroid,bielik_1_5b_v3,mmlw_roberta_large,10,3,0.17647058823529413,0.3,-0.6082386363636364,2.6666666666666665,热面包; 甜点; 餐厅饭菜
zh,food,anger,emotion,single_word,neutral_centroid,bielik_1_5b_v3,qwen3_embedding_8b,10,5,0.3333333333333333,0.5,0.22000000000000003,3.2,安慰食物; 甜点; 生肉; 腐烂的食物; 餐厅饭菜
zh,food,anger,emotion,single_word,neutral_centroid,gemini,mmlw_roberta_large,10,2,0.1111111111111111,0.2,-0.45198463508322656,2.0,新鲜水果; 餐厅饭菜
zh,food,anger,emotion,single_word,neutral_centroid,gemini,qwen3_embedding_8b,10,4,0.25,0.4,0.2650717703349282,1.75,安慰食物; 生肉; 腐烂的食物; 餐厅饭菜
zh,food,anger,emotion,single_word,neutral_centroid,mmlw_roberta_large,qwen3_embedding_8b,10,5,0.3333333333333333,0.5,-0.11818181818181815,2.6,奶酪; 甜点; 蛋糕; 面包; 餐厅饭菜
zh,food,anger,identity,centroid_phrases,neutral_centroid,bielik_1_5b_v3,gemini,10,5,0.3333333333333333,0.5,0.19818181818181818,2.6,安慰食物; 甜点; 腐烂的食物; 面包; 餐厅饭菜
zh,food,anger,identity,centroid_phrases,neutral_centroid,bielik_1_5b_v3,mmlw_roberta_large,10,4,0.25,0.4,-0.5719298245614035,4.0,热面包; 甜点; 面包; 餐厅饭菜
zh,food,anger,identity,centroid_phrases,neutral_centroid,bielik_1_5b_v3,qwen3_embedding_8b,10,5,0.3333333333333333,0.5,-0.03090909090909091,4.2,甜点; 生肉; 腐烂的食物; 面包; 餐厅饭菜
zh,food,anger,identity,centroid_phrases,neutral_centroid,gemini,mmlw_roberta_large,10,4,0.25,0.4,-0.48006379585326947,3.75,新鲜水果; 甜点; 面包; 餐厅饭菜
zh,food,anger,identity,centroid_phrases,neutral_centroid,gemini,qwen3_embedding_8b,10,6,0.42857142857142855,0.6,-0.018181818181818157,3.3333333333333335,医院饭菜; 新鲜水果; 甜点; 腐烂的食物; 面包; 餐厅饭菜
zh,food,anger,identity,centroid_phrases,neutral_centroid,mmlw_roberta_large,qwen3_embedding_8b,10,6,0.42857142857142855,0.6,0.01733615221987319,3.3333333333333335,奶酪; 新鲜水果; 甜点; 蛋糕; 面包; 餐厅饭菜
zh,food,anger,identity,single_word,neutral_centroid,bielik_1_5b_v3,gemini,10,5,0.3333333333333333,0.5,0.19818181818181818,2.6,安慰食物; 甜点; 腐烂的食物; 面包; 餐厅饭菜
zh,food,anger,identity,single_word,neutral_centroid,bielik_1_5b_v3,mmlw_roberta_large,10,4,0.25,0.4,-0.5719298245614035,4.0,热面包; 甜点; 面包; 餐厅饭菜
zh,food,anger,identity,single_word,neutral_centroid,bielik_1_5b_v3,qwen3_embedding_8b,10,5,0.3333333333333333,0.5,-0.03090909090909091,4.2,甜点; 生肉; 腐烂的食物; 面包; 餐厅饭菜
zh,food,anger,identity,single_word,neutral_centroid,gemini,mmlw_roberta_large,10,4,0.25,0.4,-0.48006379585326947,3.75,新鲜水果; 甜点; 面包; 餐厅饭菜
zh,food,anger,identity,single_word,neutral_centroid,gemini,qwen3_embedding_8b,10,6,0.42857142857142855,0.6,-0.018181818181818157,3.3333333333333335,医院饭菜; 新鲜水果; 甜点; 腐烂的食物; 面包; 餐厅饭菜
zh,food,anger,identity,single_word,neutral_centroid,mmlw_roberta_large,qwen3_embedding_8b,10,6,0.42857142857142855,0.6,0.01733615221987319,3.3333333333333335,奶酪; 新鲜水果; 甜点; 蛋糕; 面包; 餐厅饭菜
zh,food,anger,random,centroid_phrases,neutral_centroid,bielik_1_5b_v3,gemini,10,4,0.25,0.4,0.17830940988835722,3.25,安慰食物; 甜点; 腐烂的食物; 餐厅饭菜
zh,food,anger,random,centroid_phrases,neutral_centroid,bielik_1_5b_v3,mmlw_roberta_large,10,4,0.25,0.4,-0.6688995215311005,4.75,热面包; 甜点; 面包; 餐厅饭菜
zh,food,anger,random,centroid_phrases,neutral_centroid,bielik_1_5b_v3,qwen3_embedding_8b,10,5,0.3333333333333333,0.5,-0.1999999999999999,4.2,甜点; 生肉; 腐烂的食物; 面包; 餐厅饭菜
zh,food,anger,random,centroid_phrases,neutral_centroid,gemini,mmlw_roberta_large,10,3,0.17647058823529413,0.3,-0.43437499999999996,2.6666666666666665,新鲜水果; 甜点; 餐厅饭菜
zh,food,anger,random,centroid_phrases,neutral_centroid,gemini,qwen3_embedding_8b,10,5,0.3333333333333333,0.5,-0.019999999999999983,1.6,医院饭菜; 咖啡; 甜点; 腐烂的食物; 餐厅饭菜
zh,food,anger,random,centroid_phrases,neutral_centroid,mmlw_roberta_large,qwen3_embedding_8b,10,5,0.3333333333333333,0.5,0.10545454545454545,2.8,奶酪; 甜点; 蛋糕; 面包; 餐厅饭菜
zh,food,anger,random,single_word,neutral_centroid,bielik_1_5b_v3,gemini,10,4,0.25,0.4,0.17830940988835722,3.25,安慰食物; 甜点; 腐烂的食物; 餐厅饭菜
zh,food,anger,random,single_word,neutral_centroid,bielik_1_5b_v3,mmlw_roberta_large,10,4,0.25,0.4,-0.6688995215311005,4.75,热面包; 甜点; 面包; 餐厅饭菜
zh,food,anger,random,single_word,neutral_centroid,bielik_1_5b_v3,qwen3_embedding_8b,10,5,0.3333333333333333,0.5,-0.1999999999999999,4.2,甜点; 生肉; 腐烂的食物; 面包; 餐厅饭菜
zh,food,anger,random,single_word,neutral_centroid,gemini,mmlw_roberta_large,10,3,0.17647058823529413,0.3,-0.43437499999999996,2.6666666666666665,新鲜水果; 甜点; 餐厅饭菜
zh,food,anger,random,single_word,neutral_centroid,gemini,qwen3_embedding_8b,10,5,0.3333333333333333,0.5,-0.019999999999999983,1.6,医院饭菜; 咖啡; 甜点; 腐烂的食物; 餐厅饭菜
zh,food,anger,random,single_word,neutral_centroid,mmlw_roberta_large,qwen3_embedding_8b,10,5,0.3333333333333333,0.5,0.10545454545454545,2.8,奶酪; 甜点; 蛋糕; 面包; 餐厅饭菜
zh,food,anger,shuffled_emotion,centroid_phrases,neutral_centroid,bielik_1_5b_v3,gemini,10,5,0.3333333333333333,0.5,0.3781818181818182,1.8,受污染的水; 安慰食物; 烧焦的晚餐; 腐烂的食物; 餐厅饭菜
zh,food,anger,shuffled_emotion,centroid_phrases,neutral_centroid,bielik_1_5b_v3,mmlw_roberta_large,10,2,0.1111111111111111,0.2,-0.6455825864276569,1.0,热面包; 餐厅饭菜
zh,food,anger,shuffled_emotion,centroid_phrases,neutral_centroid,bielik_1_5b_v3,qwen3_embedding_8b,10,4,0.25,0.4,0.18341307814992028,0.75,安慰食物; 脏盘子; 腐烂的食物; 餐厅饭菜
zh,food,anger,shuffled_emotion,centroid_phrases,neutral_centroid,gemini,mmlw_roberta_large,10,2,0.1111111111111111,0.2,-0.5349551856594109,3.5,新鲜水果; 餐厅饭菜
zh,food,anger,shuffled_emotion,centroid_phrases,neutral_centroid,gemini,qwen3_embedding_8b,10,5,0.3333333333333333,0.5,0.509090909090909,1.4,医院饭菜; 安慰食物; 油腻的剩菜; 腐烂的食物; 餐厅饭菜
zh,food,anger,shuffled_emotion,centroid_phrases,neutral_centroid,mmlw_roberta_large,qwen3_embedding_8b,10,4,0.25,0.4,-0.21977671451355657,2.25,甜点; 蛋糕; 面包; 餐厅饭菜
zh,food,anger,shuffled_emotion,single_word,neutral_centroid,bielik_1_5b_v3,gemini,10,5,0.3333333333333333,0.5,0.3127272727272727,1.2,安慰食物; 沙拉; 烧焦的晚餐; 腐烂的食物; 餐厅饭菜
zh,food,anger,shuffled_emotion,single_word,neutral_centroid,bielik_1_5b_v3,mmlw_roberta_large,10,3,0.17647058823529413,0.3,-0.6227272727272728,3.0,热面包; 甜点; 餐厅饭菜
zh,food,anger,shuffled_emotion,single_word,neutral_centroid,bielik_1_5b_v3,qwen3_embedding_8b,10,7,0.5384615384615384,0.7,0.31060606060606066,1.2857142857142858,安慰食物; 沙拉; 烧焦的晚餐; 甜点; 生肉; 腐烂的食物; 餐厅饭菜
zh,food,anger,shuffled_emotion,single_word,neutral_centroid,gemini,mmlw_roberta_large,10,2,0.1111111111111111,0.2,-0.5072983354673496,5.0,面包; 餐厅饭菜
zh,food,anger,shuffled_emotion,single_word,neutral_centroid,gemini,qwen3_embedding_8b,10,7,0.5384615384615384,0.7,0.32373737373737377,1.8571428571428572,安慰食物; 沙拉; 油腻的剩菜; 烧焦的晚餐; 腐烂的食物; 面包; 餐厅饭菜
zh,food,anger,shuffled_emotion,single_word,neutral_centroid,mmlw_roberta_large,qwen3_embedding_8b,10,4,0.25,0.4,-0.14322169059011164,1.25,甜点; 蛋糕; 面包; 餐厅饭菜
zh,food,disgust,emotion,centroid_phrases,neutral_centroid,bielik_1_5b_v3,gemini,10,7,0.5384615384615384,0.7,0.20555555555555555,3.0,受污染的水; 变质牛奶; 安慰食物; 烧焦的晚餐; 脏盘子; 腐烂的食物; 餐厅饭菜
zh,food,disgust,emotion,centroid_phrases,neutral_centroid,bielik_1_5b_v3,mmlw_roberta_large,10,2,0.1111111111111111,0.2,-0.7008962868117796,1.0,生日蛋糕; 餐厅饭菜
zh,food,disgust,emotion,centroid_phrases,neutral_centroid,bielik_1_5b_v3,qwen3_embedding_8b,10,4,0.25,0.4,-0.14322169059011164,4.75,变质牛奶; 安慰食物; 腐烂的食物; 餐厅饭菜
zh,food,disgust,emotion,centroid_phrases,neutral_centroid,gemini,mmlw_roberta_large,10,1,0.05263157894736842,0.1,-0.5501165501165499,2.0,餐厅饭菜
zh,food,disgust,emotion,centroid_phrases,neutral_centroid,gemini,qwen3_embedding_8b,10,6,0.42857142857142855,0.6,0.5382663847780126,1.6666666666666667,医院饭菜; 变质牛奶; 安慰食物; 油腻的剩菜; 腐烂的食物; 餐厅饭菜
zh,food,disgust,emotion,centroid_phrases,neutral_centroid,mmlw_roberta_large,qwen3_embedding_8b,10,2,0.1111111111111111,0.2,-0.3183098591549295,3.5,面包; 餐厅饭菜
zh,food,disgust,emotion,single_word,neutral_centroid,bielik_1_5b_v3,gemini,10,4,0.25,0.4,0.29059011164274323,0.75,垃圾; 安慰食物; 腐烂的食物; 餐厅饭菜
zh,food,disgust,emotion,single_word,neutral_centroid,bielik_1_5b_v3,mmlw_roberta_large,10,3,0.17647058823529413,0.3,-0.5261363636363636,3.3333333333333335,热面包; 甜点; 餐厅饭菜
zh,food,disgust,emotion,single_word,neutral_centroid,bielik_1_5b_v3,qwen3_embedding_8b,10,4,0.25,0.4,0.15279106858054226,3.25,安慰食物; 甜点; 腐烂的食物; 餐厅饭菜
zh,food,disgust,emotion,single_word,neutral_centroid,gemini,mmlw_roberta_large,10,1,0.05263157894736842,0.1,-0.5279720279720278,3.0,餐厅饭菜
zh,food,disgust,emotion,single_word,neutral_centroid,gemini,qwen3_embedding_8b,10,4,0.25,0.4,0.35693779904306216,1.5,安慰食物; 油腻的剩菜; 腐烂的食物; 餐厅饭菜
zh,food,disgust,emotion,single_word,neutral_centroid,mmlw_roberta_large,qwen3_embedding_8b,10,5,0.3333333333333333,0.5,-0.24909090909090909,3.2,奶酪; 甜点; 蛋糕; 面包; 餐厅饭菜
zh,food,disgust,identity,centroid_phrases,neutral_centroid,bielik_1_5b_v3,gemini,10,5,0.3333333333333333,0.5,0.19818181818181818,2.6,安慰食物; 甜点; 腐烂的食物; 面包; 餐厅饭菜
zh,food,disgust,identity,centroid_phrases,neutral_centroid,bielik_1_5b_v3,mmlw_roberta_large,10,4,0.25,0.4,-0.5719298245614035,4.0,热面包; 甜点; 面包; 餐厅饭菜
zh,food,disgust,identity,centroid_phrases,neutral_centroid,bielik_1_5b_v3,qwen3_embedding_8b,10,5,0.3333333333333333,0.5,-0.03090909090909091,4.2,甜点; 生肉; 腐烂的食物; 面包; 餐厅饭菜
zh,food,disgust,identity,centroid_phrases,neutral_centroid,gemini,mmlw_roberta_large,10,4,0.25,0.4,-0.48006379585326947,3.75,新鲜水果; 甜点; 面包; 餐厅饭菜
zh,food,disgust,identity,centroid_phrases,neutral_centroid,gemini,qwen3_embedding_8b,10,6,0.42857142857142855,0.6,-0.018181818181818157,3.3333333333333335,医院饭菜; 新鲜水果; 甜点; 腐烂的食物; 面包; 餐厅饭菜
zh,food,disgust,identity,centroid_phrases,neutral_centroid,mmlw_roberta_large,qwen3_embedding_8b,10,6,0.42857142857142855,0.6,0.01733615221987319,3.3333333333333335,奶酪; 新鲜水果; 甜点; 蛋糕; 面包; 餐厅饭菜
zh,food,disgust,identity,single_word,neutral_centroid,bielik_1_5b_v3,gemini,10,5,0.3333333333333333,0.5,0.19818181818181818,2.6,安慰食物; 甜点; 腐烂的食物; 面包; 餐厅饭菜
zh,food,disgust,identity,single_word,neutral_centroid,bielik_1_5b_v3,mmlw_roberta_large,10,4,0.25,0.4,-0.5719298245614035,4.0,热面包; 甜点; 面包; 餐厅饭菜
zh,food,disgust,identity,single_word,neutral_centroid,bielik_1_5b_v3,qwen3_embedding_8b,10,5,0.3333333333333333,0.5,-0.03090909090909091,4.2,甜点; 生肉; 腐烂的食物; 面包; 餐厅饭菜
zh,food,disgust,identity,single_word,neutral_centroid,gemini,mmlw_roberta_large,10,4,0.25,0.4,-0.48006379585326947,3.75,新鲜水果; 甜点; 面包; 餐厅饭菜
zh,food,disgust,identity,single_word,neutral_centroid,gemini,qwen3_embedding_8b,10,6,0.42857142857142855,0.6,-0.018181818181818157,3.3333333333333335,医院饭菜; 新鲜水果; 甜点; 腐烂的食物; 面包; 餐厅饭菜
zh,food,disgust,identity,single_word,neutral_centroid,mmlw_roberta_large,qwen3_embedding_8b,10,6,0.42857142857142855,0.6,0.01733615221987319,3.3333333333333335,奶酪; 新鲜水果; 甜点; 蛋糕; 面包; 餐厅饭菜
zh,food,disgust,random,centroid_phrases,neutral_centroid,bielik_1_5b_v3,gemini,10,5,0.3333333333333333,0.5,0.13818181818181813,2.8,安慰食物; 甜点; 生肉; 腐烂的食物; 餐厅饭菜
zh,food,disgust,random,centroid_phrases,neutral_centroid,bielik_1_5b_v3,mmlw_roberta_large,10,4,0.25,0.4,-0.6433811802232855,4.5,热面包; 甜点; 面包; 餐厅饭菜
zh,food,disgust,random,centroid_phrases,neutral_centroid,bielik_1_5b_v3,qwen3_embedding_8b,10,5,0.3333333333333333,0.5,-0.33636363636363636,5.4,甜点; 生肉; 腐烂的食物; 面包; 餐厅饭菜
zh,food,disgust,random,centroid_phrases,neutral_centroid,gemini,mmlw_roberta_large,10,3,0.17647058823529413,0.3,-0.44403409090909085,2.3333333333333335,新鲜水果; 甜点; 餐厅饭菜
zh,food,disgust,random,centroid_phrases,neutral_centroid,gemini,qwen3_embedding_8b,10,7,0.5384615384615384,0.7,-0.2606060606060606,2.857142857142857,医院饭菜; 咖啡; 新鲜水果; 甜点; 生肉; 腐烂的食物; 餐厅饭菜
zh,food,disgust,random,centroid_phrases,neutral_centroid,mmlw_roberta_large,qwen3_embedding_8b,10,5,0.3333333333333333,0.5,0.06181818181818183,2.2,新鲜水果; 甜点; 蛋糕; 面包; 餐厅饭菜
zh,food,disgust,random,single_word,neutral_centroid,bielik_1_5b_v3,gemini,10,5,0.3333333333333333,0.5,0.13818181818181813,2.8,安慰食物; 甜点; 生肉; 腐烂的食物; 餐厅饭菜
zh,food,disgust,random,single_word,neutral_centroid,bielik_1_5b_v3,mmlw_roberta_large,10,4,0.25,0.4,-0.6433811802232855,4.5,热面包; 甜点; 面包; 餐厅饭菜
zh,food,disgust,random,single_word,neutral_centroid,bielik_1_5b_v3,qwen3_embedding_8b,10,5,0.3333333333333333,0.5,-0.33636363636363636,5.4,甜点; 生肉; 腐烂的食物; 面包; 餐厅饭菜
zh,food,disgust,random,single_word,neutral_centroid,gemini,mmlw_roberta_large,10,3,0.17647058823529413,0.3,-0.44403409090909085,2.3333333333333335,新鲜水果; 甜点; 餐厅饭菜
zh,food,disgust,random,single_word,neutral_centroid,gemini,qwen3_embedding_8b,10,7,0.5384615384615384,0.7,-0.2606060606060606,2.857142857142857,医院饭菜; 咖啡; 新鲜水果; 甜点; 生肉; 腐烂的食物; 餐厅饭菜
zh,food,disgust,random,single_word,neutral_centroid,mmlw_roberta_large,qwen3_embedding_8b,10,5,0.3333333333333333,0.5,0.06181818181818183,2.2,新鲜水果; 甜点; 蛋糕; 面包; 餐厅饭菜
zh,food,disgust,shuffled_emotion,centroid_phrases,neutral_centroid,bielik_1_5b_v3,gemini,10,4,0.25,0.4,0.09665071770334928,2.5,安慰食物; 甜点; 腐烂的食物; 餐厅饭菜
zh,food,disgust,shuffled_emotion,centroid_phrases,neutral_centroid,bielik_1_5b_v3,mmlw_roberta_large,10,2,0.1111111111111111,0.2,-0.6962868117797694,1.5,甜点; 餐厅饭菜
zh,food,disgust,shuffled_emotion,centroid_phrases,neutral_centroid,bielik_1_5b_v3,qwen3_embedding_8b,10,4,0.25,0.4,0.045614035087719294,3.5,安慰食物; 甜点; 腐烂的食物; 餐厅饭菜
zh,food,disgust,shuffled_emotion,centroid_phrases,neutral_centroid,gemini,mmlw_roberta_large,10,5,0.3333333333333333,0.5,-0.56,2.6,新鲜水果; 甜点; 生日蛋糕; 蛋糕; 餐厅饭菜
zh,food,disgust,shuffled_emotion,centroid_phrases,neutral_centroid,gemini,qwen3_embedding_8b,10,7,0.5384615384615384,0.7,0.4878787878787879,1.8571428571428572,安慰食物; 巧克力; 新鲜水果; 甜点; 腐烂的食物; 蛋糕; 餐厅饭菜
zh,food,disgust,shuffled_emotion,centroid_phrases,neutral_centroid,mmlw_roberta_large,qwen3_embedding_8b,10,5,0.3333333333333333,0.5,-0.09636363636363633,3.0,新鲜水果; 甜点; 蛋糕; 面包; 餐厅饭菜
zh,food,disgust,shuffled_emotion,single_word,neutral_centroid,bielik_1_5b_v3,gemini,10,4,0.25,0.4,-0.05135566188197766,4.5,安慰食物; 甜点; 腐烂的食物; 餐厅饭菜
zh,food,disgust,shuffled_emotion,single_word,neutral_centroid,bielik_1_5b_v3,mmlw_roberta_large,10,5,0.3333333333333333,0.5,-0.669090909090909,4.8,奶酪; 热面包; 甜点; 面包; 餐厅饭菜
zh,food,disgust,shuffled_emotion,single_word,neutral_centroid,bielik_1_5b_v3,qwen3_embedding_8b,10,6,0.42857142857142855,0.6,-0.22536997885835086,4.333333333333333,奶酪; 安慰食物; 甜点; 腐烂的食物; 面包; 餐厅饭菜
zh,food,disgust,shuffled_emotion,single_word,neutral_centroid,gemini,mmlw_roberta_large,10,4,0.25,0.4,-0.3422647527910685,2.5,新鲜水果; 甜点; 蛋糕; 餐厅饭菜
zh,food,disgust,shuffled_emotion,single_word,neutral_centroid,gemini,qwen3_embedding_8b,10,7,0.5384615384615384,0.7,0.24494949494949492,3.4285714285714284,安慰食物; 巧克力; 新鲜水果; 甜点; 腐烂的食物; 蛋糕; 餐厅饭菜
zh,food,disgust,shuffled_emotion,single_word,neutral_centroid,mmlw_roberta_large,qwen3_embedding_8b,10,6,0.42857142857142855,0.6,0.05285412262156446,3.8333333333333335,奶酪; 新鲜水果; 甜点; 蛋糕; 面包; 餐厅饭菜
zh,food,joy,emotion,centroid_phrases,neutral_centroid,bielik_1_5b_v3,gemini,10,4,0.25,0.4,0.09665071770334928,2.5,安慰食物; 甜点; 腐烂的食物; 餐厅饭菜
zh,food,joy,emotion,centroid_phrases,neutral_centroid,bielik_1_5b_v3,mmlw_roberta_large,10,2,0.1111111111111111,0.2,-0.6962868117797694,1.5,甜点; 餐厅饭菜
zh,food,joy,emotion,centroid_phrases,neutral_centroid,bielik_1_5b_v3,qwen3_embedding_8b,10,4,0.25,0.4,0.045614035087719294,3.5,安慰食物; 甜点; 腐烂的食物; 餐厅饭菜
zh,food,joy,emotion,centroid_phrases,neutral_centroid,gemini,mmlw_roberta_large,10,5,0.3333333333333333,0.5,-0.56,2.6,新鲜水果; 甜点; 生日蛋糕; 蛋糕; 餐厅饭菜
zh,food,joy,emotion,centroid_phrases,neutral_centroid,gemini,qwen3_embedding_8b,10,7,0.5384615384615384,0.7,0.4878787878787879,1.8571428571428572,安慰食物; 巧克力; 新鲜水果; 甜点; 腐烂的食物; 蛋糕; 餐厅饭菜
zh,food,joy,emotion,centroid_phrases,neutral_centroid,mmlw_roberta_large,qwen3_embedding_8b,10,5,0.3333333333333333,0.5,-0.09636363636363633,3.0,新鲜水果; 甜点; 蛋糕; 面包; 餐厅饭菜
zh,food,joy,emotion,single_word,neutral_centroid,bielik_1_5b_v3,gemini,10,4,0.25,0.4,-0.05135566188197766,4.5,安慰食物; 甜点; 腐烂的食物; 餐厅饭菜
zh,food,joy,emotion,single_word,neutral_centroid,bielik_1_5b_v3,mmlw_roberta_large,10,5,0.3333333333333333,0.5,-0.669090909090909,4.8,奶酪; 热面包; 甜点; 面包; 餐厅饭菜
zh,food,joy,emotion,single_word,neutral_centroid,bielik_1_5b_v3,qwen3_embedding_8b,10,6,0.42857142857142855,0.6,-0.22536997885835086,4.333333333333333,奶酪; 安慰食物; 甜点; 腐烂的食物; 面包; 餐厅饭菜
zh,food,joy,emotion,single_word,neutral_centroid,gemini,mmlw_roberta_large,10,4,0.25,0.4,-0.3422647527910685,2.5,新鲜水果; 甜点; 蛋糕; 餐厅饭菜
zh,food,joy,emotion,single_word,neutral_centroid,gemini,qwen3_embedding_8b,10,7,0.5384615384615384,0.7,0.24494949494949492,3.4285714285714284,安慰食物; 巧克力; 新鲜水果; 甜点; 腐烂的食物; 蛋糕; 餐厅饭菜
zh,food,joy,emotion,single_word,neutral_centroid,mmlw_roberta_large,qwen3_embedding_8b,10,6,0.42857142857142855,0.6,0.05285412262156446,3.8333333333333335,奶酪; 新鲜水果; 甜点; 蛋糕; 面包; 餐厅饭菜
zh,food,joy,identity,centroid_phrases,neutral_centroid,bielik_1_5b_v3,gemini,10,5,0.3333333333333333,0.5,0.19818181818181818,2.6,安慰食物; 甜点; 腐烂的食物; 面包; 餐厅饭菜
zh,food,joy,identity,centroid_phrases,neutral_centroid,bielik_1_5b_v3,mmlw_roberta_large,10,4,0.25,0.4,-0.5719298245614035,4.0,热面包; 甜点; 面包; 餐厅饭菜
zh,food,joy,identity,centroid_phrases,neutral_centroid,bielik_1_5b_v3,qwen3_embedding_8b,10,5,0.3333333333333333,0.5,-0.03090909090909091,4.2,甜点; 生肉; 腐烂的食物; 面包; 餐厅饭菜
zh,food,joy,identity,centroid_phrases,neutral_centroid,gemini,mmlw_roberta_large,10,4,0.25,0.4,-0.48006379585326947,3.75,新鲜水果; 甜点; 面包; 餐厅饭菜
zh,food,joy,identity,centroid_phrases,neutral_centroid,gemini,qwen3_embedding_8b,10,6,0.42857142857142855,0.6,-0.018181818181818157,3.3333333333333335,医院饭菜; 新鲜水果; 甜点; 腐烂的食物; 面包; 餐厅饭菜
zh,food,joy,identity,centroid_phrases,neutral_centroid,mmlw_roberta_large,qwen3_embedding_8b,10,6,0.42857142857142855,0.6,0.01733615221987319,3.3333333333333335,奶酪; 新鲜水果; 甜点; 蛋糕; 面包; 餐厅饭菜
zh,food,joy,identity,single_word,neutral_centroid,bielik_1_5b_v3,gemini,10,5,0.3333333333333333,0.5,0.19818181818181818,2.6,安慰食物; 甜点; 腐烂的食物; 面包; 餐厅饭菜
zh,food,joy,identity,single_word,neutral_centroid,bielik_1_5b_v3,mmlw_roberta_large,10,4,0.25,0.4,-0.5719298245614035,4.0,热面包; 甜点; 面包; 餐厅饭菜
zh,food,joy,identity,single_word,neutral_centroid,bielik_1_5b_v3,qwen3_embedding_8b,10,5,0.3333333333333333,0.5,-0.03090909090909091,4.2,甜点; 生肉; 腐烂的食物; 面包; 餐厅饭菜
zh,food,joy,identity,single_word,neutral_centroid,gemini,mmlw_roberta_large,10,4,0.25,0.4,-0.48006379585326947,3.75,新鲜水果; 甜点; 面包; 餐厅饭菜
zh,food,joy,identity,single_word,neutral_centroid,gemini,qwen3_embedding_8b,10,6,0.42857142857142855,0.6,-0.018181818181818157,3.3333333333333335,医院饭菜; 新鲜水果; 甜点; 腐烂的食物; 面包; 餐厅饭菜
zh,food,joy,identity,single_word,neutral_centroid,mmlw_roberta_large,qwen3_embedding_8b,10,6,0.42857142857142855,0.6,0.01733615221987319,3.3333333333333335,奶酪; 新鲜水果; 甜点; 蛋糕; 面包; 餐厅饭菜
zh,food,joy,random,centroid_phrases,neutral_centroid,bielik_1_5b_v3,gemini,10,5,0.3333333333333333,0.5,0.2799999999999999,2.2,安慰食物; 甜点; 脏盘子; 腐烂的食物; 餐厅饭菜
zh,food,joy,random,centroid_phrases,neutral_centroid,bielik_1_5b_v3,mmlw_roberta_large,10,3,0.17647058823529413,0.3,-0.6323863636363637,2.3333333333333335,热面包; 甜点; 餐厅饭菜
zh,food,joy,random,centroid_phrases,neutral_centroid,bielik_1_5b_v3,qwen3_embedding_8b,10,4,0.25,0.4,-0.056459330143540674,3.75,甜点; 生肉; 腐烂的食物; 餐厅饭菜
zh,food,joy,random,centroid_phrases,neutral_centroid,gemini,mmlw_roberta_large,10,3,0.17647058823529413,0.3,-0.4681818181818182,2.0,新鲜水果; 甜点; 餐厅饭菜
zh,food,joy,random,centroid_phrases,neutral_centroid,gemini,qwen3_embedding_8b,10,5,0.3333333333333333,0.5,-0.08,2.2,医院饭菜; 咖啡; 甜点; 腐烂的食物; 餐厅饭菜
zh,food,joy,random,centroid_phrases,neutral_centroid,mmlw_roberta_large,qwen3_embedding_8b,10,5,0.3333333333333333,0.5,0.06181818181818183,3.0,奶酪; 甜点; 蛋糕; 面包; 餐厅饭菜
zh,food,joy,random,single_word,neutral_centroid,bielik_1_5b_v3,gemini,10,5,0.3333333333333333,0.5,0.2799999999999999,2.2,安慰食物; 甜点; 脏盘子; 腐烂的食物; 餐厅饭菜
zh,food,joy,random,single_word,neutral_centroid,bielik_1_5b_v3,mmlw_roberta_large,10,3,0.17647058823529413,0.3,-0.6323863636363637,2.3333333333333335,热面包; 甜点; 餐厅饭菜
zh,food,joy,random,single_word,neutral_centroid,bielik_1_5b_v3,qwen3_embedding_8b,10,4,0.25,0.4,-0.056459330143540674,3.75,甜点; 生肉; 腐烂的食物; 餐厅饭菜
zh,food,joy,random,single_word,neutral_centroid,gemini,mmlw_roberta_large,10,3,0.17647058823529413,0.3,-0.4681818181818182,2.0,新鲜水果; 甜点; 餐厅饭菜
zh,food,joy,random,single_word,neutral_centroid,gemini,qwen3_embedding_8b,10,5,0.3333333333333333,0.5,-0.08,2.2,医院饭菜; 咖啡; 甜点; 腐烂的食物; 餐厅饭菜
zh,food,joy,random,single_word,neutral_centroid,mmlw_roberta_large,qwen3_embedding_8b,10,5,0.3333333333333333,0.5,0.06181818181818183,3.0,奶酪; 甜点; 蛋糕; 面包; 餐厅饭菜
zh,food,joy,shuffled_emotion,centroid_phrases,neutral_centroid,bielik_1_5b_v3,gemini,10,4,0.25,0.4,0.2446570972886762,2.25,安慰食物; 烧焦的晚餐; 腐烂的食物; 餐厅饭菜
zh,food,joy,shuffled_emotion,centroid_phrases,neutral_centroid,bielik_1_5b_v3,mmlw_roberta_large,10,3,0.17647058823529413,0.3,-0.7869318181818181,2.6666666666666665,甜点; 生日蛋糕; 餐厅饭菜
zh,food,joy,shuffled_emotion,centroid_phrases,neutral_centroid,bielik_1_5b_v3,qwen3_embedding_8b,10,4,0.25,0.4,-0.07177033492822965,3.0,安慰食物; 甜点; 腐烂的食物; 餐厅饭菜
zh,food,joy,shuffled_emotion,centroid_phrases,neutral_centroid,gemini,mmlw_roberta_large,10,2,0.1111111111111111,0.2,-0.4519846350832265,2.0,新鲜水果; 餐厅饭菜
zh,food,joy,shuffled_emotion,centroid_phrases,neutral_centroid,gemini,qwen3_embedding_8b,10,5,0.3333333333333333,0.5,0.38909090909090915,2.0,医院饭菜; 安慰食物; 油腻的剩菜; 腐烂的食物; 餐厅饭菜
zh,food,joy,shuffled_emotion,centroid_phrases,neutral_centroid,mmlw_roberta_large,qwen3_embedding_8b,10,4,0.25,0.4,-0.1789473684210526,2.0,甜点; 蛋糕; 面包; 餐厅饭菜
zh,food,joy,shuffled_emotion,single_word,neutral_centroid,bielik_1_5b_v3,gemini,10,5,0.3333333333333333,0.5,0.46,1.0,安慰食物; 烧焦的晚餐; 生肉; 腐烂的食物; 餐厅饭菜
zh,food,joy,shuffled_emotion,single_word,neutral_centroid,bielik_1_5b_v3,mmlw_roberta_large,10,3,0.17647058823529413,0.3,-0.6082386363636364,2.6666666666666665,热面包; 甜点; 餐厅饭菜
zh,food,joy,shuffled_emotion,single_word,neutral_centroid,bielik_1_5b_v3,qwen3_embedding_8b,10,5,0.3333333333333333,0.5,0.22000000000000003,3.2,安慰食物; 甜点; 生肉; 腐烂的食物; 餐厅饭菜
zh,food,joy,shuffled_emotion,single_word,neutral_centroid,gemini,mmlw_roberta_large,10,2,0.1111111111111111,0.2,-0.45198463508322656,2.0,新鲜水果; 餐厅饭菜
zh,food,joy,shuffled_emotion,single_word,neutral_centroid,gemini,qwen3_embedding_8b,10,4,0.25,0.4,0.2650717703349282,1.75,安慰食物; 生肉; 腐烂的食物; 餐厅饭菜
zh,food,joy,shuffled_emotion,single_word,neutral_centroid,mmlw_roberta_large,qwen3_embedding_8b,10,5,0.3333333333333333,0.5,-0.11818181818181815,2.6,奶酪; 甜点; 蛋糕; 面包; 餐厅饭菜
zh,food,sadness,emotion,centroid_phrases,neutral_centroid,bielik_1_5b_v3,gemini,10,5,0.3333333333333333,0.5,0.3781818181818182,1.8,受污染的水; 安慰食物; 烧焦的晚餐; 腐烂的食物; 餐厅饭菜
zh,food,sadness,emotion,centroid_phrases,neutral_centroid,bielik_1_5b_v3,mmlw_roberta_large,10,2,0.1111111111111111,0.2,-0.6455825864276569,1.0,热面包; 餐厅饭菜
zh,food,sadness,emotion,centroid_phrases,neutral_centroid,bielik_1_5b_v3,qwen3_embedding_8b,10,4,0.25,0.4,0.18341307814992028,0.75,安慰食物; 脏盘子; 腐烂的食物; 餐厅饭菜
zh,food,sadness,emotion,centroid_phrases,neutral_centroid,gemini,mmlw_roberta_large,10,2,0.1111111111111111,0.2,-0.5349551856594109,3.5,新鲜水果; 餐厅饭菜
zh,food,sadness,emotion,centroid_phrases,neutral_centroid,gemini,qwen3_embedding_8b,10,5,0.3333333333333333,0.5,0.509090909090909,1.4,医院饭菜; 安慰食物; 油腻的剩菜; 腐烂的食物; 餐厅饭菜
zh,food,sadness,emotion,centroid_phrases,neutral_centroid,mmlw_roberta_large,qwen3_embedding_8b,10,4,0.25,0.4,-0.21977671451355657,2.25,甜点; 蛋糕; 面包; 餐厅饭菜
zh,food,sadness,emotion,single_word,neutral_centroid,bielik_1_5b_v3,gemini,10,5,0.3333333333333333,0.5,0.3127272727272727,1.2,安慰食物; 沙拉; 烧焦的晚餐; 腐烂的食物; 餐厅饭菜
zh,food,sadness,emotion,single_word,neutral_centroid,bielik_1_5b_v3,mmlw_roberta_large,10,3,0.17647058823529413,0.3,-0.6227272727272728,3.0,热面包; 甜点; 餐厅饭菜
zh,food,sadness,emotion,single_word,neutral_centroid,bielik_1_5b_v3,qwen3_embedding_8b,10,7,0.5384615384615384,0.7,0.31060606060606066,1.2857142857142858,安慰食物; 沙拉; 烧焦的晚餐; 甜点; 生肉; 腐烂的食物; 餐厅饭菜
zh,food,sadness,emotion,single_word,neutral_centroid,gemini,mmlw_roberta_large,10,2,0.1111111111111111,0.2,-0.5072983354673496,5.0,面包; 餐厅饭菜
zh,food,sadness,emotion,single_word,neutral_centroid,gemini,qwen3_embedding_8b,10,7,0.5384615384615384,0.7,0.32373737373737377,1.8571428571428572,安慰食物; 沙拉; 油腻的剩菜; 烧焦的晚餐; 腐烂的食物; 面包; 餐厅饭菜
zh,food,sadness,emotion,single_word,neutral_centroid,mmlw_roberta_large,qwen3_embedding_8b,10,4,0.25,0.4,-0.14322169059011164,1.25,甜点; 蛋糕; 面包; 餐厅饭菜
zh,food,sadness,identity,centroid_phrases,neutral_centroid,bielik_1_5b_v3,gemini,10,5,0.3333333333333333,0.5,0.19818181818181818,2.6,安慰食物; 甜点; 腐烂的食物; 面包; 餐厅饭菜
zh,food,sadness,identity,centroid_phrases,neutral_centroid,bielik_1_5b_v3,mmlw_roberta_large,10,4,0.25,0.4,-0.5719298245614035,4.0,热面包; 甜点; 面包; 餐厅饭菜
zh,food,sadness,identity,centroid_phrases,neutral_centroid,bielik_1_5b_v3,qwen3_embedding_8b,10,5,0.3333333333333333,0.5,-0.03090909090909091,4.2,甜点; 生肉; 腐烂的食物; 面包; 餐厅饭菜
zh,food,sadness,identity,centroid_phrases,neutral_centroid,gemini,mmlw_roberta_large,10,4,0.25,0.4,-0.48006379585326947,3.75,新鲜水果; 甜点; 面包; 餐厅饭菜
zh,food,sadness,identity,centroid_phrases,neutral_centroid,gemini,qwen3_embedding_8b,10,6,0.42857142857142855,0.6,-0.018181818181818157,3.3333333333333335,医院饭菜; 新鲜水果; 甜点; 腐烂的食物; 面包; 餐厅饭菜
zh,food,sadness,identity,centroid_phrases,neutral_centroid,mmlw_roberta_large,qwen3_embedding_8b,10,6,0.42857142857142855,0.6,0.01733615221987319,3.3333333333333335,奶酪; 新鲜水果; 甜点; 蛋糕; 面包; 餐厅饭菜
zh,food,sadness,identity,single_word,neutral_centroid,bielik_1_5b_v3,gemini,10,5,0.3333333333333333,0.5,0.19818181818181818,2.6,安慰食物; 甜点; 腐烂的食物; 面包; 餐厅饭菜
zh,food,sadness,identity,single_word,neutral_centroid,bielik_1_5b_v3,mmlw_roberta_large,10,4,0.25,0.4,-0.5719298245614035,4.0,热面包; 甜点; 面包; 餐厅饭菜
zh,food,sadness,identity,single_word,neutral_centroid,bielik_1_5b_v3,qwen3_embedding_8b,10,5,0.3333333333333333,0.5,-0.03090909090909091,4.2,甜点; 生肉; 腐烂的食物; 面包; 餐厅饭菜
zh,food,sadness,identity,single_word,neutral_centroid,gemini,mmlw_roberta_large,10,4,0.25,0.4,-0.48006379585326947,3.75,新鲜水果; 甜点; 面包; 餐厅饭菜
zh,food,sadness,identity,single_word,neutral_centroid,gemini,qwen3_embedding_8b,10,6,0.42857142857142855,0.6,-0.018181818181818157,3.3333333333333335,医院饭菜; 新鲜水果; 甜点; 腐烂的食物; 面包; 餐厅饭菜
zh,food,sadness,identity,single_word,neutral_centroid,mmlw_roberta_large,qwen3_embedding_8b,10,6,0.42857142857142855,0.6,0.01733615221987319,3.3333333333333335,奶酪; 新鲜水果; 甜点; 蛋糕; 面包; 餐厅饭菜
zh,food,sadness,random,centroid_phrases,neutral_centroid,bielik_1_5b_v3,gemini,10,4,0.25,0.4,0.30079744816586923,2.75,安慰食物; 甜点; 腐烂的食物; 餐厅饭菜
zh,food,sadness,random,centroid_phrases,neutral_centroid,bielik_1_5b_v3,mmlw_roberta_large,10,3,0.17647058823529413,0.3,-0.540625,3.3333333333333335,热面包; 甜点; 餐厅饭菜
zh,food,sadness,random,centroid_phrases,neutral_centroid,bielik_1_5b_v3,qwen3_embedding_8b,10,4,0.25,0.4,0.045614035087719294,3.0,甜点; 生肉; 腐烂的食物; 餐厅饭菜
zh,food,sadness,random,centroid_phrases,neutral_centroid,gemini,mmlw_roberta_large,10,4,0.25,0.4,-0.4596491228070175,3.25,新鲜水果; 甜点; 面包; 餐厅饭菜
zh,food,sadness,random,centroid_phrases,neutral_centroid,gemini,qwen3_embedding_8b,10,7,0.5384615384615384,0.7,-0.05050505050505056,2.5714285714285716,医院饭菜; 咖啡; 沙拉; 甜点; 腐烂的食物; 面包; 餐厅饭菜
zh,food,sadness,random,centroid_phrases,neutral_centroid,mmlw_roberta_large,qwen3_embedding_8b,10,4,0.25,0.4,0.040510366826156295,2.25,甜点; 蛋糕; 面包; 餐厅饭菜
zh,food,sadness,random,single_word,neutral_centroid,bielik_1_5b_v3,gemini,10,4,0.25,0.4,0.30079744816586923,2.75,安慰食物; 甜点; 腐烂的食物; 餐厅饭菜
zh,food,sadness,random,single_word,neutral_centroid,bielik_1_5b_v3,mmlw_roberta_large,10,3,0.17647058823529413,0.3,-0.540625,3.3333333333333335,热面包; 甜点; 餐厅饭菜
zh,food,sadness,random,single_word,neutral_centroid,bielik_1_5b_v3,qwen3_embedding_8b,10,4,0.25,0.4,0.045614035087719294,3.0,甜点; 生肉; 腐烂的食物; 餐厅饭菜
zh,food,sadness,random,single_word,neutral_centroid,gemini,mmlw_roberta_large,10,4,0.25,0.4,-0.4596491228070175,3.25,新鲜水果; 甜点; 面包; 餐厅饭菜
zh,food,sadness,random,single_word,neutral_centroid,gemini,qwen3_embedding_8b,10,7,0.5384615384615384,0.7,-0.05050505050505056,2.5714285714285716,医院饭菜; 咖啡; 沙拉; 甜点; 腐烂的食物; 面包; 餐厅饭菜
zh,food,sadness,random,single_word,neutral_centroid,mmlw_roberta_large,qwen3_embedding_8b,10,4,0.25,0.4,0.040510366826156295,2.25,甜点; 蛋糕; 面包; 餐厅饭菜
zh,food,sadness,shuffled_emotion,centroid_phrases,neutral_centroid,bielik_1_5b_v3,gemini,10,7,0.5384615384615384,0.7,0.20555555555555555,3.0,受污染的水; 变质牛奶; 安慰食物; 烧焦的晚餐; 脏盘子; 腐烂的食物; 餐厅饭菜
zh,food,sadness,shuffled_emotion,centroid_phrases,neutral_centroid,bielik_1_5b_v3,mmlw_roberta_large,10,2,0.1111111111111111,0.2,-0.7008962868117796,1.0,生日蛋糕; 餐厅饭菜
zh,food,sadness,shuffled_emotion,centroid_phrases,neutral_centroid,bielik_1_5b_v3,qwen3_embedding_8b,10,4,0.25,0.4,-0.14322169059011164,4.75,变质牛奶; 安慰食物; 腐烂的食物; 餐厅饭菜
zh,food,sadness,shuffled_emotion,centroid_phrases,neutral_centroid,gemini,mmlw_roberta_large,10,1,0.05263157894736842,0.1,-0.5501165501165499,2.0,餐厅饭菜
zh,food,sadness,shuffled_emotion,centroid_phrases,neutral_centroid,gemini,qwen3_embedding_8b,10,6,0.42857142857142855,0.6,0.5382663847780126,1.6666666666666667,医院饭菜; 变质牛奶; 安慰食物; 油腻的剩菜; 腐烂的食物; 餐厅饭菜
zh,food,sadness,shuffled_emotion,centroid_phrases,neutral_centroid,mmlw_roberta_large,qwen3_embedding_8b,10,2,0.1111111111111111,0.2,-0.3183098591549295,3.5,面包; 餐厅饭菜
zh,food,sadness,shuffled_emotion,single_word,neutral_centroid,bielik_1_5b_v3,gemini,10,4,0.25,0.4,0.29059011164274323,0.75,垃圾; 安慰食物; 腐烂的食物; 餐厅饭菜
zh,food,sadness,shuffled_emotion,single_word,neutral_centroid,bielik_1_5b_v3,mmlw_roberta_large,10,3,0.17647058823529413,0.3,-0.5261363636363636,3.3333333333333335,热面包; 甜点; 餐厅饭菜
zh,food,sadness,shuffled_emotion,single_word,neutral_centroid,bielik_1_5b_v3,qwen3_embedding_8b,10,4,0.25,0.4,0.15279106858054226,3.25,安慰食物; 甜点; 腐烂的食物; 餐厅饭菜
zh,food,sadness,shuffled_emotion,single_word,neutral_centroid,gemini,mmlw_roberta_large,10,1,0.05263157894736842,0.1,-0.5279720279720278,3.0,餐厅饭菜
zh,food,sadness,shuffled_emotion,single_word,neutral_centroid,gemini,qwen3_embedding_8b,10,4,0.25,0.4,0.35693779904306216,1.5,安慰食物; 油腻的剩菜; 腐烂的食物; 餐厅饭菜
zh,food,sadness,shuffled_emotion,single_word,neutral_centroid,mmlw_roberta_large,qwen3_embedding_8b,10,5,0.3333333333333333,0.5,-0.24909090909090909,3.2,奶酪; 甜点; 蛋糕; 面包; 餐厅饭菜
zh,object,anger,emotion,centroid_phrases,neutral_centroid,bielik_1_5b_v3,gemini,10,3,0.17647058823529413,0.3,0.034090909090909144,1.6666666666666667,撕破的照片; 碎玻璃; 礼物
zh,object,anger,emotion,centroid_phrases,neutral_centroid,bielik_1_5b_v3,mmlw_roberta_large,10,1,0.05263157894736842,0.1,-0.6696969696969698,7.0,礼物
zh,object,anger,emotion,centroid_phrases,neutral_centroid,bielik_1_5b_v3,qwen3_embedding_8b,10,5,0.3333333333333333,0.5,0.29090909090909084,2.2,奖牌; 玩具; 生锈的刀; 碎玻璃; 礼物
zh,object,anger,emotion,centroid_phrases,neutral_centroid,gemini,mmlw_roberta_large,10,5,0.3333333333333333,0.5,-0.2981818181818181,5.2,书; 手机; 礼物; 钥匙; 钱包
zh,object,anger,emotion,centroid_phrases,neutral_centroid,gemini,qwen3_embedding_8b,10,5,0.3333333333333333,0.5,-0.33090909090909093,3.0,书; 碎玻璃; 礼物; 钥匙; 钱包
zh,object,anger,emotion,centroid_phrases,neutral_centroid,mmlw_roberta_large,qwen3_embedding_8b,10,5,0.3333333333333333,0.5,-0.598181818181818,4.4,书; 礼物; 花; 钥匙; 钱包
zh,object,anger,emotion,single_word,neutral_centroid,bielik_1_5b_v3,gemini,10,7,0.5384615384615384,0.7,-0.030808080808080812,2.7142857142857144,奖牌; 撕破的照片; 玩具; 碎玻璃; 礼物; 钥匙; 钱包
zh,object,anger,emotion,single_word,neutral_centroid,bielik_1_5b_v3,mmlw_roberta_large,10,4,0.25,0.4,-0.6484848484848484,4.5,台灯; 礼物; 钥匙; 钱包
zh,object,anger,emotion,single_word,neutral_centroid,bielik_1_5b_v3,qwen3_embedding_8b,10,7,0.5384615384615384,0.7,0.4287878787878787,2.4285714285714284,奖牌; 戒指; 玩具; 碎玻璃; 礼物; 钥匙; 钱包
zh,object,anger,emotion,single_word,neutral_centroid,gemini,mmlw_roberta_large,10,4,0.25,0.4,-0.37799043062200954,5.0,书; 礼物; 钥匙; 钱包
zh,object,anger,emotion,single_word,neutral_centroid,gemini,qwen3_embedding_8b,10,7,0.5384615384615384,0.7,-0.050505050505050525,3.0,书; 奖牌; 玩具; 碎玻璃; 礼物; 钥匙; 钱包
zh,object,anger,emotion,single_word,neutral_centroid,mmlw_roberta_large,qwen3_embedding_8b,10,5,0.3333333333333333,0.5,-0.598181818181818,4.4,书; 礼物; 花; 钥匙; 钱包
zh,object,anger,identity,centroid_phrases,neutral_centroid,bielik_1_5b_v3,gemini,10,5,0.3333333333333333,0.5,0.41090909090909084,2.6,奖牌; 照片; 玩具; 礼物; 钥匙
zh,object,anger,identity,centroid_phrases,neutral_centroid,bielik_1_5b_v3,mmlw_roberta_large,10,4,0.25,0.4,-0.4647527910685805,2.75,台灯; 礼物; 钥匙; 钱包
zh,object,anger,identity,centroid_phrases,neutral_centroid,bielik_1_5b_v3,qwen3_embedding_8b,10,6,0.42857142857142855,0.6,0.5086680761099365,2.5,奖牌; 照片; 玩具; 礼物; 钥匙; 钱包
zh,object,anger,identity,centroid_phrases,neutral_centroid,gemini,mmlw_roberta_large,10,5,0.3333333333333333,0.5,-0.2981818181818181,4.0,书; 桌子; 礼物; 钥匙; 镜子
zh,object,anger,identity,centroid_phrases,neutral_centroid,gemini,qwen3_embedding_8b,10,7,0.5384615384615384,0.7,0.1398989898989899,2.4285714285714284,书; 奖牌; 毯子; 照片; 玩具; 礼物; 钥匙
zh,object,anger,identity,centroid_phrases,neutral_centroid,mmlw_roberta_large,qwen3_embedding_8b,10,5,0.3333333333333333,0.5,-0.10181818181818177,4.6,书; 手机; 礼物; 钥匙; 钱包
zh,object,anger,identity,single_word,neutral_centroid,bielik_1_5b_v3,gemini,10,5,0.3333333333333333,0.5,0.41090909090909084,2.6,奖牌; 照片; 玩具; 礼物; 钥匙
zh,object,anger,identity,single_word,neutral_centroid,bielik_1_5b_v3,mmlw_roberta_large,10,4,0.25,0.4,-0.4647527910685805,2.75,台灯; 礼物; 钥匙; 钱包
zh,object,anger,identity,single_word,neutral_centroid,bielik_1_5b_v3,qwen3_embedding_8b,10,6,0.42857142857142855,0.6,0.5086680761099365,2.5,奖牌; 照片; 玩具; 礼物; 钥匙; 钱包
zh,object,anger,identity,single_word,neutral_centroid,gemini,mmlw_roberta_large,10,5,0.3333333333333333,0.5,-0.2981818181818181,4.0,书; 桌子; 礼物; 钥匙; 镜子
zh,object,anger,identity,single_word,neutral_centroid,gemini,qwen3_embedding_8b,10,7,0.5384615384615384,0.7,0.1398989898989899,2.4285714285714284,书; 奖牌; 毯子; 照片; 玩具; 礼物; 钥匙
zh,object,anger,identity,single_word,neutral_centroid,mmlw_roberta_large,qwen3_embedding_8b,10,5,0.3333333333333333,0.5,-0.10181818181818177,4.6,书; 手机; 礼物; 钥匙; 钱包
zh,object,anger,random,centroid_phrases,neutral_centroid,bielik_1_5b_v3,gemini,10,6,0.42857142857142855,0.6,0.4021141649048625,3.0,奖牌; 毯子; 照片; 玩具; 礼物; 钥匙
zh,object,anger,random,centroid_phrases,neutral_centroid,bielik_1_5b_v3,mmlw_roberta_large,10,4,0.25,0.4,-0.44944178628389153,3.25,台灯; 礼物; 钥匙; 钱包
zh,object,anger,random,centroid_phrases,neutral_centroid,bielik_1_5b_v3,qwen3_embedding_8b,10,6,0.42857142857142855,0.6,0.4968287526427061,2.1666666666666665,奖牌; 毯子; 照片; 玩具; 礼物; 钱包
zh,object,anger,random,centroid_phrases,neutral_centroid,gemini,mmlw_roberta_large,10,5,0.3333333333333333,0.5,-0.6581818181818181,4.8,桌子; 椅子; 礼物; 钥匙; 镜子
zh,object,anger,random,centroid_phrases,neutral_centroid,gemini,qwen3_embedding_8b,10,6,0.42857142857142855,0.6,0.23636363636363633,3.5,奖牌; 桌子; 毯子; 照片; 玩具; 礼物
zh,object,anger,random,centroid_phrases,neutral_centroid,mmlw_roberta_large,qwen3_embedding_8b,10,5,0.3333333333333333,0.5,-0.18909090909090903,4.0,书; 手机; 桌子; 礼物; 钱包
zh,object,anger,random,single_word,neutral_centroid,bielik_1_5b_v3,gemini,10,6,0.42857142857142855,0.6,0.4021141649048625,3.0,奖牌; 毯子; 照片; 玩具; 礼物; 钥匙
zh,object,anger,random,single_word,neutral_centroid,bielik_1_5b_v3,mmlw_roberta_large,10,4,0.25,0.4,-0.44944178628389153,3.25,台灯; 礼物; 钥匙; 钱包
zh,object,anger,random,single_word,neutral_centroid,bielik_1_5b_v3,qwen3_embedding_8b,10,6,0.42857142857142855,0.6,0.4968287526427061,2.1666666666666665,奖牌; 毯子; 照片; 玩具; 礼物; 钱包
zh,object,anger,random,single_word,neutral_centroid,gemini,mmlw_roberta_large,10,5,0.3333333333333333,0.5,-0.6581818181818181,4.8,桌子; 椅子; 礼物; 钥匙; 镜子
zh,object,anger,random,single_word,neutral_centroid,gemini,qwen3_embedding_8b,10,6,0.42857142857142855,0.6,0.23636363636363633,3.5,奖牌; 桌子; 毯子; 照片; 玩具; 礼物
zh,object,anger,random,single_word,neutral_centroid,mmlw_roberta_large,qwen3_embedding_8b,10,5,0.3333333333333333,0.5,-0.18909090909090903,4.0,书; 手机; 桌子; 礼物; 钱包
zh,object,anger,shuffled_emotion,centroid_phrases,neutral_centroid,bielik_1_5b_v3,gemini,10,4,0.25,0.4,-0.2095693779904306,4.75,撕破的照片; 生锈的刀; 碎玻璃; 礼物
zh,object,anger,shuffled_emotion,centroid_phrases,neutral_centroid,bielik_1_5b_v3,mmlw_roberta_large,10,1,0.05263157894736842,0.1,-0.6785547785547786,5.0,礼物
zh,object,anger,shuffled_emotion,centroid_phrases,neutral_centroid,bielik_1_5b_v3,qwen3_embedding_8b,10,6,0.42857142857142855,0.6,-0.00042283298097250764,4.0,奖牌; 照片; 玩具; 生锈的刀; 碎玻璃; 礼物
zh,object,anger,shuffled_emotion,centroid_phrases,neutral_centroid,gemini,mmlw_roberta_large,10,4,0.25,0.4,-0.3422647527910685,5.25,书; 礼物; 钥匙; 钱包
zh,object,anger,shuffled_emotion,centroid_phrases,neutral_centroid,gemini,qwen3_embedding_8b,10,6,0.42857142857142855,0.6,-0.2076109936575053,3.5,书; 生锈的刀; 碎玻璃; 礼物; 钥匙; 钱包
zh,object,anger,shuffled_emotion,centroid_phrases,neutral_centroid,mmlw_roberta_large,qwen3_embedding_8b,10,5,0.3333333333333333,0.5,-0.5654545454545453,4.8,书; 礼物; 花; 钥匙; 钱包
zh,object,anger,shuffled_emotion,single_word,neutral_centroid,bielik_1_5b_v3,gemini,10,4,0.25,0.4,-0.10239234449760765,2.75,碎玻璃; 礼物; 钥匙; 钱包
zh,object,anger,shuffled_emotion,single_word,neutral_centroid,bielik_1_5b_v3,mmlw_roberta_large,10,4,0.25,0.4,-0.5719298245614035,4.25,台灯; 礼物; 钥匙; 钱包
zh,object,anger,shuffled_emotion,single_word,neutral_centroid,bielik_1_5b_v3,qwen3_embedding_8b,10,6,0.42857142857142855,0.6,0.30147991543340374,2.5,奖牌; 戒指; 玩具; 碎玻璃; 礼物; 钱包
zh,object,anger,shuffled_emotion,single_word,neutral_centroid,gemini,mmlw_roberta_large,10,4,0.25,0.4,-0.42902711323763953,4.5,书; 礼物; 钥匙; 钱包
zh,object,anger,shuffled_emotion,single_word,neutral_centroid,gemini,qwen3_embedding_8b,10,6,0.42857142857142855,0.6,0.20676532769556025,1.6666666666666667,书; 撕破的照片; 生锈的刀; 碎玻璃; 礼物; 钱包
zh,object,anger,shuffled_emotion,single_word,neutral_centroid,mmlw_roberta_large,qwen3_embedding_8b,10,4,0.25,0.4,-0.41371610845295054,4.0,书; 礼物; 花; 钱包
zh,object,disgust,emotion,centroid_phrases,neutral_centroid,bielik_1_5b_v3,gemini,10,6,0.42857142857142855,0.6,-0.12473572938689216,5.0,垃圾袋; 奖牌; 撕破的照片; 礼物; 脏毛巾; 警告标志
zh,object,disgust,emotion,centroid_phrases,neutral_centroid,bielik_1_5b_v3,mmlw_roberta_large,10,2,0.1111111111111111,0.2,-0.7239436619718309,1.5,台灯; 礼物
zh,object,disgust,emotion,centroid_phrases,neutral_centroid,bielik_1_5b_v3,qwen3_embedding_8b,10,6,0.42857142857142855,0.6,-0.1543340380549683,4.333333333333333,垃圾袋; 奖牌; 玩具; 生锈的刀; 礼物; 脏毛巾
zh,object,disgust,emotion,centroid_phrases,neutral_centroid,gemini,mmlw_roberta_large,10,4,0.25,0.4,-0.6025518341307815,5.75,书; 礼物; 钥匙; 钱包
zh,object,disgust,emotion,centroid_phrases,neutral_centroid,gemini,qwen3_embedding_8b,10,5,0.3333333333333333,0.5,-0.21090909090909085,4.0,垃圾袋; 奖牌; 礼物; 脏毛巾; 钱包
zh,object,disgust,emotion,centroid_phrases,neutral_centroid,mmlw_roberta_large,qwen3_embedding_8b,10,2,0.1111111111111111,0.2,-0.5026888604353392,4.5,礼物; 钱包
zh,object,disgust,emotion,single_word,neutral_centroid,bielik_1_5b_v3,gemini,10,5,0.3333333333333333,0.5,-0.1290909090909091,2.6,垃圾袋; 奖牌; 礼物; 钥匙; 钱包
zh,object,disgust,emotion,single_word,neutral_centroid,bielik_1_5b_v3,mmlw_roberta_large,10,4,0.25,0.4,-0.5515151515151515,4.0,台灯; 礼物; 钥匙; 钱包
zh,object,disgust,emotion,single_word,neutral_centroid,bielik_1_5b_v3,qwen3_embedding_8b,10,5,0.3333333333333333,0.5,0.33999999999999997,1.6,奖牌; 玩具; 碎玻璃; 礼物; 钱包
zh,object,disgust,emotion,single_word,neutral_centroid,gemini,mmlw_roberta_large,10,4,0.25,0.4,-0.5617224880382775,5.5,书; 礼物; 钥匙; 钱包
zh,object,disgust,emotion,single_word,neutral_centroid,gemini,qwen3_embedding_8b,10,4,0.25,0.4,-0.12791068580542264,0.75,书; 奖牌; 礼物; 钱包
zh,object,disgust,emotion,single_word,neutral_centroid,mmlw_roberta_large,qwen3_embedding_8b,10,4,0.25,0.4,-0.6433811802232855,4.75,书; 礼物; 钱包; 镜子
zh,object,disgust,identity,centroid_phrases,neutral_centroid,bielik_1_5b_v3,gemini,10,5,0.3333333333333333,0.5,0.41090909090909084,2.6,奖牌; 照片; 玩具; 礼物; 钥匙
zh,object,disgust,identity,centroid_phrases,neutral_centroid,bielik_1_5b_v3,mmlw_roberta_large,10,4,0.25,0.4,-0.4647527910685805,2.75,台灯; 礼物; 钥匙; 钱包
zh,object,disgust,identity,centroid_phrases,neutral_centroid,bielik_1_5b_v3,qwen3_embedding_8b,10,6,0.42857142857142855,0.6,0.5086680761099365,2.5,奖牌; 照片; 玩具; 礼物; 钥匙; 钱包
zh,object,disgust,identity,centroid_phrases,neutral_centroid,gemini,mmlw_roberta_large,10,5,0.3333333333333333,0.5,-0.2981818181818181,4.0,书; 桌子; 礼物; 钥匙; 镜子
zh,object,disgust,identity,centroid_phrases,neutral_centroid,gemini,qwen3_embedding_8b,10,7,0.5384615384615384,0.7,0.1398989898989899,2.4285714285714284,书; 奖牌; 毯子; 照片; 玩具; 礼物; 钥匙
zh,object,disgust,identity,centroid_phrases,neutral_centroid,mmlw_roberta_large,qwen3_embedding_8b,10,5,0.3333333333333333,0.5,-0.10181818181818177,4.6,书; 手机; 礼物; 钥匙; 钱包
zh,object,disgust,identity,single_word,neutral_centroid,bielik_1_5b_v3,gemini,10,5,0.3333333333333333,0.5,0.41090909090909084,2.6,奖牌; 照片; 玩具; 礼物; 钥匙
zh,object,disgust,identity,single_word,neutral_centroid,bielik_1_5b_v3,mmlw_roberta_large,10,4,0.25,0.4,-0.4647527910685805,2.75,台灯; 礼物; 钥匙; 钱包
zh,object,disgust,identity,single_word,neutral_centroid,bielik_1_5b_v3,qwen3_embedding_8b,10,6,0.42857142857142855,0.6,0.5086680761099365,2.5,奖牌; 照片; 玩具; 礼物; 钥匙; 钱包
zh,object,disgust,identity,single_word,neutral_centroid,gemini,mmlw_roberta_large,10,5,0.3333333333333333,0.5,-0.2981818181818181,4.0,书; 桌子; 礼物; 钥匙; 镜子
zh,object,disgust,identity,single_word,neutral_centroid,gemini,qwen3_embedding_8b,10,7,0.5384615384615384,0.7,0.1398989898989899,2.4285714285714284,书; 奖牌; 毯子; 照片; 玩具; 礼物; 钥匙
zh,object,disgust,identity,single_word,neutral_centroid,mmlw_roberta_large,qwen3_embedding_8b,10,5,0.3333333333333333,0.5,-0.10181818181818177,4.6,书; 手机; 礼物; 钥匙; 钱包
zh,object,disgust,random,centroid_phrases,neutral_centroid,bielik_1_5b_v3,gemini,10,6,0.42857142857142855,0.6,0.31331923890063423,2.8333333333333335,奖牌; 照片; 玩具; 礼物; 钥匙; 镜子
zh,object,disgust,random,centroid_phrases,neutral_centroid,bielik_1_5b_v3,mmlw_roberta_large,10,5,0.3333333333333333,0.5,-0.5327272727272726,3.2,台灯; 礼物; 钥匙; 钱包; 镜子
zh,object,disgust,random,centroid_phrases,neutral_centroid,bielik_1_5b_v3,qwen3_embedding_8b,10,6,0.42857142857142855,0.6,0.496828752642706,2.0,奖牌; 照片; 玩具; 礼物; 钥匙; 钱包
zh,object,disgust,random,centroid_phrases,neutral_centroid,gemini,mmlw_roberta_large,10,5,0.3333333333333333,0.5,-0.5436363636363635,4.8,书; 桌子; 礼物; 钥匙; 镜子
zh,object,disgust,random,centroid_phrases,neutral_centroid,gemini,qwen3_embedding_8b,10,7,0.5384615384615384,0.7,0.13333333333333333,3.142857142857143,书; 奖牌; 戒指; 照片; 玩具; 礼物; 钥匙
zh,object,disgust,random,centroid_phrases,neutral_centroid,mmlw_roberta_large,qwen3_embedding_8b,10,6,0.42857142857142855,0.6,-0.18393234672304437,3.6666666666666665,书; 手机; 礼物; 花; 钥匙; 钱包
zh,object,disgust,random,single_word,neutral_centroid,bielik_1_5b_v3,gemini,10,6,0.42857142857142855,0.6,0.31331923890063423,2.8333333333333335,奖牌; 照片; 玩具; 礼物; 钥匙; 镜子
zh,object,disgust,random,single_word,neutral_centroid,bielik_1_5b_v3,mmlw_roberta_large,10,5,0.3333333333333333,0.5,-0.5327272727272726,3.2,台灯; 礼物; 钥匙; 钱包; 镜子
zh,object,disgust,random,single_word,neutral_centroid,bielik_1_5b_v3,qwen3_embedding_8b,10,6,0.42857142857142855,0.6,0.496828752642706,2.0,奖牌; 照片; 玩具; 礼物; 钥匙; 钱包
zh,object,disgust,random,single_word,neutral_centroid,gemini,mmlw_roberta_large,10,5,0.3333333333333333,0.5,-0.5436363636363635,4.8,书; 桌子; 礼物; 钥匙; 镜子
zh,object,disgust,random,single_word,neutral_centroid,gemini,qwen3_embedding_8b,10,7,0.5384615384615384,0.7,0.13333333333333333,3.142857142857143,书; 奖牌; 戒指; 照片; 玩具; 礼物; 钥匙
zh,object,disgust,random,single_word,neutral_centroid,mmlw_roberta_large,qwen3_embedding_8b,10,6,0.42857142857142855,0.6,-0.18393234672304437,3.6666666666666665,书; 手机; 礼物; 花; 钥匙; 钱包
zh,object,disgust,shuffled_emotion,centroid_phrases,neutral_centroid,bielik_1_5b_v3,gemini,10,5,0.3333333333333333,0.5,-0.4836363636363636,4.6,奖牌; 滑稽面具; 照片; 玩具; 礼物
zh,object,disgust,shuffled_emotion,centroid_phrases,neutral_centroid,bielik_1_5b_v3,mmlw_roberta_large,10,1,0.05263157894736842,0.1,-0.6874125874125875,3.0,礼物
zh,object,disgust,shuffled_emotion,centroid_phrases,neutral_centroid,bielik_1_5b_v3,qwen3_embedding_8b,10,4,0.25,0.4,-0.09218500797448165,4.25,奖牌; 照片; 玩具; 礼物
zh,object,disgust,shuffled_emotion,centroid_phrases,neutral_centroid,gemini,mmlw_roberta_large,10,5,0.3333333333333333,0.5,-0.18909090909090903,4.6,书; 手机; 礼物; 钥匙; 钱包
zh,object,disgust,shuffled_emotion,centroid_phrases,neutral_centroid,gemini,qwen3_embedding_8b,10,7,0.5384615384615384,0.7,0.2909090909090909,2.142857142857143,书; 奖牌; 照片; 玩具; 礼物; 钥匙; 钱包
zh,object,disgust,shuffled_emotion,centroid_phrases,neutral_centroid,mmlw_roberta_large,qwen3_embedding_8b,10,5,0.3333333333333333,0.5,-0.48363636363636353,4.4,书; 礼物; 花; 钥匙; 钱包
zh,object,disgust,shuffled_emotion,single_word,neutral_centroid,bielik_1_5b_v3,gemini,10,7,0.5384615384615384,0.7,0.1924242424242424,3.857142857142857,书; 奖牌; 照片; 玩具; 礼物; 钥匙; 钱包
zh,object,disgust,shuffled_emotion,single_word,neutral_centroid,bielik_1_5b_v3,mmlw_roberta_large,10,6,0.42857142857142855,0.6,-0.5391120507399578,4.0,书; 台灯; 礼物; 钥匙; 钱包; 镜子
zh,object,disgust,shuffled_emotion,single_word,neutral_centroid,bielik_1_5b_v3,qwen3_embedding_8b,10,7,0.5384615384615384,0.7,0.4222222222222222,2.4285714285714284,书; 奖牌; 照片; 玩具; 礼物; 钥匙; 钱包
zh,object,disgust,shuffled_emotion,single_word,neutral_centroid,gemini,mmlw_roberta_large,10,5,0.3333333333333333,0.5,0.05636363636363637,4.2,书; 手机; 礼物; 钥匙; 钱包
zh,object,disgust,shuffled_emotion,single_word,neutral_centroid,gemini,qwen3_embedding_8b,10,7,0.5384615384615384,0.7,0.7373737373737372,1.7142857142857142,书; 奖牌; 照片; 玩具; 礼物; 钥匙; 钱包
zh,object,disgust,shuffled_emotion,single_word,neutral_centroid,mmlw_roberta_large,qwen3_embedding_8b,10,5,0.3333333333333333,0.5,-0.33636363636363625,3.8,书; 礼物; 花; 钥匙; 钱包
zh,object,joy,emotion,centroid_phrases,neutral_centroid,bielik_1_5b_v3,gemini,10,5,0.3333333333333333,0.5,-0.4836363636363636,4.6,奖牌; 滑稽面具; 照片; 玩具; 礼物
zh,object,joy,emotion,centroid_phrases,neutral_centroid,bielik_1_5b_v3,mmlw_roberta_large,10,1,0.05263157894736842,0.1,-0.6874125874125875,3.0,礼物
zh,object,joy,emotion,centroid_phrases,neutral_centroid,bielik_1_5b_v3,qwen3_embedding_8b,10,4,0.25,0.4,-0.09218500797448165,4.25,奖牌; 照片; 玩具; 礼物
zh,object,joy,emotion,centroid_phrases,neutral_centroid,gemini,mmlw_roberta_large,10,5,0.3333333333333333,0.5,-0.18909090909090903,4.6,书; 手机; 礼物; 钥匙; 钱包
zh,object,joy,emotion,centroid_phrases,neutral_centroid,gemini,qwen3_embedding_8b,10,7,0.5384615384615384,0.7,0.2909090909090909,2.142857142857143,书; 奖牌; 照片; 玩具; 礼物; 钥匙; 钱包
zh,object,joy,emotion,centroid_phrases,neutral_centroid,mmlw_roberta_large,qwen3_embedding_8b,10,5,0.3333333333333333,0.5,-0.48363636363636353,4.4,书; 礼物; 花; 钥匙; 钱包
zh,object,joy,emotion,single_word,neutral_centroid,bielik_1_5b_v3,gemini,10,7,0.5384615384615384,0.7,0.1924242424242424,3.857142857142857,书; 奖牌; 照片; 玩具; 礼物; 钥匙; 钱包
zh,object,joy,emotion,single_word,neutral_centroid,bielik_1_5b_v3,mmlw_roberta_large,10,6,0.42857142857142855,0.6,-0.5391120507399578,4.0,书; 台灯; 礼物; 钥匙; 钱包; 镜子
zh,object,joy,emotion,single_word,neutral_centroid,bielik_1_5b_v3,qwen3_embedding_8b,10,7,0.5384615384615384,0.7,0.4222222222222222,2.4285714285714284,书; 奖牌; 照片; 玩具; 礼物; 钥匙; 钱包
zh,object,joy,emotion,single_word,neutral_centroid,gemini,mmlw_roberta_large,10,5,0.3333333333333333,0.5,0.05636363636363637,4.2,书; 手机; 礼物; 钥匙; 钱包
zh,object,joy,emotion,single_word,neutral_centroid,gemini,qwen3_embedding_8b,10,7,0.5384615384615384,0.7,0.7373737373737372,1.7142857142857142,书; 奖牌; 照片; 玩具; 礼物; 钥匙; 钱包
zh,object,joy,emotion,single_word,neutral_centroid,mmlw_roberta_large,qwen3_embedding_8b,10,5,0.3333333333333333,0.5,-0.33636363636363625,3.8,书; 礼物; 花; 钥匙; 钱包
zh,object,joy,identity,centroid_phrases,neutral_centroid,bielik_1_5b_v3,gemini,10,5,0.3333333333333333,0.5,0.41090909090909084,2.6,奖牌; 照片; 玩具; 礼物; 钥匙
zh,object,joy,identity,centroid_phrases,neutral_centroid,bielik_1_5b_v3,mmlw_roberta_large,10,4,0.25,0.4,-0.4647527910685805,2.75,台灯; 礼物; 钥匙; 钱包
zh,object,joy,identity,centroid_phrases,neutral_centroid,bielik_1_5b_v3,qwen3_embedding_8b,10,6,0.42857142857142855,0.6,0.5086680761099365,2.5,奖牌; 照片; 玩具; 礼物; 钥匙; 钱包
zh,object,joy,identity,centroid_phrases,neutral_centroid,gemini,mmlw_roberta_large,10,5,0.3333333333333333,0.5,-0.2981818181818181,4.0,书; 桌子; 礼物; 钥匙; 镜子
zh,object,joy,identity,centroid_phrases,neutral_centroid,gemini,qwen3_embedding_8b,10,7,0.5384615384615384,0.7,0.1398989898989899,2.4285714285714284,书; 奖牌; 毯子; 照片; 玩具; 礼物; 钥匙
zh,object,joy,identity,centroid_phrases,neutral_centroid,mmlw_roberta_large,qwen3_embedding_8b,10,5,0.3333333333333333,0.5,-0.10181818181818177,4.6,书; 手机; 礼物; 钥匙; 钱包
zh,object,joy,identity,single_word,neutral_centroid,bielik_1_5b_v3,gemini,10,5,0.3333333333333333,0.5,0.41090909090909084,2.6,奖牌; 照片; 玩具; 礼物; 钥匙
zh,object,joy,identity,single_word,neutral_centroid,bielik_1_5b_v3,mmlw_roberta_large,10,4,0.25,0.4,-0.4647527910685805,2.75,台灯; 礼物; 钥匙; 钱包
zh,object,joy,identity,single_word,neutral_centroid,bielik_1_5b_v3,qwen3_embedding_8b,10,6,0.42857142857142855,0.6,0.5086680761099365,2.5,奖牌; 照片; 玩具; 礼物; 钥匙; 钱包
zh,object,joy,identity,single_word,neutral_centroid,gemini,mmlw_roberta_large,10,5,0.3333333333333333,0.5,-0.2981818181818181,4.0,书; 桌子; 礼物; 钥匙; 镜子
zh,object,joy,identity,single_word,neutral_centroid,gemini,qwen3_embedding_8b,10,7,0.5384615384615384,0.7,0.1398989898989899,2.4285714285714284,书; 奖牌; 毯子; 照片; 玩具; 礼物; 钥匙
zh,object,joy,identity,single_word,neutral_centroid,mmlw_roberta_large,qwen3_embedding_8b,10,5,0.3333333333333333,0.5,-0.10181818181818177,4.6,书; 手机; 礼物; 钥匙; 钱包
zh,object,joy,random,centroid_phrases,neutral_centroid,bielik_1_5b_v3,gemini,10,6,0.42857142857142855,0.6,0.26596194503171244,2.8333333333333335,奖牌; 照片; 玩具; 礼物; 钥匙; 钱包
zh,object,joy,random,centroid_phrases,neutral_centroid,bielik_1_5b_v3,mmlw_roberta_large,10,4,0.25,0.4,-0.4596491228070175,2.5,台灯; 礼物; 钥匙; 钱包
zh,object,joy,random,centroid_phrases,neutral_centroid,bielik_1_5b_v3,qwen3_embedding_8b,10,6,0.42857142857142855,0.6,0.5678646934460886,2.6666666666666665,奖牌; 照片; 玩具; 礼物; 钥匙; 钱包
zh,object,joy,random,centroid_phrases,neutral_centroid,gemini,mmlw_roberta_large,10,6,0.42857142857142855,0.6,-0.04186046511627907,3.6666666666666665,书; 手机; 桌子; 礼物; 钥匙; 钱包
zh,object,joy,random,centroid_phrases,neutral_centroid,gemini,qwen3_embedding_8b,10,8,0.6666666666666666,0.8,0.2702194357366771,3.75,书; 奖牌; 手机; 照片; 玩具; 礼物; 钥匙; 钱包
zh,object,joy,random,centroid_phrases,neutral_centroid,mmlw_roberta_large,qwen3_embedding_8b,10,5,0.3333333333333333,0.5,-0.18909090909090903,5.0,书; 手机; 礼物; 钥匙; 钱包
zh,object,joy,random,single_word,neutral_centroid,bielik_1_5b_v3,gemini,10,6,0.42857142857142855,0.6,0.26596194503171244,2.8333333333333335,奖牌; 照片; 玩具; 礼物; 钥匙; 钱包
zh,object,joy,random,single_word,neutral_centroid,bielik_1_5b_v3,mmlw_roberta_large,10,4,0.25,0.4,-0.4596491228070175,2.5,台灯; 礼物; 钥匙; 钱包
zh,object,joy,random,single_word,neutral_centroid,bielik_1_5b_v3,qwen3_embedding_8b,10,6,0.42857142857142855,0.6,0.5678646934460886,2.6666666666666665,奖牌; 照片; 玩具; 礼物; 钥匙; 钱包
zh,object,joy,random,single_word,neutral_centroid,gemini,mmlw_roberta_large,10,6,0.42857142857142855,0.6,-0.04186046511627907,3.6666666666666665,书; 手机; 桌子; 礼物; 钥匙; 钱包
zh,object,joy,random,single_word,neutral_centroid,gemini,qwen3_embedding_8b,10,8,0.6666666666666666,0.8,0.2702194357366771,3.75,书; 奖牌; 手机; 照片; 玩具; 礼物; 钥匙; 钱包
zh,object,joy,random,single_word,neutral_centroid,mmlw_roberta_large,qwen3_embedding_8b,10,5,0.3333333333333333,0.5,-0.18909090909090903,5.0,书; 手机; 礼物; 钥匙; 钱包
zh,object,joy,shuffled_emotion,centroid_phrases,neutral_centroid,bielik_1_5b_v3,gemini,10,3,0.17647058823529413,0.3,0.034090909090909144,1.6666666666666667,撕破的照片; 碎玻璃; 礼物
zh,object,joy,shuffled_emotion,centroid_phrases,neutral_centroid,bielik_1_5b_v3,mmlw_roberta_large,10,1,0.05263157894736842,0.1,-0.6696969696969698,7.0,礼物
zh,object,joy,shuffled_emotion,centroid_phrases,neutral_centroid,bielik_1_5b_v3,qwen3_embedding_8b,10,5,0.3333333333333333,0.5,0.29090909090909084,2.2,奖牌; 玩具; 生锈的刀; 碎玻璃; 礼物
zh,object,joy,shuffled_emotion,centroid_phrases,neutral_centroid,gemini,mmlw_roberta_large,10,5,0.3333333333333333,0.5,-0.2981818181818181,5.2,书; 手机; 礼物; 钥匙; 钱包
zh,object,joy,shuffled_emotion,centroid_phrases,neutral_centroid,gemini,qwen3_embedding_8b,10,5,0.3333333333333333,0.5,-0.33090909090909093,3.0,书; 碎玻璃; 礼物; 钥匙; 钱包
zh,object,joy,shuffled_emotion,centroid_phrases,neutral_centroid,mmlw_roberta_large,qwen3_embedding_8b,10,5,0.3333333333333333,0.5,-0.598181818181818,4.4,书; 礼物; 花; 钥匙; 钱包
zh,object,joy,shuffled_emotion,single_word,neutral_centroid,bielik_1_5b_v3,gemini,10,7,0.5384615384615384,0.7,-0.030808080808080812,2.7142857142857144,奖牌; 撕破的照片; 玩具; 碎玻璃; 礼物; 钥匙; 钱包
zh,object,joy,shuffled_emotion,single_word,neutral_centroid,bielik_1_5b_v3,mmlw_roberta_large,10,4,0.25,0.4,-0.6484848484848484,4.5,台灯; 礼物; 钥匙; 钱包
zh,object,joy,shuffled_emotion,single_word,neutral_centroid,bielik_1_5b_v3,qwen3_embedding_8b,10,7,0.5384615384615384,0.7,0.4287878787878787,2.4285714285714284,奖牌; 戒指; 玩具; 碎玻璃; 礼物; 钥匙; 钱包
zh,object,joy,shuffled_emotion,single_word,neutral_centroid,gemini,mmlw_roberta_large,10,4,0.25,0.4,-0.37799043062200954,5.0,书; 礼物; 钥匙; 钱包
zh,object,joy,shuffled_emotion,single_word,neutral_centroid,gemini,qwen3_embedding_8b,10,7,0.5384615384615384,0.7,-0.050505050505050525,3.0,书; 奖牌; 玩具; 碎玻璃; 礼物; 钥匙; 钱包
zh,object,joy,shuffled_emotion,single_word,neutral_centroid,mmlw_roberta_large,qwen3_embedding_8b,10,5,0.3333333333333333,0.5,-0.598181818181818,4.4,书; 礼物; 花; 钥匙; 钱包
zh,object,sadness,emotion,centroid_phrases,neutral_centroid,bielik_1_5b_v3,gemini,10,4,0.25,0.4,-0.2095693779904306,4.75,撕破的照片; 生锈的刀; 碎玻璃; 礼物
zh,object,sadness,emotion,centroid_phrases,neutral_centroid,bielik_1_5b_v3,mmlw_roberta_large,10,1,0.05263157894736842,0.1,-0.6785547785547786,5.0,礼物
zh,object,sadness,emotion,centroid_phrases,neutral_centroid,bielik_1_5b_v3,qwen3_embedding_8b,10,6,0.42857142857142855,0.6,-0.00042283298097250764,4.0,奖牌; 照片; 玩具; 生锈的刀; 碎玻璃; 礼物
zh,object,sadness,emotion,centroid_phrases,neutral_centroid,gemini,mmlw_roberta_large,10,4,0.25,0.4,-0.3422647527910685,5.25,书; 礼物; 钥匙; 钱包
zh,object,sadness,emotion,centroid_phrases,neutral_centroid,gemini,qwen3_embedding_8b,10,6,0.42857142857142855,0.6,-0.2076109936575053,3.5,书; 生锈的刀; 碎玻璃; 礼物; 钥匙; 钱包
zh,object,sadness,emotion,centroid_phrases,neutral_centroid,mmlw_roberta_large,qwen3_embedding_8b,10,5,0.3333333333333333,0.5,-0.5654545454545453,4.8,书; 礼物; 花; 钥匙; 钱包
zh,object,sadness,emotion,single_word,neutral_centroid,bielik_1_5b_v3,gemini,10,4,0.25,0.4,-0.10239234449760765,2.75,碎玻璃; 礼物; 钥匙; 钱包
zh,object,sadness,emotion,single_word,neutral_centroid,bielik_1_5b_v3,mmlw_roberta_large,10,4,0.25,0.4,-0.5719298245614035,4.25,台灯; 礼物; 钥匙; 钱包
zh,object,sadness,emotion,single_word,neutral_centroid,bielik_1_5b_v3,qwen3_embedding_8b,10,6,0.42857142857142855,0.6,0.30147991543340374,2.5,奖牌; 戒指; 玩具; 碎玻璃; 礼物; 钱包
zh,object,sadness,emotion,single_word,neutral_centroid,gemini,mmlw_roberta_large,10,4,0.25,0.4,-0.42902711323763953,4.5,书; 礼物; 钥匙; 钱包
zh,object,sadness,emotion,single_word,neutral_centroid,gemini,qwen3_embedding_8b,10,6,0.42857142857142855,0.6,0.20676532769556025,1.6666666666666667,书; 撕破的照片; 生锈的刀; 碎玻璃; 礼物; 钱包
zh,object,sadness,emotion,single_word,neutral_centroid,mmlw_roberta_large,qwen3_embedding_8b,10,4,0.25,0.4,-0.41371610845295054,4.0,书; 礼物; 花; 钱包
zh,object,sadness,identity,centroid_phrases,neutral_centroid,bielik_1_5b_v3,gemini,10,5,0.3333333333333333,0.5,0.41090909090909084,2.6,奖牌; 照片; 玩具; 礼物; 钥匙
zh,object,sadness,identity,centroid_phrases,neutral_centroid,bielik_1_5b_v3,mmlw_roberta_large,10,4,0.25,0.4,-0.4647527910685805,2.75,台灯; 礼物; 钥匙; 钱包
zh,object,sadness,identity,centroid_phrases,neutral_centroid,bielik_1_5b_v3,qwen3_embedding_8b,10,6,0.42857142857142855,0.6,0.5086680761099365,2.5,奖牌; 照片; 玩具; 礼物; 钥匙; 钱包
zh,object,sadness,identity,centroid_phrases,neutral_centroid,gemini,mmlw_roberta_large,10,5,0.3333333333333333,0.5,-0.2981818181818181,4.0,书; 桌子; 礼物; 钥匙; 镜子
zh,object,sadness,identity,centroid_phrases,neutral_centroid,gemini,qwen3_embedding_8b,10,7,0.5384615384615384,0.7,0.1398989898989899,2.4285714285714284,书; 奖牌; 毯子; 照片; 玩具; 礼物; 钥匙
zh,object,sadness,identity,centroid_phrases,neutral_centroid,mmlw_roberta_large,qwen3_embedding_8b,10,5,0.3333333333333333,0.5,-0.10181818181818177,4.6,书; 手机; 礼物; 钥匙; 钱包
zh,object,sadness,identity,single_word,neutral_centroid,bielik_1_5b_v3,gemini,10,5,0.3333333333333333,0.5,0.41090909090909084,2.6,奖牌; 照片; 玩具; 礼物; 钥匙
zh,object,sadness,identity,single_word,neutral_centroid,bielik_1_5b_v3,mmlw_roberta_large,10,4,0.25,0.4,-0.4647527910685805,2.75,台灯; 礼物; 钥匙; 钱包
zh,object,sadness,identity,single_word,neutral_centroid,bielik_1_5b_v3,qwen3_embedding_8b,10,6,0.42857142857142855,0.6,0.5086680761099365,2.5,奖牌; 照片; 玩具; 礼物; 钥匙; 钱包
zh,object,sadness,identity,single_word,neutral_centroid,gemini,mmlw_roberta_large,10,5,0.3333333333333333,0.5,-0.2981818181818181,4.0,书; 桌子; 礼物; 钥匙; 镜子
zh,object,sadness,identity,single_word,neutral_centroid,gemini,qwen3_embedding_8b,10,7,0.5384615384615384,0.7,0.1398989898989899,2.4285714285714284,书; 奖牌; 毯子; 照片; 玩具; 礼物; 钥匙
zh,object,sadness,identity,single_word,neutral_centroid,mmlw_roberta_large,qwen3_embedding_8b,10,5,0.3333333333333333,0.5,-0.10181818181818177,4.6,书; 手机; 礼物; 钥匙; 钱包
zh,object,sadness,random,centroid_phrases,neutral_centroid,bielik_1_5b_v3,gemini,10,7,0.5384615384615384,0.7,0.17272727272727273,2.857142857142857,奖牌; 照片; 玩具; 礼物; 钥匙; 钱包; 镜子
zh,object,sadness,random,centroid_phrases,neutral_centroid,bielik_1_5b_v3,mmlw_roberta_large,10,5,0.3333333333333333,0.5,-0.5327272727272726,2.0,台灯; 礼物; 钥匙; 钱包; 镜子
zh,object,sadness,random,centroid_phrases,neutral_centroid,bielik_1_5b_v3,qwen3_embedding_8b,10,6,0.42857142857142855,0.6,0.49682875264270604,3.1666666666666665,奖牌; 照片; 玩具; 礼物; 钥匙; 钱包
zh,object,sadness,random,centroid_phrases,neutral_centroid,gemini,mmlw_roberta_large,10,6,0.42857142857142855,0.6,-0.4976744186046512,4.5,书; 桌子; 礼物; 钥匙; 钱包; 镜子
zh,object,sadness,random,centroid_phrases,neutral_centroid,gemini,qwen3_embedding_8b,10,7,0.5384615384615384,0.7,0.02171717171717171,3.4285714285714284,书; 奖牌; 照片; 玩具; 礼物; 钥匙; 钱包
zh,object,sadness,random,centroid_phrases,neutral_centroid,mmlw_roberta_large,qwen3_embedding_8b,10,6,0.42857142857142855,0.6,-0.32600422832980974,4.5,书; 手机; 礼物; 花; 钥匙; 钱包
zh,object,sadness,random,single_word,neutral_centroid,bielik_1_5b_v3,gemini,10,7,0.5384615384615384,0.7,0.17272727272727273,2.857142857142857,奖牌; 照片; 玩具; 礼物; 钥匙; 钱包; 镜子
zh,object,sadness,random,single_word,neutral_centroid,bielik_1_5b_v3,mmlw_roberta_large,10,5,0.3333333333333333,0.5,-0.5327272727272726,2.0,台灯; 礼物; 钥匙; 钱包; 镜子
zh,object,sadness,random,single_word,neutral_centroid,bielik_1_5b_v3,qwen3_embedding_8b,10,6,0.42857142857142855,0.6,0.49682875264270604,3.1666666666666665,奖牌; 照片; 玩具; 礼物; 钥匙; 钱包
zh,object,sadness,random,single_word,neutral_centroid,gemini,mmlw_roberta_large,10,6,0.42857142857142855,0.6,-0.4976744186046512,4.5,书; 桌子; 礼物; 钥匙; 钱包; 镜子
zh,object,sadness,random,single_word,neutral_centroid,gemini,qwen3_embedding_8b,10,7,0.5384615384615384,0.7,0.02171717171717171,3.4285714285714284,书; 奖牌; 照片; 玩具; 礼物; 钥匙; 钱包
zh,object,sadness,random,single_word,neutral_centroid,mmlw_roberta_large,qwen3_embedding_8b,10,6,0.42857142857142855,0.6,-0.32600422832980974,4.5,书; 手机; 礼物; 花; 钥匙; 钱包
zh,object,sadness,shuffled_emotion,centroid_phrases,neutral_centroid,bielik_1_5b_v3,gemini,10,6,0.42857142857142855,0.6,-0.12473572938689216,5.0,垃圾袋; 奖牌; 撕破的照片; 礼物; 脏毛巾; 警告标志
zh,object,sadness,shuffled_emotion,centroid_phrases,neutral_centroid,bielik_1_5b_v3,mmlw_roberta_large,10,2,0.1111111111111111,0.2,-0.7239436619718309,1.5,台灯; 礼物
zh,object,sadness,shuffled_emotion,centroid_phrases,neutral_centroid,bielik_1_5b_v3,qwen3_embedding_8b,10,6,0.42857142857142855,0.6,-0.1543340380549683,4.333333333333333,垃圾袋; 奖牌; 玩具; 生锈的刀; 礼物; 脏毛巾
zh,object,sadness,shuffled_emotion,centroid_phrases,neutral_centroid,gemini,mmlw_roberta_large,10,4,0.25,0.4,-0.6025518341307815,5.75,书; 礼物; 钥匙; 钱包
zh,object,sadness,shuffled_emotion,centroid_phrases,neutral_centroid,gemini,qwen3_embedding_8b,10,5,0.3333333333333333,0.5,-0.21090909090909085,4.0,垃圾袋; 奖牌; 礼物; 脏毛巾; 钱包
zh,object,sadness,shuffled_emotion,centroid_phrases,neutral_centroid,mmlw_roberta_large,qwen3_embedding_8b,10,2,0.1111111111111111,0.2,-0.5026888604353392,4.5,礼物; 钱包
zh,object,sadness,shuffled_emotion,single_word,neutral_centroid,bielik_1_5b_v3,gemini,10,5,0.3333333333333333,0.5,-0.1290909090909091,2.6,垃圾袋; 奖牌; 礼物; 钥匙; 钱包
zh,object,sadness,shuffled_emotion,single_word,neutral_centroid,bielik_1_5b_v3,mmlw_roberta_large,10,4,0.25,0.4,-0.5515151515151515,4.0,台灯; 礼物; 钥匙; 钱包
zh,object,sadness,shuffled_emotion,single_word,neutral_centroid,bielik_1_5b_v3,qwen3_embedding_8b,10,5,0.3333333333333333,0.5,0.33999999999999997,1.6,奖牌; 玩具; 碎玻璃; 礼物; 钱包
zh,object,sadness,shuffled_emotion,single_word,neutral_centroid,gemini,mmlw_roberta_large,10,4,0.25,0.4,-0.5617224880382775,5.5,书; 礼物; 钥匙; 钱包
zh,object,sadness,shuffled_emotion,single_word,neutral_centroid,gemini,qwen3_embedding_8b,10,4,0.25,0.4,-0.12791068580542264,0.75,书; 奖牌; 礼物; 钱包
zh,object,sadness,shuffled_emotion,single_word,neutral_centroid,mmlw_roberta_large,qwen3_embedding_8b,10,4,0.25,0.4,-0.6433811802232855,4.75,书; 礼物; 钱包; 镜子
zh,person,anger,emotion,centroid_phrases,neutral_centroid,bielik_1_5b_v3,gemini,10,3,0.17647058823529413,0.3,-0.11079545454545452,3.3333333333333335,愤怒的顾客; 烦人的乘客; 陌生人
zh,person,anger,emotion,centroid_phrases,neutral_centroid,bielik_1_5b_v3,mmlw_roberta_large,10,3,0.17647058823529413,0.3,-0.47784090909090915,6.0,伴侣; 客人; 陌生人
zh,person,anger,emotion,centroid_phrases,neutral_centroid,bielik_1_5b_v3,qwen3_embedding_8b,10,4,0.25,0.4,0.27527910685805423,2.75,客人; 愤怒的顾客; 烦人的乘客; 陌生人
zh,person,anger,emotion,centroid_phrases,neutral_centroid,gemini,mmlw_roberta_large,10,3,0.17647058823529413,0.3,-0.4198863636363636,3.6666666666666665,孩子; 朋友; 陌生人
zh,person,anger,emotion,centroid_phrases,neutral_centroid,gemini,qwen3_embedding_8b,10,7,0.5384615384615384,0.7,0.19242424242424241,2.4285714285714284,令人厌恶的恶霸; 嫉妒的对手; 孩子; 愤怒的顾客; 朋友; 烦人的乘客; 陌生人
zh,person,anger,emotion,centroid_phrases,neutral_centroid,mmlw_roberta_large,qwen3_embedding_8b,10,5,0.3333333333333333,0.5,-0.09636363636363633,3.2,孩子; 客人; 朋友; 老师; 陌生人
zh,person,anger,emotion,single_word,neutral_centroid,bielik_1_5b_v3,gemini,10,3,0.17647058823529413,0.3,-0.38125,5.333333333333333,愤怒的顾客; 烦人的乘客; 陌生人
zh,person,anger,emotion,single_word,neutral_centroid,bielik_1_5b_v3,mmlw_roberta_large,10,7,0.5384615384615384,0.7,-0.2803030303030303,4.428571428571429,伴侣; 客人; 朋友; 父母; 英雄; 邻居; 陌生人
zh,person,anger,emotion,single_word,neutral_centroid,bielik_1_5b_v3,qwen3_embedding_8b,10,6,0.42857142857142855,0.6,-0.1543340380549683,3.8333333333333335,客人; 愤怒的顾客; 朋友; 烦人的乘客; 英雄; 陌生人
zh,person,anger,emotion,single_word,neutral_centroid,gemini,mmlw_roberta_large,10,2,0.1111111111111111,0.2,-0.5165172855313698,3.0,孩子; 陌生人
zh,person,anger,emotion,single_word,neutral_centroid,gemini,qwen3_embedding_8b,10,6,0.42857142857142855,0.6,-0.1543340380549683,2.6666666666666665,嫉妒的对手; 孩子; 愤怒的顾客; 烦人的乘客; 运动员; 陌生人
zh,person,anger,emotion,single_word,neutral_centroid,mmlw_roberta_large,qwen3_embedding_8b,10,6,0.42857142857142855,0.6,-0.11289640591966171,3.6666666666666665,孩子; 客人; 朋友; 老师; 英雄; 陌生人
zh,person,anger,identity,centroid_phrases,neutral_centroid,bielik_1_5b_v3,gemini,10,7,0.5384615384615384,0.7,0.04141414141414141,2.2857142857142856,伴侣; 客人; 父母; 老师; 英雄; 邻居; 陌生人
zh,person,anger,identity,centroid_phrases,neutral_centroid,bielik_1_5b_v3,mmlw_roberta_large,10,8,0.6666666666666666,0.8,-0.6927899686520377,4.75,伴侣; 医生; 客人; 父母; 老师; 英雄; 邻居; 陌生人
zh,person,anger,identity,centroid_phrases,neutral_centroid,bielik_1_5b_v3,qwen3_embedding_8b,10,7,0.5384615384615384,0.7,-0.23434343434343435,2.7142857142857144,伴侣; 医生; 客人; 父母; 老师; 英雄; 陌生人
zh,person,anger,identity,centroid_phrases,neutral_centroid,gemini,mmlw_roberta_large,10,9,0.8181818181818182,0.9,0.21818181818181823,2.6666666666666665,伴侣; 孩子; 客人; 朋友; 父母; 老师; 英雄; 邻居; 陌生人
zh,person,anger,identity,centroid_phrases,neutral_centroid,gemini,qwen3_embedding_8b,10,8,0.6666666666666666,0.8,0.541065830721003,2.125,伴侣; 孩子; 客人; 朋友; 父母; 老师; 英雄; 陌生人
zh,person,anger,identity,centroid_phrases,neutral_centroid,mmlw_roberta_large,qwen3_embedding_8b,10,9,0.8181818181818182,0.9,0.20000000000000004,3.0,伴侣; 医生; 孩子; 客人; 朋友; 父母; 老师; 英雄; 陌生人
zh,person,anger,identity,single_word,neutral_centroid,bielik_1_5b_v3,gemini,10,7,0.5384615384615384,0.7,0.04141414141414141,2.2857142857142856,伴侣; 客人; 父母; 老师; 英雄; 邻居; 陌生人
zh,person,anger,identity,single_word,neutral_centroid,bielik_1_5b_v3,mmlw_roberta_large,10,8,0.6666666666666666,0.8,-0.6927899686520377,4.75,伴侣; 医生; 客人; 父母; 老师; 英雄; 邻居; 陌生人
zh,person,anger,identity,single_word,neutral_centroid,bielik_1_5b_v3,qwen3_embedding_8b,10,7,0.5384615384615384,0.7,-0.23434343434343435,2.7142857142857144,伴侣; 医生; 客人; 父母; 老师; 英雄; 陌生人
zh,person,anger,identity,single_word,neutral_centroid,gemini,mmlw_roberta_large,10,9,0.8181818181818182,0.9,0.21818181818181823,2.6666666666666665,伴侣; 孩子; 客人; 朋友; 父母; 老师; 英雄; 邻居; 陌生人
zh,person,anger,identity,single_word,neutral_centroid,gemini,qwen3_embedding_8b,10,8,0.6666666666666666,0.8,0.541065830721003,2.125,伴侣; 孩子; 客人; 朋友; 父母; 老师; 英雄; 陌生人
zh,person,anger,identity,single_word,neutral_centroid,mmlw_roberta_large,qwen3_embedding_8b,10,9,0.8181818181818182,0.9,0.20000000000000004,3.0,伴侣; 医生; 孩子; 客人; 朋友; 父母; 老师; 英雄; 陌生人
zh,person,anger,random,centroid_phrases,neutral_centroid,bielik_1_5b_v3,gemini,10,8,0.6666666666666666,0.8,-0.05329153605015677,3.125,伴侣; 客人; 朋友; 父母; 老师; 英雄; 邻居; 陌生人
zh,person,anger,random,centroid_phrases,neutral_centroid,bielik_1_5b_v3,mmlw_roberta_large,10,8,0.6666666666666666,0.8,-0.6250783699059563,5.375,伴侣; 客人; 朋友; 父母; 老师; 英雄; 邻居; 陌生人
zh,person,anger,random,centroid_phrases,neutral_centroid,bielik_1_5b_v3,qwen3_embedding_8b,10,7,0.5384615384615384,0.7,-0.22121212121212122,2.7142857142857144,客人; 朋友; 父母; 老师; 英雄; 陌生人; 音乐家
zh,person,anger,random,centroid_phrases,neutral_centroid,gemini,mmlw_roberta_large,10,10,1.0,1.0,0.12727272727272726,3.2,伴侣; 医生; 孩子; 客人; 朋友; 父母; 老师; 英雄; 邻居; 陌生人
zh,person,anger,random,centroid_phrases,neutral_centroid,gemini,qwen3_embedding_8b,10,8,0.6666666666666666,0.8,0.5410658307210031,2.0,医生; 孩子; 客人; 朋友; 父母; 老师; 英雄; 陌生人
zh,person,anger,random,centroid_phrases,neutral_centroid,mmlw_roberta_large,qwen3_embedding_8b,10,8,0.6666666666666666,0.8,0.20250783699059563,3.25,医生; 孩子; 客人; 朋友; 父母; 老师; 英雄; 陌生人
zh,person,anger,random,single_word,neutral_centroid,bielik_1_5b_v3,gemini,10,8,0.6666666666666666,0.8,-0.05329153605015677,3.125,伴侣; 客人; 朋友; 父母; 老师; 英雄; 邻居; 陌生人
zh,person,anger,random,single_word,neutral_centroid,bielik_1_5b_v3,mmlw_roberta_large,10,8,0.6666666666666666,0.8,-0.6250783699059563,5.375,伴侣; 客人; 朋友; 父母; 老师; 英雄; 邻居; 陌生人
zh,person,anger,random,single_word,neutral_centroid,bielik_1_5b_v3,qwen3_embedding_8b,10,7,0.5384615384615384,0.7,-0.22121212121212122,2.7142857142857144,客人; 朋友; 父母; 老师; 英雄; 陌生人; 音乐家
zh,person,anger,random,single_word,neutral_centroid,gemini,mmlw_roberta_large,10,10,1.0,1.0,0.12727272727272726,3.2,伴侣; 医生; 孩子; 客人; 朋友; 父母; 老师; 英雄; 邻居; 陌生人
zh,person,anger,random,single_word,neutral_centroid,gemini,qwen3_embedding_8b,10,8,0.6666666666666666,0.8,0.5410658307210031,2.0,医生; 孩子; 客人; 朋友; 父母; 老师; 英雄; 陌生人
zh,person,anger,random,single_word,neutral_centroid,mmlw_roberta_large,qwen3_embedding_8b,10,8,0.6666666666666666,0.8,0.20250783699059563,3.25,医生; 孩子; 客人; 朋友; 父母; 老师; 英雄; 陌生人
zh,person,anger,shuffled_emotion,centroid_phrases,neutral_centroid,bielik_1_5b_v3,gemini,10,3,0.17647058823529413,0.3,-0.4875000000000001,3.6666666666666665,客人; 邻居; 陌生人
zh,person,anger,shuffled_emotion,centroid_phrases,neutral_centroid,bielik_1_5b_v3,mmlw_roberta_large,10,4,0.25,0.4,-0.42902711323763953,4.5,伴侣; 客人; 邻居; 陌生人
zh,person,anger,shuffled_emotion,centroid_phrases,neutral_centroid,bielik_1_5b_v3,qwen3_embedding_8b,10,2,0.1111111111111111,0.2,-0.18002560819462224,1.0,客人; 陌生人
zh,person,anger,shuffled_emotion,centroid_phrases,neutral_centroid,gemini,mmlw_roberta_large,10,5,0.3333333333333333,0.5,-0.39636363636363636,2.8,孩子; 客人; 朋友; 邻居; 陌生人
zh,person,anger,shuffled_emotion,centroid_phrases,neutral_centroid,gemini,qwen3_embedding_8b,10,7,0.5384615384615384,0.7,0.4813131313131314,2.857142857142857,孤独的学生; 孩子; 客人; 悲伤的寡妇; 悲痛的父亲; 朋友; 陌生人
zh,person,anger,shuffled_emotion,centroid_phrases,neutral_centroid,mmlw_roberta_large,qwen3_embedding_8b,10,6,0.42857142857142855,0.6,-0.39112050739957716,3.8333333333333335,孩子; 客人; 朋友; 老师; 英雄; 陌生人
zh,person,anger,shuffled_emotion,single_word,neutral_centroid,bielik_1_5b_v3,gemini,10,4,0.25,0.4,-0.19425837320574163,4.0,客人; 悲痛的父亲; 邻居; 陌生人
zh,person,anger,shuffled_emotion,single_word,neutral_centroid,bielik_1_5b_v3,mmlw_roberta_large,10,7,0.5384615384615384,0.7,-0.4575757575757576,4.142857142857143,伴侣; 医生; 客人; 父母; 英雄; 邻居; 陌生人
zh,person,anger,shuffled_emotion,single_word,neutral_centroid,bielik_1_5b_v3,qwen3_embedding_8b,10,4,0.25,0.4,-0.3524720893141946,4.5,客人; 悲痛的父亲; 英雄; 陌生人
zh,person,anger,shuffled_emotion,single_word,neutral_centroid,gemini,mmlw_roberta_large,10,6,0.42857142857142855,0.6,-0.5509513742071881,3.8333333333333335,孩子; 客人; 朋友; 老师; 邻居; 陌生人
zh,person,anger,shuffled_emotion,single_word,neutral_centroid,gemini,qwen3_embedding_8b,10,8,0.6666666666666666,0.8,0.5260188087774296,1.75,孤独的学生; 孩子; 客人; 悲伤的寡妇; 悲痛的父亲; 朋友; 老师; 陌生人
zh,person,anger,shuffled_emotion,single_word,neutral_centroid,mmlw_roberta_large,qwen3_embedding_8b,10,6,0.42857142857142855,0.6,-0.3970401691331923,3.6666666666666665,孩子; 客人; 朋友; 老师; 英雄; 陌生人
zh,person,disgust,emotion,centroid_phrases,neutral_centroid,bielik_1_5b_v3,gemini,10,4,0.25,0.4,-0.41881977671451354,6.25,令人厌恶的恶霸; 客人; 烦人的乘客; 陌生人
zh,person,disgust,emotion,centroid_phrases,neutral_centroid,bielik_1_5b_v3,mmlw_roberta_large,10,3,0.17647058823529413,0.3,-0.47784090909090915,6.0,伴侣; 客人; 陌生人
zh,person,disgust,emotion,centroid_phrases,neutral_centroid,bielik_1_5b_v3,qwen3_embedding_8b,10,5,0.3333333333333333,0.5,-0.05272727272727272,3.0,令人厌恶的恶霸; 客人; 烦人的乘客; 运动员; 陌生人
zh,person,disgust,emotion,centroid_phrases,neutral_centroid,gemini,mmlw_roberta_large,10,4,0.25,0.4,-0.6995215311004784,2.5,孩子; 客人; 邻居; 陌生人
zh,person,disgust,emotion,centroid_phrases,neutral_centroid,gemini,qwen3_embedding_8b,10,6,0.42857142857142855,0.6,0.32515856236786467,2.1666666666666665,令人厌恶的恶霸; 孩子; 客人; 愤怒的顾客; 烦人的乘客; 陌生人
zh,person,disgust,emotion,centroid_phrases,neutral_centroid,mmlw_roberta_large,qwen3_embedding_8b,10,6,0.42857142857142855,0.6,-0.41479915433403813,3.8333333333333335,孩子; 客人; 朋友; 老师; 英雄; 陌生人
zh,person,disgust,emotion,single_word,neutral_centroid,bielik_1_5b_v3,gemini,10,4,0.25,0.4,-0.4596491228070175,5.5,令人厌恶的恶霸; 烦人的乘客; 邻居; 陌生人
zh,person,disgust,emotion,single_word,neutral_centroid,bielik_1_5b_v3,mmlw_roberta_large,10,6,0.42857142857142855,0.6,-0.4088794926004228,3.8333333333333335,伴侣; 医生; 客人; 英雄; 邻居; 陌生人
zh,person,disgust,emotion,single_word,neutral_centroid,bielik_1_5b_v3,qwen3_embedding_8b,10,5,0.3333333333333333,0.5,-0.47818181818181793,4.2,令人厌恶的恶霸; 客人; 烦人的乘客; 英雄; 陌生人
zh,person,disgust,emotion,single_word,neutral_centroid,gemini,mmlw_roberta_large,10,3,0.17647058823529413,0.3,-0.6227272727272725,3.0,孩子; 邻居; 陌生人
zh,person,disgust,emotion,single_word,neutral_centroid,gemini,qwen3_embedding_8b,10,6,0.42857142857142855,0.6,0.10613107822410146,3.0,令人厌恶的恶霸; 嫉妒的对手; 孩子; 愤怒的顾客; 烦人的乘客; 陌生人
zh,person,disgust,emotion,single_word,neutral_centroid,mmlw_roberta_large,qwen3_embedding_8b,10,6,0.42857142857142855,0.6,-0.34968287526427067,3.0,孩子; 客人; 朋友; 老师; 英雄; 陌生人
zh,person,disgust,identity,centroid_phrases,neutral_centroid,bielik_1_5b_v3,gemini,10,7,0.5384615384615384,0.7,0.04141414141414141,2.2857142857142856,伴侣; 客人; 父母; 老师; 英雄; 邻居; 陌生人
zh,person,disgust,identity,centroid_phrases,neutral_centroid,bielik_1_5b_v3,mmlw_roberta_large,10,8,0.6666666666666666,0.8,-0.6927899686520377,4.75,伴侣; 医生; 客人; 父母; 老师; 英雄; 邻居; 陌生人
zh,person,disgust,identity,centroid_phrases,neutral_centroid,bielik_1_5b_v3,qwen3_embedding_8b,10,7,0.5384615384615384,0.7,-0.23434343434343435,2.7142857142857144,伴侣; 医生; 客人; 父母; 老师; 英雄; 陌生人
zh,person,disgust,identity,centroid_phrases,neutral_centroid,gemini,mmlw_roberta_large,10,9,0.8181818181818182,0.9,0.21818181818181823,2.6666666666666665,伴侣; 孩子; 客人; 朋友; 父母; 老师; 英雄; 邻居; 陌生人
zh,person,disgust,identity,centroid_phrases,neutral_centroid,gemini,qwen3_embedding_8b,10,8,0.6666666666666666,0.8,0.541065830721003,2.125,伴侣; 孩子; 客人; 朋友; 父母; 老师; 英雄; 陌生人
zh,person,disgust,identity,centroid_phrases,neutral_centroid,mmlw_roberta_large,qwen3_embedding_8b,10,9,0.8181818181818182,0.9,0.20000000000000004,3.0,伴侣; 医生; 孩子; 客人; 朋友; 父母; 老师; 英雄; 陌生人
zh,person,disgust,identity,single_word,neutral_centroid,bielik_1_5b_v3,gemini,10,7,0.5384615384615384,0.7,0.04141414141414141,2.2857142857142856,伴侣; 客人; 父母; 老师; 英雄; 邻居; 陌生人
zh,person,disgust,identity,single_word,neutral_centroid,bielik_1_5b_v3,mmlw_roberta_large,10,8,0.6666666666666666,0.8,-0.6927899686520377,4.75,伴侣; 医生; 客人; 父母; 老师; 英雄; 邻居; 陌生人
zh,person,disgust,identity,single_word,neutral_centroid,bielik_1_5b_v3,qwen3_embedding_8b,10,7,0.5384615384615384,0.7,-0.23434343434343435,2.7142857142857144,伴侣; 医生; 客人; 父母; 老师; 英雄; 陌生人
zh,person,disgust,identity,single_word,neutral_centroid,gemini,mmlw_roberta_large,10,9,0.8181818181818182,0.9,0.21818181818181823,2.6666666666666665,伴侣; 孩子; 客人; 朋友; 父母; 老师; 英雄; 邻居; 陌生人
zh,person,disgust,identity,single_word,neutral_centroid,gemini,qwen3_embedding_8b,10,8,0.6666666666666666,0.8,0.541065830721003,2.125,伴侣; 孩子; 客人; 朋友; 父母; 老师; 英雄; 陌生人
zh,person,disgust,identity,single_word,neutral_centroid,mmlw_roberta_large,qwen3_embedding_8b,10,9,0.8181818181818182,0.9,0.20000000000000004,3.0,伴侣; 医生; 孩子; 客人; 朋友; 父母; 老师; 英雄; 陌生人
zh,person,disgust,random,centroid_phrases,neutral_centroid,bielik_1_5b_v3,gemini,10,7,0.5384615384615384,0.7,0.24494949494949494,2.0,伴侣; 医生; 客人; 英雄; 邻居; 陌生人; 音乐家
zh,person,disgust,random,centroid_phrases,neutral_centroid,bielik_1_5b_v3,mmlw_roberta_large,10,8,0.6666666666666666,0.8,-0.36927899686520393,3.5,伴侣; 医生; 客人; 父母; 老师; 英雄; 邻居; 陌生人
zh,person,disgust,random,centroid_phrases,neutral_centroid,bielik_1_5b_v3,qwen3_embedding_8b,10,7,0.5384615384615384,0.7,-0.2212121212121212,3.2857142857142856,伴侣; 医生; 客人; 父母; 老师; 英雄; 陌生人
zh,person,disgust,random,centroid_phrases,neutral_centroid,gemini,mmlw_roberta_large,10,8,0.6666666666666666,0.8,0.07460815047021944,2.75,伴侣; 医生; 孩子; 客人; 朋友; 英雄; 邻居; 陌生人
zh,person,disgust,random,centroid_phrases,neutral_centroid,gemini,qwen3_embedding_8b,10,7,0.5384615384615384,0.7,0.363131313131313,2.4285714285714284,伴侣; 医生; 孩子; 客人; 朋友; 英雄; 陌生人
zh,person,disgust,random,centroid_phrases,neutral_centroid,mmlw_roberta_large,qwen3_embedding_8b,10,9,0.8181818181818182,0.9,0.11818181818181818,3.2222222222222223,伴侣; 医生; 孩子; 客人; 朋友; 父母; 老师; 英雄; 陌生人
zh,person,disgust,random,single_word,neutral_centroid,bielik_1_5b_v3,gemini,10,7,0.5384615384615384,0.7,0.24494949494949494,2.0,伴侣; 医生; 客人; 英雄; 邻居; 陌生人; 音乐家
zh,person,disgust,random,single_word,neutral_centroid,bielik_1_5b_v3,mmlw_roberta_large,10,8,0.6666666666666666,0.8,-0.36927899686520393,3.5,伴侣; 医生; 客人; 父母; 老师; 英雄; 邻居; 陌生人
zh,person,disgust,random,single_word,neutral_centroid,bielik_1_5b_v3,qwen3_embedding_8b,10,7,0.5384615384615384,0.7,-0.2212121212121212,3.2857142857142856,伴侣; 医生; 客人; 父母; 老师; 英雄; 陌生人
zh,person,disgust,random,single_word,neutral_centroid,gemini,mmlw_roberta_large,10,8,0.6666666666666666,0.8,0.07460815047021944,2.75,伴侣; 医生; 孩子; 客人; 朋友; 英雄; 邻居; 陌生人
zh,person,disgust,random,single_word,neutral_centroid,gemini,qwen3_embedding_8b,10,7,0.5384615384615384,0.7,0.363131313131313,2.4285714285714284,伴侣; 医生; 孩子; 客人; 朋友; 英雄; 陌生人
zh,person,disgust,random,single_word,neutral_centroid,mmlw_roberta_large,qwen3_embedding_8b,10,9,0.8181818181818182,0.9,0.11818181818181818,3.2222222222222223,伴侣; 医生; 孩子; 客人; 朋友; 父母; 老师; 英雄; 陌生人
zh,person,disgust,shuffled_emotion,centroid_phrases,neutral_centroid,bielik_1_5b_v3,gemini,10,5,0.3333333333333333,0.5,-0.3199999999999999,4.6,喜剧演员; 客人; 快乐的新娘; 运动员; 陌生人
zh,person,disgust,shuffled_emotion,centroid_phrases,neutral_centroid,bielik_1_5b_v3,mmlw_roberta_large,10,3,0.17647058823529413,0.3,-0.47784090909090904,6.0,伴侣; 客人; 陌生人
zh,person,disgust,shuffled_emotion,centroid_phrases,neutral_centroid,bielik_1_5b_v3,qwen3_embedding_8b,10,4,0.25,0.4,-0.2044657097288676,1.75,客人; 运动员; 陌生人; 音乐家
zh,person,disgust,shuffled_emotion,centroid_phrases,neutral_centroid,gemini,mmlw_roberta_large,10,6,0.42857142857142855,0.6,-0.3733615221987315,3.3333333333333335,医生; 孩子; 客人; 朋友; 邻居; 陌生人
zh,person,disgust,shuffled_emotion,centroid_phrases,neutral_centroid,gemini,qwen3_embedding_8b,10,6,0.42857142857142855,0.6,0.15348837209302324,2.6666666666666665,兴奋的粉丝; 孩子; 客人; 朋友; 运动员; 陌生人
zh,person,disgust,shuffled_emotion,centroid_phrases,neutral_centroid,mmlw_roberta_large,qwen3_embedding_8b,10,6,0.42857142857142855,0.6,0.11797040169133188,2.6666666666666665,孩子; 客人; 朋友; 老师; 英雄; 陌生人
zh,person,disgust,shuffled_emotion,single_word,neutral_centroid,bielik_1_5b_v3,gemini,10,5,0.3333333333333333,0.5,-0.35818181818181805,3.6,可信赖的同事; 客人; 快乐的新娘; 邻居; 陌生人
zh,person,disgust,shuffled_emotion,single_word,neutral_centroid,bielik_1_5b_v3,mmlw_roberta_large,10,6,0.42857142857142855,0.6,-0.5391120507399576,4.166666666666667,伴侣; 医生; 客人; 英雄; 邻居; 陌生人
zh,person,disgust,shuffled_emotion,single_word,neutral_centroid,bielik_1_5b_v3,qwen3_embedding_8b,10,5,0.3333333333333333,0.5,-0.21090909090909082,3.6,客人; 快乐的新娘; 英雄; 陌生人; 音乐家
zh,person,disgust,shuffled_emotion,single_word,neutral_centroid,gemini,mmlw_roberta_large,10,6,0.42857142857142855,0.6,0.03509513742071881,1.8333333333333333,孩子; 客人; 朋友; 老师; 邻居; 陌生人
zh,person,disgust,shuffled_emotion,single_word,neutral_centroid,gemini,qwen3_embedding_8b,10,8,0.6666666666666666,0.8,0.27774294670846406,2.625,兴奋的粉丝; 孩子; 客人; 快乐的新娘; 朋友; 老师; 运动员; 陌生人
zh,person,disgust,shuffled_emotion,single_word,neutral_centroid,mmlw_roberta_large,qwen3_embedding_8b,10,6,0.42857142857142855,0.6,0.023255813953488365,3.6666666666666665,孩子; 客人; 朋友; 老师; 英雄; 陌生人
zh,person,joy,emotion,centroid_phrases,neutral_centroid,bielik_1_5b_v3,gemini,10,5,0.3333333333333333,0.5,-0.3199999999999999,4.6,喜剧演员; 客人; 快乐的新娘; 运动员; 陌生人
zh,person,joy,emotion,centroid_phrases,neutral_centroid,bielik_1_5b_v3,mmlw_roberta_large,10,3,0.17647058823529413,0.3,-0.47784090909090904,6.0,伴侣; 客人; 陌生人
zh,person,joy,emotion,centroid_phrases,neutral_centroid,bielik_1_5b_v3,qwen3_embedding_8b,10,4,0.25,0.4,-0.2044657097288676,1.75,客人; 运动员; 陌生人; 音乐家
zh,person,joy,emotion,centroid_phrases,neutral_centroid,gemini,mmlw_roberta_large,10,6,0.42857142857142855,0.6,-0.3733615221987315,3.3333333333333335,医生; 孩子; 客人; 朋友; 邻居; 陌生人
zh,person,joy,emotion,centroid_phrases,neutral_centroid,gemini,qwen3_embedding_8b,10,6,0.42857142857142855,0.6,0.15348837209302324,2.6666666666666665,兴奋的粉丝; 孩子; 客人; 朋友; 运动员; 陌生人
zh,person,joy,emotion,centroid_phrases,neutral_centroid,mmlw_roberta_large,qwen3_embedding_8b,10,6,0.42857142857142855,0.6,0.11797040169133188,2.6666666666666665,孩子; 客人; 朋友; 老师; 英雄; 陌生人
zh,person,joy,emotion,single_word,neutral_centroid,bielik_1_5b_v3,gemini,10,5,0.3333333333333333,0.5,-0.35818181818181805,3.6,可信赖的同事; 客人; 快乐的新娘; 邻居; 陌生人
zh,person,joy,emotion,single_word,neutral_centroid,bielik_1_5b_v3,mmlw_roberta_large,10,6,0.42857142857142855,0.6,-0.5391120507399576,4.166666666666667,伴侣; 医生; 客人; 英雄; 邻居; 陌生人
zh,person,joy,emotion,single_word,neutral_centroid,bielik_1_5b_v3,qwen3_embedding_8b,10,5,0.3333333333333333,0.5,-0.21090909090909082,3.6,客人; 快乐的新娘; 英雄; 陌生人; 音乐家
zh,person,joy,emotion,single_word,neutral_centroid,gemini,mmlw_roberta_large,10,6,0.42857142857142855,0.6,0.03509513742071881,1.8333333333333333,孩子; 客人; 朋友; 老师; 邻居; 陌生人
zh,person,joy,emotion,single_word,neutral_centroid,gemini,qwen3_embedding_8b,10,8,0.6666666666666666,0.8,0.27774294670846406,2.625,兴奋的粉丝; 孩子; 客人; 快乐的新娘; 朋友; 老师; 运动员; 陌生人
zh,person,joy,emotion,single_word,neutral_centroid,mmlw_roberta_large,qwen3_embedding_8b,10,6,0.42857142857142855,0.6,0.023255813953488365,3.6666666666666665,孩子; 客人; 朋友; 老师; 英雄; 陌生人
zh,person,joy,identity,centroid_phrases,neutral_centroid,bielik_1_5b_v3,gemini,10,7,0.5384615384615384,0.7,0.04141414141414141,2.2857142857142856,伴侣; 客人; 父母; 老师; 英雄; 邻居; 陌生人
zh,person,joy,identity,centroid_phrases,neutral_centroid,bielik_1_5b_v3,mmlw_roberta_large,10,8,0.6666666666666666,0.8,-0.6927899686520377,4.75,伴侣; 医生; 客人; 父母; 老师; 英雄; 邻居; 陌生人
zh,person,joy,identity,centroid_phrases,neutral_centroid,bielik_1_5b_v3,qwen3_embedding_8b,10,7,0.5384615384615384,0.7,-0.23434343434343435,2.7142857142857144,伴侣; 医生; 客人; 父母; 老师; 英雄; 陌生人
zh,person,joy,identity,centroid_phrases,neutral_centroid,gemini,mmlw_roberta_large,10,9,0.8181818181818182,0.9,0.21818181818181823,2.6666666666666665,伴侣; 孩子; 客人; 朋友; 父母; 老师; 英雄; 邻居; 陌生人
zh,person,joy,identity,centroid_phrases,neutral_centroid,gemini,qwen3_embedding_8b,10,8,0.6666666666666666,0.8,0.541065830721003,2.125,伴侣; 孩子; 客人; 朋友; 父母; 老师; 英雄; 陌生人
zh,person,joy,identity,centroid_phrases,neutral_centroid,mmlw_roberta_large,qwen3_embedding_8b,10,9,0.8181818181818182,0.9,0.20000000000000004,3.0,伴侣; 医生; 孩子; 客人; 朋友; 父母; 老师; 英雄; 陌生人
zh,person,joy,identity,single_word,neutral_centroid,bielik_1_5b_v3,gemini,10,7,0.5384615384615384,0.7,0.04141414141414141,2.2857142857142856,伴侣; 客人; 父母; 老师; 英雄; 邻居; 陌生人
zh,person,joy,identity,single_word,neutral_centroid,bielik_1_5b_v3,mmlw_roberta_large,10,8,0.6666666666666666,0.8,-0.6927899686520377,4.75,伴侣; 医生; 客人; 父母; 老师; 英雄; 邻居; 陌生人
zh,person,joy,identity,single_word,neutral_centroid,bielik_1_5b_v3,qwen3_embedding_8b,10,7,0.5384615384615384,0.7,-0.23434343434343435,2.7142857142857144,伴侣; 医生; 客人; 父母; 老师; 英雄; 陌生人
zh,person,joy,identity,single_word,neutral_centroid,gemini,mmlw_roberta_large,10,9,0.8181818181818182,0.9,0.21818181818181823,2.6666666666666665,伴侣; 孩子; 客人; 朋友; 父母; 老师; 英雄; 邻居; 陌生人
zh,person,joy,identity,single_word,neutral_centroid,gemini,qwen3_embedding_8b,10,8,0.6666666666666666,0.8,0.541065830721003,2.125,伴侣; 孩子; 客人; 朋友; 父母; 老师; 英雄; 陌生人
zh,person,joy,identity,single_word,neutral_centroid,mmlw_roberta_large,qwen3_embedding_8b,10,9,0.8181818181818182,0.9,0.20000000000000004,3.0,伴侣; 医生; 孩子; 客人; 朋友; 父母; 老师; 英雄; 陌生人
zh,person,joy,random,centroid_phrases,neutral_centroid,bielik_1_5b_v3,gemini,10,5,0.3333333333333333,0.5,0.27454545454545454,1.8,伴侣; 客人; 老师; 邻居; 陌生人
zh,person,joy,random,centroid_phrases,neutral_centroid,bielik_1_5b_v3,mmlw_roberta_large,10,8,0.6666666666666666,0.8,-0.48213166144200637,4.625,伴侣; 医生; 客人; 父母; 老师; 英雄; 邻居; 陌生人
zh,person,joy,random,centroid_phrases,neutral_centroid,bielik_1_5b_v3,qwen3_embedding_8b,10,7,0.5384615384615384,0.7,-0.1161616161616162,1.1428571428571428,医生; 客人; 父母; 老师; 英雄; 陌生人; 音乐家
zh,person,joy,random,centroid_phrases,neutral_centroid,gemini,mmlw_roberta_large,10,7,0.5384615384615384,0.7,0.20555555555555552,3.2857142857142856,伴侣; 孩子; 客人; 朋友; 老师; 邻居; 陌生人
zh,person,joy,random,centroid_phrases,neutral_centroid,gemini,qwen3_embedding_8b,10,6,0.42857142857142855,0.6,0.5737843551797039,1.6666666666666667,孩子; 客人; 朋友; 老师; 运动员; 陌生人
zh,person,joy,random,centroid_phrases,neutral_centroid,mmlw_roberta_large,qwen3_embedding_8b,10,8,0.6666666666666666,0.8,0.19498432601880883,3.75,医生; 孩子; 客人; 朋友; 父母; 老师; 英雄; 陌生人
zh,person,joy,random,single_word,neutral_centroid,bielik_1_5b_v3,gemini,10,5,0.3333333333333333,0.5,0.27454545454545454,1.8,伴侣; 客人; 老师; 邻居; 陌生人
zh,person,joy,random,single_word,neutral_centroid,bielik_1_5b_v3,mmlw_roberta_large,10,8,0.6666666666666666,0.8,-0.48213166144200637,4.625,伴侣; 医生; 客人; 父母; 老师; 英雄; 邻居; 陌生人
zh,person,joy,random,single_word,neutral_centroid,bielik_1_5b_v3,qwen3_embedding_8b,10,7,0.5384615384615384,0.7,-0.1161616161616162,1.1428571428571428,医生; 客人; 父母; 老师; 英雄; 陌生人; 音乐家
zh,person,joy,random,single_word,neutral_centroid,gemini,mmlw_roberta_large,10,7,0.5384615384615384,0.7,0.20555555555555552,3.2857142857142856,伴侣; 孩子; 客人; 朋友; 老师; 邻居; 陌生人
zh,person,joy,random,single_word,neutral_centroid,gemini,qwen3_embedding_8b,10,6,0.42857142857142855,0.6,0.5737843551797039,1.6666666666666667,孩子; 客人; 朋友; 老师; 运动员; 陌生人
zh,person,joy,random,single_word,neutral_centroid,mmlw_roberta_large,qwen3_embedding_8b,10,8,0.6666666666666666,0.8,0.19498432601880883,3.75,医生; 孩子; 客人; 朋友; 父母; 老师; 英雄; 陌生人
zh,person,joy,shuffled_emotion,centroid_phrases,neutral_centroid,bielik_1_5b_v3,gemini,10,3,0.17647058823529413,0.3,-0.11079545454545452,3.3333333333333335,愤怒的顾客; 烦人的乘客; 陌生人
zh,person,joy,shuffled_emotion,centroid_phrases,neutral_centroid,bielik_1_5b_v3,mmlw_roberta_large,10,3,0.17647058823529413,0.3,-0.47784090909090915,6.0,伴侣; 客人; 陌生人
zh,person,joy,shuffled_emotion,centroid_phrases,neutral_centroid,bielik_1_5b_v3,qwen3_embedding_8b,10,4,0.25,0.4,0.27527910685805423,2.75,客人; 愤怒的顾客; 烦人的乘客; 陌生人
zh,person,joy,shuffled_emotion,centroid_phrases,neutral_centroid,gemini,mmlw_roberta_large,10,3,0.17647058823529413,0.3,-0.4198863636363636,3.6666666666666665,孩子; 朋友; 陌生人
zh,person,joy,shuffled_emotion,centroid_phrases,neutral_centroid,gemini,qwen3_embedding_8b,10,7,0.5384615384615384,0.7,0.19242424242424241,2.4285714285714284,令人厌恶的恶霸; 嫉妒的对手; 孩子; 愤怒的顾客; 朋友; 烦人的乘客; 陌生人
zh,person,joy,shuffled_emotion,centroid_phrases,neutral_centroid,mmlw_roberta_large,qwen3_embedding_8b,10,5,0.3333333333333333,0.5,-0.09636363636363633,3.2,孩子; 客人; 朋友; 老师; 陌生人
zh,person,joy,shuffled_emotion,single_word,neutral_centroid,bielik_1_5b_v3,gemini,10,3,0.17647058823529413,0.3,-0.38125,5.333333333333333,愤怒的顾客; 烦人的乘客; 陌生人
zh,person,joy,shuffled_emotion,single_word,neutral_centroid,bielik_1_5b_v3,mmlw_roberta_large,10,7,0.5384615384615384,0.7,-0.2803030303030303,4.428571428571429,伴侣; 客人; 朋友; 父母; 英雄; 邻居; 陌生人
zh,person,joy,shuffled_emotion,single_word,neutral_centroid,bielik_1_5b_v3,qwen3_embedding_8b,10,6,0.42857142857142855,0.6,-0.1543340380549683,3.8333333333333335,客人; 愤怒的顾客; 朋友; 烦人的乘客; 英雄; 陌生人
zh,person,joy,shuffled_emotion,single_word,neutral_centroid,gemini,mmlw_roberta_large,10,2,0.1111111111111111,0.2,-0.5165172855313698,3.0,孩子; 陌生人
zh,person,joy,shuffled_emotion,single_word,neutral_centroid,gemini,qwen3_embedding_8b,10,6,0.42857142857142855,0.6,-0.1543340380549683,2.6666666666666665,嫉妒的对手; 孩子; 愤怒的顾客; 烦人的乘客; 运动员; 陌生人
zh,person,joy,shuffled_emotion,single_word,neutral_centroid,mmlw_roberta_large,qwen3_embedding_8b,10,6,0.42857142857142855,0.6,-0.11289640591966171,3.6666666666666665,孩子; 客人; 朋友; 老师; 英雄; 陌生人
zh,person,sadness,emotion,centroid_phrases,neutral_centroid,bielik_1_5b_v3,gemini,10,3,0.17647058823529413,0.3,-0.4875000000000001,3.6666666666666665,客人; 邻居; 陌生人
zh,person,sadness,emotion,centroid_phrases,neutral_centroid,bielik_1_5b_v3,mmlw_roberta_large,10,4,0.25,0.4,-0.42902711323763953,4.5,伴侣; 客人; 邻居; 陌生人
zh,person,sadness,emotion,centroid_phrases,neutral_centroid,bielik_1_5b_v3,qwen3_embedding_8b,10,2,0.1111111111111111,0.2,-0.18002560819462224,1.0,客人; 陌生人
zh,person,sadness,emotion,centroid_phrases,neutral_centroid,gemini,mmlw_roberta_large,10,5,0.3333333333333333,0.5,-0.39636363636363636,2.8,孩子; 客人; 朋友; 邻居; 陌生人
zh,person,sadness,emotion,centroid_phrases,neutral_centroid,gemini,qwen3_embedding_8b,10,7,0.5384615384615384,0.7,0.4813131313131314,2.857142857142857,孤独的学生; 孩子; 客人; 悲伤的寡妇; 悲痛的父亲; 朋友; 陌生人
zh,person,sadness,emotion,centroid_phrases,neutral_centroid,mmlw_roberta_large,qwen3_embedding_8b,10,6,0.42857142857142855,0.6,-0.39112050739957716,3.8333333333333335,孩子; 客人; 朋友; 老师; 英雄; 陌生人
zh,person,sadness,emotion,single_word,neutral_centroid,bielik_1_5b_v3,gemini,10,4,0.25,0.4,-0.19425837320574163,4.0,客人; 悲痛的父亲; 邻居; 陌生人
zh,person,sadness,emotion,single_word,neutral_centroid,bielik_1_5b_v3,mmlw_roberta_large,10,7,0.5384615384615384,0.7,-0.4575757575757576,4.142857142857143,伴侣; 医生; 客人; 父母; 英雄; 邻居; 陌生人
zh,person,sadness,emotion,single_word,neutral_centroid,bielik_1_5b_v3,qwen3_embedding_8b,10,4,0.25,0.4,-0.3524720893141946,4.5,客人; 悲痛的父亲; 英雄; 陌生人
zh,person,sadness,emotion,single_word,neutral_centroid,gemini,mmlw_roberta_large,10,6,0.42857142857142855,0.6,-0.5509513742071881,3.8333333333333335,孩子; 客人; 朋友; 老师; 邻居; 陌生人
zh,person,sadness,emotion,single_word,neutral_centroid,gemini,qwen3_embedding_8b,10,8,0.6666666666666666,0.8,0.5260188087774296,1.75,孤独的学生; 孩子; 客人; 悲伤的寡妇; 悲痛的父亲; 朋友; 老师; 陌生人
zh,person,sadness,emotion,single_word,neutral_centroid,mmlw_roberta_large,qwen3_embedding_8b,10,6,0.42857142857142855,0.6,-0.3970401691331923,3.6666666666666665,孩子; 客人; 朋友; 老师; 英雄; 陌生人
zh,person,sadness,identity,centroid_phrases,neutral_centroid,bielik_1_5b_v3,gemini,10,7,0.5384615384615384,0.7,0.04141414141414141,2.2857142857142856,伴侣; 客人; 父母; 老师; 英雄; 邻居; 陌生人
zh,person,sadness,identity,centroid_phrases,neutral_centroid,bielik_1_5b_v3,mmlw_roberta_large,10,8,0.6666666666666666,0.8,-0.6927899686520377,4.75,伴侣; 医生; 客人; 父母; 老师; 英雄; 邻居; 陌生人
zh,person,sadness,identity,centroid_phrases,neutral_centroid,bielik_1_5b_v3,qwen3_embedding_8b,10,7,0.5384615384615384,0.7,-0.23434343434343435,2.7142857142857144,伴侣; 医生; 客人; 父母; 老师; 英雄; 陌生人
zh,person,sadness,identity,centroid_phrases,neutral_centroid,gemini,mmlw_roberta_large,10,9,0.8181818181818182,0.9,0.21818181818181823,2.6666666666666665,伴侣; 孩子; 客人; 朋友; 父母; 老师; 英雄; 邻居; 陌生人
zh,person,sadness,identity,centroid_phrases,neutral_centroid,gemini,qwen3_embedding_8b,10,8,0.6666666666666666,0.8,0.541065830721003,2.125,伴侣; 孩子; 客人; 朋友; 父母; 老师; 英雄; 陌生人
zh,person,sadness,identity,centroid_phrases,neutral_centroid,mmlw_roberta_large,qwen3_embedding_8b,10,9,0.8181818181818182,0.9,0.20000000000000004,3.0,伴侣; 医生; 孩子; 客人; 朋友; 父母; 老师; 英雄; 陌生人
zh,person,sadness,identity,single_word,neutral_centroid,bielik_1_5b_v3,gemini,10,7,0.5384615384615384,0.7,0.04141414141414141,2.2857142857142856,伴侣; 客人; 父母; 老师; 英雄; 邻居; 陌生人
zh,person,sadness,identity,single_word,neutral_centroid,bielik_1_5b_v3,mmlw_roberta_large,10,8,0.6666666666666666,0.8,-0.6927899686520377,4.75,伴侣; 医生; 客人; 父母; 老师; 英雄; 邻居; 陌生人
zh,person,sadness,identity,single_word,neutral_centroid,bielik_1_5b_v3,qwen3_embedding_8b,10,7,0.5384615384615384,0.7,-0.23434343434343435,2.7142857142857144,伴侣; 医生; 客人; 父母; 老师; 英雄; 陌生人
zh,person,sadness,identity,single_word,neutral_centroid,gemini,mmlw_roberta_large,10,9,0.8181818181818182,0.9,0.21818181818181823,2.6666666666666665,伴侣; 孩子; 客人; 朋友; 父母; 老师; 英雄; 邻居; 陌生人
zh,person,sadness,identity,single_word,neutral_centroid,gemini,qwen3_embedding_8b,10,8,0.6666666666666666,0.8,0.541065830721003,2.125,伴侣; 孩子; 客人; 朋友; 父母; 老师; 英雄; 陌生人
zh,person,sadness,identity,single_word,neutral_centroid,mmlw_roberta_large,qwen3_embedding_8b,10,9,0.8181818181818182,0.9,0.20000000000000004,3.0,伴侣; 医生; 孩子; 客人; 朋友; 父母; 老师; 英雄; 陌生人
zh,person,sadness,random,centroid_phrases,neutral_centroid,bielik_1_5b_v3,gemini,10,7,0.5384615384615384,0.7,0.002020202020202022,1.7142857142857142,伴侣; 客人; 父母; 老师; 英雄; 邻居; 陌生人
zh,person,sadness,random,centroid_phrases,neutral_centroid,bielik_1_5b_v3,mmlw_roberta_large,10,8,0.6666666666666666,0.8,-0.5799373040752351,4.25,伴侣; 医生; 客人; 父母; 老师; 英雄; 邻居; 陌生人
zh,person,sadness,random,centroid_phrases,neutral_centroid,bielik_1_5b_v3,qwen3_embedding_8b,10,7,0.5384615384615384,0.7,-0.1621212121212121,2.2857142857142856,医生; 客人; 父母; 老师; 英雄; 邻居; 陌生人
zh,person,sadness,random,centroid_phrases,neutral_centroid,gemini,mmlw_roberta_large,10,9,0.8181818181818182,0.9,0.23636363636363636,2.7777777777777777,伴侣; 孩子; 客人; 朋友; 父母; 老师; 英雄; 邻居; 陌生人
zh,person,sadness,random,centroid_phrases,neutral_centroid,gemini,qwen3_embedding_8b,10,8,0.6666666666666666,0.8,0.5109717868338559,2.75,孩子; 客人; 朋友; 父母; 老师; 英雄; 邻居; 陌生人
zh,person,sadness,random,centroid_phrases,neutral_centroid,mmlw_roberta_large,qwen3_embedding_8b,10,9,0.8181818181818182,0.9,0.1272727272727273,3.6666666666666665,医生; 孩子; 客人; 朋友; 父母; 老师; 英雄; 邻居; 陌生人
zh,person,sadness,random,single_word,neutral_centroid,bielik_1_5b_v3,gemini,10,7,0.5384615384615384,0.7,0.002020202020202022,1.7142857142857142,伴侣; 客人; 父母; 老师; 英雄; 邻居; 陌生人
zh,person,sadness,random,single_word,neutral_centroid,bielik_1_5b_v3,mmlw_roberta_large,10,8,0.6666666666666666,0.8,-0.5799373040752351,4.25,伴侣; 医生; 客人; 父母; 老师; 英雄; 邻居; 陌生人
zh,person,sadness,random,single_word,neutral_centroid,bielik_1_5b_v3,qwen3_embedding_8b,10,7,0.5384615384615384,0.7,-0.1621212121212121,2.2857142857142856,医生; 客人; 父母; 老师; 英雄; 邻居; 陌生人
zh,person,sadness,random,single_word,neutral_centroid,gemini,mmlw_roberta_large,10,9,0.8181818181818182,0.9,0.23636363636363636,2.7777777777777777,伴侣; 孩子; 客人; 朋友; 父母; 老师; 英雄; 邻居; 陌生人
zh,person,sadness,random,single_word,neutral_centroid,gemini,qwen3_embedding_8b,10,8,0.6666666666666666,0.8,0.5109717868338559,2.75,孩子; 客人; 朋友; 父母; 老师; 英雄; 邻居; 陌生人
zh,person,sadness,random,single_word,neutral_centroid,mmlw_roberta_large,qwen3_embedding_8b,10,9,0.8181818181818182,0.9,0.1272727272727273,3.6666666666666665,医生; 孩子; 客人; 朋友; 父母; 老师; 英雄; 邻居; 陌生人
zh,person,sadness,shuffled_emotion,centroid_phrases,neutral_centroid,bielik_1_5b_v3,gemini,10,4,0.25,0.4,-0.41881977671451354,6.25,令人厌恶的恶霸; 客人; 烦人的乘客; 陌生人
zh,person,sadness,shuffled_emotion,centroid_phrases,neutral_centroid,bielik_1_5b_v3,mmlw_roberta_large,10,3,0.17647058823529413,0.3,-0.47784090909090915,6.0,伴侣; 客人; 陌生人
zh,person,sadness,shuffled_emotion,centroid_phrases,neutral_centroid,bielik_1_5b_v3,qwen3_embedding_8b,10,5,0.3333333333333333,0.5,-0.05272727272727272,3.0,令人厌恶的恶霸; 客人; 烦人的乘客; 运动员; 陌生人
zh,person,sadness,shuffled_emotion,centroid_phrases,neutral_centroid,gemini,mmlw_roberta_large,10,4,0.25,0.4,-0.6995215311004784,2.5,孩子; 客人; 邻居; 陌生人
zh,person,sadness,shuffled_emotion,centroid_phrases,neutral_centroid,gemini,qwen3_embedding_8b,10,6,0.42857142857142855,0.6,0.32515856236786467,2.1666666666666665,令人厌恶的恶霸; 孩子; 客人; 愤怒的顾客; 烦人的乘客; 陌生人
zh,person,sadness,shuffled_emotion,centroid_phrases,neutral_centroid,mmlw_roberta_large,qwen3_embedding_8b,10,6,0.42857142857142855,0.6,-0.41479915433403813,3.8333333333333335,孩子; 客人; 朋友; 老师; 英雄; 陌生人
zh,person,sadness,shuffled_emotion,single_word,neutral_centroid,bielik_1_5b_v3,gemini,10,4,0.25,0.4,-0.4596491228070175,5.5,令人厌恶的恶霸; 烦人的乘客; 邻居; 陌生人
zh,person,sadness,shuffled_emotion,single_word,neutral_centroid,bielik_1_5b_v3,mmlw_roberta_large,10,6,0.42857142857142855,0.6,-0.4088794926004228,3.8333333333333335,伴侣; 医生; 客人; 英雄; 邻居; 陌生人
zh,person,sadness,shuffled_emotion,single_word,neutral_centroid,bielik_1_5b_v3,qwen3_embedding_8b,10,5,0.3333333333333333,0.5,-0.47818181818181793,4.2,令人厌恶的恶霸; 客人; 烦人的乘客; 英雄; 陌生人
zh,person,sadness,shuffled_emotion,single_word,neutral_centroid,gemini,mmlw_roberta_large,10,3,0.17647058823529413,0.3,-0.6227272727272725,3.0,孩子; 邻居; 陌生人
zh,person,sadness,shuffled_emotion,single_word,neutral_centroid,gemini,qwen3_embedding_8b,10,6,0.42857142857142855,0.6,0.10613107822410146,3.0,令人厌恶的恶霸; 嫉妒的对手; 孩子; 愤怒的顾客; 烦人的乘客; 陌生人
zh,person,sadness,shuffled_emotion,single_word,neutral_centroid,mmlw_roberta_large,qwen3_embedding_8b,10,6,0.42857142857142855,0.6,-0.34968287526427067,3.0,孩子; 客人; 朋友; 老师; 英雄; 陌生人
zh,place,anger,emotion,centroid_phrases,neutral_centroid,bielik_1_5b_v3,gemini,10,5,0.3333333333333333,0.5,-0.4454545454545454,2.4,厨房; 受污染的河流; 废弃建筑; 拥挤的公交站; 机场
zh,place,anger,emotion,centroid_phrases,neutral_centroid,bielik_1_5b_v3,mmlw_roberta_large,10,3,0.17647058823529413,0.3,-0.5744318181818182,4.0,厨房; 墓地; 机场
zh,place,anger,emotion,centroid_phrases,neutral_centroid,bielik_1_5b_v3,qwen3_embedding_8b,10,3,0.17647058823529413,0.3,-0.21704545454545449,4.0,受污染的河流; 墓地; 机场
zh,place,anger,emotion,centroid_phrases,neutral_centroid,gemini,mmlw_roberta_large,10,3,0.17647058823529413,0.3,-0.7048295454545456,3.6666666666666665,办公室; 厨房; 机场
zh,place,anger,emotion,centroid_phrases,neutral_centroid,gemini,qwen3_embedding_8b,10,3,0.17647058823529413,0.3,-0.31363636363636355,2.6666666666666665,受污染的河流; 机场; 牢房
zh,place,anger,emotion,centroid_phrases,neutral_centroid,mmlw_roberta_large,qwen3_embedding_8b,10,7,0.5384615384615384,0.7,0.14646464646464646,2.857142857142857,公园; 图书馆; 墓地; 学校; 家; 机场; 火车站
zh,place,anger,emotion,single_word,neutral_centroid,bielik_1_5b_v3,gemini,10,4,0.25,0.4,-0.41371610845295054,4.0,厨房; 受污染的河流; 机场; 牢房
zh,place,anger,emotion,single_word,neutral_centroid,bielik_1_5b_v3,mmlw_roberta_large,10,4,0.25,0.4,-0.5106858054226474,6.0,厨房; 墓地; 家; 机场
zh,place,anger,emotion,single_word,neutral_centroid,bielik_1_5b_v3,qwen3_embedding_8b,10,5,0.3333333333333333,0.5,-0.003636363636363607,3.6,墓地; 家; 机场; 牢房; 餐厅
zh,place,anger,emotion,single_word,neutral_centroid,gemini,mmlw_roberta_large,10,5,0.3333333333333333,0.5,-0.6527272727272727,3.4,公园; 办公室; 厨房; 机场; 火车站
zh,place,anger,emotion,single_word,neutral_centroid,gemini,qwen3_embedding_8b,10,5,0.3333333333333333,0.5,-0.45636363636363625,4.8,公园; 危险的街道; 机场; 火车站; 牢房
zh,place,anger,emotion,single_word,neutral_centroid,mmlw_roberta_large,qwen3_embedding_8b,10,7,0.5384615384615384,0.7,0.28434343434343434,2.142857142857143,公园; 图书馆; 墓地; 学校; 家; 机场; 火车站
zh,place,anger,identity,centroid_phrases,neutral_centroid,bielik_1_5b_v3,gemini,10,6,0.42857142857142855,0.6,-0.34968287526427055,4.333333333333333,厨房; 墓地; 家; 教堂; 机场; 餐厅
zh,place,anger,identity,centroid_phrases,neutral_centroid,bielik_1_5b_v3,mmlw_roberta_large,10,4,0.25,0.4,-0.41371610845295054,5.5,厨房; 墓地; 家; 机场
zh,place,anger,identity,centroid_phrases,neutral_centroid,bielik_1_5b_v3,qwen3_embedding_8b,10,4,0.25,0.4,-0.3524720893141946,5.0,墓地; 家; 机场; 餐厅
zh,place,anger,identity,centroid_phrases,neutral_centroid,gemini,mmlw_roberta_large,10,7,0.5384615384615384,0.7,0.33030303030303027,1.8571428571428572,办公室; 医院; 厨房; 墓地; 学校; 家; 机场
zh,place,anger,identity,centroid_phrases,neutral_centroid,gemini,qwen3_embedding_8b,10,7,0.5384615384615384,0.7,0.36969696969696964,3.0,办公室; 医院; 墓地; 学校; 家; 机场; 餐厅
zh,place,anger,identity,centroid_phrases,neutral_centroid,mmlw_roberta_large,qwen3_embedding_8b,10,9,0.8181818181818182,0.9,0.21818181818181823,2.888888888888889,公园; 办公室; 医院; 图书馆; 墓地; 学校; 家; 机场; 火车站
zh,place,anger,identity,single_word,neutral_centroid,bielik_1_5b_v3,gemini,10,6,0.42857142857142855,0.6,-0.34968287526427055,4.333333333333333,厨房; 墓地; 家; 教堂; 机场; 餐厅
zh,place,anger,identity,single_word,neutral_centroid,bielik_1_5b_v3,mmlw_roberta_large,10,4,0.25,0.4,-0.41371610845295054,5.5,厨房; 墓地; 家; 机场
zh,place,anger,identity,single_word,neutral_centroid,bielik_1_5b_v3,qwen3_embedding_8b,10,4,0.25,0.4,-0.3524720893141946,5.0,墓地; 家; 机场; 餐厅
zh,place,anger,identity,single_word,neutral_centroid,gemini,mmlw_roberta_large,10,7,0.5384615384615384,0.7,0.33030303030303027,1.8571428571428572,办公室; 医院; 厨房; 墓地; 学校; 家; 机场
zh,place,anger,identity,single_word,neutral_centroid,gemini,qwen3_embedding_8b,10,7,0.5384615384615384,0.7,0.36969696969696964,3.0,办公室; 医院; 墓地; 学校; 家; 机场; 餐厅
zh,place,anger,identity,single_word,neutral_centroid,mmlw_roberta_large,qwen3_embedding_8b,10,9,0.8181818181818182,0.9,0.21818181818181823,2.888888888888889,公园; 办公室; 医院; 图书馆; 墓地; 学校; 家; 机场; 火车站
zh,place,anger,random,centroid_phrases,neutral_centroid,bielik_1_5b_v3,gemini,10,4,0.25,0.4,-0.13811802232854864,2.5,厨房; 家; 机场; 餐厅
zh,place,anger,random,centroid_phrases,neutral_centroid,bielik_1_5b_v3,mmlw_roberta_large,10,5,0.3333333333333333,0.5,-0.33090909090909076,4.4,公园; 厨房; 墓地; 家; 机场
zh,place,anger,random,centroid_phrases,neutral_centroid,bielik_1_5b_v3,qwen3_embedding_8b,10,5,0.3333333333333333,0.5,-0.35818181818181816,5.8,公园; 墓地; 家; 机场; 餐厅
zh,place,anger,random,centroid_phrases,neutral_centroid,gemini,mmlw_roberta_large,10,8,0.6666666666666666,0.8,-0.4219435736677118,3.75,办公室; 医院; 厨房; 图书馆; 学校; 家; 机场; 火车站
zh,place,anger,random,centroid_phrases,neutral_centroid,gemini,qwen3_embedding_8b,10,8,0.6666666666666666,0.8,-0.0006269592476489225,3.875,办公室; 医院; 图书馆; 学校; 家; 机场; 火车站; 餐厅
zh,place,anger,random,centroid_phrases,neutral_centroid,mmlw_roberta_large,qwen3_embedding_8b,10,9,0.8181818181818182,0.9,0.4090909090909091,2.2222222222222223,公园; 办公室; 医院; 图书馆; 墓地; 学校; 家; 机场; 火车站
zh,place,anger,random,single_word,neutral_centroid,bielik_1_5b_v3,gemini,10,4,0.25,0.4,-0.13811802232854864,2.5,厨房; 家; 机场; 餐厅
zh,place,anger,random,single_word,neutral_centroid,bielik_1_5b_v3,mmlw_roberta_large,10,5,0.3333333333333333,0.5,-0.33090909090909076,4.4,公园; 厨房; 墓地; 家; 机场
zh,place,anger,random,single_word,neutral_centroid,bielik_1_5b_v3,qwen3_embedding_8b,10,5,0.3333333333333333,0.5,-0.35818181818181816,5.8,公园; 墓地; 家; 机场; 餐厅
zh,place,anger,random,single_word,neutral_centroid,gemini,mmlw_roberta_large,10,8,0.6666666666666666,0.8,-0.4219435736677118,3.75,办公室; 医院; 厨房; 图书馆; 学校; 家; 机场; 火车站
zh,place,anger,random,single_word,neutral_centroid,gemini,qwen3_embedding_8b,10,8,0.6666666666666666,0.8,-0.0006269592476489225,3.875,办公室; 医院; 图书馆; 学校; 家; 机场; 火车站; 餐厅
zh,place,anger,random,single_word,neutral_centroid,mmlw_roberta_large,qwen3_embedding_8b,10,9,0.8181818181818182,0.9,0.4090909090909091,2.2222222222222223,公园; 办公室; 医院; 图书馆; 墓地; 学校; 家; 机场; 火车站
zh,place,anger,shuffled_emotion,centroid_phrases,neutral_centroid,bielik_1_5b_v3,gemini,10,4,0.25,0.4,0.020095693779904306,3.5,受污染的河流; 墓地; 废弃建筑; 黑暗的地下室
zh,place,anger,shuffled_emotion,centroid_phrases,neutral_centroid,bielik_1_5b_v3,mmlw_roberta_large,10,3,0.17647058823529413,0.3,-0.5744318181818182,4.0,厨房; 墓地; 机场
zh,place,anger,shuffled_emotion,centroid_phrases,neutral_centroid,bielik_1_5b_v3,qwen3_embedding_8b,10,4,0.25,0.4,-0.03094098883572568,3.0,受污染的河流; 墓地; 机场; 黑暗的地下室
zh,place,anger,shuffled_emotion,centroid_phrases,neutral_centroid,gemini,mmlw_roberta_large,10,1,0.05263157894736842,0.1,-0.6386946386946386,2.0,墓地
zh,place,anger,shuffled_emotion,centroid_phrases,neutral_centroid,gemini,qwen3_embedding_8b,10,5,0.3333333333333333,0.5,-0.4945454545454545,4.8,受污染的河流; 墓地; 殡仪馆; 牢房; 黑暗的地下室
zh,place,anger,shuffled_emotion,centroid_phrases,neutral_centroid,mmlw_roberta_large,qwen3_embedding_8b,10,6,0.42857142857142855,0.6,0.19492600422832979,3.0,公园; 图书馆; 墓地; 学校; 家; 机场
zh,place,anger,shuffled_emotion,single_word,neutral_centroid,bielik_1_5b_v3,gemini,10,3,0.17647058823529413,0.3,-0.3619318181818182,2.0,受污染的河流; 墓地; 牢房
zh,place,anger,shuffled_emotion,single_word,neutral_centroid,bielik_1_5b_v3,mmlw_roberta_large,10,4,0.25,0.4,-0.5617224880382775,5.25,厨房; 墓地; 家; 机场
zh,place,anger,shuffled_emotion,single_word,neutral_centroid,bielik_1_5b_v3,qwen3_embedding_8b,10,5,0.3333333333333333,0.5,-0.29818181818181805,2.8,受污染的河流; 墓地; 家; 机场; 牢房
zh,place,anger,shuffled_emotion,single_word,neutral_centroid,gemini,mmlw_roberta_large,10,2,0.1111111111111111,0.2,-0.5119078104993596,5.5,办公室; 墓地
zh,place,anger,shuffled_emotion,single_word,neutral_centroid,gemini,qwen3_embedding_8b,10,4,0.25,0.4,-0.16874003189792663,2.5,受污染的河流; 墓地; 殡仪馆; 牢房
zh,place,anger,shuffled_emotion,single_word,neutral_centroid,mmlw_roberta_large,qwen3_embedding_8b,10,7,0.5384615384615384,0.7,0.2843434343434343,1.8571428571428572,公园; 图书馆; 墓地; 学校; 家; 机场; 火车站
zh,place,disgust,emotion,centroid_phrases,neutral_centroid,bielik_1_5b_v3,gemini,10,6,0.42857142857142855,0.6,-0.0004228329809725129,2.0,受污染的河流; 墓地; 废弃建筑; 拥挤的公交站; 机场; 黑暗的地下室
zh,place,disgust,emotion,centroid_phrases,neutral_centroid,bielik_1_5b_v3,mmlw_roberta_large,10,3,0.17647058823529413,0.3,-0.5164772727272727,3.0,厨房; 墓地; 机场
zh,place,disgust,emotion,centroid_phrases,neutral_centroid,bielik_1_5b_v3,qwen3_embedding_8b,10,3,0.17647058823529413,0.3,-0.14943181818181817,3.0,受污染的河流; 墓地; 机场
zh,place,disgust,emotion,centroid_phrases,neutral_centroid,gemini,mmlw_roberta_large,10,3,0.17647058823529413,0.3,-0.6517045454545453,2.0,办公室; 墓地; 机场
zh,place,disgust,emotion,centroid_phrases,neutral_centroid,gemini,qwen3_embedding_8b,10,4,0.25,0.4,-0.4086124401913876,1.75,受污染的河流; 墓地; 机场; 牢房
zh,place,disgust,emotion,centroid_phrases,neutral_centroid,mmlw_roberta_large,qwen3_embedding_8b,10,7,0.5384615384615384,0.7,0.10707070707070707,2.4285714285714284,公园; 医院; 墓地; 学校; 家; 机场; 火车站
zh,place,disgust,emotion,single_word,neutral_centroid,bielik_1_5b_v3,gemini,10,5,0.3333333333333333,0.5,-0.42363636363636353,5.2,厨房; 受污染的河流; 墓地; 废弃建筑; 机场
zh,place,disgust,emotion,single_word,neutral_centroid,bielik_1_5b_v3,mmlw_roberta_large,10,4,0.25,0.4,-0.4086124401913876,5.5,公园; 厨房; 墓地; 机场
zh,place,disgust,emotion,single_word,neutral_centroid,bielik_1_5b_v3,qwen3_embedding_8b,10,4,0.25,0.4,-0.26570972886762356,1.75,公园; 受污染的河流; 墓地; 机场
zh,place,disgust,emotion,single_word,neutral_centroid,gemini,mmlw_roberta_large,10,4,0.25,0.4,-0.6893141945773524,2.0,办公室; 厨房; 墓地; 机场
zh,place,disgust,emotion,single_word,neutral_centroid,gemini,qwen3_embedding_8b,10,5,0.3333333333333333,0.5,-0.5818181818181818,5.0,受污染的河流; 墓地; 机场; 牢房; 肮脏的小巷
zh,place,disgust,emotion,single_word,neutral_centroid,mmlw_roberta_large,qwen3_embedding_8b,10,7,0.5384615384615384,0.7,0.31717171717171705,2.7142857142857144,公园; 医院; 图书馆; 墓地; 学校; 家; 机场
zh,place,disgust,identity,centroid_phrases,neutral_centroid,bielik_1_5b_v3,gemini,10,6,0.42857142857142855,0.6,-0.34968287526427055,4.333333333333333,厨房; 墓地; 家; 教堂; 机场; 餐厅
zh,place,disgust,identity,centroid_phrases,neutral_centroid,bielik_1_5b_v3,mmlw_roberta_large,10,4,0.25,0.4,-0.41371610845295054,5.5,厨房; 墓地; 家; 机场
zh,place,disgust,identity,centroid_phrases,neutral_centroid,bielik_1_5b_v3,qwen3_embedding_8b,10,4,0.25,0.4,-0.3524720893141946,5.0,墓地; 家; 机场; 餐厅
zh,place,disgust,identity,centroid_phrases,neutral_centroid,gemini,mmlw_roberta_large,10,7,0.5384615384615384,0.7,0.33030303030303027,1.8571428571428572,办公室; 医院; 厨房; 墓地; 学校; 家; 机场
zh,place,disgust,identity,centroid_phrases,neutral_centroid,gemini,qwen3_embedding_8b,10,7,0.5384615384615384,0.7,0.36969696969696964,3.0,办公室; 医院; 墓地; 学校; 家; 机场; 餐厅
zh,place,disgust,identity,centroid_phrases,neutral_centroid,mmlw_roberta_large,qwen3_embedding_8b,10,9,0.8181818181818182,0.9,0.21818181818181823,2.888888888888889,公园; 办公室; 医院; 图书馆; 墓地; 学校; 家; 机场; 火车站
zh,place,disgust,identity,single_word,neutral_centroid,bielik_1_5b_v3,gemini,10,6,0.42857142857142855,0.6,-0.34968287526427055,4.333333333333333,厨房; 墓地; 家; 教堂; 机场; 餐厅
zh,place,disgust,identity,single_word,neutral_centroid,bielik_1_5b_v3,mmlw_roberta_large,10,4,0.25,0.4,-0.41371610845295054,5.5,厨房; 墓地; 家; 机场
zh,place,disgust,identity,single_word,neutral_centroid,bielik_1_5b_v3,qwen3_embedding_8b,10,4,0.25,0.4,-0.3524720893141946,5.0,墓地; 家; 机场; 餐厅
zh,place,disgust,identity,single_word,neutral_centroid,gemini,mmlw_roberta_large,10,7,0.5384615384615384,0.7,0.33030303030303027,1.8571428571428572,办公室; 医院; 厨房; 墓地; 学校; 家; 机场
zh,place,disgust,identity,single_word,neutral_centroid,gemini,qwen3_embedding_8b,10,7,0.5384615384615384,0.7,0.36969696969696964,3.0,办公室; 医院; 墓地; 学校; 家; 机场; 餐厅
zh,place,disgust,identity,single_word,neutral_centroid,mmlw_roberta_large,qwen3_embedding_8b,10,9,0.8181818181818182,0.9,0.21818181818181823,2.888888888888889,公园; 办公室; 医院; 图书馆; 墓地; 学校; 家; 机场; 火车站
zh,place,disgust,random,centroid_phrases,neutral_centroid,bielik_1_5b_v3,gemini,10,4,0.25,0.4,-0.45454545454545453,4.25,厨房; 家; 机场; 餐厅
zh,place,disgust,random,centroid_phrases,neutral_centroid,bielik_1_5b_v3,mmlw_roberta_large,10,5,0.3333333333333333,0.5,-0.4454545454545453,5.0,公园; 厨房; 墓地; 家; 机场
zh,place,disgust,random,centroid_phrases,neutral_centroid,bielik_1_5b_v3,qwen3_embedding_8b,10,4,0.25,0.4,-0.1789473684210526,3.25,公园; 家; 机场; 餐厅
zh,place,disgust,random,centroid_phrases,neutral_centroid,gemini,mmlw_roberta_large,10,6,0.42857142857142855,0.6,-0.030021141649048615,1.6666666666666667,办公室; 医院; 厨房; 家; 机场; 火车站
zh,place,disgust,random,centroid_phrases,neutral_centroid,gemini,qwen3_embedding_8b,10,6,0.42857142857142855,0.6,0.005496828752642708,3.1666666666666665,办公室; 医院; 家; 机场; 火车站; 餐厅
zh,place,disgust,random,centroid_phrases,neutral_centroid,mmlw_roberta_large,qwen3_embedding_8b,10,8,0.6666666666666666,0.8,0.3003134796238244,2.625,公园; 办公室; 医院; 图书馆; 学校; 家; 机场; 火车站
zh,place,disgust,random,single_word,neutral_centroid,bielik_1_5b_v3,gemini,10,4,0.25,0.4,-0.45454545454545453,4.25,厨房; 家; 机场; 餐厅
zh,place,disgust,random,single_word,neutral_centroid,bielik_1_5b_v3,mmlw_roberta_large,10,5,0.3333333333333333,0.5,-0.4454545454545453,5.0,公园; 厨房; 墓地; 家; 机场
zh,place,disgust,random,single_word,neutral_centroid,bielik_1_5b_v3,qwen3_embedding_8b,10,4,0.25,0.4,-0.1789473684210526,3.25,公园; 家; 机场; 餐厅
zh,place,disgust,random,single_word,neutral_centroid,gemini,mmlw_roberta_large,10,6,0.42857142857142855,0.6,-0.030021141649048615,1.6666666666666667,办公室; 医院; 厨房; 家; 机场; 火车站
zh,place,disgust,random,single_word,neutral_centroid,gemini,qwen3_embedding_8b,10,6,0.42857142857142855,0.6,0.005496828752642708,3.1666666666666665,办公室; 医院; 家; 机场; 火车站; 餐厅
zh,place,disgust,random,single_word,neutral_centroid,mmlw_roberta_large,qwen3_embedding_8b,10,8,0.6666666666666666,0.8,0.3003134796238244,2.625,公园; 办公室; 医院; 图书馆; 学校; 家; 机场; 火车站
zh,place,disgust,shuffled_emotion,centroid_phrases,neutral_centroid,bielik_1_5b_v3,gemini,10,2,0.1111111111111111,0.2,-0.3966709346991037,4.5,婚礼大厅; 游乐场
zh,place,disgust,shuffled_emotion,centroid_phrases,neutral_centroid,bielik_1_5b_v3,mmlw_roberta_large,10,3,0.17647058823529413,0.3,-0.5599431818181817,3.3333333333333335,厨房; 墓地; 机场
zh,place,disgust,shuffled_emotion,centroid_phrases,neutral_centroid,bielik_1_5b_v3,qwen3_embedding_8b,10,2,0.1111111111111111,0.2,-0.5072983354673496,2.0,机场; 游乐场
zh,place,disgust,shuffled_emotion,centroid_phrases,neutral_centroid,gemini,mmlw_roberta_large,10,1,0.05263157894736842,0.1,-0.3862470862470862,1.0,学校
zh,place,disgust,shuffled_emotion,centroid_phrases,neutral_centroid,gemini,qwen3_embedding_8b,10,5,0.3333333333333333,0.5,-0.19454545454545452,2.4,学校; 游乐场; 美丽的花园; 音乐节; 餐厅
zh,place,disgust,shuffled_emotion,centroid_phrases,neutral_centroid,mmlw_roberta_large,qwen3_embedding_8b,10,6,0.42857142857142855,0.6,0.3192389006342494,1.6666666666666667,公园; 图书馆; 学校; 家; 机场; 火车站
zh,place,disgust,shuffled_emotion,single_word,neutral_centroid,bielik_1_5b_v3,gemini,10,5,0.3333333333333333,0.5,0.0018181818181818427,2.8,公园; 厨房; 家; 机场; 游乐场
zh,place,disgust,shuffled_emotion,single_word,neutral_centroid,bielik_1_5b_v3,mmlw_roberta_large,10,6,0.42857142857142855,0.6,0.05877378435517971,2.8333333333333335,公园; 厨房; 图书馆; 墓地; 家; 机场
zh,place,disgust,shuffled_emotion,single_word,neutral_centroid,bielik_1_5b_v3,qwen3_embedding_8b,10,6,0.42857142857142855,0.6,0.19492600422832979,1.8333333333333333,公园; 图书馆; 家; 机场; 游乐场; 餐厅
zh,place,disgust,shuffled_emotion,single_word,neutral_centroid,gemini,mmlw_roberta_large,10,7,0.5384615384615384,0.7,-0.3984848484848484,4.285714285714286,公园; 办公室; 厨房; 学校; 家; 机场; 火车站
zh,place,disgust,shuffled_emotion,single_word,neutral_centroid,gemini,qwen3_embedding_8b,10,7,0.5384615384615384,0.7,0.05454545454545458,3.2857142857142856,公园; 学校; 家; 机场; 游乐场; 火车站; 美丽的花园
zh,place,disgust,shuffled_emotion,single_word,neutral_centroid,mmlw_roberta_large,qwen3_embedding_8b,10,6,0.42857142857142855,0.6,0.2778012684989429,1.1666666666666667,公园; 图书馆; 学校; 家; 机场; 火车站
zh,place,joy,emotion,centroid_phrases,neutral_centroid,bielik_1_5b_v3,gemini,10,2,0.1111111111111111,0.2,-0.3966709346991037,4.5,婚礼大厅; 游乐场
zh,place,joy,emotion,centroid_phrases,neutral_centroid,bielik_1_5b_v3,mmlw_roberta_large,10,3,0.17647058823529413,0.3,-0.5599431818181817,3.3333333333333335,厨房; 墓地; 机场
zh,place,joy,emotion,centroid_phrases,neutral_centroid,bielik_1_5b_v3,qwen3_embedding_8b,10,2,0.1111111111111111,0.2,-0.5072983354673496,2.0,机场; 游乐场
zh,place,joy,emotion,centroid_phrases,neutral_centroid,gemini,mmlw_roberta_large,10,1,0.05263157894736842,0.1,-0.3862470862470862,1.0,学校
zh,place,joy,emotion,centroid_phrases,neutral_centroid,gemini,qwen3_embedding_8b,10,5,0.3333333333333333,0.5,-0.19454545454545452,2.4,学校; 游乐场; 美丽的花园; 音乐节; 餐厅
zh,place,joy,emotion,centroid_phrases,neutral_centroid,mmlw_roberta_large,qwen3_embedding_8b,10,6,0.42857142857142855,0.6,0.3192389006342494,1.6666666666666667,公园; 图书馆; 学校; 家; 机场; 火车站
zh,place,joy,emotion,single_word,neutral_centroid,bielik_1_5b_v3,gemini,10,5,0.3333333333333333,0.5,0.0018181818181818427,2.8,公园; 厨房; 家; 机场; 游乐场
zh,place,joy,emotion,single_word,neutral_centroid,bielik_1_5b_v3,mmlw_roberta_large,10,6,0.42857142857142855,0.6,0.05877378435517971,2.8333333333333335,公园; 厨房; 图书馆; 墓地; 家; 机场
zh,place,joy,emotion,single_word,neutral_centroid,bielik_1_5b_v3,qwen3_embedding_8b,10,6,0.42857142857142855,0.6,0.19492600422832979,1.8333333333333333,公园; 图书馆; 家; 机场; 游乐场; 餐厅
zh,place,joy,emotion,single_word,neutral_centroid,gemini,mmlw_roberta_large,10,7,0.5384615384615384,0.7,-0.3984848484848484,4.285714285714286,公园; 办公室; 厨房; 学校; 家; 机场; 火车站
zh,place,joy,emotion,single_word,neutral_centroid,gemini,qwen3_embedding_8b,10,7,0.5384615384615384,0.7,0.05454545454545458,3.2857142857142856,公园; 学校; 家; 机场; 游乐场; 火车站; 美丽的花园
zh,place,joy,emotion,single_word,neutral_centroid,mmlw_roberta_large,qwen3_embedding_8b,10,6,0.42857142857142855,0.6,0.2778012684989429,1.1666666666666667,公园; 图书馆; 学校; 家; 机场; 火车站
zh,place,joy,identity,centroid_phrases,neutral_centroid,bielik_1_5b_v3,gemini,10,6,0.42857142857142855,0.6,-0.34968287526427055,4.333333333333333,厨房; 墓地; 家; 教堂; 机场; 餐厅
zh,place,joy,identity,centroid_phrases,neutral_centroid,bielik_1_5b_v3,mmlw_roberta_large,10,4,0.25,0.4,-0.41371610845295054,5.5,厨房; 墓地; 家; 机场
zh,place,joy,identity,centroid_phrases,neutral_centroid,bielik_1_5b_v3,qwen3_embedding_8b,10,4,0.25,0.4,-0.3524720893141946,5.0,墓地; 家; 机场; 餐厅
zh,place,joy,identity,centroid_phrases,neutral_centroid,gemini,mmlw_roberta_large,10,7,0.5384615384615384,0.7,0.33030303030303027,1.8571428571428572,办公室; 医院; 厨房; 墓地; 学校; 家; 机场
zh,place,joy,identity,centroid_phrases,neutral_centroid,gemini,qwen3_embedding_8b,10,7,0.5384615384615384,0.7,0.36969696969696964,3.0,办公室; 医院; 墓地; 学校; 家; 机场; 餐厅
zh,place,joy,identity,centroid_phrases,neutral_centroid,mmlw_roberta_large,qwen3_embedding_8b,10,9,0.8181818181818182,0.9,0.21818181818181823,2.888888888888889,公园; 办公室; 医院; 图书馆; 墓地; 学校; 家; 机场; 火车站
zh,place,joy,identity,single_word,neutral_centroid,bielik_1_5b_v3,gemini,10,6,0.42857142857142855,0.6,-0.34968287526427055,4.333333333333333,厨房; 墓地; 家; 教堂; 机场; 餐厅
zh,place,joy,identity,single_word,neutral_centroid,bielik_1_5b_v3,mmlw_roberta_large,10,4,0.25,0.4,-0.41371610845295054,5.5,厨房; 墓地; 家; 机场
zh,place,joy,identity,single_word,neutral_centroid,bielik_1_5b_v3,qwen3_embedding_8b,10,4,0.25,0.4,-0.3524720893141946,5.0,墓地; 家; 机场; 餐厅
zh,place,joy,identity,single_word,neutral_centroid,gemini,mmlw_roberta_large,10,7,0.5384615384615384,0.7,0.33030303030303027,1.8571428571428572,办公室; 医院; 厨房; 墓地; 学校; 家; 机场
zh,place,joy,identity,single_word,neutral_centroid,gemini,qwen3_embedding_8b,10,7,0.5384615384615384,0.7,0.36969696969696964,3.0,办公室; 医院; 墓地; 学校; 家; 机场; 餐厅
zh,place,joy,identity,single_word,neutral_centroid,mmlw_roberta_large,qwen3_embedding_8b,10,9,0.8181818181818182,0.9,0.21818181818181823,2.888888888888889,公园; 办公室; 医院; 图书馆; 墓地; 学校; 家; 机场; 火车站
zh,place,joy,random,centroid_phrases,neutral_centroid,bielik_1_5b_v3,gemini,10,5,0.3333333333333333,0.5,-0.2599999999999999,3.8,厨房; 墓地; 家; 教堂; 餐厅
zh,place,joy,random,centroid_phrases,neutral_centroid,bielik_1_5b_v3,mmlw_roberta_large,10,4,0.25,0.4,-0.4647527910685805,4.25,厨房; 墓地; 家; 机场
zh,place,joy,random,centroid_phrases,neutral_centroid,bielik_1_5b_v3,qwen3_embedding_8b,10,4,0.25,0.4,-0.2350877192982456,3.75,墓地; 家; 机场; 餐厅
zh,place,joy,random,centroid_phrases,neutral_centroid,gemini,mmlw_roberta_large,10,6,0.42857142857142855,0.6,0.1653276955602537,3.3333333333333335,公园; 办公室; 厨房; 墓地; 学校; 家
zh,place,joy,random,centroid_phrases,neutral_centroid,gemini,qwen3_embedding_8b,10,6,0.42857142857142855,0.6,-0.1306553911205074,3.6666666666666665,公园; 办公室; 墓地; 学校; 家; 餐厅
zh,place,joy,random,centroid_phrases,neutral_centroid,mmlw_roberta_large,qwen3_embedding_8b,10,9,0.8181818181818182,0.9,0.23636363636363636,2.7777777777777777,公园; 办公室; 医院; 图书馆; 墓地; 学校; 家; 机场; 火车站
zh,place,joy,random,single_word,neutral_centroid,bielik_1_5b_v3,gemini,10,5,0.3333333333333333,0.5,-0.2599999999999999,3.8,厨房; 墓地; 家; 教堂; 餐厅
zh,place,joy,random,single_word,neutral_centroid,bielik_1_5b_v3,mmlw_roberta_large,10,4,0.25,0.4,-0.4647527910685805,4.25,厨房; 墓地; 家; 机场
zh,place,joy,random,single_word,neutral_centroid,bielik_1_5b_v3,qwen3_embedding_8b,10,4,0.25,0.4,-0.2350877192982456,3.75,墓地; 家; 机场; 餐厅
zh,place,joy,random,single_word,neutral_centroid,gemini,mmlw_roberta_large,10,6,0.42857142857142855,0.6,0.1653276955602537,3.3333333333333335,公园; 办公室; 厨房; 墓地; 学校; 家
zh,place,joy,random,single_word,neutral_centroid,gemini,qwen3_embedding_8b,10,6,0.42857142857142855,0.6,-0.1306553911205074,3.6666666666666665,公园; 办公室; 墓地; 学校; 家; 餐厅
zh,place,joy,random,single_word,neutral_centroid,mmlw_roberta_large,qwen3_embedding_8b,10,9,0.8181818181818182,0.9,0.23636363636363636,2.7777777777777777,公园; 办公室; 医院; 图书馆; 墓地; 学校; 家; 机场; 火车站
zh,place,joy,shuffled_emotion,centroid_phrases,neutral_centroid,bielik_1_5b_v3,gemini,10,5,0.3333333333333333,0.5,-0.4454545454545454,2.4,厨房; 受污染的河流; 废弃建筑; 拥挤的公交站; 机场
zh,place,joy,shuffled_emotion,centroid_phrases,neutral_centroid,bielik_1_5b_v3,mmlw_roberta_large,10,3,0.17647058823529413,0.3,-0.5744318181818182,4.0,厨房; 墓地; 机场
zh,place,joy,shuffled_emotion,centroid_phrases,neutral_centroid,bielik_1_5b_v3,qwen3_embedding_8b,10,3,0.17647058823529413,0.3,-0.21704545454545449,4.0,受污染的河流; 墓地; 机场
zh,place,joy,shuffled_emotion,centroid_phrases,neutral_centroid,gemini,mmlw_roberta_large,10,3,0.17647058823529413,0.3,-0.7048295454545456,3.6666666666666665,办公室; 厨房; 机场
zh,place,joy,shuffled_emotion,centroid_phrases,neutral_centroid,gemini,qwen3_embedding_8b,10,3,0.17647058823529413,0.3,-0.31363636363636355,2.6666666666666665,受污染的河流; 机场; 牢房
zh,place,joy,shuffled_emotion,centroid_phrases,neutral_centroid,mmlw_roberta_large,qwen3_embedding_8b,10,7,0.5384615384615384,0.7,0.14646464646464646,2.857142857142857,公园; 图书馆; 墓地; 学校; 家; 机场; 火车站
zh,place,joy,shuffled_emotion,single_word,neutral_centroid,bielik_1_5b_v3,gemini,10,4,0.25,0.4,-0.41371610845295054,4.0,厨房; 受污染的河流; 机场; 牢房
zh,place,joy,shuffled_emotion,single_word,neutral_centroid,bielik_1_5b_v3,mmlw_roberta_large,10,4,0.25,0.4,-0.5106858054226474,6.0,厨房; 墓地; 家; 机场
zh,place,joy,shuffled_emotion,single_word,neutral_centroid,bielik_1_5b_v3,qwen3_embedding_8b,10,5,0.3333333333333333,0.5,-0.003636363636363607,3.6,墓地; 家; 机场; 牢房; 餐厅
zh,place,joy,shuffled_emotion,single_word,neutral_centroid,gemini,mmlw_roberta_large,10,5,0.3333333333333333,0.5,-0.6527272727272727,3.4,公园; 办公室; 厨房; 机场; 火车站
zh,place,joy,shuffled_emotion,single_word,neutral_centroid,gemini,qwen3_embedding_8b,10,5,0.3333333333333333,0.5,-0.45636363636363625,4.8,公园; 危险的街道; 机场; 火车站; 牢房
zh,place,joy,shuffled_emotion,single_word,neutral_centroid,mmlw_roberta_large,qwen3_embedding_8b,10,7,0.5384615384615384,0.7,0.28434343434343434,2.142857142857143,公园; 图书馆; 墓地; 学校; 家; 机场; 火车站
zh,place,sadness,emotion,centroid_phrases,neutral_centroid,bielik_1_5b_v3,gemini,10,4,0.25,0.4,0.020095693779904306,3.5,受污染的河流; 墓地; 废弃建筑; 黑暗的地下室
zh,place,sadness,emotion,centroid_phrases,neutral_centroid,bielik_1_5b_v3,mmlw_roberta_large,10,3,0.17647058823529413,0.3,-0.5744318181818182,4.0,厨房; 墓地; 机场
zh,place,sadness,emotion,centroid_phrases,neutral_centroid,bielik_1_5b_v3,qwen3_embedding_8b,10,4,0.25,0.4,-0.03094098883572568,3.0,受污染的河流; 墓地; 机场; 黑暗的地下室
zh,place,sadness,emotion,centroid_phrases,neutral_centroid,gemini,mmlw_roberta_large,10,1,0.05263157894736842,0.1,-0.6386946386946386,2.0,墓地
zh,place,sadness,emotion,centroid_phrases,neutral_centroid,gemini,qwen3_embedding_8b,10,5,0.3333333333333333,0.5,-0.4945454545454545,4.8,受污染的河流; 墓地; 殡仪馆; 牢房; 黑暗的地下室
zh,place,sadness,emotion,centroid_phrases,neutral_centroid,mmlw_roberta_large,qwen3_embedding_8b,10,6,0.42857142857142855,0.6,0.19492600422832979,3.0,公园; 图书馆; 墓地; 学校; 家; 机场
zh,place,sadness,emotion,single_word,neutral_centroid,bielik_1_5b_v3,gemini,10,3,0.17647058823529413,0.3,-0.3619318181818182,2.0,受污染的河流; 墓地; 牢房
zh,place,sadness,emotion,single_word,neutral_centroid,bielik_1_5b_v3,mmlw_roberta_large,10,4,0.25,0.4,-0.5617224880382775,5.25,厨房; 墓地; 家; 机场
zh,place,sadness,emotion,single_word,neutral_centroid,bielik_1_5b_v3,qwen3_embedding_8b,10,5,0.3333333333333333,0.5,-0.29818181818181805,2.8,受污染的河流; 墓地; 家; 机场; 牢房
zh,place,sadness,emotion,single_word,neutral_centroid,gemini,mmlw_roberta_large,10,2,0.1111111111111111,0.2,-0.5119078104993596,5.5,办公室; 墓地
zh,place,sadness,emotion,single_word,neutral_centroid,gemini,qwen3_embedding_8b,10,4,0.25,0.4,-0.16874003189792663,2.5,受污染的河流; 墓地; 殡仪馆; 牢房
zh,place,sadness,emotion,single_word,neutral_centroid,mmlw_roberta_large,qwen3_embedding_8b,10,7,0.5384615384615384,0.7,0.2843434343434343,1.8571428571428572,公园; 图书馆; 墓地; 学校; 家; 机场; 火车站
zh,place,sadness,identity,centroid_phrases,neutral_centroid,bielik_1_5b_v3,gemini,10,6,0.42857142857142855,0.6,-0.34968287526427055,4.333333333333333,厨房; 墓地; 家; 教堂; 机场; 餐厅
zh,place,sadness,identity,centroid_phrases,neutral_centroid,bielik_1_5b_v3,mmlw_roberta_large,10,4,0.25,0.4,-0.41371610845295054,5.5,厨房; 墓地; 家; 机场
zh,place,sadness,identity,centroid_phrases,neutral_centroid,bielik_1_5b_v3,qwen3_embedding_8b,10,4,0.25,0.4,-0.3524720893141946,5.0,墓地; 家; 机场; 餐厅
zh,place,sadness,identity,centroid_phrases,neutral_centroid,gemini,mmlw_roberta_large,10,7,0.5384615384615384,0.7,0.33030303030303027,1.8571428571428572,办公室; 医院; 厨房; 墓地; 学校; 家; 机场
zh,place,sadness,identity,centroid_phrases,neutral_centroid,gemini,qwen3_embedding_8b,10,7,0.5384615384615384,0.7,0.36969696969696964,3.0,办公室; 医院; 墓地; 学校; 家; 机场; 餐厅
zh,place,sadness,identity,centroid_phrases,neutral_centroid,mmlw_roberta_large,qwen3_embedding_8b,10,9,0.8181818181818182,0.9,0.21818181818181823,2.888888888888889,公园; 办公室; 医院; 图书馆; 墓地; 学校; 家; 机场; 火车站
zh,place,sadness,identity,single_word,neutral_centroid,bielik_1_5b_v3,gemini,10,6,0.42857142857142855,0.6,-0.34968287526427055,4.333333333333333,厨房; 墓地; 家; 教堂; 机场; 餐厅
zh,place,sadness,identity,single_word,neutral_centroid,bielik_1_5b_v3,mmlw_roberta_large,10,4,0.25,0.4,-0.41371610845295054,5.5,厨房; 墓地; 家; 机场
zh,place,sadness,identity,single_word,neutral_centroid,bielik_1_5b_v3,qwen3_embedding_8b,10,4,0.25,0.4,-0.3524720893141946,5.0,墓地; 家; 机场; 餐厅
zh,place,sadness,identity,single_word,neutral_centroid,gemini,mmlw_roberta_large,10,7,0.5384615384615384,0.7,0.33030303030303027,1.8571428571428572,办公室; 医院; 厨房; 墓地; 学校; 家; 机场
zh,place,sadness,identity,single_word,neutral_centroid,gemini,qwen3_embedding_8b,10,7,0.5384615384615384,0.7,0.36969696969696964,3.0,办公室; 医院; 墓地; 学校; 家; 机场; 餐厅
zh,place,sadness,identity,single_word,neutral_centroid,mmlw_roberta_large,qwen3_embedding_8b,10,9,0.8181818181818182,0.9,0.21818181818181823,2.888888888888889,公园; 办公室; 医院; 图书馆; 墓地; 学校; 家; 机场; 火车站
zh,place,sadness,random,centroid_phrases,neutral_centroid,bielik_1_5b_v3,gemini,10,5,0.3333333333333333,0.5,-0.3472727272727273,2.8,厨房; 墓地; 教堂; 餐厅; 黑暗的地下室
zh,place,sadness,random,centroid_phrases,neutral_centroid,bielik_1_5b_v3,mmlw_roberta_large,10,4,0.25,0.4,-0.38819776714513554,3.5,公园; 厨房; 墓地; 机场
zh,place,sadness,random,centroid_phrases,neutral_centroid,bielik_1_5b_v3,qwen3_embedding_8b,10,3,0.17647058823529413,0.3,-0.4150568181818182,3.6666666666666665,公园; 机场; 餐厅
zh,place,sadness,random,centroid_phrases,neutral_centroid,gemini,mmlw_roberta_large,10,5,0.3333333333333333,0.5,0.012727272727272722,3.6,办公室; 医院; 厨房; 墓地; 家
zh,place,sadness,random,centroid_phrases,neutral_centroid,gemini,qwen3_embedding_8b,10,4,0.25,0.4,-0.3575757575757576,4.5,办公室; 医院; 家; 餐厅
zh,place,sadness,random,centroid_phrases,neutral_centroid,mmlw_roberta_large,qwen3_embedding_8b,10,8,0.6666666666666666,0.8,0.44326018808777434,2.375,公园; 办公室; 医院; 图书馆; 学校; 家; 机场; 火车站
zh,place,sadness,random,single_word,neutral_centroid,bielik_1_5b_v3,gemini,10,5,0.3333333333333333,0.5,-0.3472727272727273,2.8,厨房; 墓地; 教堂; 餐厅; 黑暗的地下室
zh,place,sadness,random,single_word,neutral_centroid,bielik_1_5b_v3,mmlw_roberta_large,10,4,0.25,0.4,-0.38819776714513554,3.5,公园; 厨房; 墓地; 机场
zh,place,sadness,random,single_word,neutral_centroid,bielik_1_5b_v3,qwen3_embedding_8b,10,3,0.17647058823529413,0.3,-0.4150568181818182,3.6666666666666665,公园; 机场; 餐厅
zh,place,sadness,random,single_word,neutral_centroid,gemini,mmlw_roberta_large,10,5,0.3333333333333333,0.5,0.012727272727272722,3.6,办公室; 医院; 厨房; 墓地; 家
zh,place,sadness,random,single_word,neutral_centroid,gemini,qwen3_embedding_8b,10,4,0.25,0.4,-0.3575757575757576,4.5,办公室; 医院; 家; 餐厅
zh,place,sadness,random,single_word,neutral_centroid,mmlw_roberta_large,qwen3_embedding_8b,10,8,0.6666666666666666,0.8,0.44326018808777434,2.375,公园; 办公室; 医院; 图书馆; 学校; 家; 机场; 火车站
zh,place,sadness,shuffled_emotion,centroid_phrases,neutral_centroid,bielik_1_5b_v3,gemini,10,6,0.42857142857142855,0.6,-0.0004228329809725129,2.0,受污染的河流; 墓地; 废弃建筑; 拥挤的公交站; 机场; 黑暗的地下室
zh,place,sadness,shuffled_emotion,centroid_phrases,neutral_centroid,bielik_1_5b_v3,mmlw_roberta_large,10,3,0.17647058823529413,0.3,-0.5164772727272727,3.0,厨房; 墓地; 机场
zh,place,sadness,shuffled_emotion,centroid_phrases,neutral_centroid,bielik_1_5b_v3,qwen3_embedding_8b,10,3,0.17647058823529413,0.3,-0.14943181818181817,3.0,受污染的河流; 墓地; 机场
zh,place,sadness,shuffled_emotion,centroid_phrases,neutral_centroid,gemini,mmlw_roberta_large,10,3,0.17647058823529413,0.3,-0.6517045454545453,2.0,办公室; 墓地; 机场
zh,place,sadness,shuffled_emotion,centroid_phrases,neutral_centroid,gemini,qwen3_embedding_8b,10,4,0.25,0.4,-0.4086124401913876,1.75,受污染的河流; 墓地; 机场; 牢房
zh,place,sadness,shuffled_emotion,centroid_phrases,neutral_centroid,mmlw_roberta_large,qwen3_embedding_8b,10,7,0.5384615384615384,0.7,0.10707070707070707,2.4285714285714284,公园; 医院; 墓地; 学校; 家; 机场; 火车站
zh,place,sadness,shuffled_emotion,single_word,neutral_centroid,bielik_1_5b_v3,gemini,10,5,0.3333333333333333,0.5,-0.42363636363636353,5.2,厨房; 受污染的河流; 墓地; 废弃建筑; 机场
zh,place,sadness,shuffled_emotion,single_word,neutral_centroid,bielik_1_5b_v3,mmlw_roberta_large,10,4,0.25,0.4,-0.4086124401913876,5.5,公园; 厨房; 墓地; 机场
zh,place,sadness,shuffled_emotion,single_word,neutral_centroid,bielik_1_5b_v3,qwen3_embedding_8b,10,4,0.25,0.4,-0.26570972886762356,1.75,公园; 受污染的河流; 墓地; 机场
zh,place,sadness,shuffled_emotion,single_word,neutral_centroid,gemini,mmlw_roberta_large,10,4,0.25,0.4,-0.6893141945773524,2.0,办公室; 厨房; 墓地; 机场
zh,place,sadness,shuffled_emotion,single_word,neutral_centroid,gemini,qwen3_embedding_8b,10,5,0.3333333333333333,0.5,-0.5818181818181818,5.0,受污染的河流; 墓地; 机场; 牢房; 肮脏的小巷
zh,place,sadness,shuffled_emotion,single_word,neutral_centroid,mmlw_roberta_large,qwen3_embedding_8b,10,7,0.5384615384615384,0.7,0.31717171717171705,2.7142857142857144,公园; 医院; 图书馆; 墓地; 学校; 家; 机场
zh,situation,anger,emotion,centroid_phrases,neutral_centroid,bielik_1_5b_v3,gemini,10,3,0.17647058823529413,0.3,-0.6130681818181818,5.333333333333333,尴尬的沉默; 惊喜; 收到情书
zh,situation,anger,emotion,centroid_phrases,neutral_centroid,bielik_1_5b_v3,mmlw_roberta_large,10,3,0.17647058823529413,0.3,-0.5647727272727272,1.6666666666666667,家庭晚餐; 尴尬的沉默; 惊喜
zh,situation,anger,emotion,centroid_phrases,neutral_centroid,bielik_1_5b_v3,qwen3_embedding_8b,10,4,0.25,0.4,-0.28102073365231256,3.0,听到好消息; 尴尬的沉默; 惊喜; 收到情书
zh,situation,anger,emotion,centroid_phrases,neutral_centroid,gemini,mmlw_roberta_large,10,5,0.3333333333333333,0.5,-0.003636363636363627,1.6,争吵; 事故; 失败; 尴尬的沉默; 惊喜
zh,situation,anger,emotion,centroid_phrases,neutral_centroid,gemini,qwen3_embedding_8b,10,9,0.8181818181818182,0.9,0.4272727272727273,2.3333333333333335,争吵; 事故; 失败; 尴尬的沉默; 惊喜; 收到情书; 看到伤口; 被忽视; 被背叛
zh,situation,anger,emotion,centroid_phrases,neutral_centroid,mmlw_roberta_large,qwen3_embedding_8b,10,5,0.3333333333333333,0.5,0.007272727272727349,2.0,争吵; 事故; 失败; 尴尬的沉默; 惊喜
zh,situation,anger,emotion,single_word,neutral_centroid,bielik_1_5b_v3,gemini,10,2,0.1111111111111111,0.2,-0.3229193341869397,3.5,事故; 惊喜
zh,situation,anger,emotion,single_word,neutral_centroid,bielik_1_5b_v3,mmlw_roberta_large,10,4,0.25,0.4,-0.06666666666666667,3.0,事故; 家庭晚餐; 惊喜; 派对
zh,situation,anger,emotion,single_word,neutral_centroid,bielik_1_5b_v3,qwen3_embedding_8b,10,2,0.1111111111111111,0.2,-0.20307298335467336,3.0,事故; 惊喜
zh,situation,anger,emotion,single_word,neutral_centroid,gemini,mmlw_roberta_large,10,6,0.42857142857142855,0.6,0.13572938689217756,0.5,丢失的钱包; 争吵; 事故; 失败; 尴尬的沉默; 惊喜
zh,situation,anger,emotion,single_word,neutral_centroid,gemini,qwen3_embedding_8b,10,8,0.6666666666666666,0.8,0.9172413793103452,1.0,争吵; 事故; 失败; 尴尬的沉默; 惊喜; 看到伤口; 被忽视; 被背叛
zh,situation,anger,emotion,single_word,neutral_centroid,mmlw_roberta_large,qwen3_embedding_8b,10,6,0.42857142857142855,0.6,0.30147991543340374,1.6666666666666667,争吵; 事故; 失败; 尴尬的沉默; 庆祝; 惊喜
zh,situation,anger,identity,centroid_phrases,neutral_centroid,bielik_1_5b_v3,gemini,10,5,0.3333333333333333,0.5,-0.2763636363636362,2.6,事故; 惊喜; 求职面试; 等待检查结果; 被背叛
zh,situation,anger,identity,centroid_phrases,neutral_centroid,bielik_1_5b_v3,mmlw_roberta_large,10,5,0.3333333333333333,0.5,0.1490909090909091,2.4,事故; 家庭晚餐; 庆祝; 惊喜; 派对
zh,situation,anger,identity,centroid_phrases,neutral_centroid,bielik_1_5b_v3,qwen3_embedding_8b,10,5,0.3333333333333333,0.5,-0.3309090909090908,3.4,事故; 收到情书; 求职面试; 等待检查结果; 被背叛
zh,situation,anger,identity,centroid_phrases,neutral_centroid,gemini,mmlw_roberta_large,10,5,0.3333333333333333,0.5,0.09999999999999998,2.2,争吵; 事故; 失败; 尴尬的沉默; 惊喜
zh,situation,anger,identity,centroid_phrases,neutral_centroid,gemini,qwen3_embedding_8b,10,7,0.5384615384615384,0.7,-0.08333333333333336,2.2857142857142856,事故; 失败; 求职面试; 看到伤口; 等待检查结果; 被忽视; 被背叛
zh,situation,anger,identity,centroid_phrases,neutral_centroid,mmlw_roberta_large,qwen3_embedding_8b,10,2,0.1111111111111111,0.2,-0.2399487836107554,1.0,事故; 失败
zh,situation,anger,identity,single_word,neutral_centroid,bielik_1_5b_v3,gemini,10,5,0.3333333333333333,0.5,-0.2763636363636362,2.6,事故; 惊喜; 求职面试; 等待检查结果; 被背叛
zh,situation,anger,identity,single_word,neutral_centroid,bielik_1_5b_v3,mmlw_roberta_large,10,5,0.3333333333333333,0.5,0.1490909090909091,2.4,事故; 家庭晚餐; 庆祝; 惊喜; 派对
zh,situation,anger,identity,single_word,neutral_centroid,bielik_1_5b_v3,qwen3_embedding_8b,10,5,0.3333333333333333,0.5,-0.3309090909090908,3.4,事故; 收到情书; 求职面试; 等待检查结果; 被背叛
zh,situation,anger,identity,single_word,neutral_centroid,gemini,mmlw_roberta_large,10,5,0.3333333333333333,0.5,0.09999999999999998,2.2,争吵; 事故; 失败; 尴尬的沉默; 惊喜
zh,situation,anger,identity,single_word,neutral_centroid,gemini,qwen3_embedding_8b,10,7,0.5384615384615384,0.7,-0.08333333333333336,2.2857142857142856,事故; 失败; 求职面试; 看到伤口; 等待检查结果; 被忽视; 被背叛
zh,situation,anger,identity,single_word,neutral_centroid,mmlw_roberta_large,qwen3_embedding_8b,10,2,0.1111111111111111,0.2,-0.2399487836107554,1.0,事故; 失败
zh,situation,anger,random,centroid_phrases,neutral_centroid,bielik_1_5b_v3,gemini,10,5,0.3333333333333333,0.5,-0.19999999999999996,3.2,事故; 惊喜; 收到情书; 求职面试; 等待检查结果
zh,situation,anger,random,centroid_phrases,neutral_centroid,bielik_1_5b_v3,mmlw_roberta_large,10,5,0.3333333333333333,0.5,0.17090909090909093,2.8,事故; 家庭晚餐; 庆祝; 惊喜; 派对
zh,situation,anger,random,centroid_phrases,neutral_centroid,bielik_1_5b_v3,qwen3_embedding_8b,10,4,0.25,0.4,-0.6076555023923444,4.75,事故; 收到情书; 求职面试; 等待检查结果
zh,situation,anger,random,centroid_phrases,neutral_centroid,gemini,mmlw_roberta_large,10,4,0.25,0.4,-0.07687400318979265,3.5,争吵; 事故; 尴尬的沉默; 惊喜
zh,situation,anger,random,centroid_phrases,neutral_centroid,gemini,qwen3_embedding_8b,10,6,0.42857142857142855,0.6,-0.05961945031712469,2.0,争吵; 事故; 收到情书; 求职面试; 等待检查结果; 被忽视
zh,situation,anger,random,centroid_phrases,neutral_centroid,mmlw_roberta_large,qwen3_embedding_8b,10,3,0.17647058823529413,0.3,-0.1832386363636363,3.3333333333333335,争吵; 事故; 失败
zh,situation,anger,random,single_word,neutral_centroid,bielik_1_5b_v3,gemini,10,5,0.3333333333333333,0.5,-0.19999999999999996,3.2,事故; 惊喜; 收到情书; 求职面试; 等待检查结果
zh,situation,anger,random,single_word,neutral_centroid,bielik_1_5b_v3,mmlw_roberta_large,10,5,0.3333333333333333,0.5,0.17090909090909093,2.8,事故; 家庭晚餐; 庆祝; 惊喜; 派对
zh,situation,anger,random,single_word,neutral_centroid,bielik_1_5b_v3,qwen3_embedding_8b,10,4,0.25,0.4,-0.6076555023923444,4.75,事故; 收到情书; 求职面试; 等待检查结果
zh,situation,anger,random,single_word,neutral_centroid,gemini,mmlw_roberta_large,10,4,0.25,0.4,-0.07687400318979265,3.5,争吵; 事故; 尴尬的沉默; 惊喜
zh,situation,anger,random,single_word,neutral_centroid,gemini,qwen3_embedding_8b,10,6,0.42857142857142855,0.6,-0.05961945031712469,2.0,争吵; 事故; 收到情书; 求职面试; 等待检查结果; 被忽视
zh,situation,anger,random,single_word,neutral_centroid,mmlw_roberta_large,qwen3_embedding_8b,10,3,0.17647058823529413,0.3,-0.1832386363636363,3.3333333333333335,争吵; 事故; 失败
zh,situation,anger,shuffled_emotion,centroid_phrases,neutral_centroid,bielik_1_5b_v3,gemini,10,2,0.1111111111111111,0.2,-0.6087067861715749,7.0,尴尬的沉默; 收到情书
zh,situation,anger,shuffled_emotion,centroid_phrases,neutral_centroid,bielik_1_5b_v3,mmlw_roberta_large,10,3,0.17647058823529413,0.3,-0.5744318181818181,2.3333333333333335,家庭晚餐; 尴尬的沉默; 惊喜
zh,situation,anger,shuffled_emotion,centroid_phrases,neutral_centroid,bielik_1_5b_v3,qwen3_embedding_8b,10,4,0.25,0.4,-0.5668261562998406,4.75,听到好消息; 尴尬的沉默; 惊喜; 收到情书
zh,situation,anger,shuffled_emotion,centroid_phrases,neutral_centroid,gemini,mmlw_roberta_large,10,4,0.25,0.4,-0.3575757575757576,2.75,丢失的钱包; 事故; 失败; 尴尬的沉默
zh,situation,anger,shuffled_emotion,centroid_phrases,neutral_centroid,gemini,qwen3_embedding_8b,10,8,0.6666666666666666,0.8,0.6539184952978053,2.0,事故; 失败; 尴尬的沉默; 收到情书; 看到伤口; 被忽视; 被背叛; 错过火车
zh,situation,anger,shuffled_emotion,centroid_phrases,neutral_centroid,mmlw_roberta_large,qwen3_embedding_8b,10,4,0.25,0.4,-0.30143540669856456,1.5,事故; 失败; 尴尬的沉默; 惊喜
zh,situation,anger,shuffled_emotion,single_word,neutral_centroid,bielik_1_5b_v3,gemini,10,3,0.17647058823529413,0.3,-0.3426136363636364,3.3333333333333335,事故; 葬礼; 被背叛
zh,situation,anger,shuffled_emotion,single_word,neutral_centroid,bielik_1_5b_v3,mmlw_roberta_large,10,3,0.17647058823529413,0.3,0.03892045454545457,2.6666666666666665,事故; 惊喜; 派对
zh,situation,anger,shuffled_emotion,single_word,neutral_centroid,bielik_1_5b_v3,qwen3_embedding_8b,10,4,0.25,0.4,-0.07177033492822965,4.0,事故; 惊喜; 葬礼; 被背叛
zh,situation,anger,shuffled_emotion,single_word,neutral_centroid,gemini,mmlw_roberta_large,10,5,0.3333333333333333,0.5,-0.09090909090909086,2.2,丢失的钱包; 争吵; 事故; 失败; 尴尬的沉默
zh,situation,anger,shuffled_emotion,single_word,neutral_centroid,gemini,qwen3_embedding_8b,10,9,0.8181818181818182,0.9,0.7363636363636363,1.2222222222222223,争吵; 事故; 失败; 尴尬的沉默; 看到伤口; 葬礼; 被忽视; 被背叛; 错过火车
zh,situation,anger,shuffled_emotion,single_word,neutral_centroid,mmlw_roberta_large,qwen3_embedding_8b,10,5,0.3333333333333333,0.5,0.02909090909090908,1.8,争吵; 事故; 失败; 尴尬的沉默; 惊喜
zh,situation,disgust,emotion,centroid_phrases,neutral_centroid,bielik_1_5b_v3,gemini,10,3,0.17647058823529413,0.3,-0.6034090909090908,5.666666666666667,在食物中发现霉菌; 尴尬的沉默; 收到情书
zh,situation,disgust,emotion,centroid_phrases,neutral_centroid,bielik_1_5b_v3,mmlw_roberta_large,10,3,0.17647058823529413,0.3,-0.5744318181818181,2.3333333333333335,家庭晚餐; 尴尬的沉默; 惊喜
zh,situation,disgust,emotion,centroid_phrases,neutral_centroid,bielik_1_5b_v3,qwen3_embedding_8b,10,5,0.3333333333333333,0.5,-0.4945454545454544,4.0,听到好消息; 在食物中发现霉菌; 尴尬的沉默; 惊喜; 收到情书
zh,situation,disgust,emotion,centroid_phrases,neutral_centroid,gemini,mmlw_roberta_large,10,4,0.25,0.4,-0.14322169059011164,3.75,争吵; 事故; 失败; 尴尬的沉默
zh,situation,disgust,emotion,centroid_phrases,neutral_centroid,gemini,qwen3_embedding_8b,10,8,0.6666666666666666,0.8,0.28526645768025083,2.5,争吵; 事故; 在食物中发现霉菌; 尴尬的沉默; 收到情书; 看到伤口; 被忽视; 被背叛
zh,situation,disgust,emotion,centroid_phrases,neutral_centroid,mmlw_roberta_large,qwen3_embedding_8b,10,4,0.25,0.4,-0.16874003189792663,1.5,争吵; 事故; 尴尬的沉默; 惊喜
zh,situation,disgust,emotion,single_word,neutral_centroid,bielik_1_5b_v3,gemini,10,2,0.1111111111111111,0.2,-0.49807938540332886,4.0,尴尬的沉默; 惊喜
zh,situation,disgust,emotion,single_word,neutral_centroid,bielik_1_5b_v3,mmlw_roberta_large,10,5,0.3333333333333333,0.5,-0.21090909090909085,3.0,家庭晚餐; 尴尬的沉默; 庆祝; 惊喜; 派对
zh,situation,disgust,emotion,single_word,neutral_centroid,bielik_1_5b_v3,qwen3_embedding_8b,10,3,0.17647058823529413,0.3,-0.4198863636363636,3.3333333333333335,尴尬的沉默; 惊喜; 等待检查结果
zh,situation,disgust,emotion,single_word,neutral_centroid,gemini,mmlw_roberta_large,10,5,0.3333333333333333,0.5,0.05636363636363639,2.4,争吵; 事故; 失败; 尴尬的沉默; 惊喜
zh,situation,disgust,emotion,single_word,neutral_centroid,gemini,qwen3_embedding_8b,10,8,0.6666666666666666,0.8,0.6313479623824454,3.0,争吵; 事故; 失败; 尴尬的沉默; 惊喜; 看到伤口; 被忽视; 被背叛
zh,situation,disgust,emotion,single_word,neutral_centroid,mmlw_roberta_large,qwen3_embedding_8b,10,5,0.3333333333333333,0.5,0.19272727272727283,0.8,争吵; 事故; 失败; 尴尬的沉默; 惊喜
zh,situation,disgust,identity,centroid_phrases,neutral_centroid,bielik_1_5b_v3,gemini,10,5,0.3333333333333333,0.5,-0.2763636363636362,2.6,事故; 惊喜; 求职面试; 等待检查结果; 被背叛
zh,situation,disgust,identity,centroid_phrases,neutral_centroid,bielik_1_5b_v3,mmlw_roberta_large,10,5,0.3333333333333333,0.5,0.1490909090909091,2.4,事故; 家庭晚餐; 庆祝; 惊喜; 派对
zh,situation,disgust,identity,centroid_phrases,neutral_centroid,bielik_1_5b_v3,qwen3_embedding_8b,10,5,0.3333333333333333,0.5,-0.3309090909090908,3.4,事故; 收到情书; 求职面试; 等待检查结果; 被背叛
zh,situation,disgust,identity,centroid_phrases,neutral_centroid,gemini,mmlw_roberta_large,10,5,0.3333333333333333,0.5,0.09999999999999998,2.2,争吵; 事故; 失败; 尴尬的沉默; 惊喜
zh,situation,disgust,identity,centroid_phrases,neutral_centroid,gemini,qwen3_embedding_8b,10,7,0.5384615384615384,0.7,-0.08333333333333336,2.2857142857142856,事故; 失败; 求职面试; 看到伤口; 等待检查结果; 被忽视; 被背叛
zh,situation,disgust,identity,centroid_phrases,neutral_centroid,mmlw_roberta_large,qwen3_embedding_8b,10,2,0.1111111111111111,0.2,-0.2399487836107554,1.0,事故; 失败
zh,situation,disgust,identity,single_word,neutral_centroid,bielik_1_5b_v3,gemini,10,5,0.3333333333333333,0.5,-0.2763636363636362,2.6,事故; 惊喜; 求职面试; 等待检查结果; 被背叛
zh,situation,disgust,identity,single_word,neutral_centroid,bielik_1_5b_v3,mmlw_roberta_large,10,5,0.3333333333333333,0.5,0.1490909090909091,2.4,事故; 家庭晚餐; 庆祝; 惊喜; 派对
zh,situation,disgust,identity,single_word,neutral_centroid,bielik_1_5b_v3,qwen3_embedding_8b,10,5,0.3333333333333333,0.5,-0.3309090909090908,3.4,事故; 收到情书; 求职面试; 等待检查结果; 被背叛
zh,situation,disgust,identity,single_word,neutral_centroid,gemini,mmlw_roberta_large,10,5,0.3333333333333333,0.5,0.09999999999999998,2.2,争吵; 事故; 失败; 尴尬的沉默; 惊喜
zh,situation,disgust,identity,single_word,neutral_centroid,gemini,qwen3_embedding_8b,10,7,0.5384615384615384,0.7,-0.08333333333333336,2.2857142857142856,事故; 失败; 求职面试; 看到伤口; 等待检查结果; 被忽视; 被背叛
zh,situation,disgust,identity,single_word,neutral_centroid,mmlw_roberta_large,qwen3_embedding_8b,10,2,0.1111111111111111,0.2,-0.2399487836107554,1.0,事故; 失败
zh,situation,disgust,random,centroid_phrases,neutral_centroid,bielik_1_5b_v3,gemini,10,5,0.3333333333333333,0.5,-0.39636363636363636,3.4,争吵; 事故; 惊喜; 求职面试; 被背叛
zh,situation,disgust,random,centroid_phrases,neutral_centroid,bielik_1_5b_v3,mmlw_roberta_large,10,5,0.3333333333333333,0.5,-0.009090909090909118,4.0,丢失的钱包; 争吵; 事故; 惊喜; 派对
zh,situation,disgust,random,centroid_phrases,neutral_centroid,bielik_1_5b_v3,qwen3_embedding_8b,10,3,0.17647058823529413,0.3,-0.42954545454545456,1.6666666666666667,丢失的钱包; 事故; 被背叛
zh,situation,disgust,random,centroid_phrases,neutral_centroid,gemini,mmlw_roberta_large,10,5,0.3333333333333333,0.5,0.09999999999999999,2.0,争吵; 事故; 失败; 尴尬的沉默; 惊喜
zh,situation,disgust,random,centroid_phrases,neutral_centroid,gemini,qwen3_embedding_8b,10,6,0.42857142857142855,0.6,0.06469344608879493,2.8333333333333335,事故; 失败; 看到伤口; 考试结果; 被忽视; 被背叛
zh,situation,disgust,random,centroid_phrases,neutral_centroid,mmlw_roberta_large,qwen3_embedding_8b,10,3,0.17647058823529413,0.3,-0.28465909090909086,1.3333333333333333,丢失的钱包; 事故; 失败
zh,situation,disgust,random,single_word,neutral_centroid,bielik_1_5b_v3,gemini,10,5,0.3333333333333333,0.5,-0.39636363636363636,3.4,争吵; 事故; 惊喜; 求职面试; 被背叛
zh,situation,disgust,random,single_word,neutral_centroid,bielik_1_5b_v3,mmlw_roberta_large,10,5,0.3333333333333333,0.5,-0.009090909090909118,4.0,丢失的钱包; 争吵; 事故; 惊喜; 派对
zh,situation,disgust,random,single_word,neutral_centroid,bielik_1_5b_v3,qwen3_embedding_8b,10,3,0.17647058823529413,0.3,-0.42954545454545456,1.6666666666666667,丢失的钱包; 事故; 被背叛
zh,situation,disgust,random,single_word,neutral_centroid,gemini,mmlw_roberta_large,10,5,0.3333333333333333,0.5,0.09999999999999999,2.0,争吵; 事故; 失败; 尴尬的沉默; 惊喜
zh,situation,disgust,random,single_word,neutral_centroid,gemini,qwen3_embedding_8b,10,6,0.42857142857142855,0.6,0.06469344608879493,2.8333333333333335,事故; 失败; 看到伤口; 考试结果; 被忽视; 被背叛
zh,situation,disgust,random,single_word,neutral_centroid,mmlw_roberta_large,qwen3_embedding_8b,10,3,0.17647058823529413,0.3,-0.28465909090909086,1.3333333333333333,丢失的钱包; 事故; 失败
zh,situation,disgust,shuffled_emotion,centroid_phrases,neutral_centroid,bielik_1_5b_v3,gemini,10,4,0.25,0.4,0.17830940988835722,2.0,听到好消息; 惊喜; 收到情书; 赢得奖品
zh,situation,disgust,shuffled_emotion,centroid_phrases,neutral_centroid,bielik_1_5b_v3,mmlw_roberta_large,10,3,0.17647058823529413,0.3,-0.5840909090909092,3.0,家庭晚餐; 尴尬的沉默; 惊喜
zh,situation,disgust,shuffled_emotion,centroid_phrases,neutral_centroid,bielik_1_5b_v3,qwen3_embedding_8b,10,4,0.25,0.4,0.29059011164274323,1.75,听到好消息; 惊喜; 收到情书; 赢得奖品
zh,situation,disgust,shuffled_emotion,centroid_phrases,neutral_centroid,gemini,mmlw_roberta_large,10,3,0.17647058823529413,0.3,-0.2556818181818181,2.3333333333333335,失败; 庆祝; 惊喜
zh,situation,disgust,shuffled_emotion,centroid_phrases,neutral_centroid,gemini,qwen3_embedding_8b,10,7,0.5384615384615384,0.7,0.606060606060606,1.7142857142857142,听到好消息; 庆祝; 惊喜; 收到情书; 看到伤口; 见到老朋友; 赢得奖品
zh,situation,disgust,shuffled_emotion,centroid_phrases,neutral_centroid,mmlw_roberta_large,qwen3_embedding_8b,10,3,0.17647058823529413,0.3,-0.2556818181818182,3.3333333333333335,事故; 庆祝; 惊喜
zh,situation,disgust,shuffled_emotion,single_word,neutral_centroid,bielik_1_5b_v3,gemini,10,5,0.3333333333333333,0.5,0.08909090909090907,2.2,事故; 庆祝; 惊喜; 派对; 赢得奖品
zh,situation,disgust,shuffled_emotion,single_word,neutral_centroid,bielik_1_5b_v3,mmlw_roberta_large,10,6,0.42857142857142855,0.6,0.2482029598308668,2.8333333333333335,争吵; 事故; 公开演讲; 庆祝; 惊喜; 派对
zh,situation,disgust,shuffled_emotion,single_word,neutral_centroid,bielik_1_5b_v3,qwen3_embedding_8b,10,6,0.42857142857142855,0.6,0.2718816067653277,1.8333333333333333,事故; 庆祝; 惊喜; 收到情书; 派对; 赢得奖品
zh,situation,disgust,shuffled_emotion,single_word,neutral_centroid,gemini,mmlw_roberta_large,10,5,0.3333333333333333,0.5,0.20909090909090913,3.0,事故; 失败; 庆祝; 惊喜; 派对
zh,situation,disgust,shuffled_emotion,single_word,neutral_centroid,gemini,qwen3_embedding_8b,10,7,0.5384615384615384,0.7,0.43535353535353527,1.7142857142857142,事故; 听到好消息; 失败; 庆祝; 惊喜; 派对; 赢得奖品
zh,situation,disgust,shuffled_emotion,single_word,neutral_centroid,mmlw_roberta_large,qwen3_embedding_8b,10,5,0.3333333333333333,0.5,-0.07454545454545453,4.0,事故; 失败; 庆祝; 惊喜; 派对
zh,situation,joy,emotion,centroid_phrases,neutral_centroid,bielik_1_5b_v3,gemini,10,4,0.25,0.4,0.17830940988835722,2.0,听到好消息; 惊喜; 收到情书; 赢得奖品
zh,situation,joy,emotion,centroid_phrases,neutral_centroid,bielik_1_5b_v3,mmlw_roberta_large,10,3,0.17647058823529413,0.3,-0.5840909090909092,3.0,家庭晚餐; 尴尬的沉默; 惊喜
zh,situation,joy,emotion,centroid_phrases,neutral_centroid,bielik_1_5b_v3,qwen3_embedding_8b,10,4,0.25,0.4,0.29059011164274323,1.75,听到好消息; 惊喜; 收到情书; 赢得奖品
zh,situation,joy,emotion,centroid_phrases,neutral_centroid,gemini,mmlw_roberta_large,10,3,0.17647058823529413,0.3,-0.2556818181818181,2.3333333333333335,失败; 庆祝; 惊喜
zh,situation,joy,emotion,centroid_phrases,neutral_centroid,gemini,qwen3_embedding_8b,10,7,0.5384615384615384,0.7,0.606060606060606,1.7142857142857142,听到好消息; 庆祝; 惊喜; 收到情书; 看到伤口; 见到老朋友; 赢得奖品
zh,situation,joy,emotion,centroid_phrases,neutral_centroid,mmlw_roberta_large,qwen3_embedding_8b,10,3,0.17647058823529413,0.3,-0.2556818181818182,3.3333333333333335,事故; 庆祝; 惊喜
zh,situation,joy,emotion,single_word,neutral_centroid,bielik_1_5b_v3,gemini,10,5,0.3333333333333333,0.5,0.08909090909090907,2.2,事故; 庆祝; 惊喜; 派对; 赢得奖品
zh,situation,joy,emotion,single_word,neutral_centroid,bielik_1_5b_v3,mmlw_roberta_large,10,6,0.42857142857142855,0.6,0.2482029598308668,2.8333333333333335,争吵; 事故; 公开演讲; 庆祝; 惊喜; 派对
zh,situation,joy,emotion,single_word,neutral_centroid,bielik_1_5b_v3,qwen3_embedding_8b,10,6,0.42857142857142855,0.6,0.2718816067653277,1.8333333333333333,事故; 庆祝; 惊喜; 收到情书; 派对; 赢得奖品
zh,situation,joy,emotion,single_word,neutral_centroid,gemini,mmlw_roberta_large,10,5,0.3333333333333333,0.5,0.20909090909090913,3.0,事故; 失败; 庆祝; 惊喜; 派对
zh,situation,joy,emotion,single_word,neutral_centroid,gemini,qwen3_embedding_8b,10,7,0.5384615384615384,0.7,0.43535353535353527,1.7142857142857142,事故; 听到好消息; 失败; 庆祝; 惊喜; 派对; 赢得奖品
zh,situation,joy,emotion,single_word,neutral_centroid,mmlw_roberta_large,qwen3_embedding_8b,10,5,0.3333333333333333,0.5,-0.07454545454545453,4.0,事故; 失败; 庆祝; 惊喜; 派对
zh,situation,joy,identity,centroid_phrases,neutral_centroid,bielik_1_5b_v3,gemini,10,5,0.3333333333333333,0.5,-0.2763636363636362,2.6,事故; 惊喜; 求职面试; 等待检查结果; 被背叛
zh,situation,joy,identity,centroid_phrases,neutral_centroid,bielik_1_5b_v3,mmlw_roberta_large,10,5,0.3333333333333333,0.5,0.1490909090909091,2.4,事故; 家庭晚餐; 庆祝; 惊喜; 派对
zh,situation,joy,identity,centroid_phrases,neutral_centroid,bielik_1_5b_v3,qwen3_embedding_8b,10,5,0.3333333333333333,0.5,-0.3309090909090908,3.4,事故; 收到情书; 求职面试; 等待检查结果; 被背叛
zh,situation,joy,identity,centroid_phrases,neutral_centroid,gemini,mmlw_roberta_large,10,5,0.3333333333333333,0.5,0.09999999999999998,2.2,争吵; 事故; 失败; 尴尬的沉默; 惊喜
zh,situation,joy,identity,centroid_phrases,neutral_centroid,gemini,qwen3_embedding_8b,10,7,0.5384615384615384,0.7,-0.08333333333333336,2.2857142857142856,事故; 失败; 求职面试; 看到伤口; 等待检查结果; 被忽视; 被背叛
zh,situation,joy,identity,centroid_phrases,neutral_centroid,mmlw_roberta_large,qwen3_embedding_8b,10,2,0.1111111111111111,0.2,-0.2399487836107554,1.0,事故; 失败
zh,situation,joy,identity,single_word,neutral_centroid,bielik_1_5b_v3,gemini,10,5,0.3333333333333333,0.5,-0.2763636363636362,2.6,事故; 惊喜; 求职面试; 等待检查结果; 被背叛
zh,situation,joy,identity,single_word,neutral_centroid,bielik_1_5b_v3,mmlw_roberta_large,10,5,0.3333333333333333,0.5,0.1490909090909091,2.4,事故; 家庭晚餐; 庆祝; 惊喜; 派对
zh,situation,joy,identity,single_word,neutral_centroid,bielik_1_5b_v3,qwen3_embedding_8b,10,5,0.3333333333333333,0.5,-0.3309090909090908,3.4,事故; 收到情书; 求职面试; 等待检查结果; 被背叛
zh,situation,joy,identity,single_word,neutral_centroid,gemini,mmlw_roberta_large,10,5,0.3333333333333333,0.5,0.09999999999999998,2.2,争吵; 事故; 失败; 尴尬的沉默; 惊喜
zh,situation,joy,identity,single_word,neutral_centroid,gemini,qwen3_embedding_8b,10,7,0.5384615384615384,0.7,-0.08333333333333336,2.2857142857142856,事故; 失败; 求职面试; 看到伤口; 等待检查结果; 被忽视; 被背叛
zh,situation,joy,identity,single_word,neutral_centroid,mmlw_roberta_large,qwen3_embedding_8b,10,2,0.1111111111111111,0.2,-0.2399487836107554,1.0,事故; 失败
zh,situation,joy,random,centroid_phrases,neutral_centroid,bielik_1_5b_v3,gemini,10,5,0.3333333333333333,0.5,-0.17818181818181816,2.8,事故; 惊喜; 求职面试; 等待检查结果; 被背叛
zh,situation,joy,random,centroid_phrases,neutral_centroid,bielik_1_5b_v3,mmlw_roberta_large,10,4,0.25,0.4,0.014992025518341305,2.25,事故; 家庭晚餐; 惊喜; 派对
zh,situation,joy,random,centroid_phrases,neutral_centroid,bielik_1_5b_v3,qwen3_embedding_8b,10,4,0.25,0.4,-0.1534290271132376,3.25,事故; 收到情书; 求职面试; 等待检查结果
zh,situation,joy,random,centroid_phrases,neutral_centroid,gemini,mmlw_roberta_large,10,5,0.3333333333333333,0.5,-0.009090909090909061,2.2,事故; 失败; 尴尬的沉默; 庆祝; 惊喜
zh,situation,joy,random,centroid_phrases,neutral_centroid,gemini,qwen3_embedding_8b,10,6,0.42857142857142855,0.6,0.1416490486257928,2.3333333333333335,事故; 失败; 求职面试; 看到伤口; 等待检查结果; 被忽视
zh,situation,joy,random,centroid_phrases,neutral_centroid,mmlw_roberta_large,qwen3_embedding_8b,10,3,0.17647058823529413,0.3,-0.32329545454545455,1.0,丢失的钱包; 事故; 失败
zh,situation,joy,random,single_word,neutral_centroid,bielik_1_5b_v3,gemini,10,5,0.3333333333333333,0.5,-0.17818181818181816,2.8,事故; 惊喜; 求职面试; 等待检查结果; 被背叛
zh,situation,joy,random,single_word,neutral_centroid,bielik_1_5b_v3,mmlw_roberta_large,10,4,0.25,0.4,0.014992025518341305,2.25,事故; 家庭晚餐; 惊喜; 派对
zh,situation,joy,random,single_word,neutral_centroid,bielik_1_5b_v3,qwen3_embedding_8b,10,4,0.25,0.4,-0.1534290271132376,3.25,事故; 收到情书; 求职面试; 等待检查结果
zh,situation,joy,random,single_word,neutral_centroid,gemini,mmlw_roberta_large,10,5,0.3333333333333333,0.5,-0.009090909090909061,2.2,事故; 失败; 尴尬的沉默; 庆祝; 惊喜
zh,situation,joy,random,single_word,neutral_centroid,gemini,qwen3_embedding_8b,10,6,0.42857142857142855,0.6,0.1416490486257928,2.3333333333333335,事故; 失败; 求职面试; 看到伤口; 等待检查结果; 被忽视
zh,situation,joy,random,single_word,neutral_centroid,mmlw_roberta_large,qwen3_embedding_8b,10,3,0.17647058823529413,0.3,-0.32329545454545455,1.0,丢失的钱包; 事故; 失败
zh,situation,joy,shuffled_emotion,centroid_phrases,neutral_centroid,bielik_1_5b_v3,gemini,10,3,0.17647058823529413,0.3,-0.6130681818181818,5.333333333333333,尴尬的沉默; 惊喜; 收到情书
zh,situation,joy,shuffled_emotion,centroid_phrases,neutral_centroid,bielik_1_5b_v3,mmlw_roberta_large,10,3,0.17647058823529413,0.3,-0.5647727272727272,1.6666666666666667,家庭晚餐; 尴尬的沉默; 惊喜
zh,situation,joy,shuffled_emotion,centroid_phrases,neutral_centroid,bielik_1_5b_v3,qwen3_embedding_8b,10,4,0.25,0.4,-0.28102073365231256,3.0,听到好消息; 尴尬的沉默; 惊喜; 收到情书
zh,situation,joy,shuffled_emotion,centroid_phrases,neutral_centroid,gemini,mmlw_roberta_large,10,5,0.3333333333333333,0.5,-0.003636363636363627,1.6,争吵; 事故; 失败; 尴尬的沉默; 惊喜
zh,situation,joy,shuffled_emotion,centroid_phrases,neutral_centroid,gemini,qwen3_embedding_8b,10,9,0.8181818181818182,0.9,0.4272727272727273,2.3333333333333335,争吵; 事故; 失败; 尴尬的沉默; 惊喜; 收到情书; 看到伤口; 被忽视; 被背叛
zh,situation,joy,shuffled_emotion,centroid_phrases,neutral_centroid,mmlw_roberta_large,qwen3_embedding_8b,10,5,0.3333333333333333,0.5,0.007272727272727349,2.0,争吵; 事故; 失败; 尴尬的沉默; 惊喜
zh,situation,joy,shuffled_emotion,single_word,neutral_centroid,bielik_1_5b_v3,gemini,10,2,0.1111111111111111,0.2,-0.3229193341869397,3.5,事故; 惊喜
zh,situation,joy,shuffled_emotion,single_word,neutral_centroid,bielik_1_5b_v3,mmlw_roberta_large,10,4,0.25,0.4,-0.06666666666666667,3.0,事故; 家庭晚餐; 惊喜; 派对
zh,situation,joy,shuffled_emotion,single_word,neutral_centroid,bielik_1_5b_v3,qwen3_embedding_8b,10,2,0.1111111111111111,0.2,-0.20307298335467336,3.0,事故; 惊喜
zh,situation,joy,shuffled_emotion,single_word,neutral_centroid,gemini,mmlw_roberta_large,10,6,0.42857142857142855,0.6,0.13572938689217756,0.5,丢失的钱包; 争吵; 事故; 失败; 尴尬的沉默; 惊喜
zh,situation,joy,shuffled_emotion,single_word,neutral_centroid,gemini,qwen3_embedding_8b,10,8,0.6666666666666666,0.8,0.9172413793103452,1.0,争吵; 事故; 失败; 尴尬的沉默; 惊喜; 看到伤口; 被忽视; 被背叛
zh,situation,joy,shuffled_emotion,single_word,neutral_centroid,mmlw_roberta_large,qwen3_embedding_8b,10,6,0.42857142857142855,0.6,0.30147991543340374,1.6666666666666667,争吵; 事故; 失败; 尴尬的沉默; 庆祝; 惊喜
zh,situation,sadness,emotion,centroid_phrases,neutral_centroid,bielik_1_5b_v3,gemini,10,2,0.1111111111111111,0.2,-0.6087067861715749,7.0,尴尬的沉默; 收到情书
zh,situation,sadness,emotion,centroid_phrases,neutral_centroid,bielik_1_5b_v3,mmlw_roberta_large,10,3,0.17647058823529413,0.3,-0.5744318181818181,2.3333333333333335,家庭晚餐; 尴尬的沉默; 惊喜
zh,situation,sadness,emotion,centroid_phrases,neutral_centroid,bielik_1_5b_v3,qwen3_embedding_8b,10,4,0.25,0.4,-0.5668261562998406,4.75,听到好消息; 尴尬的沉默; 惊喜; 收到情书
zh,situation,sadness,emotion,centroid_phrases,neutral_centroid,gemini,mmlw_roberta_large,10,4,0.25,0.4,-0.3575757575757576,2.75,丢失的钱包; 事故; 失败; 尴尬的沉默
zh,situation,sadness,emotion,centroid_phrases,neutral_centroid,gemini,qwen3_embedding_8b,10,8,0.6666666666666666,0.8,0.6539184952978053,2.0,事故; 失败; 尴尬的沉默; 收到情书; 看到伤口; 被忽视; 被背叛; 错过火车
zh,situation,sadness,emotion,centroid_phrases,neutral_centroid,mmlw_roberta_large,qwen3_embedding_8b,10,4,0.25,0.4,-0.30143540669856456,1.5,事故; 失败; 尴尬的沉默; 惊喜
zh,situation,sadness,emotion,single_word,neutral_centroid,bielik_1_5b_v3,gemini,10,3,0.17647058823529413,0.3,-0.3426136363636364,3.3333333333333335,事故; 葬礼; 被背叛
zh,situation,sadness,emotion,single_word,neutral_centroid,bielik_1_5b_v3,mmlw_roberta_large,10,3,0.17647058823529413,0.3,0.03892045454545457,2.6666666666666665,事故; 惊喜; 派对
zh,situation,sadness,emotion,single_word,neutral_centroid,bielik_1_5b_v3,qwen3_embedding_8b,10,4,0.25,0.4,-0.07177033492822965,4.0,事故; 惊喜; 葬礼; 被背叛
zh,situation,sadness,emotion,single_word,neutral_centroid,gemini,mmlw_roberta_large,10,5,0.3333333333333333,0.5,-0.09090909090909086,2.2,丢失的钱包; 争吵; 事故; 失败; 尴尬的沉默
zh,situation,sadness,emotion,single_word,neutral_centroid,gemini,qwen3_embedding_8b,10,9,0.8181818181818182,0.9,0.7363636363636363,1.2222222222222223,争吵; 事故; 失败; 尴尬的沉默; 看到伤口; 葬礼; 被忽视; 被背叛; 错过火车
zh,situation,sadness,emotion,single_word,neutral_centroid,mmlw_roberta_large,qwen3_embedding_8b,10,5,0.3333333333333333,0.5,0.02909090909090908,1.8,争吵; 事故; 失败; 尴尬的沉默; 惊喜
zh,situation,sadness,identity,centroid_phrases,neutral_centroid,bielik_1_5b_v3,gemini,10,5,0.3333333333333333,0.5,-0.2763636363636362,2.6,事故; 惊喜; 求职面试; 等待检查结果; 被背叛
zh,situation,sadness,identity,centroid_phrases,neutral_centroid,bielik_1_5b_v3,mmlw_roberta_large,10,5,0.3333333333333333,0.5,0.1490909090909091,2.4,事故; 家庭晚餐; 庆祝; 惊喜; 派对
zh,situation,sadness,identity,centroid_phrases,neutral_centroid,bielik_1_5b_v3,qwen3_embedding_8b,10,5,0.3333333333333333,0.5,-0.3309090909090908,3.4,事故; 收到情书; 求职面试; 等待检查结果; 被背叛
zh,situation,sadness,identity,centroid_phrases,neutral_centroid,gemini,mmlw_roberta_large,10,5,0.3333333333333333,0.5,0.09999999999999998,2.2,争吵; 事故; 失败; 尴尬的沉默; 惊喜
zh,situation,sadness,identity,centroid_phrases,neutral_centroid,gemini,qwen3_embedding_8b,10,7,0.5384615384615384,0.7,-0.08333333333333336,2.2857142857142856,事故; 失败; 求职面试; 看到伤口; 等待检查结果; 被忽视; 被背叛
zh,situation,sadness,identity,centroid_phrases,neutral_centroid,mmlw_roberta_large,qwen3_embedding_8b,10,2,0.1111111111111111,0.2,-0.2399487836107554,1.0,事故; 失败
zh,situation,sadness,identity,single_word,neutral_centroid,bielik_1_5b_v3,gemini,10,5,0.3333333333333333,0.5,-0.2763636363636362,2.6,事故; 惊喜; 求职面试; 等待检查结果; 被背叛
zh,situation,sadness,identity,single_word,neutral_centroid,bielik_1_5b_v3,mmlw_roberta_large,10,5,0.3333333333333333,0.5,0.1490909090909091,2.4,事故; 家庭晚餐; 庆祝; 惊喜; 派对
zh,situation,sadness,identity,single_word,neutral_centroid,bielik_1_5b_v3,qwen3_embedding_8b,10,5,0.3333333333333333,0.5,-0.3309090909090908,3.4,事故; 收到情书; 求职面试; 等待检查结果; 被背叛
zh,situation,sadness,identity,single_word,neutral_centroid,gemini,mmlw_roberta_large,10,5,0.3333333333333333,0.5,0.09999999999999998,2.2,争吵; 事故; 失败; 尴尬的沉默; 惊喜
zh,situation,sadness,identity,single_word,neutral_centroid,gemini,qwen3_embedding_8b,10,7,0.5384615384615384,0.7,-0.08333333333333336,2.2857142857142856,事故; 失败; 求职面试; 看到伤口; 等待检查结果; 被忽视; 被背叛
zh,situation,sadness,identity,single_word,neutral_centroid,mmlw_roberta_large,qwen3_embedding_8b,10,2,0.1111111111111111,0.2,-0.2399487836107554,1.0,事故; 失败
zh,situation,sadness,random,centroid_phrases,neutral_centroid,bielik_1_5b_v3,gemini,10,5,0.3333333333333333,0.5,-0.1345454545454545,3.2,事故; 惊喜; 派对; 等待检查结果; 被背叛
zh,situation,sadness,random,centroid_phrases,neutral_centroid,bielik_1_5b_v3,mmlw_roberta_large,10,3,0.17647058823529413,0.3,0.038920454545454564,2.6666666666666665,事故; 惊喜; 派对
zh,situation,sadness,random,centroid_phrases,neutral_centroid,bielik_1_5b_v3,qwen3_embedding_8b,10,3,0.17647058823529413,0.3,-0.434375,3.0,事故; 等待检查结果; 被背叛
zh,situation,sadness,random,centroid_phrases,neutral_centroid,gemini,mmlw_roberta_large,10,5,0.3333333333333333,0.5,-0.1345454545454545,3.6,事故; 失败; 尴尬的沉默; 惊喜; 派对
zh,situation,sadness,random,centroid_phrases,neutral_centroid,gemini,qwen3_embedding_8b,10,6,0.42857142857142855,0.6,0.1120507399577167,2.1666666666666665,事故; 失败; 看到伤口; 等待检查结果; 被忽视; 被背叛
zh,situation,sadness,random,centroid_phrases,neutral_centroid,mmlw_roberta_large,qwen3_embedding_8b,10,3,0.17647058823529413,0.3,-0.24602272727272725,2.3333333333333335,丢失的钱包; 事故; 失败
zh,situation,sadness,random,single_word,neutral_centroid,bielik_1_5b_v3,gemini,10,5,0.3333333333333333,0.5,-0.1345454545454545,3.2,事故; 惊喜; 派对; 等待检查结果; 被背叛
zh,situation,sadness,random,single_word,neutral_centroid,bielik_1_5b_v3,mmlw_roberta_large,10,3,0.17647058823529413,0.3,0.038920454545454564,2.6666666666666665,事故; 惊喜; 派对
zh,situation,sadness,random,single_word,neutral_centroid,bielik_1_5b_v3,qwen3_embedding_8b,10,3,0.17647058823529413,0.3,-0.434375,3.0,事故; 等待检查结果; 被背叛
zh,situation,sadness,random,single_word,neutral_centroid,gemini,mmlw_roberta_large,10,5,0.3333333333333333,0.5,-0.1345454545454545,3.6,事故; 失败; 尴尬的沉默; 惊喜; 派对
zh,situation,sadness,random,single_word,neutral_centroid,gemini,qwen3_embedding_8b,10,6,0.42857142857142855,0.6,0.1120507399577167,2.1666666666666665,事故; 失败; 看到伤口; 等待检查结果; 被忽视; 被背叛
zh,situation,sadness,random,single_word,neutral_centroid,mmlw_roberta_large,qwen3_embedding_8b,10,3,0.17647058823529413,0.3,-0.24602272727272725,2.3333333333333335,丢失的钱包; 事故; 失败
zh,situation,sadness,shuffled_emotion,centroid_phrases,neutral_centroid,bielik_1_5b_v3,gemini,10,3,0.17647058823529413,0.3,-0.6034090909090908,5.666666666666667,在食物中发现霉菌; 尴尬的沉默; 收到情书
zh,situation,sadness,shuffled_emotion,centroid_phrases,neutral_centroid,bielik_1_5b_v3,mmlw_roberta_large,10,3,0.17647058823529413,0.3,-0.5744318181818181,2.3333333333333335,家庭晚餐; 尴尬的沉默; 惊喜
zh,situation,sadness,shuffled_emotion,centroid_phrases,neutral_centroid,bielik_1_5b_v3,qwen3_embedding_8b,10,5,0.3333333333333333,0.5,-0.4945454545454544,4.0,听到好消息; 在食物中发现霉菌; 尴尬的沉默; 惊喜; 收到情书
zh,situation,sadness,shuffled_emotion,centroid_phrases,neutral_centroid,gemini,mmlw_roberta_large,10,4,0.25,0.4,-0.14322169059011164,3.75,争吵; 事故; 失败; 尴尬的沉默
zh,situation,sadness,shuffled_emotion,centroid_phrases,neutral_centroid,gemini,qwen3_embedding_8b,10,8,0.6666666666666666,0.8,0.28526645768025083,2.5,争吵; 事故; 在食物中发现霉菌; 尴尬的沉默; 收到情书; 看到伤口; 被忽视; 被背叛
zh,situation,sadness,shuffled_emotion,centroid_phrases,neutral_centroid,mmlw_roberta_large,qwen3_embedding_8b,10,4,0.25,0.4,-0.16874003189792663,1.5,争吵; 事故; 尴尬的沉默; 惊喜
zh,situation,sadness,shuffled_emotion,single_word,neutral_centroid,bielik_1_5b_v3,gemini,10,2,0.1111111111111111,0.2,-0.49807938540332886,4.0,尴尬的沉默; 惊喜
zh,situation,sadness,shuffled_emotion,single_word,neutral_centroid,bielik_1_5b_v3,mmlw_roberta_large,10,5,0.3333333333333333,0.5,-0.21090909090909085,3.0,家庭晚餐; 尴尬的沉默; 庆祝; 惊喜; 派对
zh,situation,sadness,shuffled_emotion,single_word,neutral_centroid,bielik_1_5b_v3,qwen3_embedding_8b,10,3,0.17647058823529413,0.3,-0.4198863636363636,3.3333333333333335,尴尬的沉默; 惊喜; 等待检查结果
zh,situation,sadness,shuffled_emotion,single_word,neutral_centroid,gemini,mmlw_roberta_large,10,5,0.3333333333333333,0.5,0.05636363636363639,2.4,争吵; 事故; 失败; 尴尬的沉默; 惊喜
zh,situation,sadness,shuffled_emotion,single_word,neutral_centroid,gemini,qwen3_embedding_8b,10,8,0.6666666666666666,0.8,0.6313479623824454,3.0,争吵; 事故; 失败; 尴尬的沉默; 惊喜; 看到伤口; 被忽视; 被背叛
zh,situation,sadness,shuffled_emotion,single_word,neutral_centroid,mmlw_roberta_large,qwen3_embedding_8b,10,5,0.3333333333333333,0.5,0.19272727272727283,0.8,争吵; 事故; 失败; 尴尬的沉默; 惊喜
