model,language,category,emotion,emotion_strategy,neutral_strategy,projection_emotion,projection_identity,projection_random,projection_shuffled_emotion,delta_emotion_minus_identity,delta_emotion_minus_random,delta_emotion_minus_shuffled
bielik_1_5b_v3,en,food,amusement,centroid_phrases,neutral_centroid,0.050948565825819934,0.021974101103842243,0.02424001507461069,0.05094856582581993,0.02897446472197769,0.026708550751209245,6.938893903907228e-18
bielik_1_5b_v3,en,food,amusement,single_word,neutral_centroid,0.02141555133275682,0.00986457401886579,0.0093082630075514,0.018144442280754392,0.01155097731389103,0.01210728832520542,0.003271109052002428
bielik_1_5b_v3,en,food,anger,centroid_phrases,neutral_centroid,0.03152397060766812,0.00964207462966441,0.01560277072712776,0.0333046561107039,0.02188189597800371,0.015921199880540363,-0.0017806855030357768
bielik_1_5b_v3,en,food,anger,single_word,neutral_centroid,-0.00318719497881829,-0.01726758950389918,-0.022042005322873547,-0.00809562145732342,0.01408039452508089,0.018854810344055256,0.00490842647850513
bielik_1_5b_v3,en,food,disgust,centroid_phrases,neutral_centroid,0.03498175460845228,0.009556601522490379,0.02108450634405014,0.035498210787773085,0.0254251530859619,0.01389724826440214,-0.0005164561793208067
bielik_1_5b_v3,en,food,disgust,single_word,neutral_centroid,-0.0010030741337686798,-0.011245125764980879,-0.014124389225617009,-0.00026552798226475976,0.010242051631212199,0.013121315091848329,-0.00073754615150392
bielik_1_5b_v3,en,food,excitement,centroid_phrases,neutral_centroid,0.03741061091423029,0.00915231984108684,0.016127086058258973,0.03741061091423029,0.028258291073143454,0.02128352485597132,0.0
bielik_1_5b_v3,en,food,excitement,single_word,neutral_centroid,0.006295993365347368,-0.006449235044419741,-0.0026198659557849,0.0008531284984201299,0.01274522840976711,0.008915859321132268,0.005442864866927239
bielik_1_5b_v3,en,food,fear,centroid_phrases,neutral_centroid,0.04892122633755202,0.018334765685722197,0.018334765685722197,0.04892122633755202,0.030586460651829822,0.030586460651829822,0.0
bielik_1_5b_v3,en,food,fear,single_word,neutral_centroid,-0.029793995758518536,-0.045045080780982925,-0.045045080780982925,-0.03759622494690118,0.015251085022464389,0.015251085022464389,0.007802229188382644
bielik_1_5b_v3,en,food,joy,centroid_phrases,neutral_centroid,0.04655105136334891,0.016588531620800477,0.03396061295643445,0.042479032836854405,0.029962519742548432,0.012590438406914463,0.004072018526494504
bielik_1_5b_v3,en,food,joy,single_word,neutral_centroid,-0.02190347765572366,-0.04552668239921327,-0.03770830272696909,-0.02713212897069748,0.023623204743489612,0.015804825071245428,0.005228651314973819
bielik_1_5b_v3,en,food,love,centroid_phrases,neutral_centroid,0.04727779477834697,0.020457005221396662,0.0223345663398504,0.04727779477834697,0.026820789556950306,0.024943228438496567,0.0
bielik_1_5b_v3,en,food,love,single_word,neutral_centroid,-0.02583302838029334,-0.04479096803115676,-0.04364335136488075,-0.03823222900973628,0.01895793965086342,0.017810322984587408,0.012399200629442941
bielik_1_5b_v3,en,food,negative,centroid_phrases,neutral_centroid,0.04306379370391365,0.016054712980985632,0.02280233576893803,0.04306379370391365,0.02700908072292802,0.02026145793497562,0.0
bielik_1_5b_v3,en,food,negative,single_word,neutral_centroid,0.02071829754859206,0.01597187854349612,0.0157458946574479,0.012407082784920889,0.004746419005095939,0.004972402891144159,0.008311214763671172
bielik_1_5b_v3,en,food,positive,centroid_phrases,neutral_centroid,0.03935219980776306,0.01450008573010563,0.01472195461392401,0.03935219980776306,0.02485211407765743,0.02463024519383905,0.0
bielik_1_5b_v3,en,food,positive,single_word,neutral_centroid,-0.00907277646474538,-0.01291590337641534,-0.013762702327221609,-0.012628484470769741,0.003843126911669959,0.004689925862476229,0.003555708006024361
bielik_1_5b_v3,en,food,sadness,centroid_phrases,neutral_centroid,0.04027973785996434,0.014124665316194298,0.02052851822227238,0.03674152698367831,0.02615507254377004,0.01975121963769196,0.00353821087628603
bielik_1_5b_v3,en,food,sadness,single_word,neutral_centroid,0.014171223016455731,0.00215351362712679,0.0029817633330821796,0.011518403980880939,0.012017709389328942,0.011189459683373551,0.002652819035574792
bielik_1_5b_v3,en,object,amusement,centroid_phrases,neutral_centroid,0.0848583728075027,0.02429019641131161,0.02600691020488738,0.07928099296987053,0.060568176396191095,0.058851462602615326,0.005577379837632179
bielik_1_5b_v3,en,object,amusement,single_word,neutral_centroid,0.02444221554324027,0.01685655317269262,0.01820221147499975,0.02187835751101371,0.007585662370547648,0.006240004068240518,0.002563858032226557
bielik_1_5b_v3,en,object,anger,centroid_phrases,neutral_centroid,0.056318178772926275,0.019325610576197482,0.03055225978605447,0.06182820871472354,0.03699256819672879,0.025765918986871805,-0.005510029941797265
bielik_1_5b_v3,en,object,anger,single_word,neutral_centroid,0.0099553768523037,0.0012605757452547296,-0.0031772158574313,0.00846313755027945,0.00869480110704897,0.013132592709735,0.0014922393020242505
bielik_1_5b_v3,en,object,disgust,centroid_phrases,neutral_centroid,0.05442755259573454,0.01164715210907161,0.025871054502204026,0.05442755259573454,0.04278040048666293,0.028556498093530516,0.0
bielik_1_5b_v3,en,object,disgust,single_word,neutral_centroid,0.0077750316355377005,-0.0005595873575657796,-0.0029595388099551098,0.00794533970765765,0.00833461899310348,0.01073457044549281,-0.00017030807211994986
bielik_1_5b_v3,en,object,excitement,centroid_phrases,neutral_centroid,0.057152309641241995,0.01359404516406357,0.04134659925475713,0.06082641966640945,0.04355826447717842,0.015805710386484866,-0.0036741100251674527
bielik_1_5b_v3,en,object,excitement,single_word,neutral_centroid,0.01290277331136164,0.00262344896327703,0.0019132233690470402,0.0028263919753953705,0.010279324348084611,0.0109895499423146,0.010076381335966271
bielik_1_5b_v3,en,object,fear,centroid_phrases,neutral_centroid,0.06938164420425888,0.01331044863909483,0.01266517406329511,0.07184246443212028,0.05607119556516405,0.05671647014096377,-0.002460820227861399
bielik_1_5b_v3,en,object,fear,single_word,neutral_centroid,0.01620956272818144,0.00296426960267125,0.01108167683705685,-0.0021024739369749994,0.013245293125510189,0.0051278858911245895,0.018312036665156437
bielik_1_5b_v3,en,object,joy,centroid_phrases,neutral_centroid,0.06747042611241336,0.01592728472314775,0.03132194513455032,0.060281440429389446,0.051543141389265607,0.03614848097786304,0.00718898568302391
bielik_1_5b_v3,en,object,joy,single_word,neutral_centroid,0.027943233586847728,0.01030106819234787,-0.0019883214961737396,0.01756154433824118,0.017642165394499858,0.029931555083021467,0.010381689248606548
bielik_1_5b_v3,en,object,love,centroid_phrases,neutral_centroid,0.06972874924540515,0.01222006105817853,0.017230779398232678,0.06416517943143839,0.05750868818722662,0.05249796984717247,0.005563569813966759
bielik_1_5b_v3,en,object,love,single_word,neutral_centroid,0.050715557672083335,0.03003357313573357,0.02542304955422875,0.04003057479858394,0.020681984536349764,0.025292508117854585,0.010684982873499393
bielik_1_5b_v3,en,object,negative,centroid_phrases,neutral_centroid,0.06071773581206794,0.01363868261687457,0.0256930242758244,0.06071773581206794,0.04707905319519337,0.03502471153624354,0.0
bielik_1_5b_v3,en,object,negative,single_word,neutral_centroid,-0.026778297498822178,-0.04179661497473712,-0.03529560156166549,-0.0410120446234941,0.015018317475914943,0.00851730406284331,0.014233747124671924
bielik_1_5b_v3,en,object,positive,centroid_phrases,neutral_centroid,0.05281900018453593,0.008199416799470772,0.015715687023475748,0.05281900018453593,0.044619583385065165,0.037103313161060185,0.0
bielik_1_5b_v3,en,object,positive,single_word,neutral_centroid,-0.02651787875220174,-0.03514231620356436,-0.03598244683817024,-0.03282123887911434,0.00862443745136262,0.009464568085968503,0.006303360126912599
bielik_1_5b_v3,en,object,sadness,centroid_phrases,neutral_centroid,0.06278549619019028,0.01560625806450842,0.01857972731813787,0.06278549619019028,0.04717923812568185,0.04420576887205241,0.0
bielik_1_5b_v3,en,object,sadness,single_word,neutral_centroid,0.03527196738868947,0.024583197198808148,0.029009907692670773,0.02381256213411684,0.010688770189881323,0.006262059696018698,0.01145940525457263
bielik_1_5b_v3,en,person,amusement,centroid_phrases,neutral_centroid,0.09689970090985293,0.028280166629701852,0.03774193888530134,0.09275975674390788,0.06861953428015108,0.05915776202455159,0.004139944165945056
bielik_1_5b_v3,en,person,amusement,single_word,neutral_centroid,0.028309130365960278,0.01087253335863351,0.01546220928430556,0.03094782016705719,0.01743659700732677,0.012846921081654718,-0.0026386898010969106
bielik_1_5b_v3,en,person,anger,centroid_phrases,neutral_centroid,0.0758023355156183,0.01576181128621102,0.02441682368516921,0.08166575059294698,0.060040524229407276,0.051385511830449086,-0.005863415077328682
bielik_1_5b_v3,en,person,anger,single_word,neutral_centroid,0.01605367120355366,0.0017809305340051695,-0.0038454466499388005,0.0066187891177832995,0.014272740669548489,0.019899117853492458,0.009434882085770358
bielik_1_5b_v3,en,person,disgust,centroid_phrases,neutral_centroid,0.07424879483878608,0.01422713156789541,0.01110899373888969,0.07424879483878608,0.06002166327089067,0.06313980109989639,0.0
bielik_1_5b_v3,en,person,disgust,single_word,neutral_centroid,0.02415522164665157,0.0023675540462136098,0.0007550273556262202,0.014377269195392691,0.02178766760043796,0.02340019429102535,0.009777952451258879
bielik_1_5b_v3,en,person,excitement,centroid_phrases,neutral_centroid,0.08014252856373781,0.02132536312565207,0.02534013558179139,0.08219629526138302,0.05881716543808574,0.05480239298194642,-0.002053766697645204
bielik_1_5b_v3,en,person,excitement,single_word,neutral_centroid,0.04495342257432637,0.009995437134057279,0.007448139879852521,0.01145865446887909,0.034957985440269096,0.03750528269447385,0.033494768105447284
bielik_1_5b_v3,en,person,fear,centroid_phrases,neutral_centroid,0.10475070476531978,0.025509820319712162,0.023415258340537547,0.09544836189597841,0.07924088444560762,0.08133544642478223,0.009302342869341368
bielik_1_5b_v3,en,person,fear,single_word,neutral_centroid,0.01669826763682063,0.007454676227644061,0.009020159998908619,0.00486237057484686,0.00924359140917657,0.007678107637912011,0.011835897061973771
bielik_1_5b_v3,en,person,joy,centroid_phrases,neutral_centroid,0.08610620573163029,0.02401597313582897,0.02925879126414655,0.08892515338957305,0.06209023259580132,0.05684741446748374,-0.002818947657942758
bielik_1_5b_v3,en,person,joy,single_word,neutral_centroid,0.01656545721925792,0.00594128486700354,0.01088284985162315,0.01108490754850206,0.01062417235225438,0.005682607367634769,0.00548054967075586
bielik_1_5b_v3,en,person,love,centroid_phrases,neutral_centroid,0.08580838665366168,0.026073765382170662,0.02281795293092726,0.08224317990243431,0.05973462127149102,0.06299043372273441,0.0035652067512273733
bielik_1_5b_v3,en,person,love,single_word,neutral_centroid,0.02122060554102059,0.00806073760613797,0.00968868676573035,0.0027885470539331303,0.01315986793488262,0.011531918775290239,0.01843205848708746
bielik_1_5b_v3,en,person,negative,centroid_phrases,neutral_centroid,0.07592219188809389,0.01633794382214545,0.032224913313984846,0.07229059226810926,0.05958424806594844,0.043697278574109044,0.0036315996199846323
bielik_1_5b_v3,en,person,negative,single_word,neutral_centroid,0.006773485487792641,-0.02024536974495276,-0.01814913417911156,-0.03079440910369155,0.0270188552327454,0.0249226196669042,0.03756789459148419
bielik_1_5b_v3,en,person,positive,centroid_phrases,neutral_centroid,0.06666320487856861,0.014995755627751328,0.00704679600894449,0.06952173784375186,0.05166744925081728,0.05961640886962412,-0.0028585329651832497
bielik_1_5b_v3,en,person,positive,single_word,neutral_centroid,-0.007324883784167439,-0.013949916767887729,-0.013141514989547378,-0.01123303778003899,0.00662503298372029,0.005816631205379939,0.00390815399587155
bielik_1_5b_v3,en,person,sadness,centroid_phrases,neutral_centroid,0.0780160747468471,0.02034554127603769,0.030282234400510775,0.0780160747468471,0.057670533470809415,0.04773384034633633,0.0
bielik_1_5b_v3,en,person,sadness,single_word,neutral_centroid,0.03740341591183093,0.01445984377060083,0.029637622297741462,0.02327431940939274,0.022943572141230103,0.00776579361408947,0.014129096502438192
bielik_1_5b_v3,en,place,amusement,centroid_phrases,neutral_centroid,0.07238569259643551,0.04143982157111165,0.04107373729348179,0.07238569259643551,0.03094587102532386,0.03131195530295373,0.0
bielik_1_5b_v3,en,place,amusement,single_word,neutral_centroid,0.05153503394685681,0.044354597991332366,0.04860814525745805,0.04751764214597638,0.007180435955524443,0.002926888689398756,0.004017391800880427
bielik_1_5b_v3,en,place,anger,centroid_phrases,neutral_centroid,0.06537923011928794,0.03803233588114377,0.0512035289779305,0.06756618488579984,0.027346894238144168,0.014175701141357439,-0.0021869547665119005
bielik_1_5b_v3,en,place,anger,single_word,neutral_centroid,-0.00046078809536994025,-0.00949348607100546,-0.007136937370523811,-0.00101437456905842,0.009032697975635521,0.00667614927515387,0.0005535864736884797
bielik_1_5b_v3,en,place,disgust,centroid_phrases,neutral_centroid,0.06510127056390043,0.037228443194180685,0.045067437458783347,0.06697351131588217,0.027872827369719744,0.020033833105117083,-0.001872240751981738
bielik_1_5b_v3,en,place,disgust,single_word,neutral_centroid,0.01492129573598501,0.0049910174217075,0.00967369517311451,0.01542518930509682,0.009930278314277511,0.0052476005628705,-0.0005038935691118098
bielik_1_5b_v3,en,place,excitement,centroid_phrases,neutral_centroid,0.06902604065835471,0.041424849815666645,0.0447778386995196,0.06251652799546714,0.02760119084268807,0.024248201958835112,0.006509512662887573
bielik_1_5b_v3,en,place,excitement,single_word,neutral_centroid,0.038678032206371386,0.03121755127795036,0.03642862685956057,0.03435254883952435,0.007460480928421026,0.002249405346810819,0.004325483366847037
bielik_1_5b_v3,en,place,fear,centroid_phrases,neutral_centroid,0.07410070765763518,0.0413999434560537,0.0413999434560537,0.07013783324509856,0.03270076420158148,0.03270076420158148,0.003962874412536621
bielik_1_5b_v3,en,place,fear,single_word,neutral_centroid,0.0024305036757140993,-0.00845387894660235,-0.00845387894660235,-0.0035993046592921207,0.01088438262231645,0.01088438262231645,0.00602980833500622
bielik_1_5b_v3,en,place,joy,centroid_phrases,neutral_centroid,0.07650764174759382,0.04419874036684629,0.04612907068803903,0.07272574044764037,0.03230890138074753,0.03037857105955479,0.003781901299953455
bielik_1_5b_v3,en,place,joy,single_word,neutral_centroid,0.019558026269078217,0.0029933322221040496,0.0016640219837426996,0.012785240635275818,0.01656469404697417,0.017894004285335517,0.006772785633802399
bielik_1_5b_v3,en,place,love,centroid_phrases,neutral_centroid,0.05673915613442656,0.034349474962800705,0.035155175533145636,0.04975193301215765,0.022389681171625854,0.021583980601280923,0.006987223122268911
bielik_1_5b_v3,en,place,love,single_word,neutral_centroid,-0.03516582949087022,-0.04023471875116227,-0.04106005607172845,-0.03969870349392293,0.005068889260292045,0.005894226580858225,0.00453287400305271
bielik_1_5b_v3,en,place,negative,centroid_phrases,neutral_centroid,0.06779063250869508,0.04065854754298921,0.04420540705323214,0.07077969331294293,0.027132084965705863,0.023585225455462933,-0.0029890608042478506
bielik_1_5b_v3,en,place,negative,single_word,neutral_centroid,-0.006697240378707649,-0.02009959630668161,-0.0114529370330274,-0.01797601506114004,0.013402355927973963,0.004755696654319751,0.01127877468243239
bielik_1_5b_v3,en,place,positive,centroid_phrases,neutral_centroid,0.047668262384831864,0.03385995533317323,0.03392691779881711,0.058144283480942194,0.013808307051658635,0.013741344586014753,-0.01047602109611033
bielik_1_5b_v3,en,place,positive,single_word,neutral_centroid,-0.028224883088841978,-0.03194331456907088,-0.03045463119633491,-0.030071845138445442,0.003718431480228903,0.0022297481074929314,0.0018469620496034643
bielik_1_5b_v3,en,place,sadness,centroid_phrases,neutral_centroid,0.06876979563385244,0.039484463445842236,0.04167919661849733,0.06569391582161184,0.029285332188010202,0.027090599015355106,0.003075879812240598
bielik_1_5b_v3,en,place,sadness,single_word,neutral_centroid,0.0137523502577096,0.01093208277598023,0.00931235454045235,0.014077447727322551,0.0028202674817293695,0.0044399957172572505,-0.00032509746961295084
bielik_1_5b_v3,en,situation,amusement,centroid_phrases,neutral_centroid,0.09876733198761936,0.03410630440339446,0.02659834600053727,0.07920390442013739,0.0646610275842249,0.07216898598708209,0.019563427567481972
bielik_1_5b_v3,en,situation,amusement,single_word,neutral_centroid,-0.0016566264443099402,-0.01190436799079175,-0.00836681714281437,-0.005768032837659089,0.010247741546481809,0.00671019069850443,0.004111406393349149
bielik_1_5b_v3,en,situation,anger,centroid_phrases,neutral_centroid,0.06387649560347196,0.02374277939088641,0.01803488153964278,0.07586595043539997,0.040133716212585546,0.04584161406382918,-0.01198945483192801
bielik_1_5b_v3,en,situation,anger,single_word,neutral_centroid,0.014720002794638249,-0.0070704571437090495,-0.0067703548353165305,0.01072143004275856,0.021790459938347297,0.021490357629954777,0.003998572751879689
bielik_1_5b_v3,en,situation,disgust,centroid_phrases,neutral_centroid,0.07162663820199663,0.025543742580339292,0.015333715965971339,0.0677052933722734,0.04608289562165734,0.05629292223602529,0.003921344829723228
bielik_1_5b_v3,en,situation,disgust,single_word,neutral_centroid,0.01180305702146138,-0.00962979907635599,-0.010910250130109479,0.01201436126139011,0.021432856097817372,0.02271330715157086,-0.00021130423992873036
bielik_1_5b_v3,en,situation,excitement,centroid_phrases,neutral_centroid,0.058242008928209486,0.02165967067703602,0.02161488896235821,0.06568702366203065,0.03658233825117346,0.036627119965851274,-0.007445014733821163
bielik_1_5b_v3,en,situation,excitement,single_word,neutral_centroid,0.018199701094999878,-0.0014157879515551198,0.00034035812132059,-0.00311994082294405,0.019615489046555,0.017859342973679287,0.02131964191794393
bielik_1_5b_v3,en,situation,fear,centroid_phrases,neutral_centroid,0.0935390435159206,0.03026192528195677,0.03631376172415909,0.0935390435159206,0.06327711823396383,0.05722528179176151,0.0
bielik_1_5b_v3,en,situation,fear,single_word,neutral_centroid,0.01312017058953641,-0.010384970623999842,-0.00787150082178415,-0.00867267861030995,0.02350514121353625,0.020991671411320557,0.021792849199846358
bielik_1_5b_v3,en,situation,joy,centroid_phrases,neutral_centroid,0.07310726605355736,0.02629352258518337,0.029972254205495107,0.06971771428361531,0.04681374346837398,0.043135011848062246,0.003389551769942045
bielik_1_5b_v3,en,situation,joy,single_word,neutral_centroid,0.0078121172264218304,-0.01763306693173944,-0.01859519653953611,0.0007947502657771304,0.025445184158161268,0.02640731376595794,0.0070173669606447
bielik_1_5b_v3,en,situation,love,centroid_phrases,neutral_centroid,0.08187397047877307,0.03004873837344347,0.01823220136575398,0.07111599729396398,0.0518252321053296,0.06364176911301908,0.010757973184809089
bielik_1_5b_v3,en,situation,love,single_word,neutral_centroid,0.0242940691299736,-0.0011634603142738412,0.007666203938424579,0.008081390708684898,0.02545752944424744,0.01662786519154902,0.0162126784212887
bielik_1_5b_v3,en,situation,negative,centroid_phrases,neutral_centroid,0.06532362252473826,0.0238236957695335,0.006164626451209169,0.06532362252473826,0.041499926755204766,0.0591589960735291,0.0
bielik_1_5b_v3,en,situation,negative,single_word,neutral_centroid,0.01687878454104063,-0.00889775501564144,-0.0028679681941866896,-0.01100501948967573,0.02577653955668207,0.01974675273522732,0.027883804030716358
bielik_1_5b_v3,en,situation,positive,centroid_phrases,neutral_centroid,0.055580915696918934,0.02067885883152484,0.02325175106525419,0.060231440700590555,0.03490205686539409,0.03232916463166474,-0.004650525003671621
bielik_1_5b_v3,en,situation,positive,single_word,neutral_centroid,-0.014060422731563391,-0.02665057019330554,-0.02523236558772617,-0.01624037004075939,0.01259014746174215,0.011171942856162779,0.0021799473091959985
bielik_1_5b_v3,en,situation,sadness,centroid_phrases,neutral_centroid,0.06671398449689145,0.02443939247168598,0.0278154818806797,0.06666576913557942,0.04227459202520547,0.03889850261621175,4.8215361312026195e-05
bielik_1_5b_v3,en,situation,sadness,single_word,neutral_centroid,0.00594093077816066,0.0019181109964847398,-0.0002594044432044099,0.0023415810195728803,0.00402281978167592,0.00620033522136507,0.0035993497585877793
bielik_1_5b_v3,pl,food,amusement,centroid_phrases,neutral_centroid,0.06333872079849237,0.035748201841488456,0.03394645587541161,0.0631911158561706,0.027590518957003915,0.02939226492308076,0.0001476049423217718
bielik_1_5b_v3,pl,food,amusement,single_word,neutral_centroid,0.0099501300603151,0.0010898588225245296,-0.0003142139641568207,0.0055520179681479796,0.00886027123779057,0.010264344024471921,0.00439811209216712
bielik_1_5b_v3,pl,food,anger,centroid_phrases,neutral_centroid,0.04538974892348045,0.024275569454766787,0.01896164598874746,0.04538974892348045,0.021114179468713665,0.02642810293473299,0.0
bielik_1_5b_v3,pl,food,anger,single_word,neutral_centroid,-0.0015010361210442992,-0.00882629366824402,-0.0135091734700836,-0.00443210505181923,0.00732525754719972,0.012008137349039301,0.0029310689307749304
bielik_1_5b_v3,pl,food,disgust,centroid_phrases,neutral_centroid,0.06133869849145408,0.031043676729313997,0.03307800560723988,0.05704725868999953,0.030295021762140086,0.028260692884214206,0.00429143980145455
bielik_1_5b_v3,pl,food,disgust,single_word,neutral_centroid,0.023306262167170612,0.00938423299230634,0.0109174380544573,0.00938423299230634,0.013922029174864271,0.012388824112713312,0.013922029174864271
bielik_1_5b_v3,pl,food,excitement,centroid_phrases,neutral_centroid,0.05572884641587729,0.03022884754464028,0.02471466949209569,0.05499518960714335,0.02549999887123701,0.0310141769237816,0.0007336568087339401
bielik_1_5b_v3,pl,food,excitement,single_word,neutral_centroid,0.0022957215551286897,-0.00820454587228595,-0.01423626528121529,-0.00820454587228595,0.01050026742741464,0.01653198683634398,0.01050026742741464
bielik_1_5b_v3,pl,food,fear,centroid_phrases,neutral_centroid,0.04590720497071738,0.02368504006881265,0.01616451803129165,0.04590720497071738,0.02222216490190473,0.029742686939425732,0.0
bielik_1_5b_v3,pl,food,fear,single_word,neutral_centroid,-0.00867794472724199,-0.01156797278672456,-0.01100950483232736,-0.01504753548651932,0.0028900280594825693,0.002331560105085369,0.00636959075927733
bielik_1_5b_v3,pl,food,joy,centroid_phrases,neutral_centroid,0.04441241472959513,0.02315801521763203,0.02053036552388219,0.04441241472959513,0.0212543995119631,0.023882049205712942,0.0
bielik_1_5b_v3,pl,food,joy,single_word,neutral_centroid,-0.013133107335306649,-0.013133107335306649,-0.01197044013533736,-0.01438859927002335,0.0,-0.0011626671999692886,0.0012554919347167008
bielik_1_5b_v3,pl,food,love,centroid_phrases,neutral_centroid,0.05125535130500788,0.026848887559026452,0.036236164346337266,0.04558091573417181,0.024406463745981426,0.015019186958670612,0.005674435570836064
bielik_1_5b_v3,pl,food,love,single_word,neutral_centroid,-0.01788473166525359,-0.01788473166525359,-0.026289084460586254,-0.02129094265401359,0.0,0.008404352795332665,0.0034062109887600008
bielik_1_5b_v3,pl,food,negative,centroid_phrases,neutral_centroid,0.058740694820880845,0.03361112349666654,0.03744172868318854,0.058740694820880845,0.025129571324214305,0.021298966137692305,0.0
bielik_1_5b_v3,pl,food,negative,single_word,neutral_centroid,-0.01188805133569983,-0.01396606538910416,-0.01574080649297681,-0.01396606538910416,0.002078014053404331,0.0038527551572769825,0.002078014053404331
bielik_1_5b_v3,pl,food,positive,centroid_phrases,neutral_centroid,0.04602099452167744,0.02825177926570176,0.02147455206140875,0.05028217211365695,0.01776921525597568,0.02454644246026869,-0.004261177591979512
bielik_1_5b_v3,pl,food,positive,single_word,neutral_centroid,-0.01653566695749755,-0.01850988883525129,-0.01764828003942962,-0.01560799535363908,0.0019742218777537394,0.0011126130819320706,-0.0009276716038584716
bielik_1_5b_v3,pl,food,sadness,centroid_phrases,neutral_centroid,0.04646412692964072,0.023785587423481008,0.02097711276728656,0.05016283951699729,0.022678539506159712,0.02548701416235416,-0.003698712587356573
bielik_1_5b_v3,pl,food,sadness,single_word,neutral_centroid,-0.0075513368239626,-0.0075513368239626,-0.00972141472157088,-0.00780652442481366,0.0,0.0021700778976082805,0.00025518760085106035
bielik_1_5b_v3,pl,object,amusement,centroid_phrases,neutral_centroid,0.08643717165105044,0.002893114928156161,0.006769879721105121,0.08643717165105044,0.08354405672289428,0.07966729192994532,0.0
bielik_1_5b_v3,pl,object,amusement,single_word,neutral_centroid,0.03931158771738406,0.02534682373516257,0.02883644136600192,0.02534682373516257,0.013964763982221486,0.010475146351382136,0.013964763982221486
bielik_1_5b_v3,pl,object,anger,centroid_phrases,neutral_centroid,0.06645743367262179,0.0042873965576291,-0.0016915996093302996,0.06645743367262179,0.062170037114992686,0.06814903328195208,0.0
bielik_1_5b_v3,pl,object,anger,single_word,neutral_centroid,0.02092365550342943,0.02092365550342943,0.02244750333484258,0.02092365550342943,0.0,-0.001523847831413152,0.0
bielik_1_5b_v3,pl,object,disgust,centroid_phrases,neutral_centroid,0.08517060689628121,-0.0032016340643167404,0.00036010872572661936,0.0667595173232257,0.08837224096059795,0.0848104981705546,0.01841108957305551
bielik_1_5b_v3,pl,object,disgust,single_word,neutral_centroid,0.0015167474746704205,-0.006929254019632911,-0.009624361526221011,-0.006929254019632909,0.00844600149430333,0.01114110900089143,0.008446001494303329
bielik_1_5b_v3,pl,object,excitement,centroid_phrases,neutral_centroid,0.07946161576546726,0.0047727128025144405,0.00477271280251444,0.07042489941231903,0.07468890296295282,0.07468890296295282,0.009036716353148233
bielik_1_5b_v3,pl,object,excitement,single_word,neutral_centroid,0.02315772022120652,0.023157720221206518,0.023157720221206518,0.02379012829624114,3.469446951953614e-18,3.469446951953614e-18,-0.0006324080750346184
bielik_1_5b_v3,pl,object,fear,centroid_phrases,neutral_centroid,0.06137231229804454,-0.0014217515010386498,0.00894350442104043,0.07001392967067657,0.06279406379908319,0.05242880787700411,-0.008641617372632034
bielik_1_5b_v3,pl,object,fear,single_word,neutral_centroid,0.0058038217248394895,0.00580382172483949,0.0039008214836940003,0.0018114330945536495,-8.673617379884035e-19,0.0019030002411454892,0.00399238863028584
bielik_1_5b_v3,pl,object,joy,centroid_phrases,neutral_centroid,0.06521473177708684,0.0024613135028630695,0.0005039379466325293,0.06521473177708684,0.06275341827422377,0.0647107938304543,0.0
bielik_1_5b_v3,pl,object,joy,single_word,neutral_centroid,0.020116239530034323,0.020116239530034323,0.01775764424819495,0.020116239530034323,0.0,0.002358595281839373,0.0
bielik_1_5b_v3,pl,object,love,centroid_phrases,neutral_centroid,0.0731325304601341,0.0066629366017878,0.01266376869753003,0.07174438075162466,0.0664695938583463,0.060468761762604066,0.0013881497085094369
bielik_1_5b_v3,pl,object,love,single_word,neutral_centroid,0.00525981613900515,0.0037279517389834107,-0.0007362057454883896,0.0037279517389834107,0.0015318644000217392,0.00599602188449354,0.0015318644000217392
bielik_1_5b_v3,pl,object,negative,centroid_phrases,neutral_centroid,0.0688668242655694,-0.00912696928717195,-0.01079248497262595,0.06919172396883363,0.07799379355274136,0.07965930923819536,-0.0003248997032642281
bielik_1_5b_v3,pl,object,negative,single_word,neutral_centroid,-0.026154251396655996,-0.026154251396655996,-0.026616505719721278,-0.026154251396655996,0.0,0.0004622543230652816,0.0
bielik_1_5b_v3,pl,object,positive,centroid_phrases,neutral_centroid,0.05810956964269278,-0.00589883560314773,-0.00589883560314773,0.06676670778542754,0.0640084052458405,0.0640084052458405,-0.008657138142734756
bielik_1_5b_v3,pl,object,positive,single_word,neutral_centroid,-0.0211689610034227,-0.0211689610034227,-0.0211689610034227,-0.0211689610034227,0.0,0.0,0.0
bielik_1_5b_v3,pl,object,sadness,centroid_phrases,neutral_centroid,0.0735629674978554,0.00108099323697389,0.004437594558112319,0.07989665130153296,0.07248197426088152,0.06912537293974308,-0.006333683803677562
bielik_1_5b_v3,pl,object,sadness,single_word,neutral_centroid,-0.0009130844613537198,-0.0009130844613537195,-0.00016729317139833975,-0.00011599145364016953,-2.168404344971009e-19,-0.00074579128995538,-0.0007970930077135502
bielik_1_5b_v3,pl,person,amusement,centroid_phrases,neutral_centroid,0.09425797685980794,-0.0032125498168170397,-0.0032125498168170397,0.09150187056511638,0.09747052667662498,0.09747052667662498,0.002756106294691557
bielik_1_5b_v3,pl,person,amusement,single_word,neutral_centroid,0.03446892388164994,-0.0006442573620006498,-0.0006442573620006499,0.014827634603716411,0.035113181243650586,0.035113181243650586,0.01964128927793353
bielik_1_5b_v3,pl,person,anger,centroid_phrases,neutral_centroid,0.05628813719376916,-0.0015888466499746003,0.004160998109728082,0.0660807254724204,0.05787698384374376,0.05212713908404108,-0.009792588278651239
bielik_1_5b_v3,pl,person,anger,single_word,neutral_centroid,0.01818073382601138,0.01362141976132986,0.0030270555056631397,0.019000455271452617,0.004559314064681519,0.015153678320348238,-0.0008197214454412384
bielik_1_5b_v3,pl,person,disgust,centroid_phrases,neutral_centroid,0.08035647596698249,0.00231525439303367,0.00936182129662481,0.0636364448582753,0.07804122157394883,0.07099465467035768,0.016720031108707192
bielik_1_5b_v3,pl,person,disgust,single_word,neutral_centroid,0.02454412579536434,0.01170545995701102,0.010262029175646581,0.01844284357503052,0.01283866583835332,0.014282096619717759,0.00610128222033382
bielik_1_5b_v3,pl,person,excitement,centroid_phrases,neutral_centroid,0.08930883198045189,0.00201917714439331,0.0073600951116532,0.06447082958184179,0.08728965483605858,0.0819487368687987,0.0248380023986101
bielik_1_5b_v3,pl,person,excitement,single_word,neutral_centroid,0.008632483007386348,-0.01282527088187629,-0.00834899833425875,-0.0050388199742883,0.02145775388926264,0.0169814813416451,0.013671302981674648
bielik_1_5b_v3,pl,person,fear,centroid_phrases,neutral_centroid,0.07091178428381675,0.00462965890765188,0.00593498609960077,0.08557739229872818,0.06628212537616487,0.06497679818421598,-0.01466560801491143
bielik_1_5b_v3,pl,person,fear,single_word,neutral_centroid,0.01768315234221515,0.00556112467311322,0.0025134025607257996,0.01748857107013462,0.012122027669101929,0.015169749781489349,0.00019458127208052747
bielik_1_5b_v3,pl,person,joy,centroid_phrases,neutral_centroid,0.05444127982482309,-0.0028920188546180995,-0.007264739088714139,0.05444127982482309,0.05733329867944119,0.061706018913537226,0.0
bielik_1_5b_v3,pl,person,joy,single_word,neutral_centroid,-0.005231789709068841,-0.021021355153061437,-0.017652584076859053,-0.017652584076859053,0.015789565443992598,0.012420794367790212,0.012420794367790212
bielik_1_5b_v3,pl,person,love,centroid_phrases,neutral_centroid,0.06084364335983987,-0.0024907686747610894,-0.007588710170239229,0.057575155328959196,0.06333441203460095,0.06843235353007909,0.003268488030880673
bielik_1_5b_v3,pl,person,love,single_word,neutral_centroid,-0.028662782069295612,-0.0504457387141883,-0.04514257041737433,-0.04504724172875281,0.02178295664489269,0.016479788348078717,0.016384459659457198
bielik_1_5b_v3,pl,person,negative,centroid_phrases,neutral_centroid,0.06245810594409702,-0.01965306419879195,-0.01621995333116501,0.050861519388854505,0.08211117014288898,0.07867805927526203,0.011596586555242518
bielik_1_5b_v3,pl,person,negative,single_word,neutral_centroid,0.0071225133957341,-0.0016692406265065196,-0.005872187274508179,0.0040417943382635504,0.00879175402224062,0.01299470067024228,0.003080719057470549
bielik_1_5b_v3,pl,person,positive,centroid_phrases,neutral_centroid,0.03616822343319654,-0.02307153698056934,-0.01806289087980985,0.05477675739675758,0.059239760413765885,0.054231114313006396,-0.01860853396356104
bielik_1_5b_v3,pl,person,positive,single_word,neutral_centroid,0.0019055283628404002,-0.00574214491061866,-0.00852337642572818,0.0019055283628403997,0.00764767327345906,0.01042890478856858,4.336808689942018e-19
bielik_1_5b_v3,pl,person,sadness,centroid_phrases,neutral_centroid,0.07084503611549729,0.0019490185193717293,0.00194901851937173,0.0765849325805902,0.06889601759612557,0.06889601759612557,-0.005739896465092903
bielik_1_5b_v3,pl,person,sadness,single_word,neutral_centroid,0.007073485758155551,-0.0047297333367169,-0.0047297333367169,0.00396007467061279,0.01180321909487245,0.01180321909487245,0.003113411087542761
bielik_1_5b_v3,pl,place,amusement,centroid_phrases,neutral_centroid,0.052845027856528726,0.00918870212044567,0.00968955557327717,0.052845027856528726,0.04365632573608305,0.043155472283251554,0.0
bielik_1_5b_v3,pl,place,amusement,single_word,neutral_centroid,0.009557316673453881,-0.00728576128603888,-0.0034296066616661797,-0.0025816422537900496,0.01684307795949276,0.012986923335120061,0.012138958927243931
bielik_1_5b_v3,pl,place,anger,centroid_phrases,neutral_centroid,0.03313906476832924,0.00770608377642929,0.01312396808061747,0.03313906476832924,0.025432980991899952,0.020015096687711773,0.0
bielik_1_5b_v3,pl,place,anger,single_word,neutral_centroid,0.028296943427994804,0.023481406690552792,0.013445952022448148,0.03318954925052816,0.0048155367374420124,0.014850991405546656,-0.004892605822533355
bielik_1_5b_v3,pl,place,disgust,centroid_phrases,neutral_centroid,0.047542101284489,0.008038647077046329,0.00717640498187392,0.036352712986990776,0.03950345420744267,0.04036569630261508,0.011189388297498222
bielik_1_5b_v3,pl,place,disgust,single_word,neutral_centroid,0.026150696538388703,0.013258857466280461,0.01632190765812993,0.0138636201620102,0.012891839072108242,0.009828788880258774,0.012287076376378502
bielik_1_5b_v3,pl,place,excitement,centroid_phrases,neutral_centroid,0.04726620856672523,0.008610714552924049,0.009662124421447519,0.041169148869812475,0.03865549401380118,0.037604084145277716,0.0060970596969127586
bielik_1_5b_v3,pl,place,excitement,single_word,neutral_centroid,0.01934683583676811,0.01001124954782425,0.01521692569367585,0.01392896054312583,0.00933558628894386,0.004129910143092259,0.00541787529364228
bielik_1_5b_v3,pl,place,fear,centroid_phrases,neutral_centroid,0.03654534928500649,0.01102875974029302,0.008464788272976882,0.0457625430077314,0.025516589544713468,0.028080561012029607,-0.009217193722724913
bielik_1_5b_v3,pl,place,fear,single_word,neutral_centroid,0.014201711874920859,0.00238865922437981,0.0011340405908413296,0.00183676825836301,0.011813052650541049,0.013067671284079528,0.012364943616557848
bielik_1_5b_v3,pl,place,joy,centroid_phrases,neutral_centroid,0.02516595143824814,0.00050524128600955,0.0068053063936531506,0.02516595143824814,0.024660710152238592,0.01836064504459499,0.0
bielik_1_5b_v3,pl,place,joy,single_word,neutral_centroid,-0.00868475483730433,-0.015064577851444449,-0.01521251806989308,-0.013405536580830778,0.006379823014140119,0.006527763232588751,0.004720781743526449
bielik_1_5b_v3,pl,place,love,centroid_phrases,neutral_centroid,0.03328161523677407,0.0009897422511130597,-0.0010870698373764798,0.03848609519191083,0.03229187298566101,0.03436868507415055,-0.005204479955136759
bielik_1_5b_v3,pl,place,love,single_word,neutral_centroid,-0.008926918264478409,-0.03115571597591038,-0.036756917554885096,-0.02308220760896798,0.02222879771143197,0.027829999290406686,0.014155289344489572
bielik_1_5b_v3,pl,place,negative,centroid_phrases,neutral_centroid,0.0459561755880713,0.0033475190401077285,0.00795062612742184,0.032765552587807154,0.04260865654796357,0.03800554946064946,0.013190623000264148
bielik_1_5b_v3,pl,place,negative,single_word,neutral_centroid,-0.009179445402696709,-0.013372089667245717,-0.01087067914195357,-0.01255309935659168,0.004192644264549008,0.001691233739256861,0.0033736539538949707
bielik_1_5b_v3,pl,place,positive,centroid_phrases,neutral_centroid,0.038726302981376644,0.00109853842295708,0.007348996400833139,0.03997901901602744,0.03762776455841956,0.0313773065805435,-0.001252716034650797
bielik_1_5b_v3,pl,place,positive,single_word,neutral_centroid,-0.007787013053894021,-0.01245061149820682,-0.01448032958433029,-0.007787013053894019,0.004663598444312799,0.006693316530436268,-1.734723475976807e-18
bielik_1_5b_v3,pl,place,sadness,centroid_phrases,neutral_centroid,0.03463415866717695,0.00877866884693504,0.01738293590024114,0.043669520784169406,0.02585548982024191,0.01725122276693581,-0.009035362116992456
bielik_1_5b_v3,pl,place,sadness,single_word,neutral_centroid,0.00761525854468347,0.00384129472076895,-0.0004365596920251503,0.0029928144998848704,0.00377396382391452,0.00805181823670862,0.0046224440447986
bielik_1_5b_v3,pl,situation,amusement,centroid_phrases,neutral_centroid,0.07379566994495687,0.01734683155082164,0.02414442314766346,0.07379566994495687,0.05644883839413523,0.04965124679729341,0.0
bielik_1_5b_v3,pl,situation,amusement,single_word,neutral_centroid,0.044063900783657975,0.00710926258470862,0.01922709066420793,0.02761287912726399,0.036954638198949355,0.024836810119450044,0.016451021656393984
bielik_1_5b_v3,pl,situation,anger,centroid_phrases,neutral_centroid,0.055567295756190994,0.006460689660161731,0.01964606791734695,0.055567295756190994,0.049106606096029265,0.03592122783884404,0.0
bielik_1_5b_v3,pl,situation,anger,single_word,neutral_centroid,0.01570133208297188,-0.007997030997648851,-0.0034740077797323805,0.00965800113044675,0.023698363080620732,0.019175339862704262,0.006043330952525131
bielik_1_5b_v3,pl,situation,disgust,centroid_phrases,neutral_centroid,0.07356171212159093,0.018387299170717568,0.01838729917071757,0.06934164627455172,0.055174412950873365,0.05517441295087336,0.004220065847039212
bielik_1_5b_v3,pl,situation,disgust,single_word,neutral_centroid,0.023656998970545788,0.00872497709933667,0.00872497709933667,0.01822429450694469,0.014932021871209119,0.014932021871209119,0.0054327044636010985
bielik_1_5b_v3,pl,situation,excitement,centroid_phrases,neutral_centroid,0.06860852448735381,0.01616012279409912,0.01492716709617522,0.07115821673069143,0.052448401693254695,0.053681357391178595,-0.00254969224333762
bielik_1_5b_v3,pl,situation,excitement,single_word,neutral_centroid,0.014206937002018073,0.00024838098324835055,0.00805921391583978,0.01911300905048843,0.013958556018769722,0.006147723086178293,-0.004906072048470357
bielik_1_5b_v3,pl,situation,fear,centroid_phrases,neutral_centroid,0.058832116564735734,0.011090602772310361,0.02806689455173908,0.05872915736399588,0.047741513792425375,0.030765222012996654,0.00010295920073985498
bielik_1_5b_v3,pl,situation,fear,single_word,neutral_centroid,-0.006649784278124571,-0.02252103914506731,-0.00956515190191566,-0.01236494509503243,0.015871254866942738,0.0029153676237910885,0.0057151608169078594
bielik_1_5b_v3,pl,situation,joy,centroid_phrases,neutral_centroid,0.060448700119741225,0.011031816457398206,0.023681073565967357,0.060448700119741225,0.04941688366234302,0.03676762655377387,0.0
bielik_1_5b_v3,pl,situation,joy,single_word,neutral_centroid,-0.00821774951182307,-0.02763680629432198,-0.024883789755403972,-0.004401026526466021,0.01941905678249891,0.016666040243580902,-0.0038167229853570492
bielik_1_5b_v3,pl,situation,love,centroid_phrases,neutral_centroid,0.07258470742963251,0.0159784463699907,0.0159784463699907,0.06773619404993947,0.05660626105964181,0.05660626105964181,0.00484851337969304
bielik_1_5b_v3,pl,situation,love,single_word,neutral_centroid,-0.011099394282791742,-0.03715275438735257,-0.03715275438735257,-0.029583911935333135,0.02605336010456083,0.02605336010456083,0.018484517652541395
bielik_1_5b_v3,pl,situation,negative,centroid_phrases,neutral_centroid,0.06540825571864842,0.01019907165318728,0.01766248587518931,0.0618294758722186,0.05520918406546114,0.04774576984345911,0.0035787798464298193
bielik_1_5b_v3,pl,situation,negative,single_word,neutral_centroid,-0.019245104864239648,-0.02487328089773651,-0.029717003833502488,-0.021456805896013932,0.005628176033496864,0.01047189896926284,0.0022117010317742845
bielik_1_5b_v3,pl,situation,positive,centroid_phrases,neutral_centroid,0.06053848243318496,0.007346175285056241,0.02087381700985133,0.06053848243318496,0.05319230714812872,0.03966466542333363,0.0
bielik_1_5b_v3,pl,situation,positive,single_word,neutral_centroid,-0.01102569208014753,-0.01386747763026502,-0.01411177378613499,-0.009809181862510698,0.002841785550117491,0.0030860817059874604,-0.001216510217636831
bielik_1_5b_v3,pl,situation,sadness,centroid_phrases,neutral_centroid,0.06320347823202607,0.01397380721755325,0.01644575293175876,0.06695356443524357,0.04922967101447282,0.04675772530026731,-0.003750086203217498
bielik_1_5b_v3,pl,situation,sadness,single_word,neutral_centroid,-0.0014723505359142811,-0.01658815857954321,-0.01184591981582341,0.0007678345777094593,0.01511580804362893,0.01037356927990913,-0.00224018511362374
bielik_1_5b_v3,zh,food,amusement,centroid_phrases,neutral_centroid,0.08606469798833126,0.018675892613828182,0.03411748446524142,0.07250551339238878,0.06738880537450308,0.05194721352308984,0.013559184595942478
bielik_1_5b_v3,zh,food,amusement,single_word,neutral_centroid,-0.00597615155857054,-0.04372846900951114,-0.04063480410259214,-0.05008745610248294,0.0377523174509406,0.0346586525440216,0.0441113045439124
bielik_1_5b_v3,zh,food,anger,centroid_phrases,neutral_centroid,0.05831007016822694,-0.006300408486276851,-0.006300408486276851,0.06188819948583838,0.06461047865450378,0.06461047865450378,-0.0035781293176114434
bielik_1_5b_v3,zh,food,anger,single_word,neutral_centroid,-0.051056981459259944,-0.06852194070816034,-0.06852194070816034,-0.04832035787403578,0.017464959248900395,0.017464959248900395,-0.0027366235852241613
bielik_1_5b_v3,zh,food,disgust,centroid_phrases,neutral_centroid,0.08356840088963503,0.015832834690809244,0.015832834690809244,0.07004979550838467,0.06773556619882579,0.06773556619882579,0.013518605381250368
bielik_1_5b_v3,zh,food,disgust,single_word,neutral_centroid,0.02735058269463478,0.011861480353400108,0.01186148035340011,0.01911136093549429,0.01548910234123467,0.015489102341234668,0.008239221759140488
bielik_1_5b_v3,zh,food,excitement,centroid_phrases,neutral_centroid,0.06435877950862047,0.009936875570565471,0.003254213649779561,0.06590196806937453,0.054421903938055,0.06110456585884091,-0.0015431885607540552
bielik_1_5b_v3,zh,food,excitement,single_word,neutral_centroid,0.08066311441361901,0.02142215473577381,0.02123800795525312,0.02300339424982667,0.0592409596778452,0.05942510645836589,0.05765972016379234
bielik_1_5b_v3,zh,food,fear,centroid_phrases,neutral_centroid,0.07608745945617554,0.00692731859162449,0.02586312862113117,0.07608745945617554,0.06916014086455105,0.050224330835044365,0.0
bielik_1_5b_v3,zh,food,fear,single_word,neutral_centroid,-0.009359901724383229,-0.0447008682414889,-0.03874225467443464,-0.02428754540160296,0.03534096651710567,0.029382352950051406,0.01492764367721973
bielik_1_5b_v3,zh,food,joy,centroid_phrases,neutral_centroid,0.07066149469465013,0.018714153580367567,0.013636164553463458,0.07590028997510669,0.051947341114282564,0.05702533014118667,-0.005238795280456551
bielik_1_5b_v3,zh,food,joy,single_word,neutral_centroid,-0.0454259185120463,-0.060360525548458055,-0.06377464383840556,-0.07467091754078861,0.014934607036411758,0.018348725326359262,0.029244999028742315
bielik_1_5b_v3,zh,food,love,centroid_phrases,neutral_centroid,0.05811497028917072,0.0019382217898964986,0.0019382217898964986,0.06227032374590632,0.05617674849927422,0.05617674849927422,-0.004155353456735601
bielik_1_5b_v3,zh,food,love,single_word,neutral_centroid,-0.09206891432404515,-0.11728435307741163,-0.11728435307741163,-0.10636432617902754,0.025215438753366473,0.025215438753366473,0.014295411854982384
bielik_1_5b_v3,zh,food,negative,centroid_phrases,neutral_centroid,0.10839226767420766,0.03329414799809457,0.04485744759440423,0.09478402025997636,0.0750981196761131,0.06353482007980343,0.013608247414231306
bielik_1_5b_v3,zh,food,negative,single_word,neutral_centroid,0.03338748472742737,-0.020611924910917838,-0.02163338498212394,-0.00044843018986281957,0.05399940963834521,0.05502086970955131,0.03383591491729019
bielik_1_5b_v3,zh,food,positive,centroid_phrases,neutral_centroid,0.060124782193452096,-0.0012858488596975497,-0.0012858488596975497,0.060124782193452096,0.061410631053149645,0.061410631053149645,0.0
bielik_1_5b_v3,zh,food,positive,single_word,neutral_centroid,-0.08299422152340408,-0.10109302438795562,-0.10109302438795562,-0.08758090771734708,0.01809880286455154,0.01809880286455154,0.004586686193943007
bielik_1_5b_v3,zh,food,sadness,centroid_phrases,neutral_centroid,0.049009517394006205,-0.0039935065433383,0.009186691604554641,0.05750520359724755,0.053003023937344504,0.039822825789451566,-0.008495686203241343
bielik_1_5b_v3,zh,food,sadness,single_word,neutral_centroid,-0.013803651137277462,-0.03733281367458398,-0.02390418793074783,-0.040607728343456925,0.023529162537306518,0.010100536793470368,0.026804077206179465
bielik_1_5b_v3,zh,object,amusement,centroid_phrases,neutral_centroid,0.07516502737998956,0.02345026675611732,0.01110978312790393,0.07272104695439333,0.051714760623872244,0.06405524425208563,0.002443980425596237
bielik_1_5b_v3,zh,object,amusement,single_word,neutral_centroid,0.04645848982036108,0.03476637676358218,0.03353536203503604,0.032908113300800276,0.011692113056778905,0.01292312778532504,0.013550376519560807
bielik_1_5b_v3,zh,object,anger,centroid_phrases,neutral_centroid,0.08771438524127004,0.03253021836280822,0.03328638672828673,0.09831124506890772,0.05518416687846182,0.05442799851298331,-0.01059685982763768
bielik_1_5b_v3,zh,object,anger,single_word,neutral_centroid,0.03471613929141311,0.020187400956638152,0.015519839595071949,0.04205438538920131,0.014528738334774957,0.01919629969634116,-0.007338246097788201
bielik_1_5b_v3,zh,object,disgust,centroid_phrases,neutral_centroid,0.07646750700660047,0.027448516385629763,0.022294735955074422,0.06952964500524103,0.04901899062097071,0.054172771051526056,0.006937862001359443
bielik_1_5b_v3,zh,object,disgust,single_word,neutral_centroid,0.03454859070479867,0.03412683382630345,0.03279254809021946,0.01991532072424886,0.00042175687849521637,0.0017560426145792063,0.014633269980549809
bielik_1_5b_v3,zh,object,excitement,centroid_phrases,neutral_centroid,0.059899337776005236,0.013224152103066438,0.013224152103066438,0.059899337776005236,0.046675185672938796,0.046675185672938796,0.0
bielik_1_5b_v3,zh,object,excitement,single_word,neutral_centroid,-0.028105224110186077,-0.03890664353966711,-0.03890664353966711,-0.05352957770228384,0.01080141942948103,0.01080141942948103,0.02542435359209776
bielik_1_5b_v3,zh,object,fear,centroid_phrases,neutral_centroid,0.08297085696831341,0.02061256589367984,0.010689604980871069,0.06930799065157767,0.06235829107463357,0.07228125198744234,0.013662866316735744
bielik_1_5b_v3,zh,object,fear,single_word,neutral_centroid,0.04420725437812504,0.006630352092906822,0.01006369064562022,0.017107181204482902,0.03757690228521822,0.03414356373250482,0.027100073173642138
bielik_1_5b_v3,zh,object,joy,centroid_phrases,neutral_centroid,0.05954764739144595,0.013584560272283877,0.016394751635380116,0.05683336809743197,0.04596308711916207,0.04315289575606583,0.00271427929401398
bielik_1_5b_v3,zh,object,joy,single_word,neutral_centroid,-0.0005277859047054994,-0.02380793560296294,-0.024903320707380737,-0.032128195837140064,0.023280149698257438,0.024375534802675236,0.03160040993243456
bielik_1_5b_v3,zh,object,love,centroid_phrases,neutral_centroid,0.06856953594833609,0.02233043941669163,0.019528955547139022,0.06856953594833609,0.04623909653164446,0.04904058040119707,0.0
bielik_1_5b_v3,zh,object,love,single_word,neutral_centroid,-0.00866648368537424,-0.04871906749904153,-0.042842755839228606,-0.03355632536113259,0.04005258381366729,0.03417627215385437,0.024889841675758348
bielik_1_5b_v3,zh,object,negative,centroid_phrases,neutral_centroid,0.09751599584706125,0.021280043013393868,0.01682839524000882,0.0751053151208907,0.07623595283366738,0.08068760060705243,0.022410680726170543
bielik_1_5b_v3,zh,object,negative,single_word,neutral_centroid,0.05433823061175641,0.019500882504507887,0.017324888566508878,0.0376795524265617,0.03483734810724852,0.03701334204524753,0.01665867818519471
bielik_1_5b_v3,zh,object,positive,centroid_phrases,neutral_centroid,0.059293191460892514,0.014904147339984738,0.016398140741512152,0.07150697684846814,0.04438904412090777,0.042895050719380365,-0.01221378538757563
bielik_1_5b_v3,zh,object,positive,single_word,neutral_centroid,0.010767031740397202,-0.01934824120253324,-0.01622413042932748,-0.004160411190241589,0.03011527294293044,0.02699116216972468,0.01492744293063879
bielik_1_5b_v3,zh,object,sadness,centroid_phrases,neutral_centroid,0.07286644154228268,0.02912650355137885,0.024119562702253468,0.074894179450348,0.04373993799090383,0.04874687884002921,-0.002027737908065319
bielik_1_5b_v3,zh,object,sadness,single_word,neutral_centroid,0.04334166916087266,0.02694388804957269,0.020591629762202503,0.030935653019696453,0.016397781111299973,0.02275003939867016,0.012406016141176208
bielik_1_5b_v3,zh,person,amusement,centroid_phrases,neutral_centroid,0.254987122118473,0.17276151478290555,0.19865548014640805,0.2369290009140968,0.08222560733556747,0.05633164197206497,0.01805812120437622
bielik_1_5b_v3,zh,person,amusement,single_word,neutral_centroid,0.07089413311332461,0.03602329606655983,0.035619885311461964,0.03444010869134216,0.03487083704676478,0.03527424780186265,0.03645402442198245
bielik_1_5b_v3,zh,person,anger,centroid_phrases,neutral_centroid,0.2662456899881363,0.18064360767602916,0.18974398821592328,0.266239646077156,0.08560208231210714,0.07650170177221302,6.043910980302325e-06
bielik_1_5b_v3,zh,person,anger,single_word,neutral_centroid,0.06822714859154069,0.02900044431444254,0.03770525900181379,0.04645066836383189,0.03922670427709815,0.030521889589726903,0.021776480227708804
bielik_1_5b_v3,zh,person,disgust,centroid_phrases,neutral_centroid,0.26779562830924986,0.17740025222301478,0.17740025222301478,0.25287289321422574,0.09039537608623507,0.09039537608623507,0.01492273509502412
bielik_1_5b_v3,zh,person,disgust,single_word,neutral_centroid,0.1421221166849136,0.1108720056712627,0.1108720056712627,0.12021742910146709,0.0312501110136509,0.0312501110136509,0.021904687583446505
bielik_1_5b_v3,zh,person,excitement,centroid_phrases,neutral_centroid,0.24431646838784218,0.1772510297596454,0.17725102975964543,0.24881058111786838,0.06706543862819678,0.06706543862819675,-0.004494112730026201
bielik_1_5b_v3,zh,person,excitement,single_word,neutral_centroid,0.14301154110580677,0.071151558868587,0.071151558868587,0.071151558868587,0.07185998223721977,0.07185998223721977,0.07185998223721977
bielik_1_5b_v3,zh,person,fear,centroid_phrases,neutral_centroid,0.2679096117615699,0.1794021993875503,0.1794021993875503,0.2554514184594154,0.0885074123740196,0.0885074123740196,0.01245819330215453
bielik_1_5b_v3,zh,person,fear,single_word,neutral_centroid,0.08000376317650078,0.06432981956750153,0.06432981956750153,0.08579918947070835,0.01567394360899925,0.01567394360899925,-0.005795426294207567
bielik_1_5b_v3,zh,person,joy,centroid_phrases,neutral_centroid,0.2705683514475822,0.18296620845794673,0.18296620845794673,0.28080317527055737,0.08760214298963545,0.08760214298963545,-0.010234823822975192
bielik_1_5b_v3,zh,person,joy,single_word,neutral_centroid,-0.0167858657427132,-0.04758551390841601,-0.04758551390841601,-0.05185118438675999,0.03079964816570281,0.03079964816570281,0.035065318644046786
bielik_1_5b_v3,zh,person,love,centroid_phrases,neutral_centroid,0.23426988720893854,0.1592037066817283,0.17002114355564113,0.2134528756141662,0.07506618052721023,0.06424874365329741,0.02081701159477234
bielik_1_5b_v3,zh,person,love,single_word,neutral_centroid,-0.10065273568034169,-0.10065273568034169,-0.10523227304220198,-0.09945714101195333,0.0,0.004579537361860286,-0.0011955946683883667
bielik_1_5b_v3,zh,person,negative,centroid_phrases,neutral_centroid,0.2627928830683231,0.16983101963996883,0.1979794010519981,0.2437513597309589,0.09296186342835427,0.064813482016325,0.019041523337364197
bielik_1_5b_v3,zh,person,negative,single_word,neutral_centroid,0.06735836695879695,0.045875149732455565,0.02762372954748567,0.05989921446889636,0.021483217226341382,0.03973463741131128,0.007459152489900589
bielik_1_5b_v3,zh,person,positive,centroid_phrases,neutral_centroid,0.22579686939716334,0.15961609482765193,0.15961609482765193,0.2378956869244575,0.06618077456951141,0.06618077456951141,-0.012098817527294164
bielik_1_5b_v3,zh,person,positive,single_word,neutral_centroid,0.01077826800756156,0.0008601145353168207,0.0008601145353168207,0.011935333954170341,0.009918153472244739,0.009918153472244739,-0.0011570659466087815
bielik_1_5b_v3,zh,person,sadness,centroid_phrases,neutral_centroid,0.23016933649778365,0.16458720564842222,0.16458720564842222,0.2488430306315422,0.06558213084936143,0.06558213084936143,-0.01867369413375855
bielik_1_5b_v3,zh,person,sadness,single_word,neutral_centroid,0.02268983824178577,0.00282445801422001,0.0028244580142200103,0.005533391283825059,0.01986538022756576,0.01986538022756576,0.01715644695796071
bielik_1_5b_v3,zh,place,amusement,centroid_phrases,neutral_centroid,0.06356426994316275,0.01776941851712762,0.028675269940867987,0.08426797240972514,0.04579485142603513,0.034889000002294765,-0.02070370246656239
bielik_1_5b_v3,zh,place,amusement,single_word,neutral_centroid,0.03602836439386005,0.02653755424544211,0.01784425275400279,0.00696902535855769,0.00949081014841794,0.01818411163985726,0.029059339035302358
bielik_1_5b_v3,zh,place,anger,centroid_phrases,neutral_centroid,0.062431233888491956,0.015318557713180761,-0.0006379957310855486,0.06138586141169068,0.047112676175311195,0.0630692296195775,0.0010453724768012748
bielik_1_5b_v3,zh,place,anger,single_word,neutral_centroid,0.003447734937071801,-0.00846211984753608,-0.018619312252849317,0.007361627370119089,0.011909854784607881,0.022067047189921116,-0.003913892433047288
bielik_1_5b_v3,zh,place,disgust,centroid_phrases,neutral_centroid,0.06900348248891527,0.01453375327400861,0.002226273668929932,0.06900348248891527,0.05446972921490666,0.06677720881998535,0.0
bielik_1_5b_v3,zh,place,disgust,single_word,neutral_centroid,0.01192165352404118,-0.002051586285233481,-0.00395713625475763,0.006960748601704839,0.01397323980927466,0.015878789778798807,0.0049609049223363405
bielik_1_5b_v3,zh,place,excitement,centroid_phrases,neutral_centroid,0.10897407010197632,0.02740903906524179,0.021516542509198162,0.06486703641712661,0.08156503103673453,0.08745752759277817,0.04410703368484971
bielik_1_5b_v3,zh,place,excitement,single_word,neutral_centroid,0.05880005680955943,-0.02782573490403593,-0.01729529923759401,-0.014953609323129061,0.08662579171359536,0.07609535604715344,0.0737536661326885
bielik_1_5b_v3,zh,place,fear,centroid_phrases,neutral_centroid,0.06864880872890347,0.022227760311216073,0.01569809680804607,0.06687138723209494,0.0464210484176874,0.0529507119208574,0.0017774214968085261
bielik_1_5b_v3,zh,place,fear,single_word,neutral_centroid,0.04792485013604161,0.016394726186990734,0.02933119237422941,0.031342849880456915,0.03153012394905087,0.018593657761812196,0.016582000255584692
bielik_1_5b_v3,zh,place,joy,centroid_phrases,neutral_centroid,0.07776852278038855,0.018981137126684162,0.018981137126684155,0.06743876086547966,0.058787385653704394,0.058787385653704394,0.010329761914908892
bielik_1_5b_v3,zh,place,joy,single_word,neutral_centroid,0.041633002087473836,0.005184857919812212,0.005184857919812211,0.0013748280704021607,0.03644814416766162,0.03644814416766162,0.04025817401707168
bielik_1_5b_v3,zh,place,love,centroid_phrases,neutral_centroid,0.04581966768018897,0.014952646149322357,0.030837408406659918,0.05283193378709252,0.030867021530866613,0.014982259273529051,-0.007012266106903552
bielik_1_5b_v3,zh,place,love,single_word,neutral_centroid,0.03674387158825992,-0.010529041942209003,-0.04040508037433027,0.01802790602669119,0.04727291353046892,0.0771489519625902,0.018715965561568727
bielik_1_5b_v3,zh,place,negative,centroid_phrases,neutral_centroid,0.08909833543002602,0.025094575155526357,0.004361285921186179,0.07906404845416541,0.06400376027449967,0.08473704950883984,0.010034286975860604
bielik_1_5b_v3,zh,place,negative,single_word,neutral_centroid,0.02812728686258193,0.014597266446799009,-0.0022135899402201398,0.027173945959657386,0.013530020415782922,0.03034087680280207,0.0009533409029245446
bielik_1_5b_v3,zh,place,positive,centroid_phrases,neutral_centroid,0.06286109806969757,0.019743691477924562,0.03356026718392965,0.06839336091652509,0.04311740659177301,0.029300830885767924,-0.005532262846827521
bielik_1_5b_v3,zh,place,positive,single_word,neutral_centroid,0.0103638945147395,-0.01513778194785118,-0.02330150157213208,-0.00022194124758243214,0.025501676462590682,0.03366539608687158,0.010585835762321931
bielik_1_5b_v3,zh,place,sadness,centroid_phrases,neutral_centroid,0.07229043785482642,0.02617102777585385,0.03308695154264567,0.07788878995925184,0.046119410078972564,0.03920348631218075,-0.0055983521044254275
bielik_1_5b_v3,zh,place,sadness,single_word,neutral_centroid,0.058977781608700694,0.047939574625343026,0.03694643927738066,0.03991100741550322,0.011038206983357668,0.022031342331320036,0.019066774193197474
bielik_1_5b_v3,zh,situation,amusement,centroid_phrases,neutral_centroid,0.06590572269633407,-0.03612336823716758,-0.05183092355728147,0.0566128595732152,0.10202909093350165,0.11773664625361555,0.009292863123118875
bielik_1_5b_v3,zh,situation,amusement,single_word,neutral_centroid,-0.03077443747315553,-0.04967744899913664,-0.05123712476342911,-0.059462561458349175,0.01890301152598111,0.020462687290273576,0.028688123985193645
bielik_1_5b_v3,zh,situation,anger,centroid_phrases,neutral_centroid,0.0525534871034324,-0.045609237719327185,-0.03960373485460875,0.0525534871034324,0.09816272482275959,0.09215722195804116,0.0
bielik_1_5b_v3,zh,situation,anger,single_word,neutral_centroid,-0.03906434020027515,-0.059138420969247776,-0.054490743577480294,-0.03768277605995532,0.02007408076897263,0.015426403377205147,-0.001381564140319827
bielik_1_5b_v3,zh,situation,disgust,centroid_phrases,neutral_centroid,0.05977373081259426,-0.0402800251264125,-0.06666103210300205,0.05239603775553402,0.10005375593900676,0.1264347629155963,0.007377693057060243
bielik_1_5b_v3,zh,situation,disgust,single_word,neutral_centroid,0.03277234509587283,0.00577887687832114,-0.006941279442980891,0.004775607213377921,0.02699346821755169,0.03971362453885372,0.02799673788249491
bielik_1_5b_v3,zh,situation,excitement,centroid_phrases,neutral_centroid,0.0036043348722159807,-0.08809074228629467,-0.07499002134427425,0.0001460633240640108,0.09169507715851065,0.07859435621649023,0.0034582715481519697
bielik_1_5b_v3,zh,situation,excitement,single_word,neutral_centroid,-0.0005318390205502219,-0.09246991500258442,-0.09190549906343218,-0.0833865469321608,0.0919380759820342,0.09137366004288196,0.08285470791161058
bielik_1_5b_v3,zh,situation,fear,centroid_phrases,neutral_centroid,0.0014816023409366518,-0.09740320239216085,-0.08543132599443194,0.0014816023409366511,0.0988848047330975,0.0869129283353686,6.505213034913027e-19
bielik_1_5b_v3,zh,situation,fear,single_word,neutral_centroid,-0.10278721824288366,-0.14454064816236492,-0.13291521519422528,-0.12231173366308208,0.041753429919481264,0.03012799695134162,0.019524515420198424
bielik_1_5b_v3,zh,situation,joy,centroid_phrases,neutral_centroid,0.06003099679946896,-0.03288150280714035,-0.01916678957641125,0.06513633579015729,0.0929124996066093,0.07919778637588021,-0.005105338990688331
bielik_1_5b_v3,zh,situation,joy,single_word,neutral_centroid,0.0577501437626779,0.03040072722360491,0.01987691065296531,0.00955204563215376,0.027349416539072986,0.037873233109712585,0.048198098130524135
bielik_1_5b_v3,zh,situation,love,centroid_phrases,neutral_centroid,0.02168239103630183,-0.06368092261254785,-0.05567847415804861,0.0230881464667618,0.08536331364884968,0.07736086519435044,-0.0014057554304599713
bielik_1_5b_v3,zh,situation,love,single_word,neutral_centroid,-0.002354351151734578,-0.03571534482762215,-0.020285853091627337,-0.00837789643555879,0.03336099367588757,0.01793150193989276,0.0060235452838242115
bielik_1_5b_v3,zh,situation,negative,centroid_phrases,neutral_centroid,0.07645820528268811,-0.038182299025356733,-0.043589646555483315,0.05845720302313565,0.11464050430804484,0.12004785183817143,0.018001002259552458
bielik_1_5b_v3,zh,situation,negative,single_word,neutral_centroid,0.00631470642983914,-0.024498387053608878,-0.02656718604266642,-0.011641404777765268,0.030813093483448017,0.03288189247250556,0.01795611120760441
bielik_1_5b_v3,zh,situation,positive,centroid_phrases,neutral_centroid,0.04349036486819384,-0.05159349022433159,-0.06748854806646701,0.04460049159824845,0.09508385509252543,0.11097891293466085,-0.00111012673005461
bielik_1_5b_v3,zh,situation,positive,single_word,neutral_centroid,-0.01642980528995393,-0.03703149845823643,-0.05374879157170649,-0.03114264616742727,0.0206016931682825,0.037318986281752564,0.014712840877473338
bielik_1_5b_v3,zh,situation,sadness,centroid_phrases,neutral_centroid,0.04992970498278733,-0.030740097444504493,-0.029245128482580172,0.058459427673369604,0.08066980242729183,0.0791748334653675,-0.008529722690582275
bielik_1_5b_v3,zh,situation,sadness,single_word,neutral_centroid,0.02027548225596542,0.0035523449070751305,0.013253105524927342,-0.003034268971532609,0.01672313734889029,0.007022376731038078,0.023309751227498027
gemini,en,food,amusement,centroid_phrases,neutral_centroid,0.011753139086067637,0.0021376430988311553,0.0029270108789205256,0.007449610903859115,0.009615495987236482,0.008826128207147111,0.004303528182208522
gemini,en,food,amusement,single_word,neutral_centroid,0.01753294435329732,-0.0032208486925810603,0.00125945624895393,0.0077729244250804,0.02075379304587838,0.01627348810434339,0.00976001992821692
gemini,en,food,anger,centroid_phrases,neutral_centroid,0.03473567189648745,0.00776818487793207,0.013440201058983792,0.01202464206144214,0.026967487018555378,0.021295470837503657,0.02271102983504531
gemini,en,food,anger,single_word,neutral_centroid,0.016923141805455087,-0.015311382384970752,-0.01158010209910568,-0.0064210549462586294,0.03223452419042584,0.028503243904560768,0.023344196751713717
gemini,en,food,disgust,centroid_phrases,neutral_centroid,0.08119346085004506,0.00933756665326654,0.009337566653266538,0.011692536273039868,0.07185589419677851,0.07185589419677851,0.06950092457700519
gemini,en,food,disgust,single_word,neutral_centroid,0.05727132097817955,-0.005820499127730713,-0.0058204991277307095,-0.00529923080466685,0.06309182010591026,0.06309182010591026,0.0625705517828464
gemini,en,food,excitement,centroid_phrases,neutral_centroid,-0.0007278709905222305,-0.00566887364257129,-0.00566887364257129,0.0015534195816143998,0.00494100265204906,0.00494100265204906,-0.0022812905721366302
gemini,en,food,excitement,single_word,neutral_centroid,-0.0055543842259794295,-0.0149009494576603,-0.0149009494576603,-0.010984171507880069,0.00934656523168087,0.00934656523168087,0.005429787281900639
gemini,en,food,fear,centroid_phrases,neutral_centroid,0.00428554555401206,-0.004438106995075941,-0.00425957855768501,-0.0007354167755693187,0.008723652549088001,0.00854512411169707,0.005020962329581379
gemini,en,food,fear,single_word,neutral_centroid,-3.541156183928e-05,-0.01370156926568597,-0.01350740385241806,-0.01458830160554497,0.01366615770384669,0.013471992290578778,0.014552890043705689
gemini,en,food,joy,centroid_phrases,neutral_centroid,0.02784890173934395,0.006977210147306301,0.0015162895899265803,0.00981655218638478,0.02087169159203765,0.02633261214941737,0.018032349552959168
gemini,en,food,joy,single_word,neutral_centroid,-0.020462825987488,-0.03451101039536293,-0.03616053392179306,-0.03576506469398733,0.01404818440787493,0.01569770793430506,0.01530223870649933
gemini,en,food,love,centroid_phrases,neutral_centroid,0.015888799587264642,-5.6916614994400805e-05,0.0006279284600168497,0.010655366489663708,0.01594571620225904,0.015260871127247793,0.005233433097600933
gemini,en,food,love,single_word,neutral_centroid,-0.018057077680714413,-0.03217909738887098,-0.03022438616026189,-0.0201382304774597,0.014122019708156568,0.012167308479547476,0.002081152796745287
gemini,en,food,negative,centroid_phrases,neutral_centroid,0.07129650358110662,0.01168830301612614,0.01631494271568951,0.04974359776824709,0.05960820056498048,0.05498156086541711,0.021552905812859527
gemini,en,food,negative,single_word,neutral_centroid,0.07448543068021532,-0.0010232651606201903,0.008829550165683039,0.022034533880651,0.07550869584083551,0.06565588051453228,0.05245089679956432
gemini,en,food,positive,centroid_phrases,neutral_centroid,0.006728356750681999,-0.0026897768955677593,-0.005680749006569359,-0.00763845029287037,0.009418133646249757,0.012409105757251359,0.014366807043552369
gemini,en,food,positive,single_word,neutral_centroid,-0.0029746387386694402,-0.02180249553639437,-0.02327835625037547,-0.029554864019155448,0.01882785679772493,0.02030371751170603,0.02658022528048601
gemini,en,food,sadness,centroid_phrases,neutral_centroid,0.038165522564668194,0.0025680678081698902,-0.00659321899292987,0.04789909591199827,0.0355974547564983,0.04475874155759806,-0.009733573347330077
gemini,en,food,sadness,single_word,neutral_centroid,0.01803400188218802,-0.00795109861064701,-0.016493218322284498,0.02356738746166228,0.025985100492835034,0.03452722020447252,-0.0055333855794742585
gemini,en,object,amusement,centroid_phrases,neutral_centroid,0.09527419582009311,0.061984599009156184,0.061984599009156184,0.09527419582009312,0.033289596810936926,0.033289596810936926,-1.3877787807814457e-17
gemini,en,object,amusement,single_word,neutral_centroid,0.053673468157648986,0.03404722791165108,0.03404722791165108,0.03917868174612517,0.019626240245997906,0.019626240245997906,0.014494786411523818
gemini,en,object,anger,centroid_phrases,neutral_centroid,0.09574451670050617,0.04266088483855126,0.048651759233325695,0.06486098300665613,0.05308363186195491,0.047092757467180474,0.030883533693850038
gemini,en,object,anger,single_word,neutral_centroid,0.06877353508025404,0.034510646853595936,0.03766894740983841,0.04260168634355063,0.0342628882266581,0.03110458767041563,0.026171848736703404
gemini,en,object,disgust,centroid_phrases,neutral_centroid,0.07582090739160771,0.02479815911501643,0.022960532642900912,0.041676934063434555,0.051022748276591284,0.0528603747487068,0.034143973328173156
gemini,en,object,disgust,single_word,neutral_centroid,0.06214325577020642,-0.00260539287701248,-0.00444262800738213,0.007508910726755862,0.0647486486472189,0.06658588377758855,0.054634345043450556
gemini,en,object,excitement,centroid_phrases,neutral_centroid,0.08817458264529701,0.06275806222110983,0.06142023149877782,0.07257768046110864,0.025416520424187183,0.02675435114651919,0.015596902184188369
gemini,en,object,excitement,single_word,neutral_centroid,0.05855475924909111,0.037736415071412885,0.03984139910899099,0.0435092327650636,0.020818344177678222,0.018713360140100117,0.015045526484027509
gemini,en,object,fear,centroid_phrases,neutral_centroid,0.07707258313894268,0.04645218327641481,0.04453859440982335,0.06003869641572231,0.030620399862527868,0.03253398872911933,0.017033886723220364
gemini,en,object,fear,single_word,neutral_centroid,0.05825753584504122,0.040353574510663695,0.03843134967610235,0.04425450367853041,0.01790396133437752,0.019826186168938865,0.014003032166510804
gemini,en,object,joy,centroid_phrases,neutral_centroid,0.08192188292741773,0.05649792365729804,0.05962054617702957,0.06906821783632036,0.025423959270119686,0.02230133675038816,0.012853665091097366
gemini,en,object,joy,single_word,neutral_centroid,0.0720752447843551,0.058651978522539096,0.06217113994061942,0.052995146252214874,0.01342326626181601,0.009904104843735682,0.01908009853214023
gemini,en,object,love,centroid_phrases,neutral_centroid,0.07822351995855567,0.051743865758180574,0.04950702525675292,0.06761343572288749,0.026479654200375097,0.02871649470180275,0.010610084235668185
gemini,en,object,love,single_word,neutral_centroid,0.0655164953321218,0.047663518413901276,0.04532023835927242,0.06549616679549211,0.01785297691822052,0.020196256972849373,2.0328536629685146e-05
gemini,en,object,negative,centroid_phrases,neutral_centroid,0.09219326563179489,0.0373520106542855,0.04072103318758305,0.08332138136029239,0.05484125497750939,0.05147223244421184,0.008871884271502498
gemini,en,object,negative,single_word,neutral_centroid,0.04374936777167018,-0.01011570435948668,-0.004968161834403859,0.01573076220229267,0.05386507213115686,0.04871752960607404,0.028018605569377512
gemini,en,object,positive,centroid_phrases,neutral_centroid,0.08737979084253307,0.06358936913311476,0.05911770351231092,0.0745299961417913,0.023790421709418308,0.028262087330222146,0.012849794700741768
gemini,en,object,positive,single_word,neutral_centroid,0.08791162855923172,0.07657162547111507,0.06642634235322471,0.06834585741162297,0.011340003088116654,0.02148528620600701,0.019565771147608754
gemini,en,object,sadness,centroid_phrases,neutral_centroid,0.07800242863595482,0.04008134696632619,0.03839574400335546,0.06984143592417237,0.037921081669628626,0.03960668463259936,0.008160992711782444
gemini,en,object,sadness,single_word,neutral_centroid,0.06195302233099934,0.02509731967002149,0.0213463736698031,0.04820125382393593,0.03685570266097785,0.040606648661196246,0.01375176850706341
gemini,en,person,amusement,centroid_phrases,neutral_centroid,0.07500168550759548,0.03925904948264356,0.03925904948264356,0.0734316208399832,0.03574263602495192,0.03574263602495192,0.001570064667612281
gemini,en,person,amusement,single_word,neutral_centroid,0.049102190881967524,0.026313810050487517,0.026313810050487517,0.059537085611373164,0.022788380831480007,0.022788380831480007,-0.01043489472940564
gemini,en,person,anger,centroid_phrases,neutral_centroid,0.0930560926441103,-0.00634410553611812,-0.00634410553611812,0.04818419958464801,0.09940019818022842,0.09940019818022842,0.04487189305946229
gemini,en,person,anger,single_word,neutral_centroid,0.10559140872210263,0.00045293625444176017,0.00045293625444176,0.035871672816574565,0.10513847246766087,0.10513847246766087,0.06971973590552806
gemini,en,person,disgust,centroid_phrases,neutral_centroid,0.0681046035606414,-0.0052395287435501705,-0.00992324179969726,0.0005745912436395898,0.07334413230419157,0.07802784536033866,0.0675300123170018
gemini,en,person,disgust,single_word,neutral_centroid,0.07317351168021556,0.00028627244755628984,-0.008717260230332572,0.00526896817609669,0.07288723923265927,0.08189077191054814,0.06790454350411887
gemini,en,person,excitement,centroid_phrases,neutral_centroid,0.0584450836293399,0.00637373519130049,0.0005166024900972802,0.01461337958462532,0.052071348438039414,0.05792848113924262,0.04383170404471458
gemini,en,person,excitement,single_word,neutral_centroid,0.08412243337370452,0.01047801179811357,0.013403811072930672,0.02055786657147107,0.07364442157559095,0.07071862230077385,0.06356456680223345
gemini,en,person,fear,centroid_phrases,neutral_centroid,0.051794882770627736,-0.012839735578745556,-0.02159104598686094,-0.0059696790762245365,0.06463461834937329,0.07338592875748867,0.057764561846852275
gemini,en,person,fear,single_word,neutral_centroid,0.0675164283253252,0.01464244239032266,0.01648020469583569,0.02010586424730714,0.05287398593500254,0.05103622362948951,0.04741056407801806
gemini,en,person,joy,centroid_phrases,neutral_centroid,0.0567964228335768,0.00477542574517431,-0.00882706181146201,0.02817915845662352,0.052020997088402486,0.06562348464503881,0.028617264376953278
gemini,en,person,joy,single_word,neutral_centroid,0.04634076370857654,0.00461559579707683,-0.00348694049753247,0.014733236702159019,0.04172516791149971,0.049827704206109005,0.031607527006417516
gemini,en,person,love,centroid_phrases,neutral_centroid,0.05425019480753686,0.014969425206072601,0.014969425206072601,0.0248445290373638,0.03928076960146426,0.03928076960146426,0.029405665770173058
gemini,en,person,love,single_word,neutral_centroid,0.02418991313315925,0.0026210447307675896,0.0026210447307675904,0.014239181578159291,0.021568868402391663,0.02156886840239166,0.00995073155499996
gemini,en,person,negative,centroid_phrases,neutral_centroid,0.10489862291142342,-0.010228476021438799,-0.01285244477912779,0.0576081528328359,0.11512709893286222,0.11775106769055121,0.04729047007858752
gemini,en,person,negative,single_word,neutral_centroid,0.10295363329350946,-0.0064226240385323805,-0.0010733165312558498,0.052102081291377535,0.10937625733204184,0.1040269498247653,0.05085155200213192
gemini,en,person,positive,centroid_phrases,neutral_centroid,0.06424890873022375,0.02264900100417431,0.02264900100417431,0.043524219095706904,0.04159990772604944,0.04159990772604944,0.020724689634516846
gemini,en,person,positive,single_word,neutral_centroid,0.08142943345010277,0.03789892727509137,0.03789892727509137,0.04390791039913889,0.0435305061750114,0.0435305061750114,0.03752152305096388
gemini,en,person,sadness,centroid_phrases,neutral_centroid,0.08566683947574343,-0.00701577907893806,-0.00701577907893806,0.0382528838003054,0.09268261855468149,0.09268261855468149,0.047413955675438026
gemini,en,person,sadness,single_word,neutral_centroid,0.0773731583729386,-0.003248381847515692,-0.003248381847515691,0.025872003426775307,0.08062154022045429,0.08062154022045429,0.05150115494616329
gemini,en,place,amusement,centroid_phrases,neutral_centroid,0.04374115755781528,0.02676820063497868,0.02806244222447274,0.03946726089343426,0.016972956922836603,0.015678715333342544,0.004273896664381022
gemini,en,place,amusement,single_word,neutral_centroid,0.07744662277400488,0.061754519119858686,0.05717178657650942,0.07363653965294356,0.015692103654146194,0.020274836197495462,0.0038100831210613195
gemini,en,place,anger,centroid_phrases,neutral_centroid,0.08101720474660393,0.03716318565420803,0.039971404103562216,0.06854402106255289,0.0438540190923959,0.04104580064304171,0.012473183684051037
gemini,en,place,anger,single_word,neutral_centroid,0.07723243832588192,0.03923683445900676,0.03751754332333801,0.06793668307363984,0.03799560386687516,0.03971489500254391,0.009295755252242077
gemini,en,place,disgust,centroid_phrases,neutral_centroid,0.11400433741509912,0.051054458785802094,0.054228965472429946,0.060386633966118076,0.06294987862929702,0.05977537194266917,0.05361770344898104
gemini,en,place,disgust,single_word,neutral_centroid,0.10719193816184994,0.045202821679413266,0.04904901254922147,0.04262548368424173,0.06198911648243667,0.05814292561262847,0.0645664544776082
gemini,en,place,excitement,centroid_phrases,neutral_centroid,0.03491668673232194,0.01798396026715633,0.02012620940804477,0.03599988548085089,0.016932726465165613,0.014790477324277171,-0.0010831987485289477
gemini,en,place,excitement,single_word,neutral_centroid,0.04623110212851311,0.026785587915219324,0.02025641321670259,0.04138644929043944,0.01944551421329379,0.025974688911810522,0.004844652838073671
gemini,en,place,fear,centroid_phrases,neutral_centroid,0.07889159545302385,0.03689169287681575,0.037815624848008114,0.04474595934152599,0.0419999025762081,0.041075970605015735,0.03414563611149786
gemini,en,place,fear,single_word,neutral_centroid,0.06301361434161658,0.0233804645016789,0.01834820155054327,0.021525814570486503,0.03963314983993768,0.044665412791073306,0.041487799771130075
gemini,en,place,joy,centroid_phrases,neutral_centroid,0.0390469365753233,0.01593182715587315,0.013632666086778,0.01947155725210902,0.02311510941945015,0.0254142704885453,0.01957537932321428
gemini,en,place,joy,single_word,neutral_centroid,0.037321511190384585,0.01348335696384308,0.014665646106004678,0.01053601754829288,0.023838154226541505,0.022655865084379907,0.026785493642091707
gemini,en,place,love,centroid_phrases,neutral_centroid,0.0633530891500413,0.01559292357414958,0.0232093843631446,0.04531819485127922,0.047760165575891717,0.0401437047868967,0.01803489429876208
gemini,en,place,love,single_word,neutral_centroid,0.034801816428080154,-0.0053145790705457305,-0.0022575734416022905,0.014650718588381989,0.04011639549862588,0.03705938986968244,0.020151097839698165
gemini,en,place,negative,centroid_phrases,neutral_centroid,0.0885119476355612,0.02242201669141648,0.03230461841449139,0.0669580589048564,0.06608993094414471,0.0562073292210698,0.021553888730704795
gemini,en,place,negative,single_word,neutral_centroid,0.09531925953924654,0.03636465165764089,0.045111007057130295,0.06238680668175217,0.05895460788160565,0.050208252482116245,0.03293245285749437
gemini,en,place,positive,centroid_phrases,neutral_centroid,0.03194482026156033,-0.0034849591786042,7.91345024481395e-05,0.00390679505653679,0.035429779440164524,0.03186568575911219,0.028038025205023537
gemini,en,place,positive,single_word,neutral_centroid,0.0016966968774795698,-0.02344466643407936,-0.025025444570928763,-0.029102893639355844,0.025141363311558928,0.026722141448408333,0.030799590516835413
gemini,en,place,sadness,centroid_phrases,neutral_centroid,0.07701889462769027,0.02390805531758811,0.025419810158200516,0.06896220035850997,0.05311083931010216,0.05159908446948975,0.008056694269180292
gemini,en,place,sadness,single_word,neutral_centroid,0.05774895094800736,0.02180318960454313,0.0233580717584118,0.052541465125977946,0.03594576134346423,0.03439087918959556,0.005207485822029415
gemini,en,situation,amusement,centroid_phrases,neutral_centroid,0.08179298527538771,0.00989801217801867,0.02151331468485295,0.0831943374127149,0.07189497309736904,0.06027967059053476,-0.0014013521373271859
gemini,en,situation,amusement,single_word,neutral_centroid,0.08537103496491902,0.04666089452803129,0.054911004006862586,0.057879563421010916,0.03871014043688773,0.030460030958056432,0.027491471543908103
gemini,en,situation,anger,centroid_phrases,neutral_centroid,0.04565813746303319,0.025246974406763927,0.02410362255759538,0.04376760041341185,0.020411163056269263,0.02155451490543781,0.0018905370496213394
gemini,en,situation,anger,single_word,neutral_centroid,0.056196052022278266,0.04614415075629947,0.04609891818836327,0.03564324835315342,0.010051901265978797,0.010097133833914994,0.020552803669124847
gemini,en,situation,disgust,centroid_phrases,neutral_centroid,0.028654792066663482,0.009483830211684101,-0.006188081623986349,0.01349755777046085,0.01917096185497938,0.03484287369064983,0.015157234296202632
gemini,en,situation,disgust,single_word,neutral_centroid,0.04024003837257617,0.027937309257686088,0.02964016757905478,0.01261566542088984,0.012302729114890082,0.010599870793521392,0.027624372951686328
gemini,en,situation,excitement,centroid_phrases,neutral_centroid,0.09910619966685769,0.01979318559169767,0.00364876007661222,0.038226401619613146,0.07931301407516002,0.09545743959024547,0.06087979804724454
gemini,en,situation,excitement,single_word,neutral_centroid,0.06658638231456276,0.03371517993509765,0.01963009405881163,0.03185296878218647,0.032871202379465114,0.046956288255751134,0.034733413532376294
gemini,en,situation,fear,centroid_phrases,neutral_centroid,0.0580921925604343,0.02174774650484322,0.01874927161261439,0.052575262077152685,0.036344446055591076,0.03934292094781991,0.005516930483281612
gemini,en,situation,fear,single_word,neutral_centroid,0.04649869264103469,0.0155559827107936,0.019706595130264744,0.02488459181040522,0.03094270993024109,0.026792097510769948,0.021614100830629472
gemini,en,situation,joy,centroid_phrases,neutral_centroid,0.12228792384266847,0.029503730265423612,0.03759440365247424,0.03731274115853006,0.09278419357724485,0.08469352019019423,0.08497518268413841
gemini,en,situation,joy,single_word,neutral_centroid,0.10729935774579642,0.04745506448671219,0.057817169558256845,0.04536556256934998,0.05984429325908423,0.04948218818753958,0.06193379517644644
gemini,en,situation,love,centroid_phrases,neutral_centroid,0.0542092433199286,0.016577743366360632,0.015141842234879702,0.06009990014135834,0.03763149995356797,0.0390674010850489,-0.005890656821429738
gemini,en,situation,love,single_word,neutral_centroid,0.06078438740223643,0.01812070612795648,0.012150161201134291,0.04256436941213902,0.04266368127427995,0.04863422620110214,0.018220017990097405
gemini,en,situation,negative,centroid_phrases,neutral_centroid,0.057413019984960546,0.02480549551546574,0.01576991844922305,0.051910085417330255,0.0326075244694948,0.0416431015357375,0.005502934567630291
gemini,en,situation,negative,single_word,neutral_centroid,0.05142806768417354,0.03735070675611494,0.02490939702838657,0.05225183907896276,0.0140773609280586,0.026518670655786968,-0.0008237713947892231
gemini,en,situation,positive,centroid_phrases,neutral_centroid,0.09250984019599853,0.01128990189172326,0.013886991748586288,0.020826122118160102,0.08121993830427528,0.07862284844741224,0.07168371807783844
gemini,en,situation,positive,single_word,neutral_centroid,0.08221306484192607,0.01495836554095147,0.012768527772277572,0.01352633675560353,0.06725469930097461,0.0694445370696485,0.06868672808632255
gemini,en,situation,sadness,centroid_phrases,neutral_centroid,0.05540975760668513,0.02897674492560328,0.012444701744243532,0.04618083126842973,0.02643301268108185,0.0429650558624416,0.009228926338255401
gemini,en,situation,sadness,single_word,neutral_centroid,0.07164616715162989,0.04773214245215056,0.03265280621126293,0.05904334941878912,0.023914024699479328,0.038993360940366956,0.012602817732840763
gemini,pl,food,amusement,centroid_phrases,neutral_centroid,0.014572719344869239,0.006394841289147729,0.00551827470771968,0.012548331869766099,0.00817787805572151,0.009054444637149559,0.00202438747510314
gemini,pl,food,amusement,single_word,neutral_centroid,0.00201406250707807,-0.004471164802089299,-0.00196830709464845,0.006461372273042809,0.006485227309167369,0.0039823696017265205,-0.004447309765964739
gemini,pl,food,anger,centroid_phrases,neutral_centroid,0.03019198374822733,0.013182497490197408,0.01838668873533604,0.02897873679175971,0.01700948625802992,0.011805295012891289,0.001213246956467618
gemini,pl,food,anger,single_word,neutral_centroid,-0.0028579558711498802,-0.013297674013301692,-0.01069030533544716,-0.0013294268865138,0.010439718142151812,0.00783234946429728,-0.0015285289846360803
gemini,pl,food,disgust,centroid_phrases,neutral_centroid,0.04578768862411377,0.006389841716736561,0.019756815489381553,0.008840843196958322,0.03939784690737721,0.026030873134732214,0.03694684542715544
gemini,pl,food,disgust,single_word,neutral_centroid,0.058224303973838654,0.010418609669432031,0.026783045521005973,0.01785097918473183,0.04780569430440662,0.03144125845283268,0.040373324789106824
gemini,pl,food,excitement,centroid_phrases,neutral_centroid,-0.0030257393606007207,-0.01488590473309157,-0.015482474025338871,-0.013906282559037192,0.01186016537249085,0.01245673466473815,0.010880543198436472
gemini,pl,food,excitement,single_word,neutral_centroid,-0.00584473168710244,-0.028615290345624052,-0.026632442371919706,-0.026529359817504837,0.022770558658521612,0.020787710684817266,0.020684628130402397
gemini,pl,food,fear,centroid_phrases,neutral_centroid,0.0050851915497333,-0.01527048083953556,-0.01307006697170433,-0.009593897638842431,0.02035567238926886,0.01815525852143763,0.01467908918857573
gemini,pl,food,fear,single_word,neutral_centroid,0.03862785329110917,0.014379901485517599,0.01745342498179522,0.017576247593387932,0.02424795180559157,0.021174428309313948,0.021051605697721236
gemini,pl,food,joy,centroid_phrases,neutral_centroid,0.008651684597134593,-0.0017426960170268875,0.0005763874389231324,-0.005191169772297117,0.01039438061416148,0.008075297158211462,0.013842854369431709
gemini,pl,food,joy,single_word,neutral_centroid,0.0036896414123475498,-0.006557049509137861,-0.00659678857773541,1.974403858179957e-06,0.010246690921485412,0.01028642999008296,0.0036876670084893697
gemini,pl,food,love,centroid_phrases,neutral_centroid,0.018474204000085582,0.01600568802095948,0.01728055672720073,0.017745648603886353,0.0024685159791261006,0.0011936472728848527,0.0007285553961992285
gemini,pl,food,love,single_word,neutral_centroid,0.03068821909837422,0.02047370304353534,0.01480487491935491,0.0233119110111147,0.01021451605483888,0.01588334417901931,0.007376308087259521
gemini,pl,food,negative,centroid_phrases,neutral_centroid,0.06083687874488529,0.01989791891537606,0.024919786630198348,0.04348072339780626,0.04093895982950923,0.03591709211468694,0.01735615534707903
gemini,pl,food,negative,single_word,neutral_centroid,0.06166982650756834,0.01604995904490354,0.016868717875331667,0.0318958705291152,0.045619867462664804,0.04480110863223667,0.029773955978453136
gemini,pl,food,positive,centroid_phrases,neutral_centroid,-0.0008320879191160213,-0.006790635176002971,-0.011018052510917172,-0.01130246333777905,0.005958547256886949,0.01018596459180115,0.010470375418663028
gemini,pl,food,positive,single_word,neutral_centroid,0.01810933100059625,0.009200963471084811,0.00996503736823795,-0.0010442396625876295,0.00890836752951144,0.008144293632358302,0.01915357066318388
gemini,pl,food,sadness,centroid_phrases,neutral_centroid,0.03111459780484433,0.013734850473701932,0.01750655174255367,0.03132745637558395,0.0173797473311424,0.01360804606229066,-0.00021285857073961856
gemini,pl,food,sadness,single_word,neutral_centroid,0.04160559506854039,0.01438754483824595,0.02274552559247238,0.04219921529293056,0.02721805023029444,0.01886006947606801,-0.0005936202243901692
gemini,pl,object,amusement,centroid_phrases,neutral_centroid,0.10976819880306717,0.06896085981279607,0.06896085981279607,0.10551762543618674,0.0408073389902711,0.0408073389902711,0.004250573366880422
gemini,pl,object,amusement,single_word,neutral_centroid,0.10990710705518718,0.06860213270410889,0.06860213270410889,0.08763777678832407,0.041304974351078286,0.041304974351078286,0.022269330266863105
gemini,pl,object,anger,centroid_phrases,neutral_centroid,0.06292523853480811,0.04160209987312552,0.05118495766073461,0.06267555989325044,0.02132313866168259,0.0117402808740735,0.0002496786415576713
gemini,pl,object,anger,single_word,neutral_centroid,0.07176675163209434,0.05507472250610586,0.05868713688105341,0.07224097661674017,0.01669202912598848,0.013079614751040927,-0.0004742249846458324
gemini,pl,object,disgust,centroid_phrases,neutral_centroid,0.07594706285744902,0.029487264039926197,0.0391264314530417,0.05080080833286042,0.046459798817522824,0.03682063140440733,0.0251462545245886
gemini,pl,object,disgust,single_word,neutral_centroid,0.05259987319586793,0.01477300476981325,0.014754604257177539,0.025151073827873884,0.03782686842605468,0.03784526893869039,0.027448799367994048
gemini,pl,object,excitement,centroid_phrases,neutral_centroid,0.08403917104005809,0.06399039328098292,0.06726284734904761,0.08049722798168654,0.020048777759075168,0.01677632369101048,0.0035419430583715494
gemini,pl,object,excitement,single_word,neutral_centroid,0.06663422174751754,0.05986081399023528,0.061457515135407405,0.0632568527013063,0.00677340775728226,0.0051767066121101366,0.0033773690462112482
gemini,pl,object,fear,centroid_phrases,neutral_centroid,0.06709348121657964,0.04932833265047518,0.0497758979676291,0.052874416206032004,0.017765148566104456,0.017317583248950538,0.014219065010547635
gemini,pl,object,fear,single_word,neutral_centroid,0.11453458145260806,0.06311935745179648,0.05932495445013042,0.054675974324345546,0.05141522400081158,0.05520962700247764,0.05985860712826251
gemini,pl,object,joy,centroid_phrases,neutral_centroid,0.08858988471329206,0.06329092960804696,0.07614824604243034,0.08409381918609135,0.025298955105245102,0.012441638670861718,0.004496065527200707
gemini,pl,object,joy,single_word,neutral_centroid,0.10544014647603032,0.09181301593780514,0.09972048103809353,0.09121369123458858,0.013627130538225188,0.005719665437936797,0.01422645524144174
gemini,pl,object,love,centroid_phrases,neutral_centroid,0.0931744966655969,0.06044176961295302,0.06940245027653869,0.07372143976390358,0.032732727052643885,0.02377204638905822,0.019453056901693327
gemini,pl,object,love,single_word,neutral_centroid,0.08671864010393615,0.05168849572073664,0.0558626558631658,0.0558626558631658,0.03503014438319951,0.03085598424077035,0.03085598424077035
gemini,pl,object,negative,centroid_phrases,neutral_centroid,0.09097441956400869,0.04126078840345142,0.05196499843150375,0.0839054003357887,0.04971363116055727,0.03900942113250494,0.007069019228219994
gemini,pl,object,negative,single_word,neutral_centroid,0.06439386801794167,0.006493972917087379,0.009422186971642061,0.023405628022737778,0.05789989510085429,0.05497168104629961,0.04098823999520389
gemini,pl,object,positive,centroid_phrases,neutral_centroid,0.08384249247610563,0.057901179883629014,0.060946028400212474,0.0856552198529243,0.025941312592476617,0.022896464075893158,-0.0018127273768186736
gemini,pl,object,positive,single_word,neutral_centroid,0.02220782767981287,0.01432747673243281,0.01991633381694551,0.01576879090862346,0.00788035094738006,0.0022914938628673595,0.00643903677118941
gemini,pl,object,sadness,centroid_phrases,neutral_centroid,0.0881277915090322,0.04737179903313513,0.04737179903313513,0.0738010130822658,0.04075599247589707,0.04075599247589707,0.014326778426766398
gemini,pl,object,sadness,single_word,neutral_centroid,0.10003634542226787,0.06388000994920724,0.06388000994920724,0.07860765084624284,0.03615633547306063,0.03615633547306063,0.02142869457602503
gemini,pl,person,amusement,centroid_phrases,neutral_centroid,0.05205045100301501,-0.013812291249632838,0.00506625529378651,0.04601124562323091,0.06586274225264785,0.0469841957092285,0.006039205379784099
gemini,pl,person,amusement,single_word,neutral_centroid,0.03906422890722748,-0.01921753138303756,-0.00553762167692185,0.0459740066900849,0.058281760290265036,0.04460185058414933,-0.006909777782857417
gemini,pl,person,anger,centroid_phrases,neutral_centroid,0.09879126418381926,0.01283185402862724,0.01050317953340706,0.08131791613996024,0.08595941015519201,0.0882880846504122,0.017473348043859013
gemini,pl,person,anger,single_word,neutral_centroid,0.04255533693358298,-0.00808974923565985,-0.0028351048938930192,0.03801578758284446,0.050645086169242834,0.045390441827476,0.0045395493507385185
gemini,pl,person,disgust,centroid_phrases,neutral_centroid,0.0984083176590502,-0.01078208507969974,-0.01339076906442641,0.01713864048942921,0.10919040273874994,0.1117990867234766,0.081269677169621
gemini,pl,person,disgust,single_word,neutral_centroid,0.10248820260167116,0.00471073212102054,0.004807874094694851,0.02435264429077501,0.09777747048065062,0.0976803285069763,0.07813555831089615
gemini,pl,person,excitement,centroid_phrases,neutral_centroid,0.05259218961000441,-0.01157381366938352,-0.01157381366938352,0.04948064461350439,0.06416600327938793,0.06416600327938793,0.003111544996500022
gemini,pl,person,excitement,single_word,neutral_centroid,0.04749592021107672,-0.0291498506441712,-0.0291498506441712,0.0037959858775138988,0.07664577085524793,0.07664577085524793,0.043699934333562826
gemini,pl,person,fear,centroid_phrases,neutral_centroid,0.09457912938669322,0.01973038245923816,0.01666425080038606,0.03631788985803721,0.07484874692745505,0.07791487858630716,0.05826123952865601
gemini,pl,person,fear,single_word,neutral_centroid,0.02413251874968407,-0.02891960507258771,-0.024966685008257612,-0.00828931992873548,0.053052123822271785,0.04909920375794168,0.03242183867841955
gemini,pl,person,joy,centroid_phrases,neutral_centroid,0.06346812280826267,0.006017017224803551,5.2905315533280374e-05,0.04848199984990058,0.05745110558345912,0.06341521749272938,0.014986122958362089
gemini,pl,person,joy,single_word,neutral_centroid,0.014140922296792272,-0.045873068552464244,-0.05010417243465781,-0.030582098569720967,0.060013990849256516,0.06424509473145008,0.04472302086651324
gemini,pl,person,love,centroid_phrases,neutral_centroid,0.0656563538126647,0.02525213486514984,0.00617297501303256,0.060018102359026625,0.040404218947514864,0.05948337879963214,0.005638251453638075
gemini,pl,person,love,single_word,neutral_centroid,0.08222677502781148,0.03735950239934026,0.0221994495484978,0.061078703869134145,0.04486727262847122,0.06002732547931368,0.021148071158677333
gemini,pl,person,negative,centroid_phrases,neutral_centroid,0.10446533709764479,0.0009741376154124798,0.01553004188463091,0.0697537278756499,0.1034911994822323,0.08893529521301388,0.034711609221994885
gemini,pl,person,negative,single_word,neutral_centroid,0.10301633952185507,0.0011322246165945903,0.01690598768182096,0.05710902328137302,0.10188411490526048,0.08611035184003411,0.045907316240482055
gemini,pl,person,positive,centroid_phrases,neutral_centroid,0.06169925220310687,0.0030807872302830285,-0.007969266921281812,0.008477641083300128,0.05861846497282384,0.06966851912438868,0.053221611119806736
gemini,pl,person,positive,single_word,neutral_centroid,0.014734773430973281,-0.01961197694763538,-0.03250776012428102,-0.02177047599107024,0.03434675037860866,0.047242533555254304,0.03650524942204352
gemini,pl,person,sadness,centroid_phrases,neutral_centroid,0.09031148795038457,0.006253619119524939,0.00849648229777811,0.04849111679941413,0.08405786883085964,0.08181500565260647,0.04182037115097044
gemini,pl,person,sadness,single_word,neutral_centroid,0.05686834501102563,-0.00945087778382003,-0.010156167903915029,0.03839975846931336,0.06631922279484566,0.06702451291494066,0.018468586541712274
gemini,pl,place,amusement,centroid_phrases,neutral_centroid,0.031744708027690624,0.021009136550128447,0.01799260219559073,0.026810711994767172,0.010735571477562177,0.013752105832099893,0.004933996032923452
gemini,pl,place,amusement,single_word,neutral_centroid,0.02575910938903687,0.011198351345956339,0.01280023735016585,0.010484569612890491,0.014560758043080532,0.01295887203887102,0.01527453977614638
gemini,pl,place,anger,centroid_phrases,neutral_centroid,0.0546955911442637,0.028936049528419928,0.02967593204230065,0.04657160248607392,0.025759541615843772,0.02501965910196305,0.008123988658189779
gemini,pl,place,anger,single_word,neutral_centroid,0.02072791559621687,-0.004322923719882981,-0.00594417639076712,0.021477959211915677,0.025050839316099853,0.02667209198698399,-0.0007500436156988068
gemini,pl,place,disgust,centroid_phrases,neutral_centroid,0.06830883175134654,0.023399644391611192,0.01851491061970588,0.018794532073661642,0.04490918735973535,0.04979392113164066,0.0495142996776849
gemini,pl,place,disgust,single_word,neutral_centroid,0.06536847306415436,0.02925367336720227,0.02398513979278504,0.02864997438155113,0.03611479969695209,0.04138333327136932,0.036718498682603226
gemini,pl,place,excitement,centroid_phrases,neutral_centroid,0.02518666642718012,0.021670284448191482,0.01981726973317559,0.028424962610006283,0.003516381978988639,0.005369396694004529,-0.003238296182826162
gemini,pl,place,excitement,single_word,neutral_centroid,0.02966195219196377,0.024546314822509872,0.026405723532661775,0.027132661780342432,0.005115637369453897,0.003256228659301995,0.0025292904116213377
gemini,pl,place,fear,centroid_phrases,neutral_centroid,0.05894103348255155,0.025941649777814723,0.02858943585306405,0.026525385305285448,0.03299938370473683,0.0303515976294875,0.0324156481772661
gemini,pl,place,fear,single_word,neutral_centroid,0.058127083070576145,0.01825407184660433,0.01269319280982017,0.029167491197586038,0.03987301122397181,0.04543389026075598,0.028959591872990107
gemini,pl,place,joy,centroid_phrases,neutral_centroid,0.02825129898264999,0.01752931410446758,0.016753062745556192,0.02092980276793237,0.010721984878182409,0.011498236237093798,0.007321496214717619
gemini,pl,place,joy,single_word,neutral_centroid,-0.00427995435893534,-0.01054540975019333,-0.019202507566660608,-0.00975559279322623,0.00626545539125799,0.01492255320772527,0.00547563843429089
gemini,pl,place,love,centroid_phrases,neutral_centroid,0.0402045119553804,0.02363269468769429,0.025375580880790928,0.029181727487593862,0.01657181726768611,0.01482893107458947,0.011022784467786536
gemini,pl,place,love,single_word,neutral_centroid,-0.03152557779103516,-0.04404769502580163,-0.04525558799505231,-0.048033055663108795,0.01252211723476647,0.013730010204017151,0.016507477872073635
gemini,pl,place,negative,centroid_phrases,neutral_centroid,0.05068926196545361,0.007457398506812769,0.014078860427252949,0.018238410516642028,0.04323186345864084,0.036610401538200665,0.03245085144881159
gemini,pl,place,negative,single_word,neutral_centroid,0.09594120159745212,0.047939382493495886,0.055546808242797806,0.06612701304256911,0.048001819103956234,0.040394393354654314,0.029814188554883006
gemini,pl,place,positive,centroid_phrases,neutral_centroid,0.015496746497228719,0.0010993408504873508,-0.00647460683248936,-0.0017033622134476698,0.014397405646741367,0.021971353329718078,0.017200108710676388
gemini,pl,place,positive,single_word,neutral_centroid,0.03492583250626919,0.009355635428801171,0.005966947460547091,0.0017547650728374803,0.02557019707746802,0.0289588850457221,0.03317106743343171
gemini,pl,place,sadness,centroid_phrases,neutral_centroid,0.05493682269006963,0.03455527592450375,0.02711176592856641,0.056771937198936875,0.020381546765565882,0.02782505676150322,-0.0018351145088672458
gemini,pl,place,sadness,single_word,neutral_centroid,0.07453225068747993,0.05127184414304788,0.02618123604916034,0.057380308583378746,0.023260406544432045,0.04835101463831959,0.017151942104101182
gemini,pl,situation,amusement,centroid_phrases,neutral_centroid,0.08846685923635957,0.049243760202079975,0.049243760202079975,0.07796343993395563,0.03922309903427959,0.03922309903427959,0.010503419302403935
gemini,pl,situation,amusement,single_word,neutral_centroid,0.09566049128770825,0.06596277654170986,0.06596277654170986,0.07070307321846481,0.029697714745998388,0.029697714745998388,0.02495741806924344
gemini,pl,situation,anger,centroid_phrases,neutral_centroid,0.04208458364009854,0.03279583826661108,0.03346480466425416,0.03073207978159188,0.009288745373487457,0.008619778975844379,0.011352503858506658
gemini,pl,situation,anger,single_word,neutral_centroid,0.05046216910704966,0.046369621576741286,0.039465133333578664,0.048134933086112094,0.0040925475303083755,0.010997035773470998,0.0023272360209375675
gemini,pl,situation,disgust,centroid_phrases,neutral_centroid,0.08300733938813205,0.06001623123884196,0.06001623123884196,0.04014699533581728,0.02299110814929009,0.02299110814929009,0.04286034405231477
gemini,pl,situation,disgust,single_word,neutral_centroid,0.09348389953374858,0.06854710974730546,0.06854710974730546,0.05884402021765704,0.02493678978644312,0.02493678978644312,0.03463987931609154
gemini,pl,situation,excitement,centroid_phrases,neutral_centroid,0.0744795393198728,0.03795364275574681,0.040266864746808975,0.05508722383528943,0.036525896564126,0.03421267457306383,0.019392315484583374
gemini,pl,situation,excitement,single_word,neutral_centroid,0.03999227653257547,0.02772302250377832,0.030575953936204305,0.03166977739892898,0.012269254028797149,0.009416322596371166,0.008322499133646487
gemini,pl,situation,fear,centroid_phrases,neutral_centroid,0.023712009657174328,0.0021785651333630107,0.0009967756457626917,-0.00980012146756051,0.021533444523811316,0.022715234011411636,0.033512131124734834
gemini,pl,situation,fear,single_word,neutral_centroid,0.015378426574170559,0.0048786303028464095,0.0022744424641132194,-0.0018424955196678708,0.01049979627132415,0.013103984110057339,0.01722092209383843
gemini,pl,situation,joy,centroid_phrases,neutral_centroid,0.07933265939354893,0.03788416573079298,0.03788416573079298,0.04398833477171133,0.04144849366275595,0.04144849366275595,0.0353443246218376
gemini,pl,situation,joy,single_word,neutral_centroid,0.06262647756375368,0.04069395507685834,0.04069395507685835,0.04126673373393709,0.02193252248689534,0.021932522486895333,0.02135974382981659
gemini,pl,situation,love,centroid_phrases,neutral_centroid,0.05220937496051189,0.022215188900008752,0.022539832675829492,0.028344985749572484,0.029994186060503136,0.029669542284682396,0.023864389210939405
gemini,pl,situation,love,single_word,neutral_centroid,0.05092003149911757,0.028372134827077337,0.03370184432715173,0.025446191057562788,0.022547896672040234,0.01721818717196584,0.025473840441554783
gemini,pl,situation,negative,centroid_phrases,neutral_centroid,0.040756019437685594,0.019986789068207143,0.019986789068207143,0.037301233178004614,0.02076923036947845,0.02076923036947845,0.0034547862596809795
gemini,pl,situation,negative,single_word,neutral_centroid,0.06667304113507266,0.054052777960896456,0.054052777960896456,0.062322814017534214,0.012620263174176208,0.012620263174176208,0.004350227117538449
gemini,pl,situation,positive,centroid_phrases,neutral_centroid,0.04680787581019101,0.01200691065751015,0.010557058965787278,0.0019165222998708397,0.03480096515268086,0.03625081684440373,0.04489135351032017
gemini,pl,situation,positive,single_word,neutral_centroid,0.07410533558577294,0.03904698248952622,0.03589997198432679,0.0319298229180276,0.03505835309624672,0.03820536360144615,0.042175512667745337
gemini,pl,situation,sadness,centroid_phrases,neutral_centroid,0.0687328089959919,0.04466709895059463,0.04466709895059463,0.04726873682811852,0.024065710045397273,0.024065710045397273,0.02146407216787339
gemini,pl,situation,sadness,single_word,neutral_centroid,0.036623072810471016,0.02603758731856941,0.02603758731856941,0.03178114388138052,0.010585485491901605,0.010585485491901605,0.004841928929090494
gemini,zh,food,amusement,centroid_phrases,neutral_centroid,0.01814374623354522,0.00400327479001134,0.0022861838107928593,0.01184736038558185,0.014140471443533881,0.01585756242275236,0.0062963858479633695
gemini,zh,food,amusement,single_word,neutral_centroid,0.030166177405044386,0.01447526756674048,0.012849749531596868,0.02534723943099375,0.01569090983830391,0.017316427873447518,0.004818937974050634
gemini,zh,food,anger,centroid_phrases,neutral_centroid,0.042120125237852316,0.0147468569688499,0.02065440407022833,0.034190012421458936,0.027373268269002417,0.021465721167623984,0.00793011281639338
gemini,zh,food,anger,single_word,neutral_centroid,0.01232863082550464,-0.01078295367769897,-0.007262993184849629,-0.0006445606704801293,0.023111584503203608,0.019591624010354268,0.012973191495984769
gemini,zh,food,disgust,centroid_phrases,neutral_centroid,0.09452513409778474,0.030176846683025383,0.01816645357757808,0.016788943856954598,0.06434828741475936,0.07635868052020665,0.07773619024083014
gemini,zh,food,disgust,single_word,neutral_centroid,0.07817609296180303,0.03176991040818393,0.02146862554363905,0.021079110493883467,0.0464061825536191,0.05670746741816398,0.05709698246791956
gemini,zh,food,excitement,centroid_phrases,neutral_centroid,0.0329333665780723,0.01952207158319651,0.02529575610533356,0.027609955985099067,0.013411294994875787,0.007637610472738737,0.00532341059297323
gemini,zh,food,excitement,single_word,neutral_centroid,0.03875239873304961,0.0226176558062434,0.030144399497657993,0.027942999638617023,0.01613474292680621,0.008607999235391614,0.010809399094432584
gemini,zh,food,fear,centroid_phrases,neutral_centroid,0.02711245939135547,0.0062335377559065795,0.007368946447968469,0.010668229497969129,0.02087892163544889,0.019743512943387,0.016444229893386342
gemini,zh,food,fear,single_word,neutral_centroid,0.02953488463535901,0.009418284613639109,0.01475601335987447,0.01583695551380514,0.020116600021719902,0.014778871275484539,0.013697929121553869
gemini,zh,food,joy,centroid_phrases,neutral_centroid,0.008532681269571171,-0.008582938881590962,-0.010555451037362211,-0.01173252309672532,0.017115620151162133,0.019088132306933382,0.02026520436629649
gemini,zh,food,joy,single_word,neutral_centroid,0.0233778830617666,0.00954166054725645,0.00812055505812167,0.0050292829982936495,0.01383622251451015,0.01525732800364493,0.018348600063472952
gemini,zh,food,love,centroid_phrases,neutral_centroid,0.021587302070111,0.01748697329312559,0.01742054317146536,0.01556718740612266,0.00410032877698541,0.00416675889864564,0.00602011466398834
gemini,zh,food,love,single_word,neutral_centroid,0.0007182874716818298,-0.0042160945944488,-0.0017465351615101204,0.0016729087568819496,0.00493438206613063,0.0024648226331919505,-0.0009546212852001197
gemini,zh,food,negative,centroid_phrases,neutral_centroid,0.10725298896431919,0.041121450625360004,0.04335425375029442,0.08340982189401981,0.06613153833895918,0.06389873521402477,0.023843167070299376
gemini,zh,food,negative,single_word,neutral_centroid,0.09258254827000198,0.02959799794480204,0.03151598651893436,0.05848038641270248,0.06298455032519994,0.06106656175106762,0.0341021618572995
gemini,zh,food,positive,centroid_phrases,neutral_centroid,0.015345631586387732,0.0016028352314606399,0.00622222975362092,-0.01079180389642714,0.013742796354927093,0.009123401832766812,0.026137435482814872
gemini,zh,food,positive,single_word,neutral_centroid,0.0004225198645144698,-0.005604657623916839,-0.00496031243819742,-0.00039287009276451034,0.006027177488431309,0.00538283230271189,0.0008153899572789802
gemini,zh,food,sadness,centroid_phrases,neutral_centroid,0.09550553169101472,0.06681520175188775,0.05992339011281724,0.10273395236581559,0.02869032993912697,0.03558214157819748,-0.007228420674800867
gemini,zh,food,sadness,single_word,neutral_centroid,0.10048245601356025,0.07274426817893978,0.07288665547966952,0.10164293013513084,0.027738187834620467,0.027595800533890727,-0.0011604741215705955
gemini,zh,object,amusement,centroid_phrases,neutral_centroid,0.05699066780507559,0.02585140764713284,0.021675985492765882,0.03516666162759061,0.03113926015794275,0.035314682312309706,0.021824006177484978
gemini,zh,object,amusement,single_word,neutral_centroid,0.03671630835160611,0.02370354710146784,0.01873159036040305,0.03651194698177275,0.013012761250138269,0.017984717991203058,0.0002043613698333585
gemini,zh,object,anger,centroid_phrases,neutral_centroid,0.046777416393160784,0.01967344186268745,0.01987098208628593,0.04352321699261662,0.027103974530473335,0.026906434306874855,0.0032541994005441666
gemini,zh,object,anger,single_word,neutral_centroid,0.04082830697298045,0.02158821504563091,0.01827848283573983,0.03972465917468067,0.01924009192734954,0.022549824137240618,0.0011036477982997797
gemini,zh,object,disgust,centroid_phrases,neutral_centroid,0.054491312429308825,0.013456889800727321,0.01169878812506791,0.030703115276992272,0.04103442262858151,0.042792524304240916,0.023788197152316552
gemini,zh,object,disgust,single_word,neutral_centroid,0.03897476103156802,-0.0021059203892946294,-0.00800335388630628,0.01386767334770409,0.04108068142086265,0.046978114917874306,0.02510708768386393
gemini,zh,object,excitement,centroid_phrases,neutral_centroid,0.04856272153556343,0.02360458862967785,0.03361049033701416,0.05299884341657157,0.02495813290588558,0.01495223119854927,-0.004436121881008143
gemini,zh,object,excitement,single_word,neutral_centroid,0.05079666860401626,0.029040356632322028,0.03640416832640764,0.03728973683901128,0.02175631197169423,0.01439250027760862,0.013506931765004976
gemini,zh,object,fear,centroid_phrases,neutral_centroid,0.05812634453177449,0.023435147851705522,0.03349303789436814,0.03215978443622585,0.03469119668006897,0.02463330663740635,0.025966560095548638
gemini,zh,object,fear,single_word,neutral_centroid,0.052444961853325325,0.01703446214087307,0.026988638984039408,0.015684564458206283,0.035410499712452255,0.025456322869285918,0.03676039739511904
gemini,zh,object,joy,centroid_phrases,neutral_centroid,0.055112362839281524,0.02844339087605472,0.03102279379963873,0.037506087403744406,0.026668971963226804,0.024089569039642794,0.017606275435537118
gemini,zh,object,joy,single_word,neutral_centroid,0.03274225525092328,0.017598415282554902,0.02166402626316992,0.026006493018940053,0.015143839968368378,0.01107822898775336,0.006735762231983227
gemini,zh,object,love,centroid_phrases,neutral_centroid,0.03876288942992684,-0.006068660225719201,0.0014423754997551397,0.01111237825825809,0.04483154965564604,0.037320513930171696,0.02765051117166875
gemini,zh,object,love,single_word,neutral_centroid,0.017659454676322628,-0.014141145697794821,-0.00928968822117893,-0.005910478183068321,0.03180060037411745,0.026949142897501558,0.02356993285939095
gemini,zh,object,negative,centroid_phrases,neutral_centroid,0.07044048272073264,0.02720817411318418,0.027022182662039956,0.06409256570041175,0.04323230860754846,0.04341830005869268,0.006347917020320892
gemini,zh,object,negative,single_word,neutral_centroid,0.06503681791946289,0.01313970647752282,0.01441426537930963,0.04973587011918422,0.05189711144194007,0.050622552540153264,0.015300947800278672
gemini,zh,object,positive,centroid_phrases,neutral_centroid,0.03593241572380061,0.0228506562300026,0.0278297732584178,0.01679107174277302,0.013081759493798011,0.008102642465382812,0.01914134398102759
gemini,zh,object,positive,single_word,neutral_centroid,0.009490689914673549,-0.00012610759586096002,0.00571657316759227,0.0006860858760773896,0.009616797510534509,0.003774116747081279,0.00880460403859616
gemini,zh,object,sadness,centroid_phrases,neutral_centroid,0.08053456917405125,0.03000647276639936,0.03068658038973806,0.06264425106346602,0.050528096407651886,0.04984798878431319,0.017890318110585224
gemini,zh,object,sadness,single_word,neutral_centroid,0.08746207989752289,0.028109361417591537,0.03358639013022181,0.06553099546581503,0.05935271847993135,0.053875689767301074,0.021931084431707853
gemini,zh,person,amusement,centroid_phrases,neutral_centroid,0.0723894232884049,0.02123407162725921,0.03006903398782011,0.06208197418600316,0.051155351661145695,0.04232038930058479,0.010307449102401743
gemini,zh,person,amusement,single_word,neutral_centroid,0.054492654697969524,0.01299620917998251,0.01746229934506115,0.053195237414911355,0.041496445517987014,0.03703035535290837,0.0012974172830581693
gemini,zh,person,anger,centroid_phrases,neutral_centroid,0.11478055301122363,0.00256206030026076,0.00222600190900264,0.11277435938827692,0.11221849271096286,0.11255455110222098,0.0020061936229467114
gemini,zh,person,anger,single_word,neutral_centroid,0.10278766993433235,-0.01773535003885624,-0.014855511579662539,0.05249576326459645,0.1205230199731886,0.11764318151399489,0.050291906669735896
gemini,zh,person,disgust,centroid_phrases,neutral_centroid,0.11719378102570768,0.00904972814023492,0.01503618657588956,0.02573502538725731,0.10814405288547277,0.10215759444981812,0.09145875563845038
gemini,zh,person,disgust,single_word,neutral_centroid,0.11764352142345158,-0.00217095725238325,0.0019963330123573403,0.00462562821339815,0.11981447867583483,0.11564718841109424,0.11301789321005343
gemini,zh,person,excitement,centroid_phrases,neutral_centroid,0.06203684739302841,0.01073406289797273,0.0248847876442596,0.04922588288318362,0.05130278449505568,0.03715205974876881,0.012810964509844786
gemini,zh,person,excitement,single_word,neutral_centroid,0.05589102818630633,-0.0013590515125542805,0.01038512024097144,0.00299910609610377,0.05725007969886061,0.045505907945334885,0.052891922090202555
gemini,zh,person,fear,centroid_phrases,neutral_centroid,0.11786412117071446,0.019121192907914468,0.025699900789186308,0.02306330450810487,0.09874292826279998,0.09216422038152815,0.09480081666260959
gemini,zh,person,fear,single_word,neutral_centroid,0.08679706896655259,0.0029317981563508487,0.009180458448827259,0.01564397760666906,0.08386527081020174,0.07761661051772534,0.07115309135988354
gemini,zh,person,joy,centroid_phrases,neutral_centroid,0.08064957261085506,0.0208272670395672,0.04778199549764392,0.040720958262681926,0.05982230557128786,0.032867577113211144,0.03992861434817314
gemini,zh,person,joy,single_word,neutral_centroid,0.04591265157796441,-0.00014125066809354963,0.03414552891626954,0.02879320457577701,0.04605390224605796,0.01176712266169487,0.017119447002187402
gemini,zh,person,love,centroid_phrases,neutral_centroid,0.04963423274457449,0.024103578738868182,0.01876545548439021,0.038580762036144675,0.02553065400570631,0.030868777260184284,0.011053470708429818
gemini,zh,person,love,single_word,neutral_centroid,0.00527100414037704,-0.00997437313199042,-0.01431973874568937,-0.00350804608315229,0.01524537727236746,0.01959074288606641,0.00877905022352933
gemini,zh,person,negative,centroid_phrases,neutral_centroid,0.13597574457526201,0.014236152963712782,0.02006786088459189,0.08905794969759875,0.12173959161154924,0.11590788369067012,0.04691779487766326
gemini,zh,person,negative,single_word,neutral_centroid,0.14758387953042978,0.02571038780733939,0.029277588520199023,0.08805209202691909,0.1218734917230904,0.11830629101023077,0.059531787503510694
gemini,zh,person,positive,centroid_phrases,neutral_centroid,0.0729887928348034,0.024957982497289737,0.022419326612725818,0.033117904327809776,0.04803081033751366,0.050569466222077586,0.03987088850699363
gemini,zh,person,positive,single_word,neutral_centroid,0.04970950707793233,0.014025536645203809,0.01160481469705699,0.030071682669222315,0.035683970432728515,0.03810469238087534,0.019637824408710012
gemini,zh,person,sadness,centroid_phrases,neutral_centroid,0.10055886521004138,0.014981420757248962,0.014981420757248962,0.06013155370019372,0.08557744445279242,0.08557744445279242,0.040427311509847665
gemini,zh,person,sadness,single_word,neutral_centroid,0.0898610133677721,0.0129761812277138,0.0129761812277138,0.05551640698686237,0.0768848321400583,0.0768848321400583,0.03434460638090973
gemini,zh,place,amusement,centroid_phrases,neutral_centroid,0.03783185305073854,0.00589648634195328,0.00401727110147478,0.038501515518873895,0.03193536670878526,0.033814581949263754,-0.0006696624681353583
gemini,zh,place,amusement,single_word,neutral_centroid,0.0878138411790132,0.04774935292080039,0.04994288878515357,0.070137923117727,0.04006448825821281,0.037870952393859625,0.017675918061286197
gemini,zh,place,anger,centroid_phrases,neutral_centroid,0.07715520570054647,0.022809605067595808,0.02144262003712353,0.060014692321419684,0.054345600632950665,0.055712585663422944,0.01714051337912679
gemini,zh,place,anger,single_word,neutral_centroid,0.08902256786823269,0.03835352044552561,0.04306273069232698,0.08078541979193683,0.05066904742270708,0.04595983717590571,0.008237148076295858
gemini,zh,place,disgust,centroid_phrases,neutral_centroid,0.07390010631643232,0.01166248363442716,0.02061502062715588,0.032134971115738084,0.06223762268200516,0.05328508568927644,0.041765135200694234
gemini,zh,place,disgust,single_word,neutral_centroid,0.0714498713612556,0.0167354624252766,0.02899938272312279,0.02071507559157905,0.05471440893597901,0.04245048863813282,0.05073479576967656
gemini,zh,place,excitement,centroid_phrases,neutral_centroid,0.04104308513924475,-0.0044362921267748,0.0020005540922283893,0.01154386438429353,0.04547937726601955,0.03904253104701636,0.02949922075495122
gemini,zh,place,excitement,single_word,neutral_centroid,0.042533846758305974,0.00997802373021838,0.019609384704381193,0.01805399740114805,0.03255582302808759,0.02292446205392478,0.024479849357157923
gemini,zh,place,fear,centroid_phrases,neutral_centroid,0.06249099969863885,0.009908646903932072,0.0032996146008372204,0.01777020059525963,0.05258235279470677,0.05919138509780163,0.044720799103379213
gemini,zh,place,fear,single_word,neutral_centroid,0.06777501497417684,0.013581571821123328,0.01150066768750546,0.01616450948640701,0.054193443153053515,0.05627434728667138,0.05161050548776984
gemini,zh,place,joy,centroid_phrases,neutral_centroid,0.045597440190613236,0.00178534798324109,0.00658001136034727,0.00791548583656548,0.043812092207372144,0.03901742883026597,0.03768195435404775
gemini,zh,place,joy,single_word,neutral_centroid,0.060854182392358735,0.03152756318449971,0.03601898215711113,0.03953227698802943,0.029326619207859027,0.024835200235247608,0.021321905404329308
gemini,zh,place,love,centroid_phrases,neutral_centroid,0.04496384356170888,0.0162873971275985,0.014625094179064019,0.03911295393481845,0.028676446434110377,0.03033874938264486,0.0058508896268904265
gemini,zh,place,love,single_word,neutral_centroid,0.02139376369304949,0.008168596262112231,0.006978945620357971,0.00957552222535013,0.013225167430937258,0.014414818072691519,0.011818241467699359
gemini,zh,place,negative,centroid_phrases,neutral_centroid,0.07732492540962989,0.012826631078496539,0.02667723270133134,0.07901152484118933,0.06449829433113335,0.05064769270829855,-0.001686599431559438
gemini,zh,place,negative,single_word,neutral_centroid,0.08636853997595603,0.00207917003426702,0.01697651143185795,0.07883921940810974,0.08428936994168901,0.06939202854409808,0.00752932056784629
gemini,zh,place,positive,centroid_phrases,neutral_centroid,0.0341490759514272,0.00269686379469932,3.6554271355280276e-05,-0.00166370999068019,0.03145221215672788,0.03411252168007192,0.03581278594210739
gemini,zh,place,positive,single_word,neutral_centroid,0.0320403900928795,0.010612575197592367,0.012148186611011604,0.032050813175737825,0.021427814895287133,0.019892203481867893,-1.0423082858326826e-05
gemini,zh,place,sadness,centroid_phrases,neutral_centroid,0.06794259808957573,0.01289513753727078,0.029457115475088346,0.05980309257283804,0.05504746055230495,0.03848548261448738,0.008139505516737686
gemini,zh,place,sadness,single_word,neutral_centroid,0.08072241060435767,0.02728662253357466,0.04508878034539516,0.06786771365441377,0.05343578807078301,0.03563363025896251,0.0128546969499439
gemini,zh,situation,amusement,centroid_phrases,neutral_centroid,0.11168633773922916,0.03402589596807954,0.053021705150604226,0.08829626478254791,0.07766044177114961,0.058664632588624935,0.023390072956681246
gemini,zh,situation,amusement,single_word,neutral_centroid,0.10512372120283539,0.04607215225696561,0.06281539648771282,0.08297484070062634,0.059051568945869784,0.04230832471512257,0.022148880502209048
gemini,zh,situation,anger,centroid_phrases,neutral_centroid,0.07725585512816903,0.06552191618829963,0.05284676086157558,0.05241102874279019,0.011733938939869404,0.024409094266593448,0.02484482638537884
gemini,zh,situation,anger,single_word,neutral_centroid,0.0976681366562843,0.08787377960979935,0.06956330761313434,0.0826783742755651,0.009794357046484944,0.028104829043149954,0.014989762380719196
gemini,zh,situation,disgust,centroid_phrases,neutral_centroid,0.08263097647577519,0.05773943299427622,0.061507117934524944,0.04996176832355555,0.024891543481498975,0.02112385854125025,0.032669208152219645
gemini,zh,situation,disgust,single_word,neutral_centroid,0.06624127598479386,0.04934978303499517,0.05190241532400247,0.027649408020079102,0.016891492949798692,0.014338860660791389,0.038591867964714754
gemini,zh,situation,excitement,centroid_phrases,neutral_centroid,0.09257935825735328,0.033688585087656944,0.05586521327495573,0.08985927645117042,0.058890773169696334,0.03671414498239755,0.0027200818061828558
gemini,zh,situation,excitement,single_word,neutral_centroid,0.095886655151844,0.06454145126044747,0.0802406698465347,0.07349304929375645,0.03134520389139653,0.015645985305309293,0.022393605858087542
gemini,zh,situation,fear,centroid_phrases,neutral_centroid,0.04363483376801011,0.02899145819246765,0.026793039031326727,0.03987171743065116,0.014643375575542461,0.016841794736683385,0.00376311633735895
gemini,zh,situation,fear,single_word,neutral_centroid,0.054749880172312214,0.042025612015277096,0.03561779521405693,0.026710780616849623,0.012724268157035118,0.01913208495825528,0.02803909955546259
gemini,zh,situation,joy,centroid_phrases,neutral_centroid,0.12940695621073242,0.0264641403686255,0.0452151502948254,0.03782933889888225,0.10294281584210692,0.08419180591590703,0.09157761731185017
gemini,zh,situation,joy,single_word,neutral_centroid,0.09038129458203908,0.040517884492874134,0.05223535485565661,0.04514020364731548,0.04986341008916495,0.03814593972638247,0.0452410909347236
gemini,zh,situation,love,centroid_phrases,neutral_centroid,0.051262793550267784,-0.010655775107443321,-0.01502399183809757,0.054535105498507576,0.0619185686577111,0.06628678538836535,-0.003272311948239792
gemini,zh,situation,love,single_word,neutral_centroid,0.04582805503159759,0.02009592503309248,0.02281212517991661,0.02792835235595702,0.02573212999850511,0.023015929851680984,0.01789970267564057
gemini,zh,situation,negative,centroid_phrases,neutral_centroid,0.06220789374783631,0.03224296611733732,0.03724008207209406,0.05212668227031823,0.02996492763049899,0.024967811675742246,0.01008121147751808
gemini,zh,situation,negative,single_word,neutral_centroid,0.07196809761226174,0.04356305552646515,0.05441411398351191,0.071329019870609,0.028405042085796584,0.017553983628749825,0.000639077741652741
gemini,zh,situation,positive,centroid_phrases,neutral_centroid,0.11001994702965016,0.01026890038046986,0.00983281016815455,0.00882161881309004,0.0997510466491803,0.10018713686149561,0.10119832821656012
gemini,zh,situation,positive,single_word,neutral_centroid,0.051084902975708224,0.01488530589267609,0.01614798801019785,0.00996680250391362,0.03619959708303214,0.03493691496551037,0.04111810047179461
gemini,zh,situation,sadness,centroid_phrases,neutral_centroid,0.08495774064213032,0.04459018707275387,0.04768278934061524,0.06833954136818642,0.040367553569376456,0.037274951301515084,0.01661819927394391
gemini,zh,situation,sadness,single_word,neutral_centroid,0.10598771721124645,0.0665266024880111,0.06270047454163427,0.0859276656992733,0.03946111472323535,0.043287242669612175,0.02006005151197314
mmlw_roberta_large,en,food,amusement,centroid_phrases,neutral_centroid,0.01764421393163499,0.01172737614251671,0.011109723616391409,0.02040766216814515,0.005916837789118281,0.006534490315243582,-0.0027634482365101604
mmlw_roberta_large,en,food,amusement,single_word,neutral_centroid,0.0003299408126622499,-0.005652919365093099,-0.008734195260331019,-0.0031041034730151197,0.005982860177755349,0.009064136072993268,0.0034340442856773696
mmlw_roberta_large,en,food,anger,centroid_phrases,neutral_centroid,0.042560823634266796,0.030974453501403286,0.0391411859542131,0.04105874821543688,0.01158637013286351,0.003419637680053697,0.0015020754188299137
mmlw_roberta_large,en,food,anger,single_word,neutral_centroid,0.04052618555724619,0.015232303040102129,0.025947519484907377,0.023329678503796462,0.025293882517144064,0.014578666072338816,0.01719650705344973
mmlw_roberta_large,en,food,disgust,centroid_phrases,neutral_centroid,0.05259943753480907,0.030574837885796992,0.0277064140886068,0.03106185141950843,0.02202459964901208,0.02489302344620227,0.02153758611530064
mmlw_roberta_large,en,food,disgust,single_word,neutral_centroid,0.05527684758417304,0.00921075935475528,0.01162585760466754,0.008951468300074329,0.04606608822941776,0.0436509899795055,0.04632537928409871
mmlw_roberta_large,en,food,excitement,centroid_phrases,neutral_centroid,0.024829437769949413,0.01434895042330025,0.01964541277848181,0.024829437769949413,0.010480487346649163,0.005184024991467601,0.0
mmlw_roberta_large,en,food,excitement,single_word,neutral_centroid,-0.00109282550401986,-0.01158916209824381,-0.00781518234871326,-0.0031012804713100106,0.01049633659422395,0.0067223568446934,0.0020084549672901506
mmlw_roberta_large,en,food,fear,centroid_phrases,neutral_centroid,0.039067694498226016,0.030611355835571858,0.02887593577615914,0.03211993859149513,0.008456338662654158,0.010191758722066877,0.006947755906730885
mmlw_roberta_large,en,food,fear,single_word,neutral_centroid,0.014419289468787618,0.00882675114553422,0.0072992853587493505,0.009854268422350286,0.005592538323253397,0.007120004110038268,0.004565021046437332
mmlw_roberta_large,en,food,joy,centroid_phrases,neutral_centroid,0.0229349913075566,0.01480026247445492,0.0171441931510344,0.02283180244266985,0.00813472883310168,0.005790798156522201,0.00010318886488674961
mmlw_roberta_large,en,food,joy,single_word,neutral_centroid,0.02200218325015156,0.01080269597005099,0.0115546953631565,0.014675152930431071,0.01119948728010057,0.01044748788699506,0.00732703031972049
mmlw_roberta_large,en,food,love,centroid_phrases,neutral_centroid,0.024863160774111732,0.01580470507033169,0.014343271078541872,0.02229927089065312,0.009058455703780041,0.01051988969556986,0.0025638898834586116
mmlw_roberta_large,en,food,love,single_word,neutral_centroid,-0.003467525448650131,-0.01742004342377184,-0.01157318791374564,-0.015282965824007972,0.01395251797512171,0.00810566246509551,0.011815440375357842
mmlw_roberta_large,en,food,negative,centroid_phrases,neutral_centroid,0.03412371901795264,0.026454300154000486,0.02345506204292177,0.028039984870702,0.007669418863952157,0.010668656975030874,0.006083734147250643
mmlw_roberta_large,en,food,negative,single_word,neutral_centroid,0.02524832417257128,0.01991665228269992,0.02130024041980504,0.02224896657280622,0.00533167188987136,0.00394808375276624,0.002999357599765058
mmlw_roberta_large,en,food,positive,centroid_phrases,neutral_centroid,0.01759189763106403,0.009438760997727499,0.012519408622756589,0.0165229382459074,0.00815313663333653,0.005072489008307441,0.00106895938515663
mmlw_roberta_large,en,food,positive,single_word,neutral_centroid,0.00414433629484845,0.00012231637956572997,-2.784007228912007e-05,0.0006186371785588399,0.004022019915282719,0.00417217636713757,0.0035256991162896096
mmlw_roberta_large,en,food,sadness,centroid_phrases,neutral_centroid,0.03171249525621531,0.027947981562465408,0.028615526203066084,0.04051334029063579,0.0037645136937499053,0.0030969690531492296,-0.008800845034420475
mmlw_roberta_large,en,food,sadness,single_word,neutral_centroid,0.02245800727978346,0.01782696922309693,0.0225379815790802,0.03799667875282461,0.0046310380566865275,-7.997429929674019e-05,-0.015538671473041148
mmlw_roberta_large,en,object,amusement,centroid_phrases,neutral_centroid,0.01913154944777486,0.003299332456663259,0.01913154944777486,0.01954111047089097,0.015832216991111602,0.0,-0.000409561023116109
mmlw_roberta_large,en,object,amusement,single_word,neutral_centroid,0.02892146212980149,0.0064808894880116,0.01724553825333712,0.013354113604873399,0.02244057264178989,0.011675923876464371,0.015567348524928092
mmlw_roberta_large,en,object,anger,centroid_phrases,neutral_centroid,0.01730802282690998,0.00372588615864512,0.0029466891661286,0.01484639537520702,0.013582136668264862,0.014361333660781381,0.0024616274517029607
mmlw_roberta_large,en,object,anger,single_word,neutral_centroid,0.017341398494318087,0.00736985325347628,0.0081972743850201,0.01336564288940277,0.009971545240841807,0.009144124109297987,0.003975755604915317
mmlw_roberta_large,en,object,disgust,centroid_phrases,neutral_centroid,0.021956499991938428,-0.0008682237938046598,0.0074139021802693186,0.01290632565505798,0.022824723785743087,0.01454259781166911,0.009050174336880448
mmlw_roberta_large,en,object,disgust,single_word,neutral_centroid,0.041951504303142415,0.00498511979822071,0.010135311936028301,0.00908667636103928,0.03696638450492171,0.03181619236711411,0.03286482794210313
mmlw_roberta_large,en,object,excitement,centroid_phrases,neutral_centroid,0.02430144762620326,0.007279079640284158,0.00754377101548014,0.027933490183204367,0.0170223679859191,0.01675767661072312,-0.003632042557001107
mmlw_roberta_large,en,object,excitement,single_word,neutral_centroid,0.01697360933758317,0.007245591701939709,0.004142173705622569,0.01312761683948339,0.009728017635643462,0.0128314356319606,0.0038459924980997796
mmlw_roberta_large,en,object,fear,centroid_phrases,neutral_centroid,0.01245642406865952,0.0006838432513177402,0.00298342751339077,0.0106592605821788,0.011772580817341779,0.00947299655526875,0.0017971634864807195
mmlw_roberta_large,en,object,fear,single_word,neutral_centroid,0.011966736707836372,-0.0008550406433641994,0.00037600803188979055,-0.0004315930418670098,0.012821777351200572,0.011590728675946581,0.01239832974970338
mmlw_roberta_large,en,object,joy,centroid_phrases,neutral_centroid,0.03438158342614766,0.01629259632900355,0.01629259632900355,0.030267900601029362,0.01808898709714411,0.01808898709714411,0.004113682825118297
mmlw_roberta_large,en,object,joy,single_word,neutral_centroid,0.04126002253033217,0.0250309944618493,0.0250309944618493,0.01986171924509105,0.016229028068482868,0.016229028068482868,0.021398303285241116
mmlw_roberta_large,en,object,love,centroid_phrases,neutral_centroid,0.02820163685828444,0.00017991000786423008,0.00501024024561046,0.019771512970328312,0.02802172685042021,0.023191396612673977,0.008430123887956126
mmlw_roberta_large,en,object,love,single_word,neutral_centroid,0.02109666897449641,0.002925260213669391,0.0031127128633670503,0.01681681446498259,0.01817140876082702,0.017983956111129358,0.00427985450951382
mmlw_roberta_large,en,object,negative,centroid_phrases,neutral_centroid,0.01767468298785383,0.0029251043684780298,0.01153097618371244,0.013854189962148619,0.0147495786193758,0.006143706804141391,0.0038204930257052117
mmlw_roberta_large,en,object,negative,single_word,neutral_centroid,-0.0032923077698797007,-0.02367418198846279,-0.02862615613266823,-0.02085140417329965,0.02038187421858309,0.02533384836278853,0.01755909640341995
mmlw_roberta_large,en,object,positive,centroid_phrases,neutral_centroid,0.029729648493230322,0.013582574063912028,0.018220890779048187,0.029729648493230322,0.016147074429318294,0.011508757714182135,0.0
mmlw_roberta_large,en,object,positive,single_word,neutral_centroid,0.01168653252534568,0.00606952640227973,0.00416159657761455,0.011163028469309201,0.00561700612306595,0.00752493594773113,0.0005235040560364786
mmlw_roberta_large,en,object,sadness,centroid_phrases,neutral_centroid,0.023228053515776958,0.00971642187796532,0.01457158536650239,0.031159286061301788,0.013511631637811638,0.008656468149274567,-0.00793123254552483
mmlw_roberta_large,en,object,sadness,single_word,neutral_centroid,0.017102984106168128,-0.0001737488899380012,0.005813698563724749,0.01635445393621918,0.017276732996106128,0.011289285542443378,0.000748530169948948
mmlw_roberta_large,en,person,amusement,centroid_phrases,neutral_centroid,0.042303864681161894,0.00985969116445629,0.01122202842961993,0.04642639087978746,0.0324441735167056,0.031081836251541962,-0.004122526198625569
mmlw_roberta_large,en,person,amusement,single_word,neutral_centroid,0.057554356846958345,0.0351915954612195,0.03234363254159684,0.0492797614075243,0.022362761385738845,0.025210724305361504,0.008274595439434047
mmlw_roberta_large,en,person,anger,centroid_phrases,neutral_centroid,0.06178171308711167,-0.0032833013683557497,0.01193820347543805,0.050776027631945865,0.06506501445546742,0.049843509611673616,0.011005685455165802
mmlw_roberta_large,en,person,anger,single_word,neutral_centroid,0.060689850524067834,-0.00671884808689355,0.020026770466938588,0.04604564532637593,0.06740869861096138,0.04066308005712925,0.014644205197691905
mmlw_roberta_large,en,person,disgust,centroid_phrases,neutral_centroid,0.059834251832216946,-0.00237734778784216,0.01526377713307736,0.046647941041737764,0.06221159962005911,0.044570474699139585,0.013186310790479182
mmlw_roberta_large,en,person,disgust,single_word,neutral_centroid,0.0696933470666408,0.007400868088006961,0.031563574820756876,0.01513810092583295,0.062292478978633846,0.03812977224588393,0.05455524614080785
mmlw_roberta_large,en,person,excitement,centroid_phrases,neutral_centroid,0.0435874566901475,-0.0005694245221093212,0.00037016894202679884,0.02810058915056286,0.04415688121225682,0.0432172877481207,0.015486867539584639
mmlw_roberta_large,en,person,excitement,single_word,neutral_centroid,0.05329295452684161,0.019214561930857584,0.01430204433854668,0.02098599262535569,0.034078392595984025,0.038990910188294925,0.03230696190148592
mmlw_roberta_large,en,person,fear,centroid_phrases,neutral_centroid,0.055464983219280804,-3.643613308660157e-06,-0.0003823250997811403,0.030062738992273803,0.05546862683258946,0.05584730831906194,0.025402244227007
mmlw_roberta_large,en,person,fear,single_word,neutral_centroid,0.07340797018259759,0.01236001383513209,0.01232577450573442,0.01669924724847075,0.0610479563474655,0.06108219567686317,0.05670872293412684
mmlw_roberta_large,en,person,joy,centroid_phrases,neutral_centroid,0.05754571533761914,0.00552963248919695,0.00958560756407675,0.039661347214132496,0.052016082848422185,0.047960107773542385,0.017884368123486642
mmlw_roberta_large,en,person,joy,single_word,neutral_centroid,0.0746159110218286,0.03425557427108285,0.03940745033323761,0.05281056165695186,0.040360336750745754,0.035208460688590994,0.02180534936487674
mmlw_roberta_large,en,person,love,centroid_phrases,neutral_centroid,0.04548222143203018,0.00364064187742772,0.00862806853838265,0.04821250657550989,0.04184157955460246,0.03685415289364753,-0.002730285143479713
mmlw_roberta_large,en,person,love,single_word,neutral_centroid,0.04162043463438746,0.01721509536728262,0.01243182457983493,0.02337458897382019,0.024405339267104836,0.029188610054552526,0.018245845660567268
mmlw_roberta_large,en,person,negative,centroid_phrases,neutral_centroid,0.04978176211006938,0.0043959396658465495,0.00597856170497836,0.04447555127553641,0.04538582244422283,0.04380320040509102,0.005306210834532969
mmlw_roberta_large,en,person,negative,single_word,neutral_centroid,0.03404772528447205,0.0106936463154852,0.01454254556447263,0.035127435391768755,0.02335407896898685,0.01950517971999942,-0.0010797101072967039
mmlw_roberta_large,en,person,positive,centroid_phrases,neutral_centroid,0.04196696786675598,0.00238746248651295,0.006686752662062629,0.029952605371363426,0.03957950538024303,0.03528021520469335,0.012014362495392554
mmlw_roberta_large,en,person,positive,single_word,neutral_centroid,0.02106606196612115,0.010169674130156611,0.01809084941633042,0.02177504487335678,0.010896387835964538,0.0029752125497907282,-0.0007089829072356307
mmlw_roberta_large,en,person,sadness,centroid_phrases,neutral_centroid,0.051072849659249166,0.007176987593993519,0.00478982510976491,0.060854139458388044,0.04389586206525565,0.046283024549484256,-0.009781289799138879
mmlw_roberta_large,en,person,sadness,single_word,neutral_centroid,0.0731846041977405,0.008349204831756631,0.009725890192203199,0.06798933520913118,0.06483539936598387,0.0634587140055373,0.005195268988609322
mmlw_roberta_large,en,place,amusement,centroid_phrases,neutral_centroid,0.02060466369148344,-0.0035057923058047584,-0.00863513930235054,0.01503147778566927,0.024110455997288196,0.02923980299383398,0.005573185905814168
mmlw_roberta_large,en,place,amusement,single_word,neutral_centroid,0.03930291635915636,0.00923359869048001,0.005516003863886019,0.03412126423791051,0.03006931766867635,0.03378691249527034,0.0051816521212458486
mmlw_roberta_large,en,place,anger,centroid_phrases,neutral_centroid,0.00445276671089233,-0.00583374998532233,-0.0062618347816169205,0.007319212518632409,0.01028651669621466,0.01071460149250925,-0.0028664458077400793
mmlw_roberta_large,en,place,anger,single_word,neutral_centroid,-0.006306236237287491,-0.01736634774133557,-0.012628375738859141,-0.007302453089505399,0.011060111504048079,0.006322139501571651,0.0009962168522179085
mmlw_roberta_large,en,place,disgust,centroid_phrases,neutral_centroid,0.00968737270450221,-0.004451066919136761,0.0033292895997874697,0.00707556804409252,0.01413843962363897,0.00635808310471474,0.0026118046604096893
mmlw_roberta_large,en,place,disgust,single_word,neutral_centroid,0.02421153476461767,-0.0037809143774211198,0.008528989087790251,-0.0030619085766374907,0.02799244914203879,0.01568254567682742,0.02727344334125516
mmlw_roberta_large,en,place,excitement,centroid_phrases,neutral_centroid,0.02202201659092676,0.00388693736167623,-0.00135873387334869,0.02209155355812979,0.01813507922925053,0.02338075046427545,-6.953696720302799e-05
mmlw_roberta_large,en,place,excitement,single_word,neutral_centroid,0.04403908019885415,0.02344619138166305,0.01235937965102492,0.03394891275092955,0.0205928888171911,0.03167970054782923,0.010090167447924597
mmlw_roberta_large,en,place,fear,centroid_phrases,neutral_centroid,0.00911380203906446,-0.005825500632636231,0.00513694360852242,0.005832974333316079,0.014939302671700691,0.003976858430542041,0.0032808277057483817
mmlw_roberta_large,en,place,fear,single_word,neutral_centroid,-0.006937092216685391,-0.02084140130318697,-0.01901436601765449,-0.01131242518313226,0.01390430908650158,0.0120772738009691,0.00437533296644687
mmlw_roberta_large,en,place,joy,centroid_phrases,neutral_centroid,0.03060965246986596,0.0013684898847714302,0.012170543964020909,0.020352170499973,0.02924116258509453,0.01843910850584505,0.01025748196989296
mmlw_roberta_large,en,place,joy,single_word,neutral_centroid,0.02589876004494726,0.00011961092241109979,0.00720389219932259,0.0024036710616201205,0.025779149122536163,0.01869486784562467,0.02349508898332714
mmlw_roberta_large,en,place,love,centroid_phrases,neutral_centroid,0.010924928332678979,-0.0109211693750694,-0.00978405217174437,0.00408641987014565,0.02184609770774838,0.02070898050442335,0.0068385084625333286
mmlw_roberta_large,en,place,love,single_word,neutral_centroid,0.02304570898413656,-0.002185131213627731,0.0010723969666287497,0.00364094241522253,0.02523084019776429,0.02197331201750781,0.019404766568914027
mmlw_roberta_large,en,place,negative,centroid_phrases,neutral_centroid,0.00747989136725664,-0.00785263348370788,0.00504339179024101,0.00747989136725664,0.015332524850964521,0.0024364995770156297,0.0
mmlw_roberta_large,en,place,negative,single_word,neutral_centroid,0.01642291455063967,0.00999124741647391,0.011307488777674719,0.009736892418004559,0.00643166713416576,0.0051154257729649506,0.006686022132635111
mmlw_roberta_large,en,place,positive,centroid_phrases,neutral_centroid,0.01681878524832427,-0.00554832578636703,0.00881443950347602,0.01276460471563042,0.0223671110346913,0.00800434574484825,0.00405418053269385
mmlw_roberta_large,en,place,positive,single_word,neutral_centroid,0.016814016387797857,0.00540107379201798,0.01473219667095688,0.00966579171363262,0.011412942595779877,0.0020818197168409776,0.007148224674165237
mmlw_roberta_large,en,place,sadness,centroid_phrases,neutral_centroid,0.01153346712235361,-0.0048131139716133305,-0.0005623217439278801,0.01273281543981283,0.01634658109396694,0.01209578886628149,-0.0011993483174592198
mmlw_roberta_large,en,place,sadness,single_word,neutral_centroid,0.00436754943802954,-0.0008129316382109907,-0.003138829767703991,-0.0054360584821551905,0.00518048107624053,0.007506379205733531,0.00980360792018473
mmlw_roberta_large,en,situation,amusement,centroid_phrases,neutral_centroid,0.05887471660971638,0.04587796367704866,0.04359556026756761,0.05114293470978735,0.012996752932667721,0.01527915634214877,0.007731781899929034
mmlw_roberta_large,en,situation,amusement,single_word,neutral_centroid,0.028177229315042462,0.02067141309380528,0.021315380744636032,0.02929181428626177,0.007505816221237183,0.006861848570406431,-0.0011145849712193082
mmlw_roberta_large,en,situation,anger,centroid_phrases,neutral_centroid,0.052803413849323966,0.046737983170896745,0.03677493389695881,0.052803413849323966,0.006065430678427221,0.016028479952365157,0.0
mmlw_roberta_large,en,situation,anger,single_word,neutral_centroid,0.031164186378009585,0.023836028133518965,0.020336307282559547,0.026943639316596067,0.00732815824449062,0.010827879095450039,0.004220547061413518
mmlw_roberta_large,en,situation,disgust,centroid_phrases,neutral_centroid,0.06087379101663824,0.05541782062500713,0.052913793735206105,0.06418060716241594,0.005455970391631114,0.007959997281432138,-0.0033068161457776996
mmlw_roberta_large,en,situation,disgust,single_word,neutral_centroid,0.06010656412690872,0.04716665018349881,0.04316751454025502,0.04115859288722272,0.01293991394340991,0.016939049586653702,0.018947971239686
mmlw_roberta_large,en,situation,excitement,centroid_phrases,neutral_centroid,0.054289618553593724,0.04878723365254697,0.040504538128152454,0.05120439273305234,0.005502384901046757,0.01378508042544127,0.003085225820541382
mmlw_roberta_large,en,situation,excitement,single_word,neutral_centroid,0.040884768590331036,0.0144421292003244,0.00575150903314352,0.02338197175413366,0.026442639390006635,0.03513325955718752,0.017502796836197376
mmlw_roberta_large,en,situation,fear,centroid_phrases,neutral_centroid,0.0497431342490017,0.04476548600941892,0.025935289147309942,0.05350741064175958,0.004977648239582785,0.02380784510169176,-0.0037642763927578787
mmlw_roberta_large,en,situation,fear,single_word,neutral_centroid,0.02659220891073343,0.0195587641559541,0.009868422197177979,0.018972592148929816,0.007033444754779329,0.01672378671355545,0.0076196167618036124
mmlw_roberta_large,en,situation,joy,centroid_phrases,neutral_centroid,0.06236032675951716,0.04454902969300743,0.041857360675930946,0.04382603615522382,0.017811297066509725,0.020502966083586212,0.01853429060429334
mmlw_roberta_large,en,situation,joy,single_word,neutral_centroid,0.05016505494713778,0.03536001387983556,0.03535264115780588,0.0297752812504768,0.014805041067302217,0.014812413789331902,0.02038977369666098
mmlw_roberta_large,en,situation,love,centroid_phrases,neutral_centroid,0.04776912718079981,0.04361292398534712,0.03168141376227137,0.04705227329395708,0.004156203195452686,0.016087713418528438,0.0007168538868427277
mmlw_roberta_large,en,situation,love,single_word,neutral_centroid,0.04358794800937171,0.02103968239389357,0.02585228099487718,0.01946042643394317,0.022548265615478142,0.017735667014494534,0.024127521575428544
mmlw_roberta_large,en,situation,negative,centroid_phrases,neutral_centroid,0.046251674834638816,0.04196216063573955,0.02908336604014038,0.0457542543299496,0.004289514198899266,0.017168308794498436,0.0004974205046892194
mmlw_roberta_large,en,situation,negative,single_word,neutral_centroid,0.03009960968047377,-0.00657889060676097,-0.01188700133934616,0.01798888556659221,0.03667850028723474,0.04198661101981993,0.01211072411388156
mmlw_roberta_large,en,situation,positive,centroid_phrases,neutral_centroid,0.03519698032177982,0.030917299864813653,0.01636460120789704,0.03129570302553472,0.004279680456966167,0.01883237911388278,0.0039012772962450995
mmlw_roberta_large,en,situation,positive,single_word,neutral_centroid,-0.01525543043389914,-0.03261857908219095,-0.033704678621143055,-0.01923373779281971,0.01736314864829181,0.018449248187243916,0.003978307358920571
mmlw_roberta_large,en,situation,sadness,centroid_phrases,neutral_centroid,0.05296143358573313,0.04925774475559588,0.04620995195582504,0.05150320185348387,0.003703688830137254,0.006751481629908088,0.0014582317322492586
mmlw_roberta_large,en,situation,sadness,single_word,neutral_centroid,0.04068181868642567,0.025535282434429967,0.027363776066340502,0.04039630074985324,0.0151465362519957,0.013318042620085166,0.00028551793657242974
mmlw_roberta_large,pl,food,amusement,centroid_phrases,neutral_centroid,0.00512331714853643,0.0019550842233002205,-0.0037775867152959096,0.009505430702120041,0.0031682329252362097,0.00890090386383234,-0.004382113553583611
mmlw_roberta_large,pl,food,amusement,single_word,neutral_centroid,0.0019990558270365,-0.00572815998457372,-0.008775690244510751,0.0036852250806987197,0.007727215811610221,0.01077474607154725,-0.0016861692536622197
mmlw_roberta_large,pl,food,anger,centroid_phrases,neutral_centroid,0.020804625039454523,0.010565536504145689,0.012101846595760421,0.01565204377984625,0.010239088535308834,0.008702778443694102,0.005152581259608272
mmlw_roberta_large,pl,food,anger,single_word,neutral_centroid,0.03903767778538163,0.017106840107589928,0.014606669265776858,0.03894603871740396,0.0219308376777917,0.02443100851960477,9.163906797766963e-05
mmlw_roberta_large,pl,food,disgust,centroid_phrases,neutral_centroid,0.032878039870411144,0.00740962009876967,-0.0035193807445466295,0.007726500276476152,0.025468419771641472,0.03639742061495777,0.025151539593934992
mmlw_roberta_large,pl,food,disgust,single_word,neutral_centroid,0.01155886233318595,-0.01485160819720476,-0.02446401834022252,-0.023521436820737998,0.02641047053039071,0.036022880673408475,0.03508029915392395
mmlw_roberta_large,pl,food,excitement,centroid_phrases,neutral_centroid,0.0037625789875164913,-0.005811571306548969,-0.00955043765716251,-0.001761511317454239,0.00957415029406546,0.013313016644679002,0.00552409030497073
mmlw_roberta_large,pl,food,excitement,single_word,neutral_centroid,0.0032575017539784403,-0.007573831104673421,-0.01131906376685945,-0.00960177455563096,0.01083133285865186,0.01457656552083789,0.0128592763096094
mmlw_roberta_large,pl,food,fear,centroid_phrases,neutral_centroid,0.0163294373080134,0.011108384653925869,0.010363659309223259,0.011345861898735139,0.005221052654087533,0.005965777998790143,0.004983575409278263
mmlw_roberta_large,pl,food,fear,single_word,neutral_centroid,0.00705209190491587,-0.006106912880204591,-0.0055447239195927705,-0.0008904045214876401,0.01315900478512046,0.01259681582450864,0.00794249642640351
mmlw_roberta_large,pl,food,joy,centroid_phrases,neutral_centroid,0.00440949602052571,0.0005175686441362196,0.0010693552671000397,0.00575394323095681,0.0038919273763894906,0.0033401407534256705,-0.0013444472104311
mmlw_roberta_large,pl,food,joy,single_word,neutral_centroid,0.00937461354769768,0.00396221620030703,0.00893001719377935,0.00513006341643631,0.0054123973473906494,0.0004445963539183289,0.0042445501312613695
mmlw_roberta_large,pl,food,love,centroid_phrases,neutral_centroid,0.00584794443566352,0.00225534040946514,-0.0036355606513097808,0.0099932323442772,0.00359260402619838,0.0094835050869733,-0.00414528790861368
mmlw_roberta_large,pl,food,love,single_word,neutral_centroid,-0.0071666558273136395,-0.01583851124159989,-0.023517337534576622,-0.01289365603588519,0.00867185541428625,0.016350681707262983,0.005727000208571551
mmlw_roberta_large,pl,food,negative,centroid_phrases,neutral_centroid,0.032326853298582106,0.007787807402201012,0.005030116648413262,0.02402946355286984,0.024539045896381093,0.027296736650168844,0.008297389745712265
mmlw_roberta_large,pl,food,negative,single_word,neutral_centroid,0.02998978155665098,0.0115766576025635,0.009494692413136361,0.02368931155651806,0.01841312395408748,0.020495089143514618,0.0063004700001329204
mmlw_roberta_large,pl,food,positive,centroid_phrases,neutral_centroid,0.00207868365105244,-0.007810533582232849,-0.00676301044877615,-0.00236850308720018,0.00988921723328529,0.00884169409982859,0.004447186738252619
mmlw_roberta_large,pl,food,positive,single_word,neutral_centroid,-0.0006514903390780001,-0.00397341626230626,-0.0037850558990612493,-0.00303542397450655,0.0033219259232282593,0.0031335655599832495,0.0023839336354285496
mmlw_roberta_large,pl,food,sadness,centroid_phrases,neutral_centroid,0.02852164740907024,0.012396724254358529,0.006714586180169099,0.03510661298641929,0.01612492315471171,0.02180706122890114,-0.006584965577349049
mmlw_roberta_large,pl,food,sadness,single_word,neutral_centroid,0.03695100001059467,0.01701347590424116,0.011196145089343152,0.03649473234545434,0.019937524106353507,0.025754854921251517,0.000456267665140328
mmlw_roberta_large,pl,object,amusement,centroid_phrases,neutral_centroid,0.02684059273451563,0.01643980666995045,0.01329001970589159,0.02684059273451563,0.010400786064565178,0.013550573028624039,0.0
mmlw_roberta_large,pl,object,amusement,single_word,neutral_centroid,0.01537509753834453,0.01180498048197475,0.00777077500242737,0.01295435570646073,0.0035701170563697798,0.00760432253591716,0.0024207418318838003
mmlw_roberta_large,pl,object,anger,centroid_phrases,neutral_centroid,0.0167771318927407,0.0061448149383068005,0.00646225167438387,0.01867163805291054,0.010632316954433901,0.010314880218356831,-0.0018945061601698399
mmlw_roberta_large,pl,object,anger,single_word,neutral_centroid,0.01648303263355046,0.0023368963273242304,0.00556091612670572,0.0159125612815842,0.01414613630622623,0.01092211650684474,0.0005704713519662612
mmlw_roberta_large,pl,object,disgust,centroid_phrases,neutral_centroid,0.02134141530841587,0.007749819941818709,0.0025187788764015,0.01008623340167104,0.013591595366597164,0.018822636432014372,0.011255181906744832
mmlw_roberta_large,pl,object,disgust,single_word,neutral_centroid,0.014165763417258819,0.005478470167145109,-0.0033184480387717505,0.00116036226972938,0.00868729325011371,0.01748421145603057,0.01300540114752944
mmlw_roberta_large,pl,object,excitement,centroid_phrases,neutral_centroid,0.009704317222349339,0.0013963961740955798,-0.00218140010256319,0.00956664967816323,0.00830792104825376,0.01188571732491253,0.00013766754418610867
mmlw_roberta_large,pl,object,excitement,single_word,neutral_centroid,0.0006616013590246493,-0.00939254635013638,-0.006208931514993301,-0.00789109105244278,0.01005414770916103,0.0068705328740179495,0.00855269241146743
mmlw_roberta_large,pl,object,fear,centroid_phrases,neutral_centroid,0.02253402785863725,0.00772526573855431,0.016541724815033368,0.013194287312217052,0.01480876212008294,0.005992303043603882,0.009339740546420198
mmlw_roberta_large,pl,object,fear,single_word,neutral_centroid,0.014762830594554521,-0.0021614163648337103,0.0036694821901619495,-0.00203161886893213,0.016924246959388232,0.011093348404392571,0.01679444946348665
mmlw_roberta_large,pl,object,joy,centroid_phrases,neutral_centroid,0.02432930413633579,0.01435723183676596,0.01844538860023017,0.01891599232330913,0.00997207229956983,0.005883915536105618,0.00541331181302666
mmlw_roberta_large,pl,object,joy,single_word,neutral_centroid,0.0239358351100236,0.01577607137151061,0.018169319583103038,0.01623934758827088,0.00815976373851299,0.005766515526920563,0.007696487521752719
mmlw_roberta_large,pl,object,love,centroid_phrases,neutral_centroid,0.014909327914938311,0.0026956831570714703,-0.00422836672514676,0.010344736417755471,0.012213644757866841,0.019137694640085072,0.00456459149718284
mmlw_roberta_large,pl,object,love,single_word,neutral_centroid,0.00395996693987401,-0.004026155150495441,-0.01166768122930075,0.0008228510851040699,0.00798612209036945,0.01562764816917476,0.00313711585476994
mmlw_roberta_large,pl,object,negative,centroid_phrases,neutral_centroid,0.015171578247100082,0.00303502734750507,0.00303502734750507,0.010121593996882412,0.012136550899595012,0.012136550899595012,0.00504998425021767
mmlw_roberta_large,pl,object,negative,single_word,neutral_centroid,0.00260266973637047,-0.01992540159262713,-0.01992540159262713,-0.01360872429795561,0.0225280713289976,0.0225280713289976,0.01621139403432608
mmlw_roberta_large,pl,object,positive,centroid_phrases,neutral_centroid,0.02300563119351859,0.015117416344583,0.01767867207527158,0.015381205081939669,0.007888214848935588,0.005326959118247009,0.00762442611157892
mmlw_roberta_large,pl,object,positive,single_word,neutral_centroid,0.00867865686304867,0.0007943325210362798,0.005005669314414251,0.00043414263054728023,0.00788432434201239,0.00367298754863442,0.008244514232501391
mmlw_roberta_large,pl,object,sadness,centroid_phrases,neutral_centroid,0.01744035461451858,0.0082517865812406,0.00908852787688375,0.01838229382410645,0.00918856803327798,0.00835182673763483,-0.0009419392095878706
mmlw_roberta_large,pl,object,sadness,single_word,neutral_centroid,0.01823805840685962,0.007441421411931511,0.007037039194256059,0.01180695779621599,0.01079663699492811,0.011201019212603561,0.00643110061064363
mmlw_roberta_large,pl,person,amusement,centroid_phrases,neutral_centroid,0.03021714119240637,0.00754887042567131,0.007132807932794069,0.03313426645472642,0.02266827076673506,0.023084333259612302,-0.002917125262320047
mmlw_roberta_large,pl,person,amusement,single_word,neutral_centroid,0.02692841552197932,0.02090551885776221,0.021007046801969402,0.027242200402542938,0.006022896664217112,0.0059213687200099195,-0.00031378488056361606
mmlw_roberta_large,pl,person,anger,centroid_phrases,neutral_centroid,0.02777595359366384,-0.00035253840032965984,0.01208008064422755,0.04175957522820678,0.0281284919939935,0.01569587294943629,-0.01398362163454294
mmlw_roberta_large,pl,person,anger,single_word,neutral_centroid,0.06175133734941479,-0.0025488385930657305,0.0158670844044536,0.03337265281006691,0.06430017594248053,0.04588425294496119,0.02837868453934788
mmlw_roberta_large,pl,person,disgust,centroid_phrases,neutral_centroid,0.05714130117557938,-0.00215267171151938,0.0036515853833407005,0.011466675298288428,0.05929397288709876,0.053489715792238685,0.04567462587729096
mmlw_roberta_large,pl,person,disgust,single_word,neutral_centroid,0.04344671010039744,-0.0030597800388932205,0.00438314536586403,0.00862544826231894,0.04650649013929066,0.03906356473453341,0.0348212618380785
mmlw_roberta_large,pl,person,excitement,centroid_phrases,neutral_centroid,0.03304937207140027,0.00404506577178837,-0.00111328065395355,0.01063684392720459,0.0290043062996119,0.03416265272535382,0.022412528144195677
mmlw_roberta_large,pl,person,excitement,single_word,neutral_centroid,0.03654357995837923,0.02017039069905875,0.015315026324242332,0.022425195481628152,0.016373189259320478,0.0212285536341369,0.014118384476751077
mmlw_roberta_large,pl,person,fear,centroid_phrases,neutral_centroid,0.05672801802866158,-0.00022267093881964006,0.0034795981831848696,0.01122350296936928,0.05695068896748122,0.05324841984547671,0.045504515059292296
mmlw_roberta_large,pl,person,fear,single_word,neutral_centroid,0.05209470731206236,0.00204757354222239,0.00589839033782483,0.0029564949218183895,0.05004713376983997,0.04619631697423753,0.04913821239024397
mmlw_roberta_large,pl,person,joy,centroid_phrases,neutral_centroid,0.03081524982117113,0.00664644665084777,0.00468085501343012,0.032384566636756026,0.024168803170323362,0.02613439480774101,-0.001569316815584896
mmlw_roberta_large,pl,person,joy,single_word,neutral_centroid,0.04606797243468459,0.01805853354744612,0.017256175866350518,0.01798426727764309,0.02800943888723847,0.028811796568334075,0.028083705157041502
mmlw_roberta_large,pl,person,love,centroid_phrases,neutral_centroid,0.030168167036026698,0.0087749149184674,0.00536296367645264,0.028498787712305768,0.021393252117559297,0.02480520335957406,0.0016693793237209306
mmlw_roberta_large,pl,person,love,single_word,neutral_centroid,0.03852238003164527,0.02031574621796606,0.01794889420270918,0.03369925431907174,0.01820663381367921,0.020573485828936092,0.0048231257125735325
mmlw_roberta_large,pl,person,negative,centroid_phrases,neutral_centroid,0.03755859294906256,-0.0029868537560105296,-0.00018068635836243993,0.031908583082258676,0.04054544670507309,0.037739279307425,0.005650009866803883
mmlw_roberta_large,pl,person,negative,single_word,neutral_centroid,0.0447418933967128,0.00457885132636874,0.00534038699697702,0.02457067018840458,0.04016304207034406,0.03940150639973578,0.02017122320830822
mmlw_roberta_large,pl,person,positive,centroid_phrases,neutral_centroid,0.033248970750719295,0.0035130395554006195,0.0012429881840944402,0.00761086689308287,0.029735931195318675,0.03200598256662485,0.025638103857636426
mmlw_roberta_large,pl,person,positive,single_word,neutral_centroid,0.02286915108561513,0.00313538676127791,0.0021116579417139202,-0.00308483610861002,0.01973376432433722,0.02075749314390121,0.02595398719422515
mmlw_roberta_large,pl,person,sadness,centroid_phrases,neutral_centroid,0.04201797260902819,-0.00148608763702214,-0.0022214599419385,0.047750496258959135,0.04350406024605033,0.04423943255096669,-0.005732523649930946
mmlw_roberta_large,pl,person,sadness,single_word,neutral_centroid,0.0559164454694837,-0.0012602481059729997,-0.0005039364565163902,0.026851840596646047,0.0571766935754567,0.05642038192600009,0.02906460487283765
mmlw_roberta_large,pl,place,amusement,centroid_phrases,neutral_centroid,0.00751673248596488,-0.0016870188759639901,-0.006842460995539999,0.00751673248596488,0.00920375136192887,0.01435919348150488,0.0
mmlw_roberta_large,pl,place,amusement,single_word,neutral_centroid,-0.0008311199489980999,-0.0013144853059202503,-0.00872651454992591,-0.0008311199489980997,0.0004833653569221504,0.00789539460092781,-2.168404344971009e-19
mmlw_roberta_large,pl,place,anger,centroid_phrases,neutral_centroid,-0.00656702383421359,-0.008792095864191619,-0.011809201305732089,-0.004071399429812999,0.0022250720299780294,0.005242177471518499,-0.0024956244044005904
mmlw_roberta_large,pl,place,anger,single_word,neutral_centroid,-0.009513597982004272,-0.01329702078364787,-0.01885703545995053,0.0009522743057459694,0.0037834228016435986,0.009343437477946259,-0.010465872287750241
mmlw_roberta_large,pl,place,disgust,centroid_phrases,neutral_centroid,-0.0047217270825058,-0.010687508014962049,-0.014851526962593158,-0.01124054039828476,0.005965780932456249,0.010129799880087359,0.0065188133157789594
mmlw_roberta_large,pl,place,disgust,single_word,neutral_centroid,-0.0009408163838088505,-0.00740616526454686,-0.01239467067643997,-0.0087304914370179,0.0064653488807380095,0.01145385429263112,0.0077896750532090485
mmlw_roberta_large,pl,place,excitement,centroid_phrases,neutral_centroid,0.010028611333109418,0.00283611633349209,0.00032499909866601993,0.005039116111584,0.007192494999617329,0.009703612234443399,0.004989495221525419
mmlw_roberta_large,pl,place,excitement,single_word,neutral_centroid,0.01195206507109104,0.010766229731962071,0.0086547075305134,0.01538489558733997,0.0011858353391289694,0.0032973575405776407,-0.0034328305162489286
mmlw_roberta_large,pl,place,fear,centroid_phrases,neutral_centroid,-0.0034137709997594397,-0.009941401332616801,-0.01169748087413607,-0.01087441798299551,0.006527630332857361,0.00828370987437663,0.00746064698323607
mmlw_roberta_large,pl,place,fear,single_word,neutral_centroid,-0.0012755709001794195,-0.02003038621041919,-0.02210585160646583,-0.02214574238751079,0.01875481531023977,0.02083028070628641,0.02087017148733137
mmlw_roberta_large,pl,place,joy,centroid_phrases,neutral_centroid,0.006704474519938219,-0.00407853624783456,-0.00223615365102888,-0.00565789202228188,0.010783010767772779,0.008940628170967099,0.012362366542220098
mmlw_roberta_large,pl,place,joy,single_word,neutral_centroid,0.01835128249367699,0.00897518399870024,0.00860108028864489,0.004378506203647719,0.009376098494976752,0.009750202205032102,0.013972776290029272
mmlw_roberta_large,pl,place,love,centroid_phrases,neutral_centroid,-0.006902131135575459,-0.01289710167329756,-0.01645484508480874,-0.006516605126671479,0.0059949705377221,0.00955271394923328,-0.0003855260089039806
mmlw_roberta_large,pl,place,love,single_word,neutral_centroid,0.008405786519870149,-0.00731702060438692,-0.0127896627411246,-0.0027935829479247207,0.01572280712425707,0.02119544926099475,0.01119936946779487
mmlw_roberta_large,pl,place,negative,centroid_phrases,neutral_centroid,-0.01194499573903155,-0.01720315954880785,-0.018245742155704608,-0.01194499573903155,0.0052581638097762996,0.006300746416673058,0.0
mmlw_roberta_large,pl,place,negative,single_word,neutral_centroid,0.00568964737467467,-0.0019681053701788203,-0.00122753349132836,-0.0009358702693134699,0.00765775274485349,0.00691718086600303,0.00662551764398814
mmlw_roberta_large,pl,place,positive,centroid_phrases,neutral_centroid,0.0021866662427782804,-0.00760244056582451,-0.00899794930592179,-0.00470985583961011,0.009789106808602791,0.01118461554870007,0.006896522082388391
mmlw_roberta_large,pl,place,positive,single_word,neutral_centroid,0.00833606461528687,-0.0008768444648012497,-0.0024881729623302796,-0.0017132837092503797,0.00921290908008812,0.01082423757761715,0.01004934832453725
mmlw_roberta_large,pl,place,sadness,centroid_phrases,neutral_centroid,-0.01128005045466123,-0.0150340867694467,-0.0119289968628436,-0.011280050454661229,0.003754036314785469,0.000648946408182369,-1.734723475976807e-18
mmlw_roberta_large,pl,place,sadness,single_word,neutral_centroid,-0.00435045245103536,-0.01098047229461369,-0.006740177189931249,-0.01136530428193507,0.006630019843578329,0.0023897247388958882,0.00701485183089971
mmlw_roberta_large,pl,situation,amusement,centroid_phrases,neutral_centroid,0.0475960820447653,0.03495884290896351,0.03395341946743423,0.0475960820447653,0.012637239135801788,0.013642662577331072,0.0
mmlw_roberta_large,pl,situation,amusement,single_word,neutral_centroid,0.035524632968008465,0.035524632968008465,0.029704626137390677,0.0329079183749854,0.0,0.005820006830617789,0.0026167145930230673
mmlw_roberta_large,pl,situation,anger,centroid_phrases,neutral_centroid,0.04108762834221119,0.04108762834221119,0.040934483520686585,0.04108762834221119,0.0,0.00015314482152460618,0.0
mmlw_roberta_large,pl,situation,anger,single_word,neutral_centroid,0.04686986571177837,0.03545941421762106,0.03225794299505648,0.048396884603425824,0.011410451494157307,0.01461192271672189,-0.0015270188916474553
mmlw_roberta_large,pl,situation,disgust,centroid_phrases,neutral_centroid,0.06400119587779038,0.055964481085538795,0.04837580621242517,0.03964874669909471,0.008036714792251584,0.01562538966536521,0.024352449178695668
mmlw_roberta_large,pl,situation,disgust,single_word,neutral_centroid,0.06811029668897386,0.0608281839638948,0.04974867906421418,0.045534081570804075,0.0072821127250790665,0.018361617624759685,0.02257621511816979
mmlw_roberta_large,pl,situation,excitement,centroid_phrases,neutral_centroid,0.040275305300019645,0.02481648873072114,0.02474120054394004,0.02481648873072114,0.015458816569298504,0.015534104756079605,0.015458816569298504
mmlw_roberta_large,pl,situation,excitement,single_word,neutral_centroid,0.014778206916525937,0.0043761532753706,0.00799130015075206,0.00828928127884863,0.010402053641155337,0.006786906765773877,0.006488925637677306
mmlw_roberta_large,pl,situation,fear,centroid_phrases,neutral_centroid,0.029789989185519488,0.029789989185519488,0.02254949484486131,0.025285059609450378,0.0,0.007240494340658179,0.00450492957606911
mmlw_roberta_large,pl,situation,fear,single_word,neutral_centroid,0.03036549221724268,0.02146240286529061,0.012636894796742121,0.02146240286529061,0.008903089351952071,0.017728597420500557,0.008903089351952071
mmlw_roberta_large,pl,situation,joy,centroid_phrases,neutral_centroid,0.04671302339993414,0.02491419403813775,0.024215369625017,0.02491419403813775,0.02179882936179639,0.02249765377491714,0.02179882936179639
mmlw_roberta_large,pl,situation,joy,single_word,neutral_centroid,0.051266732532530966,0.027718281652778343,0.026326897088438224,0.02867780430242415,0.023548450879752623,0.024939835444092742,0.022588928230106817
mmlw_roberta_large,pl,situation,love,centroid_phrases,neutral_centroid,0.029698608256876452,0.029698608256876452,0.02855019858106969,0.03361025527119634,0.0,0.0011484096758067608,-0.00391164701431989
mmlw_roberta_large,pl,situation,love,single_word,neutral_centroid,0.03185474136844272,0.01160934809595342,0.0036066574044525297,0.010240850970149,0.0202453932724893,0.02824808396399019,0.02161389039829372
mmlw_roberta_large,pl,situation,negative,centroid_phrases,neutral_centroid,0.04516835613176222,0.03906775070354338,0.02556334082037205,0.043161589931696595,0.006100605428218837,0.01960501531139017,0.002006766200065624
mmlw_roberta_large,pl,situation,negative,single_word,neutral_centroid,0.02476185637060552,0.0062200871529057705,-0.0092664880445227,0.011746370629407471,0.01854176921769975,0.03402834441512822,0.01301548574119805
mmlw_roberta_large,pl,situation,positive,centroid_phrases,neutral_centroid,0.04121420960873362,0.02083324254490431,0.02364678927697238,0.02016383768059309,0.02038096706382931,0.01756742033176124,0.02105037192814053
mmlw_roberta_large,pl,situation,positive,single_word,neutral_centroid,-0.00968693960458038,-0.03301350874826307,-0.029336813278496222,-0.031616661231964785,0.023326569143682693,0.01964987367391584,0.021929721627384404
mmlw_roberta_large,pl,situation,sadness,centroid_phrases,neutral_centroid,0.04440664858557278,0.03969254032708698,0.02470466229133301,0.04719920139759772,0.004714108258485797,0.01970198629423977,-0.002792552812024944
mmlw_roberta_large,pl,situation,sadness,single_word,neutral_centroid,0.05960383932106193,0.039893454010598316,0.01658869476523249,0.041276107029989316,0.019710385310463617,0.04301514455582944,0.018327732291072617
mmlw_roberta_large,zh,food,amusement,centroid_phrases,neutral_centroid,0.0,0.0,0.0,0.0,0.0,0.0,0.0
mmlw_roberta_large,zh,food,amusement,single_word,neutral_centroid,0.0,0.0,0.0,0.0,0.0,0.0,0.0
mmlw_roberta_large,zh,food,anger,centroid_phrases,neutral_centroid,0.0,0.0,0.0,0.0,0.0,0.0,0.0
mmlw_roberta_large,zh,food,anger,single_word,neutral_centroid,0.0,0.0,0.0,0.0,0.0,0.0,0.0
mmlw_roberta_large,zh,food,disgust,centroid_phrases,neutral_centroid,0.0,0.0,0.0,0.0,0.0,0.0,0.0
mmlw_roberta_large,zh,food,disgust,single_word,neutral_centroid,0.0,0.0,0.0,0.0,0.0,0.0,0.0
mmlw_roberta_large,zh,food,excitement,centroid_phrases,neutral_centroid,0.0,0.0,0.0,0.0,0.0,0.0,0.0
mmlw_roberta_large,zh,food,excitement,single_word,neutral_centroid,0.0,0.0,0.0,0.0,0.0,0.0,0.0
mmlw_roberta_large,zh,food,fear,centroid_phrases,neutral_centroid,0.0,0.0,0.0,0.0,0.0,0.0,0.0
mmlw_roberta_large,zh,food,fear,single_word,neutral_centroid,0.0,0.0,0.0,0.0,0.0,0.0,0.0
mmlw_roberta_large,zh,food,joy,centroid_phrases,neutral_centroid,0.0,0.0,0.0,0.0,0.0,0.0,0.0
mmlw_roberta_large,zh,food,joy,single_word,neutral_centroid,0.0,0.0,0.0,0.0,0.0,0.0,0.0
mmlw_roberta_large,zh,food,love,centroid_phrases,neutral_centroid,0.0,0.0,0.0,0.0,0.0,0.0,0.0
mmlw_roberta_large,zh,food,love,single_word,neutral_centroid,0.0,0.0,0.0,0.0,0.0,0.0,0.0
mmlw_roberta_large,zh,food,negative,centroid_phrases,neutral_centroid,0.0,0.0,0.0,0.0,0.0,0.0,0.0
mmlw_roberta_large,zh,food,negative,single_word,neutral_centroid,0.0,0.0,0.0,0.0,0.0,0.0,0.0
mmlw_roberta_large,zh,food,positive,centroid_phrases,neutral_centroid,0.0,0.0,0.0,0.0,0.0,0.0,0.0
mmlw_roberta_large,zh,food,positive,single_word,neutral_centroid,0.0,0.0,0.0,0.0,0.0,0.0,0.0
mmlw_roberta_large,zh,food,sadness,centroid_phrases,neutral_centroid,0.0,0.0,0.0,0.0,0.0,0.0,0.0
mmlw_roberta_large,zh,food,sadness,single_word,neutral_centroid,0.0,0.0,0.0,0.0,0.0,0.0,0.0
mmlw_roberta_large,zh,object,amusement,centroid_phrases,neutral_centroid,0.0,0.0,0.0,0.0,0.0,0.0,0.0
mmlw_roberta_large,zh,object,amusement,single_word,neutral_centroid,0.0,0.0,0.0,0.0,0.0,0.0,0.0
mmlw_roberta_large,zh,object,anger,centroid_phrases,neutral_centroid,0.0,0.0,0.0,0.0,0.0,0.0,0.0
mmlw_roberta_large,zh,object,anger,single_word,neutral_centroid,0.0,0.0,0.0,0.0,0.0,0.0,0.0
mmlw_roberta_large,zh,object,disgust,centroid_phrases,neutral_centroid,0.0,0.0,0.0,0.0,0.0,0.0,0.0
mmlw_roberta_large,zh,object,disgust,single_word,neutral_centroid,0.0,0.0,0.0,0.0,0.0,0.0,0.0
mmlw_roberta_large,zh,object,excitement,centroid_phrases,neutral_centroid,0.0,0.0,0.0,0.0,0.0,0.0,0.0
mmlw_roberta_large,zh,object,excitement,single_word,neutral_centroid,0.0,0.0,0.0,0.0,0.0,0.0,0.0
mmlw_roberta_large,zh,object,fear,centroid_phrases,neutral_centroid,0.0,0.0,0.0,0.0,0.0,0.0,0.0
mmlw_roberta_large,zh,object,fear,single_word,neutral_centroid,0.0,0.0,0.0,0.0,0.0,0.0,0.0
mmlw_roberta_large,zh,object,joy,centroid_phrases,neutral_centroid,0.0,0.0,0.0,0.0,0.0,0.0,0.0
mmlw_roberta_large,zh,object,joy,single_word,neutral_centroid,0.0,0.0,0.0,0.0,0.0,0.0,0.0
mmlw_roberta_large,zh,object,love,centroid_phrases,neutral_centroid,0.0,0.0,0.0,0.0,0.0,0.0,0.0
mmlw_roberta_large,zh,object,love,single_word,neutral_centroid,0.0,0.0,0.0,0.0,0.0,0.0,0.0
mmlw_roberta_large,zh,object,negative,centroid_phrases,neutral_centroid,0.0,0.0,0.0,0.0,0.0,0.0,0.0
mmlw_roberta_large,zh,object,negative,single_word,neutral_centroid,0.0,0.0,0.0,0.0,0.0,0.0,0.0
mmlw_roberta_large,zh,object,positive,centroid_phrases,neutral_centroid,0.0,0.0,0.0,0.0,0.0,0.0,0.0
mmlw_roberta_large,zh,object,positive,single_word,neutral_centroid,0.0,0.0,0.0,0.0,0.0,0.0,0.0
mmlw_roberta_large,zh,object,sadness,centroid_phrases,neutral_centroid,0.0,0.0,0.0,0.0,0.0,0.0,0.0
mmlw_roberta_large,zh,object,sadness,single_word,neutral_centroid,0.0,0.0,0.0,0.0,0.0,0.0,0.0
mmlw_roberta_large,zh,person,amusement,centroid_phrases,neutral_centroid,0.0,0.0,0.0,0.0,0.0,0.0,0.0
mmlw_roberta_large,zh,person,amusement,single_word,neutral_centroid,0.0,0.0,0.0,0.0,0.0,0.0,0.0
mmlw_roberta_large,zh,person,anger,centroid_phrases,neutral_centroid,0.0,0.0,0.0,0.0,0.0,0.0,0.0
mmlw_roberta_large,zh,person,anger,single_word,neutral_centroid,0.0,0.0,0.0,0.0,0.0,0.0,0.0
mmlw_roberta_large,zh,person,disgust,centroid_phrases,neutral_centroid,0.0,0.0,0.0,0.0,0.0,0.0,0.0
mmlw_roberta_large,zh,person,disgust,single_word,neutral_centroid,0.0,0.0,0.0,0.0,0.0,0.0,0.0
mmlw_roberta_large,zh,person,excitement,centroid_phrases,neutral_centroid,0.0,0.0,0.0,0.0,0.0,0.0,0.0
mmlw_roberta_large,zh,person,excitement,single_word,neutral_centroid,0.0,0.0,0.0,0.0,0.0,0.0,0.0
mmlw_roberta_large,zh,person,fear,centroid_phrases,neutral_centroid,0.0,0.0,0.0,0.0,0.0,0.0,0.0
mmlw_roberta_large,zh,person,fear,single_word,neutral_centroid,0.0,0.0,0.0,0.0,0.0,0.0,0.0
mmlw_roberta_large,zh,person,joy,centroid_phrases,neutral_centroid,0.0,0.0,0.0,0.0,0.0,0.0,0.0
mmlw_roberta_large,zh,person,joy,single_word,neutral_centroid,0.0,0.0,0.0,0.0,0.0,0.0,0.0
mmlw_roberta_large,zh,person,love,centroid_phrases,neutral_centroid,0.0,0.0,0.0,0.0,0.0,0.0,0.0
mmlw_roberta_large,zh,person,love,single_word,neutral_centroid,0.0,0.0,0.0,0.0,0.0,0.0,0.0
mmlw_roberta_large,zh,person,negative,centroid_phrases,neutral_centroid,0.0,0.0,0.0,0.0,0.0,0.0,0.0
mmlw_roberta_large,zh,person,negative,single_word,neutral_centroid,0.0,0.0,0.0,0.0,0.0,0.0,0.0
mmlw_roberta_large,zh,person,positive,centroid_phrases,neutral_centroid,0.0,0.0,0.0,0.0,0.0,0.0,0.0
mmlw_roberta_large,zh,person,positive,single_word,neutral_centroid,0.0,0.0,0.0,0.0,0.0,0.0,0.0
mmlw_roberta_large,zh,person,sadness,centroid_phrases,neutral_centroid,0.0,0.0,0.0,0.0,0.0,0.0,0.0
mmlw_roberta_large,zh,person,sadness,single_word,neutral_centroid,0.0,0.0,0.0,0.0,0.0,0.0,0.0
mmlw_roberta_large,zh,place,amusement,centroid_phrases,neutral_centroid,0.0,0.0,0.0,0.0,0.0,0.0,0.0
mmlw_roberta_large,zh,place,amusement,single_word,neutral_centroid,0.0,0.0,0.0,0.0,0.0,0.0,0.0
mmlw_roberta_large,zh,place,anger,centroid_phrases,neutral_centroid,0.0,0.0,0.0,0.0,0.0,0.0,0.0
mmlw_roberta_large,zh,place,anger,single_word,neutral_centroid,0.0,0.0,0.0,0.0,0.0,0.0,0.0
mmlw_roberta_large,zh,place,disgust,centroid_phrases,neutral_centroid,0.0,0.0,0.0,0.0,0.0,0.0,0.0
mmlw_roberta_large,zh,place,disgust,single_word,neutral_centroid,0.0,0.0,0.0,0.0,0.0,0.0,0.0
mmlw_roberta_large,zh,place,excitement,centroid_phrases,neutral_centroid,0.0,0.0,0.0,0.0,0.0,0.0,0.0
mmlw_roberta_large,zh,place,excitement,single_word,neutral_centroid,0.0,0.0,0.0,0.0,0.0,0.0,0.0
mmlw_roberta_large,zh,place,fear,centroid_phrases,neutral_centroid,0.0,0.0,0.0,0.0,0.0,0.0,0.0
mmlw_roberta_large,zh,place,fear,single_word,neutral_centroid,0.0,0.0,0.0,0.0,0.0,0.0,0.0
mmlw_roberta_large,zh,place,joy,centroid_phrases,neutral_centroid,0.0,0.0,0.0,0.0,0.0,0.0,0.0
mmlw_roberta_large,zh,place,joy,single_word,neutral_centroid,0.0,0.0,0.0,0.0,0.0,0.0,0.0
mmlw_roberta_large,zh,place,love,centroid_phrases,neutral_centroid,0.0,0.0,0.0,0.0,0.0,0.0,0.0
mmlw_roberta_large,zh,place,love,single_word,neutral_centroid,0.0,0.0,0.0,0.0,0.0,0.0,0.0
mmlw_roberta_large,zh,place,negative,centroid_phrases,neutral_centroid,0.0,0.0,0.0,0.0,0.0,0.0,0.0
mmlw_roberta_large,zh,place,negative,single_word,neutral_centroid,0.0,0.0,0.0,0.0,0.0,0.0,0.0
mmlw_roberta_large,zh,place,positive,centroid_phrases,neutral_centroid,0.0,0.0,0.0,0.0,0.0,0.0,0.0
mmlw_roberta_large,zh,place,positive,single_word,neutral_centroid,0.0,0.0,0.0,0.0,0.0,0.0,0.0
mmlw_roberta_large,zh,place,sadness,centroid_phrases,neutral_centroid,0.0,0.0,0.0,0.0,0.0,0.0,0.0
mmlw_roberta_large,zh,place,sadness,single_word,neutral_centroid,0.0,0.0,0.0,0.0,0.0,0.0,0.0
mmlw_roberta_large,zh,situation,amusement,centroid_phrases,neutral_centroid,0.0,0.0,0.0,0.0,0.0,0.0,0.0
mmlw_roberta_large,zh,situation,amusement,single_word,neutral_centroid,0.0,0.0,0.0,0.0,0.0,0.0,0.0
mmlw_roberta_large,zh,situation,anger,centroid_phrases,neutral_centroid,0.0,0.0,0.0,0.0,0.0,0.0,0.0
mmlw_roberta_large,zh,situation,anger,single_word,neutral_centroid,0.0,0.0,0.0,0.0,0.0,0.0,0.0
mmlw_roberta_large,zh,situation,disgust,centroid_phrases,neutral_centroid,0.0,0.0,0.0,0.0,0.0,0.0,0.0
mmlw_roberta_large,zh,situation,disgust,single_word,neutral_centroid,0.0,0.0,0.0,0.0,0.0,0.0,0.0
mmlw_roberta_large,zh,situation,excitement,centroid_phrases,neutral_centroid,0.0,0.0,0.0,0.0,0.0,0.0,0.0
mmlw_roberta_large,zh,situation,excitement,single_word,neutral_centroid,0.0,0.0,0.0,0.0,0.0,0.0,0.0
mmlw_roberta_large,zh,situation,fear,centroid_phrases,neutral_centroid,0.0,0.0,0.0,0.0,0.0,0.0,0.0
mmlw_roberta_large,zh,situation,fear,single_word,neutral_centroid,0.0,0.0,0.0,0.0,0.0,0.0,0.0
mmlw_roberta_large,zh,situation,joy,centroid_phrases,neutral_centroid,0.0,0.0,0.0,0.0,0.0,0.0,0.0
mmlw_roberta_large,zh,situation,joy,single_word,neutral_centroid,0.0,0.0,0.0,0.0,0.0,0.0,0.0
mmlw_roberta_large,zh,situation,love,centroid_phrases,neutral_centroid,0.0,0.0,0.0,0.0,0.0,0.0,0.0
mmlw_roberta_large,zh,situation,love,single_word,neutral_centroid,0.0,0.0,0.0,0.0,0.0,0.0,0.0
mmlw_roberta_large,zh,situation,negative,centroid_phrases,neutral_centroid,0.0,0.0,0.0,0.0,0.0,0.0,0.0
mmlw_roberta_large,zh,situation,negative,single_word,neutral_centroid,0.0,0.0,0.0,0.0,0.0,0.0,0.0
mmlw_roberta_large,zh,situation,positive,centroid_phrases,neutral_centroid,0.0,0.0,0.0,0.0,0.0,0.0,0.0
mmlw_roberta_large,zh,situation,positive,single_word,neutral_centroid,0.0,0.0,0.0,0.0,0.0,0.0,0.0
mmlw_roberta_large,zh,situation,sadness,centroid_phrases,neutral_centroid,0.0,0.0,0.0,0.0,0.0,0.0,0.0
mmlw_roberta_large,zh,situation,sadness,single_word,neutral_centroid,0.0,0.0,0.0,0.0,0.0,0.0,0.0
qwen3_embedding_8b,en,food,amusement,centroid_phrases,neutral_centroid,0.0007713612634688393,-0.0023312757257372293,-0.0035005083773285194,0.0006747702602296808,0.0031026369892060684,0.004271869640797359,9.659100323915855e-05
qwen3_embedding_8b,en,food,amusement,single_word,neutral_centroid,-0.026078386837616523,-0.02607838683761652,-0.027820748323574625,-0.026078386837616523,-3.469446951953614e-18,0.0017423614859581014,0.0
qwen3_embedding_8b,en,food,anger,centroid_phrases,neutral_centroid,-0.008242538711056081,-0.02123323753476139,-0.02123323753476139,-0.013983865408226801,0.012990698823705309,0.012990698823705309,0.00574132669717072
qwen3_embedding_8b,en,food,anger,single_word,neutral_centroid,-0.00819403501227497,-0.01894740732386706,-0.01894740732386706,-0.01894740732386706,0.010753372311592091,0.010753372311592091,0.010753372311592091
qwen3_embedding_8b,en,food,disgust,centroid_phrases,neutral_centroid,0.0534851639997214,-0.0099046104121953,0.00507554705254736,-0.01293038357980546,0.0633897744119167,0.048409616947174036,0.06641554757952686
qwen3_embedding_8b,en,food,disgust,single_word,neutral_centroid,0.051553882099688045,-0.01868418566882609,-0.006972977332770821,-0.01868418566882609,0.07023806776851413,0.05852685943245887,0.07023806776851413
qwen3_embedding_8b,en,food,excitement,centroid_phrases,neutral_centroid,0.0048068489879369595,-0.003015103377401829,-0.003015103377401829,0.00011352743022142106,0.007821952365338789,0.007821952365338789,0.004693321557715538
qwen3_embedding_8b,en,food,excitement,single_word,neutral_centroid,-0.01126564177684484,-0.011265641776844842,-0.011265641776844842,-0.007242055656388401,1.734723475976807e-18,1.734723475976807e-18,-0.004023586120456439
qwen3_embedding_8b,en,food,fear,centroid_phrases,neutral_centroid,-0.02001838481519369,-0.02505140213761477,-0.03132807931397108,-0.02449223978910593,0.00503301732242108,0.01130969449877739,0.004473854973912238
qwen3_embedding_8b,en,food,fear,single_word,neutral_centroid,-0.06358364790212359,-0.06358364790212359,-0.0695735920919105,-0.06358364790212359,0.0,0.0059899441897869055,0.0
qwen3_embedding_8b,en,food,joy,centroid_phrases,neutral_centroid,0.003634026763029411,-0.0027528770966455196,-0.00275287709664552,0.00012923383619637004,0.006386903859674931,0.006386903859674931,0.0035047929268330414
qwen3_embedding_8b,en,food,joy,single_word,neutral_centroid,-0.01785123422741888,-0.01785123422741888,-0.01785123422741888,-0.020530170574784252,0.0,0.0,0.0026789363473653724
qwen3_embedding_8b,en,food,love,centroid_phrases,neutral_centroid,-0.01283890372142193,-0.020164497848600107,-0.020164497848600107,-0.020164497848600107,0.007325594127178177,0.007325594127178177,0.007325594127178177
qwen3_embedding_8b,en,food,love,single_word,neutral_centroid,-0.030004436150193194,-0.03848501183092591,-0.03848501183092591,-0.039287431165575946,0.008480575680732717,0.008480575680732717,0.009282995015382753
qwen3_embedding_8b,en,food,negative,centroid_phrases,neutral_centroid,0.01650445144623517,-0.009365406818687898,-0.009365406818687898,0.008017226099036628,0.02586985826492307,0.02586985826492307,0.008487225347198542
qwen3_embedding_8b,en,food,negative,single_word,neutral_centroid,0.02621481651440264,0.005412304122000951,0.005412304122000951,0.02421707035973668,0.02080251239240169,0.02080251239240169,0.0019977461546659588
qwen3_embedding_8b,en,food,positive,centroid_phrases,neutral_centroid,-0.01140150655992328,-0.01140150655992328,-0.010221848357468841,-0.01131805102340876,0.0,-0.0011796582024544387,-8.345553651451995e-05
qwen3_embedding_8b,en,food,positive,single_word,neutral_centroid,-0.00605618245899676,-0.011444361880421621,-0.011540050804615001,-0.02124772965908047,0.005388179421424861,0.005483868345618241,0.01519154720008371
qwen3_embedding_8b,en,food,sadness,centroid_phrases,neutral_centroid,0.02426048638299107,0.007643221039325021,0.007643221039325019,0.035912534315139036,0.01661726534366605,0.016617265343666053,-0.011652047932147965
qwen3_embedding_8b,en,food,sadness,single_word,neutral_centroid,0.02575034052133558,0.0075682686641812295,0.0075682686641812295,0.02874754266813394,0.01818207185715435,0.01818207185715435,-0.0029972021467983626
qwen3_embedding_8b,en,object,amusement,centroid_phrases,neutral_centroid,0.11646024435758587,0.07589315976947542,0.07351214718073602,0.08567665368318553,0.04056708458811045,0.042948097176849845,0.03078359067440034
qwen3_embedding_8b,en,object,amusement,single_word,neutral_centroid,0.09586058333516116,0.060687491856515376,0.05844544526189562,0.0620590357109904,0.035173091478645786,0.03741513807326554,0.033801547624170765
qwen3_embedding_8b,en,object,anger,centroid_phrases,neutral_centroid,0.11412429437041276,0.06808028593659396,0.0676914662122726,0.11491454541683192,0.0460440084338188,0.04643282815814016,-0.0007902510464191659
qwen3_embedding_8b,en,object,anger,single_word,neutral_centroid,0.11231627576053138,0.07088119667023415,0.06916116233915084,0.11751207746565337,0.04143507909029723,0.043155113421380537,-0.0051958017051219885
qwen3_embedding_8b,en,object,disgust,centroid_phrases,neutral_centroid,0.11658275388181205,0.05013253851793702,0.05013253851793702,0.07311074323952194,0.06645021536387503,0.06645021536387503,0.043472010642290115
qwen3_embedding_8b,en,object,disgust,single_word,neutral_centroid,0.11946234721690414,0.05201550526544448,0.05201550526544448,0.062077421136200385,0.06744684195145967,0.06744684195145967,0.05738492608070376
qwen3_embedding_8b,en,object,excitement,centroid_phrases,neutral_centroid,0.07046662271022791,0.0642941385507583,0.0642941385507583,0.08100425750017162,0.00617248415946961,0.00617248415946961,-0.010537634789943712
qwen3_embedding_8b,en,object,excitement,single_word,neutral_centroid,0.07038717046380036,0.05624144338071339,0.05624144338071339,0.061926508694887104,0.014145727083086965,0.014145727083086965,0.008460661768913254
qwen3_embedding_8b,en,object,fear,centroid_phrases,neutral_centroid,0.11778264939785002,0.062222698144614674,0.062222698144614674,0.08658590447157619,0.055559951253235346,0.055559951253235346,0.031196744926273834
qwen3_embedding_8b,en,object,fear,single_word,neutral_centroid,0.11092457696795459,0.06049358798190946,0.06049358798190946,0.08178248703479761,0.05043098898604513,0.05043098898604513,0.02914208993315698
qwen3_embedding_8b,en,object,joy,centroid_phrases,neutral_centroid,0.09143994729965922,0.06490118391811844,0.06255440227687356,0.08077674712985751,0.026538763381540778,0.02888554502278566,0.010663200169801712
qwen3_embedding_8b,en,object,joy,single_word,neutral_centroid,0.08744498863816257,0.06368647366762156,0.06341759189963336,0.08248445726931089,0.023758514970541003,0.024027396738529203,0.0049605313688516756
qwen3_embedding_8b,en,object,love,centroid_phrases,neutral_centroid,0.10921200998127456,0.06275392808020111,0.06275392808020111,0.08004393801093097,0.04645808190107345,0.04645808190107345,0.029168071970343587
qwen3_embedding_8b,en,object,love,single_word,neutral_centroid,0.11572408713400359,0.06697134245187039,0.06697134245187039,0.07067510988563294,0.0487527446821332,0.0487527446821332,0.04504897724837065
qwen3_embedding_8b,en,object,negative,centroid_phrases,neutral_centroid,0.12507450915873047,0.06944009028375145,0.06963693164288992,0.11642545908689494,0.055634418874979025,0.05543757751584055,0.008649050071835529
qwen3_embedding_8b,en,object,negative,single_word,neutral_centroid,0.07250797962769862,0.04495560238137836,0.039774633292108716,0.08445303905755278,0.02755237724632026,0.0327333463355899,-0.01194505942985416
qwen3_embedding_8b,en,object,positive,centroid_phrases,neutral_centroid,0.09237980581820004,0.07689102273434395,0.07728721778839823,0.08984979428350919,0.015488783083856095,0.015092588029801818,0.0025300115346908597
qwen3_embedding_8b,en,object,positive,single_word,neutral_centroid,0.04967021932825444,0.042149228882044545,0.04741765512153505,0.04314602287486194,0.007520990446209894,0.00225256420671939,0.0065241964533925
qwen3_embedding_8b,en,object,sadness,centroid_phrases,neutral_centroid,0.13816664889454838,0.0859401766210794,0.08392131440341469,0.12828831635415552,0.05222647227346898,0.054245334491133695,0.009878332540392859
qwen3_embedding_8b,en,object,sadness,single_word,neutral_centroid,0.1400056187063455,0.08781221285462373,0.08931301981210703,0.12622696422040458,0.052193405851721775,0.05069259889423848,0.013778654485940928
qwen3_embedding_8b,en,person,amusement,centroid_phrases,neutral_centroid,0.09752109823748464,0.011201991699635951,0.01763708805665371,0.0732502083294093,0.08631910653784869,0.07988401018083094,0.02427088990807534
qwen3_embedding_8b,en,person,amusement,single_word,neutral_centroid,0.08115257222671057,0.02166612595319747,0.025551032926887263,0.0763005872489884,0.0594864462735131,0.05560153929982331,0.004851984977722171
qwen3_embedding_8b,en,person,anger,centroid_phrases,neutral_centroid,0.17112584793940183,0.01714904662221668,0.018222666997462493,0.09950335575267669,0.15397680131718516,0.15290318094193933,0.07162249218672515
qwen3_embedding_8b,en,person,anger,single_word,neutral_centroid,0.14277278892695902,0.03136211391538379,0.03386900071054695,0.06822396423667668,0.11141067501157523,0.10890378821641207,0.07454882469028234
qwen3_embedding_8b,en,person,disgust,centroid_phrases,neutral_centroid,0.12164740683510895,0.01794408746063707,0.01537938751280305,0.03955515809357163,0.10370331937447189,0.10626801932230591,0.08209224874153732
qwen3_embedding_8b,en,person,disgust,single_word,neutral_centroid,0.11589906169101594,0.02426547389477491,0.022458572499454023,0.041288249101489774,0.09163358779624103,0.09344048919156192,0.07461081258952616
qwen3_embedding_8b,en,person,excitement,centroid_phrases,neutral_centroid,0.09195351451635357,0.011898530484177161,0.011898530484177161,0.045021538808941816,0.08005498403217641,0.08005498403217641,0.046931975707411755
qwen3_embedding_8b,en,person,excitement,single_word,neutral_centroid,0.09681655308231707,0.027134529594331942,0.027134529594331942,0.039091887604445166,0.06968202348798513,0.06968202348798513,0.0577246654778719
qwen3_embedding_8b,en,person,fear,centroid_phrases,neutral_centroid,0.10267398629803208,0.02068874754477289,0.020791158010251793,0.055506734945811285,0.0819852387532592,0.08188282828778029,0.047167251352220795
qwen3_embedding_8b,en,person,fear,single_word,neutral_centroid,0.09872867336962368,0.0363140166038647,0.03929244803730395,0.05789143892470744,0.06241465676575898,0.05943622533231973,0.04083723444491624
qwen3_embedding_8b,en,person,joy,centroid_phrases,neutral_centroid,0.06527930311858651,-0.01318230647593736,-0.0025935282930731815,0.05586855541914698,0.07846160959452388,0.0678728314116597,0.009410747699439531
qwen3_embedding_8b,en,person,joy,single_word,neutral_centroid,0.06222353507764637,0.0051025299821049214,0.013131128111854212,0.03161222389899193,0.05712100509554145,0.04909240696579216,0.03061131117865444
qwen3_embedding_8b,en,person,love,centroid_phrases,neutral_centroid,0.06829157955944534,0.009046440012753,0.0107015644200146,0.03747404636815188,0.059245139546692346,0.05759001513943074,0.03081753319129346
qwen3_embedding_8b,en,person,love,single_word,neutral_centroid,0.05520038343966005,0.020153180882334712,0.021578595042228702,0.03253009878098965,0.03504720255732534,0.03362178839743135,0.022670284658670402
qwen3_embedding_8b,en,person,negative,centroid_phrases,neutral_centroid,0.10530685540288684,0.0015675235306844104,0.0015675235306844097,0.06333532356657087,0.10373933187220243,0.10373933187220243,0.04197153183631597
qwen3_embedding_8b,en,person,negative,single_word,neutral_centroid,0.10330783538520331,0.03965285022277381,0.03965285022277381,0.08473715540021654,0.06365498516242951,0.06365498516242951,0.01857067998498678
qwen3_embedding_8b,en,person,positive,centroid_phrases,neutral_centroid,0.03324025496840476,-0.0173016171902418,-0.01645928621292113,0.02007804270833729,0.05054187215864656,0.04969954118132589,0.013162212260067474
qwen3_embedding_8b,en,person,positive,single_word,neutral_centroid,0.036632968485355355,0.010877480916678891,0.01090883351862429,0.020468850247561902,0.025755487568676464,0.025724134966731066,0.016164118237793453
qwen3_embedding_8b,en,person,sadness,centroid_phrases,neutral_centroid,0.091267628967762,0.0010101122781634505,-0.0002808987163007197,0.08021042235195634,0.09025751668959855,0.09154852768406271,0.011057206615805656
qwen3_embedding_8b,en,person,sadness,single_word,neutral_centroid,0.10968769257888193,0.01412949552759526,0.015006314404308779,0.06502931425347919,0.09555819705128667,0.09468137817457316,0.044658378325402745
qwen3_embedding_8b,en,place,amusement,centroid_phrases,neutral_centroid,0.07231699544936414,0.06693850029259917,0.06950790975242849,0.07232856322079892,0.005378495156764973,0.002809085696935651,-1.156777143478116e-05
qwen3_embedding_8b,en,place,amusement,single_word,neutral_centroid,0.061875780671834926,0.05221257247030734,0.058880891650915125,0.057213105261325815,0.009663208201527586,0.002994889020919801,0.004662675410509111
qwen3_embedding_8b,en,place,anger,centroid_phrases,neutral_centroid,0.0865544933825731,0.04707326125353573,0.04835247974842784,0.07870576530694959,0.03948123212903736,0.03820201363414526,0.007848728075623507
qwen3_embedding_8b,en,place,anger,single_word,neutral_centroid,0.08580405274406071,0.04816148374229666,0.04805820453912017,0.08270710529759524,0.03764256900176405,0.037745848204940535,0.0030969474464654645
qwen3_embedding_8b,en,place,disgust,centroid_phrases,neutral_centroid,0.11002256311476226,0.04848278262652454,0.047105234349146465,0.053524592332541907,0.061539780488237716,0.06291732876561579,0.05649797078222035
qwen3_embedding_8b,en,place,disgust,single_word,neutral_centroid,0.10985587569884951,0.04934242139570414,0.046509480429813246,0.05416353209875522,0.06051345430314537,0.06334639526903627,0.05569234360009429
qwen3_embedding_8b,en,place,excitement,centroid_phrases,neutral_centroid,0.057173280790448165,0.0415855041472241,0.04648839596193281,0.04420074447989461,0.015587776643224062,0.010684884828515352,0.012972536310553555
qwen3_embedding_8b,en,place,excitement,single_word,neutral_centroid,0.05687544159591194,0.046318315248936384,0.04880528664216397,0.04516476877033707,0.010557126346975552,0.008070154953747966,0.011710672825574864
qwen3_embedding_8b,en,place,fear,centroid_phrases,neutral_centroid,0.08172145728021857,0.035331035032868364,0.03822388090193269,0.0511819479987025,0.0463904222473502,0.04349757637828588,0.030539509281516067
qwen3_embedding_8b,en,place,fear,single_word,neutral_centroid,0.0814454166218638,0.03632640149444337,0.037201158143579924,0.055397273041307885,0.045119015127420434,0.04424425847828388,0.02604814358055592
qwen3_embedding_8b,en,place,joy,centroid_phrases,neutral_centroid,0.05087221702560779,0.04293699970003215,0.03921131303068248,0.04465011171996588,0.007935217325575644,0.011660903994925309,0.006222105305641913
qwen3_embedding_8b,en,place,joy,single_word,neutral_centroid,0.047313561569899285,0.039967164490371895,0.03588700862601395,0.03579359659925098,0.007346397079527389,0.011426552943885337,0.011519964970648305
qwen3_embedding_8b,en,place,love,centroid_phrases,neutral_centroid,0.0454797409009188,0.031660014344379275,0.029195838747546048,0.05536011229269203,0.013819726556539527,0.016283902153372755,-0.00988037139177323
qwen3_embedding_8b,en,place,love,single_word,neutral_centroid,0.04292725007981057,0.034292686730623204,0.034781920351088,0.04292725007981057,0.008634563349187364,0.008145329728722568,0.0
qwen3_embedding_8b,en,place,negative,centroid_phrases,neutral_centroid,0.0963373957201838,0.042415397614240596,0.03882615827023978,0.08995507974177594,0.0539219981059432,0.05751123744994401,0.006382315978407854
qwen3_embedding_8b,en,place,negative,single_word,neutral_centroid,0.09128415882587429,0.04622252089902754,0.04224956845864648,0.09072316251695152,0.04506163792684675,0.04903459036722781,0.0005609963089227704
qwen3_embedding_8b,en,place,positive,centroid_phrases,neutral_centroid,0.06585292117670175,0.027237640786915977,0.02261874983087179,0.02233133586123582,0.03861528038978577,0.04323417134582996,0.043521585315465926
qwen3_embedding_8b,en,place,positive,single_word,neutral_centroid,0.02675042981281875,0.01746344938874243,0.01565670277923345,0.015051757451146841,0.00928698042407632,0.011093727033585299,0.011698672361671908
qwen3_embedding_8b,en,place,sadness,centroid_phrases,neutral_centroid,0.10676837945356961,0.04954974697902795,0.06179882669821378,0.10707801952958104,0.05721863247454166,0.04496955275535583,-0.0003096400760114332
qwen3_embedding_8b,en,place,sadness,single_word,neutral_centroid,0.10508530531078572,0.05553752891719336,0.07182766236364838,0.10544749852269883,0.04954777639359236,0.033257642947137345,-0.0003621932119131088
qwen3_embedding_8b,en,situation,amusement,centroid_phrases,neutral_centroid,0.14852010682225222,0.04339367039501666,0.043756074830889696,0.10502216033637521,0.10512643642723557,0.10476403199136253,0.043497946485877015
qwen3_embedding_8b,en,situation,amusement,single_word,neutral_centroid,0.07391783650964495,0.0435678244102746,0.048905331920832365,0.06150780972093339,0.030350012099370355,0.025012504588812587,0.012410026788711559
qwen3_embedding_8b,en,situation,anger,centroid_phrases,neutral_centroid,0.04780952818691727,0.022775182127952567,0.00675916187465192,0.05658325459808107,0.025034346058964704,0.04105036631226535,-0.0087737264111638
qwen3_embedding_8b,en,situation,anger,single_word,neutral_centroid,0.06056960280984637,0.04889704491943118,0.03546619955450294,0.0641713164746761,0.011672557890415193,0.02510340325534343,-0.0036017136648297254
qwen3_embedding_8b,en,situation,disgust,centroid_phrases,neutral_centroid,0.10629439316689963,0.03147083297371863,0.031470832973718624,0.04826480420306324,0.07482356019318101,0.07482356019318101,0.05802958896383639
qwen3_embedding_8b,en,situation,disgust,single_word,neutral_centroid,0.09928729310631748,0.04469741247594355,0.04469741247594355,0.03792939241975545,0.054589880630373934,0.054589880630373934,0.06135790068656203
qwen3_embedding_8b,en,situation,excitement,centroid_phrases,neutral_centroid,0.08856390463188286,0.02747026542201636,0.03391797645017503,0.06712088920176026,0.061093639209866504,0.05464592818170783,0.0214430154301226
qwen3_embedding_8b,en,situation,excitement,single_word,neutral_centroid,0.05067882284056395,0.028833124251104895,0.034165171929635106,0.03624352014157921,0.021845698589459055,0.016513650910928844,0.014435302698984742
qwen3_embedding_8b,en,situation,fear,centroid_phrases,neutral_centroid,0.058542208001017525,0.011200138553977002,0.011200138553977002,0.03702438245527446,0.04734206944704052,0.04734206944704052,0.021517825545743066
qwen3_embedding_8b,en,situation,fear,single_word,neutral_centroid,0.0446118604391813,0.025302000530064095,0.025302000530064088,0.028308830223977555,0.019309859909117204,0.01930985990911721,0.016303030215203743
qwen3_embedding_8b,en,situation,joy,centroid_phrases,neutral_centroid,0.121708192769438,0.04093532050028442,0.04093532050028442,0.0378056210465729,0.08077287226915358,0.08077287226915358,0.08390257172286511
qwen3_embedding_8b,en,situation,joy,single_word,neutral_centroid,0.09976744628511366,0.06412231530994174,0.06412231530994174,0.06934708519838746,0.035645130975171926,0.035645130975171926,0.030420361086726203
qwen3_embedding_8b,en,situation,love,centroid_phrases,neutral_centroid,0.07750917375087735,0.017605127952992912,0.01772935297340154,0.062279357016086556,0.059904045797884435,0.0597798207774758,0.015229816734790791
qwen3_embedding_8b,en,situation,love,single_word,neutral_centroid,0.0801349017769098,0.05167813180014489,0.05122858919203279,0.05574651397764681,0.028456769976764905,0.028906312584877004,0.024388387799262987
qwen3_embedding_8b,en,situation,negative,centroid_phrases,neutral_centroid,0.0328624341636896,-0.002133508771657938,-0.01850139908492564,0.05133884996175764,0.03499594293534754,0.05136383324861524,-0.018476415798068038
qwen3_embedding_8b,en,situation,negative,single_word,neutral_centroid,0.04489527186378833,0.03286611223593352,0.01679731430485844,0.05417286735028025,0.012029159627854814,0.028097957558929892,-0.009277595486491916
qwen3_embedding_8b,en,situation,positive,centroid_phrases,neutral_centroid,0.06881939182057975,0.014501370582729572,0.017892346996814013,0.025494014378637065,0.05431802123785018,0.05092704482376574,0.04332537744194269
qwen3_embedding_8b,en,situation,positive,single_word,neutral_centroid,0.06838937271386383,0.05090680159628388,0.04971355535089968,0.04971355535089968,0.017482571117579955,0.018675817362964156,0.018675817362964156
qwen3_embedding_8b,en,situation,sadness,centroid_phrases,neutral_centroid,0.07915877047926181,0.009369784034788598,0.009369784034788598,0.07401637304574246,0.06978898644447322,0.06978898644447322,0.005142397433519352
qwen3_embedding_8b,en,situation,sadness,single_word,neutral_centroid,0.08446155162528154,0.03639893168583512,0.03639893168583512,0.05536315958015618,0.048062619939446424,0.048062619939446424,0.029098392045125362
qwen3_embedding_8b,pl,food,amusement,centroid_phrases,neutral_centroid,-0.00085204541683197,-0.0035813480615615708,-0.0074383050203323305,0.0020061580464243896,0.0027293026447296007,0.0065862596035003605,-0.0028582034632563596
qwen3_embedding_8b,pl,food,amusement,single_word,neutral_centroid,-0.012208721134811609,-0.02053313003852961,-0.02151433555409309,-0.0198467914946377,0.008324408903718002,0.009305614419281481,0.007638070359826093
qwen3_embedding_8b,pl,food,anger,centroid_phrases,neutral_centroid,-0.02640991788357492,-0.029428753443062273,-0.029428753443062273,-0.02560122441500421,0.0030188355594873532,0.0030188355594873532,-0.0008086934685707092
qwen3_embedding_8b,pl,food,anger,single_word,neutral_centroid,0.017164649069309208,0.0020060108974575995,0.0020060108974576,0.017514440882950972,0.015158638171851608,0.015158638171851608,-0.0003497918136417637
qwen3_embedding_8b,pl,food,disgust,centroid_phrases,neutral_centroid,-0.012160101952031238,-0.025811237143352612,-0.025811237143352605,-0.02103915368206796,0.013651135191321374,0.013651135191321367,0.008879051730036721
qwen3_embedding_8b,pl,food,disgust,single_word,neutral_centroid,-0.002986441086977729,-0.02196036884561181,-0.02196036884561181,-0.01082565793767572,0.01897392775863408,0.01897392775863408,0.00783921685069799
qwen3_embedding_8b,pl,food,excitement,centroid_phrases,neutral_centroid,-0.01558563434518873,-0.024450849229469877,-0.03285328061319885,-0.01432196707464754,0.008865214884281148,0.017267646268010122,-0.0012636672705411897
qwen3_embedding_8b,pl,food,excitement,single_word,neutral_centroid,-0.015153659612406029,-0.03516727519454431,-0.04082820127950977,-0.02241781615884972,0.02001361558213828,0.025674541667103742,0.007264156546443693
qwen3_embedding_8b,pl,food,fear,centroid_phrases,neutral_centroid,-0.007493656035512673,-0.012824649270623914,-0.012824649270623914,-0.011341670621186484,0.005330993235111241,0.005330993235111241,0.003848014585673811
qwen3_embedding_8b,pl,food,fear,single_word,neutral_centroid,0.05360226165503258,0.02838992374017829,0.028389923740178284,0.03674441473558539,0.02521233791485429,0.025212337914854298,0.016857846919447195
qwen3_embedding_8b,pl,food,joy,centroid_phrases,neutral_centroid,-0.00317009771242738,-0.01128933997824787,-0.01128933997824787,-0.01178998621180653,0.008119242265820491,0.008119242265820491,0.00861988849937915
qwen3_embedding_8b,pl,food,joy,single_word,neutral_centroid,-0.00848940873984246,-0.02655605005566027,-0.026556050055660273,-0.01789648665580896,0.01806664131581781,0.01806664131581781,0.009407077915966499
qwen3_embedding_8b,pl,food,love,centroid_phrases,neutral_centroid,0.015195225784555061,0.0014727529603987808,-0.0003845649305731092,0.003988303476944561,0.01372247282415628,0.01557979071512817,0.0112069223076105
qwen3_embedding_8b,pl,food,love,single_word,neutral_centroid,-0.0016728113871067706,-0.020682006329298,-0.0224002245813608,-0.01396398800425229,0.01900919494219123,0.02072741319425403,0.01229117661714552
qwen3_embedding_8b,pl,food,negative,centroid_phrases,neutral_centroid,-0.01571603547781706,-0.01959140356630087,-0.0202302573248744,-0.01461435090750456,0.003875368088483811,0.00451422184705734,-0.0011016845703125007
qwen3_embedding_8b,pl,food,negative,single_word,neutral_centroid,-0.00880542723461986,-0.02078554462641477,-0.02267516236752271,-0.00927092898637057,0.011980117391794911,0.01386973513290285,0.0004655017517507104
qwen3_embedding_8b,pl,food,positive,centroid_phrases,neutral_centroid,0.0012603162787854804,-0.0027866848278790594,-0.0024005596060305695,-0.0021068598143756294,0.00404700110666454,0.00366087588481605,0.00336717609316111
qwen3_embedding_8b,pl,food,positive,single_word,neutral_centroid,0.02601747536100445,0.01443463363684713,0.02601747536100445,0.02427945369854568,0.011582841724157321,0.0,0.0017380216624587712
qwen3_embedding_8b,pl,food,sadness,centroid_phrases,neutral_centroid,-0.0005449255462735899,-0.00753526161424813,-0.005439387401565901,0.0015587317291647198,0.006990336067974541,0.004894461855292311,-0.0021036572754383094
qwen3_embedding_8b,pl,food,sadness,single_word,neutral_centroid,0.03909959644079203,0.02381661208346482,0.026216002739965872,0.04136447757482523,0.015282984357327209,0.012883593700826156,-0.0022648811340332045
qwen3_embedding_8b,pl,object,amusement,centroid_phrases,neutral_centroid,0.08195040989667172,0.03546626232564444,0.03842764981091017,0.05605906303972001,0.046484147571027284,0.04352276008576156,0.025891346856951714
qwen3_embedding_8b,pl,object,amusement,single_word,neutral_centroid,0.07799783945083615,0.029453634796664102,0.03389127622358499,0.03675340674817561,0.04854420465417204,0.04410656322725116,0.04124443270266054
qwen3_embedding_8b,pl,object,anger,centroid_phrases,neutral_centroid,0.06168672814965244,0.03247505631297822,0.03659765366464849,0.06631641201674934,0.029211671836674218,0.02508907448500395,-0.004629683867096904
qwen3_embedding_8b,pl,object,anger,single_word,neutral_centroid,0.0729605576023459,0.03378718476742503,0.03588561322540042,0.04918473055586216,0.03917337283492087,0.03707494437694549,0.023775827046483747
qwen3_embedding_8b,pl,object,disgust,centroid_phrases,neutral_centroid,0.0764032498002052,0.03205309705808755,0.0353455536998808,0.04260111572220917,0.04435015274211765,0.0410576961003244,0.03380213407799603
qwen3_embedding_8b,pl,object,disgust,single_word,neutral_centroid,0.06648459127172825,0.027767440676689098,0.02984419334679837,0.03840726055204864,0.03871715059503915,0.036640397924929874,0.028077330719679605
qwen3_embedding_8b,pl,object,excitement,centroid_phrases,neutral_centroid,0.03584959311410778,0.017558539565652558,0.021356214862316793,0.02902648374438279,0.01829105354845522,0.014493378251790985,0.0068231093697249875
qwen3_embedding_8b,pl,object,excitement,single_word,neutral_centroid,0.04084687680006024,0.00734237921424209,0.01513537843711672,0.01970608774572608,0.033504497585818145,0.02571149836294352,0.02114078905433416
qwen3_embedding_8b,pl,object,fear,centroid_phrases,neutral_centroid,0.07596958866342898,0.0389368535019457,0.0389368535019457,0.0572288271039724,0.03703273516148328,0.03703273516148328,0.01874076155945658
qwen3_embedding_8b,pl,object,fear,single_word,neutral_centroid,0.09711857028305527,0.051723536197096076,0.051723536197096076,0.054273024946451164,0.0453950340859592,0.0453950340859592,0.04284554533660411
qwen3_embedding_8b,pl,object,joy,centroid_phrases,neutral_centroid,0.05850191297940906,0.03863676055334504,0.043042527278885204,0.04885705052874977,0.019865152426064014,0.015459385700523853,0.009644862450659285
qwen3_embedding_8b,pl,object,joy,single_word,neutral_centroid,0.07630148436874147,0.03260161560028789,0.037078460305929165,0.041891672834753965,0.04369986876845358,0.039223024062812306,0.034409811533987505
qwen3_embedding_8b,pl,object,love,centroid_phrases,neutral_centroid,0.078040371928364,0.04029920129105446,0.044572388660162665,0.05984210753813383,0.037741170637309536,0.03346798326820133,0.018198264390230166
qwen3_embedding_8b,pl,object,love,single_word,neutral_centroid,0.09919509850442407,0.03616580255329606,0.04316837228834626,0.06244819890707728,0.06302929595112801,0.05602672621607781,0.03674689959734679
qwen3_embedding_8b,pl,object,negative,centroid_phrases,neutral_centroid,0.05599187500774856,0.02744014896452422,0.02813359871506687,0.04385628756135698,0.028551726043224344,0.027858276292681693,0.01213558744639158
qwen3_embedding_8b,pl,object,negative,single_word,neutral_centroid,0.03711643610149617,0.022483356762677393,0.02498744428157803,0.030079116206616095,0.014633079338818775,0.012128991819918139,0.007037319894880073
qwen3_embedding_8b,pl,object,positive,centroid_phrases,neutral_centroid,0.04021817706525321,0.02094411533325908,0.0162499966099858,0.028308297879993886,0.019274061731994134,0.023968180455267413,0.011909879185259327
qwen3_embedding_8b,pl,object,positive,single_word,neutral_centroid,0.0268662738613784,0.0124357142485678,0.0043142149224877305,0.018196860328316668,0.014430559612810598,0.022552058938890666,0.008669413533061731
qwen3_embedding_8b,pl,object,sadness,centroid_phrases,neutral_centroid,0.056797616463154524,0.03950532646849749,0.04230250986292955,0.06723112752661106,0.017292289994657033,0.014495106600224975,-0.010433511063456538
qwen3_embedding_8b,pl,object,sadness,single_word,neutral_centroid,0.08972782306373114,0.0416898247785866,0.03539323918521401,0.034938339609652716,0.048037998285144545,0.05433458387851713,0.05478948345407843
qwen3_embedding_8b,pl,person,amusement,centroid_phrases,neutral_centroid,0.01855296250432727,-0.0074950907379388795,9.617488831270646e-06,0.01661776429973539,0.02604805324226615,0.018543345015496,0.0019351982045918807
qwen3_embedding_8b,pl,person,amusement,single_word,neutral_centroid,0.04118846999481317,0.01124113472178577,0.01741554783657192,0.03852491453289983,0.029947335273027398,0.02377292215824125,0.002663555461913339
qwen3_embedding_8b,pl,person,anger,centroid_phrases,neutral_centroid,0.07663369895890351,0.01884009081404655,0.01991638678591697,0.05563072115182873,0.05779360814485696,0.05671731217298654,0.02100297780707478
qwen3_embedding_8b,pl,person,anger,single_word,neutral_centroid,0.08762388583272693,0.05137523664161562,0.04536901218816637,0.08774250168353318,0.03624864919111131,0.042254873644560556,-0.00011861585080624737
qwen3_embedding_8b,pl,person,disgust,centroid_phrases,neutral_centroid,0.06520882272161539,0.008774057636037459,0.0074218577239662294,0.02150335484184323,0.05643476508557793,0.05778696499764916,0.04370546787977216
qwen3_embedding_8b,pl,person,disgust,single_word,neutral_centroid,0.08339168850798158,0.015323247108608478,0.00898510413244366,0.019774069543927908,0.0680684413993731,0.07440658437553792,0.06361761896405367
qwen3_embedding_8b,pl,person,excitement,centroid_phrases,neutral_centroid,0.04618139527738091,0.00872786520048974,0.007048113550990801,0.01598708219826219,0.03745353007689117,0.03913328172639011,0.03019431307911872
qwen3_embedding_8b,pl,person,excitement,single_word,neutral_centroid,0.09135456820949908,0.014860886987298722,0.0036647818051278604,0.01194385522976517,0.07649368122220036,0.08768978640437122,0.07941071297973391
qwen3_embedding_8b,pl,person,fear,centroid_phrases,neutral_centroid,0.08121763530652967,0.02026536192279309,0.01552620406728237,0.027870789053849848,0.060952273383736585,0.0656914312392473,0.053346846252679825
qwen3_embedding_8b,pl,person,fear,single_word,neutral_centroid,0.07654206086881457,0.02807919750921429,0.02926200474612416,0.03906567743979395,0.04846286335960028,0.047280056122690414,0.03747638342902062
qwen3_embedding_8b,pl,person,joy,centroid_phrases,neutral_centroid,0.01592672388069329,-0.009731616685166951,-0.0017269963864237111,0.01539883245714006,0.025658340565860242,0.017653720267117,0.0005278914235532298
qwen3_embedding_8b,pl,person,joy,single_word,neutral_centroid,0.030608277599094402,0.0012442470702808401,0.00759788986179045,0.00807357658632099,0.02936403052881356,0.023010387737303954,0.02253470101277341
qwen3_embedding_8b,pl,person,love,centroid_phrases,neutral_centroid,0.021515279356390228,0.0024386711418628903,0.00908808922395112,0.0096543367020786,0.01907660821452734,0.012427190132439108,0.011860942654311629
qwen3_embedding_8b,pl,person,love,single_word,neutral_centroid,0.03171288687735793,-0.0034179158508777494,4.935767501592081e-05,-0.0035173244774341405,0.03513080272823568,0.031663529202342014,0.035230211354792075
qwen3_embedding_8b,pl,person,negative,centroid_phrases,neutral_centroid,-0.005157561227679239,-0.02025930602103468,-0.02025930602103468,0.01035871040076019,0.01510174479335544,0.01510174479335544,-0.01551627162843943
qwen3_embedding_8b,pl,person,negative,single_word,neutral_centroid,0.04086732119321818,0.028185557574033702,0.028185557574033702,0.02476862855255601,0.01268176361918448,0.01268176361918448,0.016098692640662174
qwen3_embedding_8b,pl,person,positive,centroid_phrases,neutral_centroid,-0.0221559473313391,-0.03832812989130613,-0.03832812989130613,-0.02901295358315107,0.016172182559967028,0.016172182559967028,0.006857006251811969
qwen3_embedding_8b,pl,person,positive,single_word,neutral_centroid,0.00029696011915803926,-0.01046527726575731,-0.01046527726575731,-0.007335673924535499,0.01076223738491535,0.01076223738491535,0.0076326340436935385
qwen3_embedding_8b,pl,person,sadness,centroid_phrases,neutral_centroid,0.05245855522807685,0.002128137997351569,0.00587095876689999,0.04160618341993536,0.05033041723072528,0.04658759646117686,0.01085237180814149
qwen3_embedding_8b,pl,person,sadness,single_word,neutral_centroid,0.06779229082167146,0.028411050327122177,0.02867194134742019,0.055029873549938144,0.03938124049454928,0.03912034947425127,0.012762417271733315
qwen3_embedding_8b,pl,place,amusement,centroid_phrases,neutral_centroid,0.03718413291499017,0.007816421939060108,0.016521330457180742,0.028435729397460814,0.02936771097593006,0.020662802457809427,0.008748403517529355
qwen3_embedding_8b,pl,place,amusement,single_word,neutral_centroid,0.0689920926466584,0.037616537325084194,0.043839955329895,0.04611610099673269,0.031375555321574204,0.025152137316763398,0.02287599164992571
qwen3_embedding_8b,pl,place,anger,centroid_phrases,neutral_centroid,0.02490582745522257,0.0053854746744036504,0.0053854746744036504,0.01479788180440661,0.01952035278081892,0.01952035278081892,0.01010794565081596
qwen3_embedding_8b,pl,place,anger,single_word,neutral_centroid,0.02414204692468045,0.0048823178745806195,0.00488231787458062,0.01813577264547345,0.01925972905009983,0.01925972905009983,0.006006274279207
qwen3_embedding_8b,pl,place,disgust,centroid_phrases,neutral_centroid,0.036033210065215794,0.00742003181949257,-0.0008366200141608701,0.02614683574065562,0.028613178245723223,0.036869830079376664,0.009886374324560174
qwen3_embedding_8b,pl,place,disgust,single_word,neutral_centroid,0.025441979826427964,0.013057190948165931,0.004760263510979691,0.014905524812638748,0.012384788878262033,0.020681716315448274,0.010536455013789216
qwen3_embedding_8b,pl,place,excitement,centroid_phrases,neutral_centroid,0.03467007861472665,0.011705567548051491,0.00846225102432074,0.03848366606980561,0.02296451106667516,0.02620782759040591,-0.003813587455078961
qwen3_embedding_8b,pl,place,excitement,single_word,neutral_centroid,0.03768170580733564,0.01457742436323314,0.00687179968226701,0.01773067647591232,0.0231042814441025,0.030809906125068627,0.019951029331423318
qwen3_embedding_8b,pl,place,fear,centroid_phrases,neutral_centroid,0.02560292696580287,0.00835585156455634,0.00414070235565304,0.01351832384243605,0.01724707540124653,0.02146222461014983,0.01208460312336682
qwen3_embedding_8b,pl,place,fear,single_word,neutral_centroid,0.05756637537851926,0.018714538309723118,0.02145450571551917,0.01995760509744286,0.03885183706879614,0.03611186966300009,0.0376087702810764
qwen3_embedding_8b,pl,place,joy,centroid_phrases,neutral_centroid,0.04029345465824004,9.06756613403975e-06,0.007221848797053098,0.02245857270900157,0.040284387092106,0.03307160586118694,0.01783488194923847
qwen3_embedding_8b,pl,place,joy,single_word,neutral_centroid,0.08545712186023588,0.02419781060889361,0.03900925526395438,0.026045248005539156,0.06125931125134227,0.0464478665962815,0.05941187385469672
qwen3_embedding_8b,pl,place,love,centroid_phrases,neutral_centroid,0.04804070722311733,0.004413477890193471,0.00021134605631232956,0.02940018232911824,0.04362722933292386,0.047829361166805,0.018640524893999092
qwen3_embedding_8b,pl,place,love,single_word,neutral_centroid,0.022304253093898267,-0.019267889298498608,-0.021875777980312698,-0.0316657656803727,0.04157214239239687,0.044180031074210965,0.05397001877427097
qwen3_embedding_8b,pl,place,negative,centroid_phrases,neutral_centroid,0.02602925938554106,-0.0062837495934218,-0.007168830791488279,0.024047620268538572,0.03231300897896286,0.033198090177029335,0.001981639117002488
qwen3_embedding_8b,pl,place,negative,single_word,neutral_centroid,0.04060542597435411,0.029591819224879114,0.02219398291781541,0.037148918071761676,0.011013606749474998,0.0184114430565387,0.003456507902592436
qwen3_embedding_8b,pl,place,positive,centroid_phrases,neutral_centroid,0.018686586618423432,-0.02197480294853446,-0.01791152302175758,0.00370517540723085,0.04066138956695789,0.03659810964018101,0.014981411211192583
qwen3_embedding_8b,pl,place,positive,single_word,neutral_centroid,0.018969723489135497,-0.0007332249544560801,0.00755202295258642,0.00212653204798699,0.019702948443591578,0.011417700536549077,0.016843191441148507
qwen3_embedding_8b,pl,place,sadness,centroid_phrases,neutral_centroid,0.06254144588019694,0.01645403772126883,0.00840143344830723,0.03760366353671995,0.04608740815892812,0.05414001243188971,0.024937782343476995
qwen3_embedding_8b,pl,place,sadness,single_word,neutral_centroid,0.012672483734786522,-0.028882618807256177,-0.02820246140472587,-0.02893594875931736,0.0415551025420427,0.04087494513951239,0.041608432494103884
qwen3_embedding_8b,pl,situation,amusement,centroid_phrases,neutral_centroid,0.07454053908586497,0.028540129959583237,0.02336399666965005,0.04277889635413881,0.046000409126281734,0.05117654241621492,0.03176164273172616
qwen3_embedding_8b,pl,situation,amusement,single_word,neutral_centroid,0.07742626778781411,0.06762069351971148,0.056196261569857575,0.06894977390766141,0.009805574268102635,0.021230006217956537,0.008476493880152702
qwen3_embedding_8b,pl,situation,anger,centroid_phrases,neutral_centroid,0.01823469549417496,0.00025200210511686983,0.0009059594944119717,0.009997635334730161,0.01798269338905809,0.01732873599976299,0.008237060159444799
qwen3_embedding_8b,pl,situation,anger,single_word,neutral_centroid,0.07435160055756565,0.05531294737011191,0.06226841323077674,0.06337973009794946,0.019038653187453743,0.01208318732678891,0.010971870459616187
qwen3_embedding_8b,pl,situation,disgust,centroid_phrases,neutral_centroid,0.0560792622156441,0.02673570942133664,0.0289313974790275,0.025373206194490183,0.02934355279430746,0.0271478647366166,0.030706056021153914
qwen3_embedding_8b,pl,situation,disgust,single_word,neutral_centroid,0.03429227927699683,0.02060902724042534,0.01852435981854796,0.022151307668536898,0.013683252036571489,0.01576791945844887,0.012140971608459932
qwen3_embedding_8b,pl,situation,excitement,centroid_phrases,neutral_centroid,0.003794634202495219,-0.019231513282284122,-0.01808330635540185,-0.00019075996242463034,0.023026147484779342,0.02187794055789707,0.003985394164919849
qwen3_embedding_8b,pl,situation,excitement,single_word,neutral_centroid,0.01536862323991954,-0.00650935661979017,-0.006468952493742091,-0.015215523215010721,0.021877979859709712,0.02183757573366163,0.03058414645493026
qwen3_embedding_8b,pl,situation,fear,centroid_phrases,neutral_centroid,0.0028379034716635803,-0.0032242719549685703,-0.0032242719549685703,-0.00045216651633383007,0.006062175426632151,0.006062175426632151,0.0032900699879974105
qwen3_embedding_8b,pl,situation,fear,single_word,neutral_centroid,0.01962786894291639,0.009297244064509881,0.00929724406450988,0.01161012090742589,0.010330624878406509,0.01033062487840651,0.008017748035490501
qwen3_embedding_8b,pl,situation,joy,centroid_phrases,neutral_centroid,0.04001103253103793,0.012461569858714949,0.0092593271750957,0.01941362251527609,0.027549462672322982,0.03075170535594223,0.02059741001576184
qwen3_embedding_8b,pl,situation,joy,single_word,neutral_centroid,0.0686033237725496,0.04989161789417264,0.0398296311497688,0.05122833475470538,0.018711705878376964,0.028773692622780803,0.01737498901784422
qwen3_embedding_8b,pl,situation,love,centroid_phrases,neutral_centroid,0.03421094964724034,0.00571402076166123,0.008575980621390051,0.03792314629536121,0.02849692888557911,0.02563496902585029,-0.0037121966481208704
qwen3_embedding_8b,pl,situation,love,single_word,neutral_centroid,0.04702519420534369,0.02035712879151104,0.0175294905900955,0.00398938953876494,0.026668065413832653,0.029495703615248194,0.043035804666578754
qwen3_embedding_8b,pl,situation,negative,centroid_phrases,neutral_centroid,-0.01446497421711683,-0.02783568706363439,-0.02783568706363439,-0.02015964295715094,0.01337071284651756,0.01337071284651756,0.00569466874003411
qwen3_embedding_8b,pl,situation,negative,single_word,neutral_centroid,-0.01931918873451649,-0.027760653709992762,-0.027760653709992762,-0.025243475427851082,0.008441464975476272,0.008441464975476272,0.005924286693334592
qwen3_embedding_8b,pl,situation,positive,centroid_phrases,neutral_centroid,0.014999347552657121,-0.026707525085657807,-0.026707525085657807,-0.018592190369963617,0.04170687263831493,0.04170687263831493,0.033591537922620734
qwen3_embedding_8b,pl,situation,positive,single_word,neutral_centroid,0.00553784091025593,-0.01466799485497174,-0.01466799485497174,-0.016352384304627748,0.02020583576522767,0.02020583576522767,0.02189022521488368
qwen3_embedding_8b,pl,situation,sadness,centroid_phrases,neutral_centroid,-0.0019413590431213406,-0.01926381550729272,-0.02257386185228822,-0.00145607069134712,0.01732245646417138,0.02063250280916688,-0.0004852883517742206
qwen3_embedding_8b,pl,situation,sadness,single_word,neutral_centroid,-0.0020969774341210506,-0.01098302749451247,-0.01603521478828039,-0.007096119388006611,0.00888605006039142,0.01393823735415934,0.00499914195388556
qwen3_embedding_8b,zh,food,amusement,centroid_phrases,neutral_centroid,0.022443375643342728,-5.501937121150033e-05,-0.0022004235535859704,0.01164740452077242,0.022498395014554227,0.024643799196928697,0.010795971122570308
qwen3_embedding_8b,zh,food,amusement,single_word,neutral_centroid,0.054570546839386204,0.02157940790057181,0.01996633918024598,0.04371159942820666,0.03299113893881439,0.034604207659140226,0.010858947411179543
qwen3_embedding_8b,zh,food,anger,centroid_phrases,neutral_centroid,0.02509810742922127,0.003556948853656661,-0.0002676239702850393,0.02509810742922127,0.02154115857556461,0.02536573139950631,0.0
qwen3_embedding_8b,zh,food,anger,single_word,neutral_centroid,0.011116798268631099,-0.009299439424648852,-0.01180265373550352,0.004456935497000829,0.02041623769327995,0.02291945200413462,0.00665986277163027
qwen3_embedding_8b,zh,food,disgust,centroid_phrases,neutral_centroid,0.05008218674920497,0.0029823895078152623,-0.003321244614198788,0.012141030747443451,0.047099797241389706,0.05340343136340376,0.03794115600176152
qwen3_embedding_8b,zh,food,disgust,single_word,neutral_centroid,0.03960764184594155,0.01263546613045039,0.006034460151568081,0.02104666982777419,0.02697217571549116,0.03357318169437347,0.018560972018167362
qwen3_embedding_8b,zh,food,excitement,centroid_phrases,neutral_centroid,0.0204963305965066,-0.00200176136568188,-0.00406360831111668,0.01108123157173395,0.02249809196218848,0.024559938907623282,0.00941509902477265
qwen3_embedding_8b,zh,food,excitement,single_word,neutral_centroid,0.00793495615944268,-0.00806310120970006,-0.00792891066521402,0.0080817657755688,0.01599805736914274,0.0158638668246567,-0.0001468096161261201
qwen3_embedding_8b,zh,food,fear,centroid_phrases,neutral_centroid,0.02146653058007359,-0.002002332545816891,-0.0020023325458168916,0.01911845207214356,0.02346886312589048,0.02346886312589048,0.0023480785079300313
qwen3_embedding_8b,zh,food,fear,single_word,neutral_centroid,0.004008361417800199,-0.0159741046838462,-0.0159741046838462,-0.0032092020846903116,0.0199824661016464,0.0199824661016464,0.007217563502490511
qwen3_embedding_8b,zh,food,joy,centroid_phrases,neutral_centroid,0.021349872788414347,-0.00471025900915264,-0.00990718724206088,0.010303976945579049,0.026060131797566985,0.03125706003047522,0.011045895842835298
qwen3_embedding_8b,zh,food,joy,single_word,neutral_centroid,0.034956769598647915,0.010701974062249032,0.008092829538509221,0.02671119449660179,0.024254795536398883,0.026863940060138695,0.008245575102046123
qwen3_embedding_8b,zh,food,love,centroid_phrases,neutral_centroid,0.02169384099543093,-0.00071040578186512,0.00192539989948272,0.022831979393959027,0.02240424677729605,0.019768441095948212,-0.0011381383985280963
qwen3_embedding_8b,zh,food,love,single_word,neutral_centroid,-0.0015537719184067302,-0.03025817740126512,-0.02645781598403118,-0.00660118318046444,0.028704405482858387,0.024904044065624447,0.0050474112620577105
qwen3_embedding_8b,zh,food,negative,centroid_phrases,neutral_centroid,0.04532295046374201,0.0112662246800028,0.0076244079507887625,0.04493041867390275,0.03405672578373921,0.03769854251295325,0.000392531789839258
qwen3_embedding_8b,zh,food,negative,single_word,neutral_centroid,0.06331599170807743,0.03032702517230059,0.026685550692491188,0.05674101442564274,0.03298896653577684,0.03663044101558624,0.006574977282434689
qwen3_embedding_8b,zh,food,positive,centroid_phrases,neutral_centroid,0.027027493203058812,0.0023211145307868706,-0.0015208837110549198,0.017223900277167532,0.02470637867227194,0.028548376914113733,0.00980359292589128
qwen3_embedding_8b,zh,food,positive,single_word,neutral_centroid,0.029319624509662356,0.008217903226614,0.0038217578083276707,0.01820633481256661,0.021101721283048356,0.025497866701334686,0.011113289697095748
qwen3_embedding_8b,zh,food,sadness,centroid_phrases,neutral_centroid,0.04338749200105668,0.00967537518590692,0.00887216851115229,0.04350424893200398,0.03371211681514976,0.034515323489904395,-0.000116756930947301
qwen3_embedding_8b,zh,food,sadness,single_word,neutral_centroid,0.05430826749652621,0.023645874997600888,0.02392414673231541,0.050016887951642254,0.03066239249892532,0.0303841207642108,0.004291379544883955
qwen3_embedding_8b,zh,object,amusement,centroid_phrases,neutral_centroid,0.06566964322701092,0.0419806667603552,0.0450298358686268,0.05578384259715672,0.02368897646665572,0.020639807358384124,0.009885800629854204
qwen3_embedding_8b,zh,object,amusement,single_word,neutral_centroid,0.0862654889002442,0.06839961297810074,0.0726713445037603,0.07979134712368245,0.017865875922143462,0.013594144396483904,0.006474141776561748
qwen3_embedding_8b,zh,object,anger,centroid_phrases,neutral_centroid,0.07029721606522796,0.04167203623801467,0.04005503971129653,0.07308648098260163,0.028625179827213285,0.03024217635393143,-0.0027892649173736767
qwen3_embedding_8b,zh,object,anger,single_word,neutral_centroid,0.07411279305815693,0.0432420318946242,0.04019843172281977,0.07808110266923901,0.030870761163532733,0.033914361335337165,-0.003968309611082077
qwen3_embedding_8b,zh,object,disgust,centroid_phrases,neutral_centroid,0.08263959204778074,0.03544353228062389,0.035964239947497825,0.04165770513936875,0.047196059767156844,0.04667535210028291,0.04098188690841199
qwen3_embedding_8b,zh,object,disgust,single_word,neutral_centroid,0.07793310862034557,0.04230493064969777,0.04218877535313367,0.058338654041290273,0.035628177970647795,0.035744333267211895,0.019594454579055294
qwen3_embedding_8b,zh,object,excitement,centroid_phrases,neutral_centroid,0.058520186971873,0.04520625164732333,0.04371904982253905,0.05960959000512954,0.01331393532454967,0.014801137149333954,-0.001089403033256539
qwen3_embedding_8b,zh,object,excitement,single_word,neutral_centroid,0.0628659131005406,0.04937201831489797,0.05086282212287183,0.0615516515448689,0.013493894785642627,0.012003090977668766,0.0013142615556717002
qwen3_embedding_8b,zh,object,fear,centroid_phrases,neutral_centroid,0.08833195529878136,0.04635882973670956,0.04303274452686306,0.05364881027489897,0.041973125562071806,0.045299210771918307,0.034683145023882395
qwen3_embedding_8b,zh,object,fear,single_word,neutral_centroid,0.09253209903836247,0.04417294701561328,0.041694521810859406,0.055659861024469105,0.048359152022749194,0.05083757722750307,0.03687223801389337
qwen3_embedding_8b,zh,object,joy,centroid_phrases,neutral_centroid,0.06462530549615617,0.056736789084970894,0.05372546445578332,0.07310976777225728,0.007888516411185272,0.010899841040372844,-0.008484462276101112
qwen3_embedding_8b,zh,object,joy,single_word,neutral_centroid,0.08830937109887596,0.07079440318047996,0.06855664439499373,0.08244322985410686,0.017514967918396004,0.01975272670388223,0.005866141244769099
qwen3_embedding_8b,zh,object,love,centroid_phrases,neutral_centroid,0.07739302758127446,0.051196192298084454,0.051196192298084454,0.05488069625571366,0.026196835283190008,0.026196835283190008,0.022512331325560804
qwen3_embedding_8b,zh,object,love,single_word,neutral_centroid,0.10758754312992092,0.07255653906613585,0.07255653906613585,0.08199749123305079,0.035031004063785065,0.035031004063785065,0.025590051896870122
qwen3_embedding_8b,zh,object,negative,centroid_phrases,neutral_centroid,0.06893798513337965,0.04188017165288325,0.04324707007035609,0.06211183173581954,0.0270578134804964,0.02569091506302356,0.006826153397560111
qwen3_embedding_8b,zh,object,negative,single_word,neutral_centroid,0.05097407093271609,0.025458848942071184,0.027910558599978662,0.054168536607176035,0.025515221990644904,0.023063512332737426,-0.0031944656744599467
qwen3_embedding_8b,zh,object,positive,centroid_phrases,neutral_centroid,0.05120342578738925,0.0481361066922545,0.0459181627258658,0.05852868109941478,0.003067319095134746,0.0052852630615234444,-0.007325255312025533
qwen3_embedding_8b,zh,object,positive,single_word,neutral_centroid,0.0193012098781764,0.015460134204477038,0.01728827189654108,0.02014318071305746,0.0038410756736993613,0.002012937981635321,-0.000841970834881061
qwen3_embedding_8b,zh,object,sadness,centroid_phrases,neutral_centroid,0.07471709912642835,0.05150749040767547,0.053534210752695766,0.08133918708190319,0.023209608718752876,0.021182888373732583,-0.006622087955474837
qwen3_embedding_8b,zh,object,sadness,single_word,neutral_centroid,0.10595509828999636,0.06322747310623522,0.0652211955748498,0.09174661235883828,0.042727625183761136,0.040733902715146555,0.014208485931158074
qwen3_embedding_8b,zh,person,amusement,centroid_phrases,neutral_centroid,0.08687617350369688,0.03291775239631528,0.03817732809111471,0.07263993341475719,0.053958421107381596,0.04869884541258217,0.014236240088939686
qwen3_embedding_8b,zh,person,amusement,single_word,neutral_centroid,0.0798424512147903,0.05281292255967851,0.056184693984687284,0.0840459287166595,0.027029528655111795,0.02365775723010302,-0.004203477501869196
qwen3_embedding_8b,zh,person,anger,centroid_phrases,neutral_centroid,0.14256125930696723,0.03617068948224181,0.03937112372368568,0.08946888688951726,0.10639056982472542,0.10319013558328155,0.05309237241744996
qwen3_embedding_8b,zh,person,anger,single_word,neutral_centroid,0.11624188106507058,0.04844954833388325,0.04979554545134302,0.0803607417270541,0.06779233273118733,0.06644633561372756,0.03588113933801648
qwen3_embedding_8b,zh,person,disgust,centroid_phrases,neutral_centroid,0.104509749636054,0.04361884146928781,0.04361884146928781,0.0603136640042066,0.06089090816676619,0.06089090816676619,0.0441960856318474
qwen3_embedding_8b,zh,person,disgust,single_word,neutral_centroid,0.1566389001905918,0.06762271970510478,0.06762271970510478,0.0755069702863693,0.08901618048548701,0.08901618048548701,0.0811319299042225
qwen3_embedding_8b,zh,person,excitement,centroid_phrases,neutral_centroid,0.09560838416218755,0.035034358548000424,0.03740095612592992,0.06613124553114172,0.06057402561418712,0.05820742803625763,0.029477138631045827
qwen3_embedding_8b,zh,person,excitement,single_word,neutral_centroid,0.11797836069017645,0.05481525212526317,0.05779343452304597,0.058269386179745156,0.06316310856491328,0.060184926167130476,0.05970897451043129
qwen3_embedding_8b,zh,person,fear,centroid_phrases,neutral_centroid,0.11739908102899785,0.04337832666933531,0.04500666223466391,0.07172506321221586,0.07402075435966254,0.07239241879433395,0.04567401781678199
qwen3_embedding_8b,zh,person,fear,single_word,neutral_centroid,0.12505966059397905,0.05864624760579316,0.05806306980084626,0.06976864419411866,0.0664134129881859,0.06699659079313279,0.05529101639986039
qwen3_embedding_8b,zh,person,joy,centroid_phrases,neutral_centroid,0.060129626840352966,0.02741555972024793,0.03192640123888845,0.07655375488102432,0.032714067120105036,0.028203225601464516,-0.01642412804067136
qwen3_embedding_8b,zh,person,joy,single_word,neutral_centroid,0.10230569876730437,0.04370032916776831,0.04841328109614546,0.06517357937991615,0.058605369599536064,0.05389241767115891,0.037132119387388224
qwen3_embedding_8b,zh,person,love,centroid_phrases,neutral_centroid,0.06930655948817725,0.04903844282962377,0.04373969496227796,0.06648572199046607,0.020268116658553485,0.02556686452589929,0.0028208374977111844
qwen3_embedding_8b,zh,person,love,single_word,neutral_centroid,0.06554819829761976,0.06040080720558758,0.047927827853709415,0.05786689268425103,0.005147391092032182,0.01762037044391035,0.007681305613368737
qwen3_embedding_8b,zh,person,negative,centroid_phrases,neutral_centroid,0.1172367144376039,0.04510841006413097,0.04186187414452428,0.10699635418131943,0.07212830437347292,0.07537484029307961,0.01024036025628447
qwen3_embedding_8b,zh,person,negative,single_word,neutral_centroid,0.09869064548984166,0.05427196631208057,0.05346824014559383,0.111670193914324,0.04441867917776109,0.04522240534424783,-0.012979548424482346
qwen3_embedding_8b,zh,person,positive,centroid_phrases,neutral_centroid,0.07294010557234282,0.039662676863372257,0.039662676863372257,0.07337018102407451,0.03327742870897056,0.03327742870897056,-0.0004300754517316957
qwen3_embedding_8b,zh,person,positive,single_word,neutral_centroid,0.0729407429695129,0.05327318878844376,0.05327318878844376,0.0637823247350752,0.019667554181069143,0.019667554181069143,0.009158418234437707
qwen3_embedding_8b,zh,person,sadness,centroid_phrases,neutral_centroid,0.12138651064597065,0.03487504641525442,0.0315796776209026,0.0743205384816974,0.08651146423071623,0.08980683302506806,0.04706597216427326
qwen3_embedding_8b,zh,person,sadness,single_word,neutral_centroid,0.1538114310242235,0.05218539880588646,0.04791105380281802,0.0904455327428877,0.10162603221833705,0.1059003772214055,0.0633658982813358
qwen3_embedding_8b,zh,place,amusement,centroid_phrases,neutral_centroid,0.10657723434269424,0.07225604075938459,0.07006563562899823,0.1060171496123075,0.03432119358330965,0.03651159871369601,0.0005600847303867396
qwen3_embedding_8b,zh,place,amusement,single_word,neutral_centroid,0.12402184493839738,0.06408796645700927,0.06476375348865981,0.09560106284916396,0.059933878481388106,0.059258091449737565,0.028420782089233418
qwen3_embedding_8b,zh,place,anger,centroid_phrases,neutral_centroid,0.10778467506170268,0.08368681110441681,0.08368681110441681,0.11617376506328578,0.024097863957285873,0.024097863957285873,-0.008389090001583097
qwen3_embedding_8b,zh,place,anger,single_word,neutral_centroid,0.09877318963408467,0.07277013361454007,0.07277013361454007,0.1169082440435886,0.0260030560195446,0.0260030560195446,-0.01813505440950393
qwen3_embedding_8b,zh,place,disgust,centroid_phrases,neutral_centroid,0.11748089157044883,0.08526071459054943,0.0816559731960296,0.098386163637042,0.0322201769798994,0.03582491837441923,0.01909472793340683
qwen3_embedding_8b,zh,place,disgust,single_word,neutral_centroid,0.11981655135750766,0.07585010975599285,0.07230749726295467,0.08382175788283344,0.043966441601514805,0.047509054094552985,0.035994793474674214
qwen3_embedding_8b,zh,place,excitement,centroid_phrases,neutral_centroid,0.11013447903096671,0.07383966632187364,0.07416646592319008,0.0839344400912523,0.03629481270909307,0.03596801310777663,0.026200038939714412
qwen3_embedding_8b,zh,place,excitement,single_word,neutral_centroid,0.07509794421494002,0.05336416000500317,0.05335186952725048,0.060077573731541586,0.02173378420993685,0.02174607468768954,0.015020370483398438
qwen3_embedding_8b,zh,place,fear,centroid_phrases,neutral_centroid,0.15331721082329747,0.09516396149992938,0.09516396149992938,0.11771054789423938,0.058153249323368086,0.058153249323368086,0.03560666292905809
qwen3_embedding_8b,zh,place,fear,single_word,neutral_centroid,0.15558243617415426,0.08056080695241688,0.08056080695241688,0.08549235854297874,0.07502162922173738,0.07502162922173738,0.07009007763117553
qwen3_embedding_8b,zh,place,joy,centroid_phrases,neutral_centroid,0.11585216857492919,0.07241379078477617,0.07241379078477617,0.09086626060307021,0.04343837779015303,0.04343837779015303,0.024985907971858984
qwen3_embedding_8b,zh,place,joy,single_word,neutral_centroid,0.1043590551242232,0.052788191568106366,0.052788191568106366,0.0736511437222361,0.05157086355611683,0.05157086355611683,0.030707911401987087
qwen3_embedding_8b,zh,place,love,centroid_phrases,neutral_centroid,0.07178081497550007,0.06244495473802085,0.0621716190129518,0.07877552732825274,0.009335860237479218,0.009609195962548271,-0.0069947123527526744
qwen3_embedding_8b,zh,place,love,single_word,neutral_centroid,0.02627297672443089,0.01886485381983219,0.019280529720708713,0.019280529720708713,0.007408122904598701,0.006992447003722178,0.006992447003722178
qwen3_embedding_8b,zh,place,negative,centroid_phrases,neutral_centroid,0.11293810419738289,0.08414834551513192,0.08414834551513192,0.12720476426184174,0.028789758682250963,0.028789758682250963,-0.014266660064458855
qwen3_embedding_8b,zh,place,negative,single_word,neutral_centroid,0.09980149716138835,0.058844934403896286,0.058844934403896286,0.0920473918318748,0.040956562757492064,0.040956562757492064,0.007754105329513553
qwen3_embedding_8b,zh,place,positive,centroid_phrases,neutral_centroid,0.10423914641141888,0.08100793622434135,0.08100793622434134,0.09695412963628765,0.023231210187077522,0.023231210187077536,0.007285016775131228
qwen3_embedding_8b,zh,place,positive,single_word,neutral_centroid,0.05390057973563665,0.04991487488150592,0.04991487488150592,0.0552053220570087,0.003985704854130731,0.003985704854130731,-0.0013047423213720447
qwen3_embedding_8b,zh,place,sadness,centroid_phrases,neutral_centroid,0.12760092504322523,0.07676296345889562,0.0692320074886083,0.10547583140432829,0.05083796158432961,0.05836891755461693,0.022125093638896948
qwen3_embedding_8b,zh,place,sadness,single_word,neutral_centroid,0.10061381682753559,0.05839390156324951,0.04905899909790603,0.09898034147918221,0.04221991526428608,0.05155481772962956,0.0016334753483533831
qwen3_embedding_8b,zh,situation,amusement,centroid_phrases,neutral_centroid,0.19345280267298218,0.11789569668471808,0.12460715658962722,0.16836954094469542,0.0755571059882641,0.06884564608335496,0.02508326172828676
qwen3_embedding_8b,zh,situation,amusement,single_word,neutral_centroid,0.207538029551506,0.11958442404866214,0.12505973204970355,0.19047178551554675,0.08795360550284385,0.08247829750180244,0.017066244035959244
qwen3_embedding_8b,zh,situation,anger,centroid_phrases,neutral_centroid,0.1625937812030315,0.10171922203153368,0.11905723866075273,0.16225624755024906,0.060874559171497825,0.043536542542278775,0.0003375336527824402
qwen3_embedding_8b,zh,situation,anger,single_word,neutral_centroid,0.20298912450671192,0.11937657482922073,0.14540983475744723,0.1937370683997869,0.08361254967749118,0.057579289749264684,0.009252056106925005
qwen3_embedding_8b,zh,situation,disgust,centroid_phrases,neutral_centroid,0.16984900087118143,0.10898987129330631,0.11153767108917234,0.13012881726026532,0.06085912957787512,0.05831132978200909,0.039720183610916115
qwen3_embedding_8b,zh,situation,disgust,single_word,neutral_centroid,0.17742406874895095,0.12276579290628428,0.12729271724820135,0.13158521726727482,0.054658275842666665,0.0501313515007496,0.04583885148167613
qwen3_embedding_8b,zh,situation,excitement,centroid_phrases,neutral_centroid,0.161057948321104,0.10347200445830818,0.10025220476090904,0.160331367701292,0.057585943862795835,0.06080574356019497,0.0007265806198120117
qwen3_embedding_8b,zh,situation,excitement,single_word,neutral_centroid,0.1768336199223995,0.09993995577096934,0.10154363140463822,0.16262245252728458,0.07689366415143015,0.07528998851776127,0.01421116739511491
qwen3_embedding_8b,zh,situation,fear,centroid_phrases,neutral_centroid,0.14892460927367207,0.09721601977944369,0.08244304731488224,0.14110276401042934,0.05170858949422838,0.06648156195878983,0.007821845263242727
qwen3_embedding_8b,zh,situation,fear,single_word,neutral_centroid,0.17405909001827238,0.10492036193609233,0.09161255732178684,0.12211109623312948,0.06913872808218005,0.08244653269648554,0.05194799378514291
qwen3_embedding_8b,zh,situation,joy,centroid_phrases,neutral_centroid,0.2097589127719402,0.12960166297852987,0.1225444104522466,0.17419514209032055,0.08015724979341032,0.0872145023196936,0.035563770681619644
qwen3_embedding_8b,zh,situation,joy,single_word,neutral_centroid,0.22911496683955188,0.13234433010220523,0.12849594727158542,0.18510288745164866,0.09677063673734665,0.10061901956796646,0.04401207938790322
qwen3_embedding_8b,zh,situation,love,centroid_phrases,neutral_centroid,0.1792646903544664,0.11886276882141825,0.10909842010587449,0.1560616416856646,0.06040192153304816,0.07016627024859191,0.023203048668801796
qwen3_embedding_8b,zh,situation,love,single_word,neutral_centroid,0.1568089701235294,0.11704778783023355,0.10800651572644708,0.12757179178297517,0.03976118229329585,0.04880245439708232,0.029237178340554226
qwen3_embedding_8b,zh,situation,negative,centroid_phrases,neutral_centroid,0.1277830377221107,0.08540432914160187,0.08540432914160187,0.1221748903393745,0.04237870858050882,0.04237870858050882,0.005608147382736198
qwen3_embedding_8b,zh,situation,negative,single_word,neutral_centroid,0.1503405019640922,0.12133155018091199,0.12133155018091199,0.1571359388530254,0.02900895178318022,0.02900895178318022,-0.006795436888933193
qwen3_embedding_8b,zh,situation,positive,centroid_phrases,neutral_centroid,0.13318154904991383,0.09713339302688835,0.09041098747402426,0.11770352553576227,0.03604815602302548,0.04277056157588957,0.015478023514151562
qwen3_embedding_8b,zh,situation,positive,single_word,neutral_centroid,0.14020139127969738,0.10959522798657415,0.10739746615290638,0.10073108524084089,0.03060616329312324,0.032803925126791006,0.0394703060388565
qwen3_embedding_8b,zh,situation,sadness,centroid_phrases,neutral_centroid,0.16478180587291713,0.1194207455962896,0.13077634312212463,0.16674871295690533,0.045361060276627535,0.0340054627507925,-0.0019669070839881952
qwen3_embedding_8b,zh,situation,sadness,single_word,neutral_centroid,0.21819815784692764,0.1368359368294477,0.15864496305584902,0.18145460262894628,0.08136222101747995,0.05955319479107862,0.036743555217981366
