model,language,category,emotion,condition,mean_cosine_similarity_top_10,mean_projection_top_10,category_retention_at_10,unique_candidates
bielik_1_5b_v3,en,food,amusement,emotion,0.9049972116947174,0.03618205857928837,1.0,12
bielik_1_5b_v3,en,food,amusement,identity,0.9389204561710358,0.015919337561354018,1.0,10
bielik_1_5b_v3,en,food,amusement,random,0.6504446923732757,0.016774139041081045,1.0,10
bielik_1_5b_v3,en,food,amusement,shuffled_emotion,0.8904037564992905,0.03454650405328716,1.0,13
bielik_1_5b_v3,en,food,anger,emotion,0.8941987991333008,0.014168387814424916,1.0,15
bielik_1_5b_v3,en,food,anger,identity,0.9389204561710358,-0.0038127574371173848,1.0,10
bielik_1_5b_v3,en,food,anger,random,0.6498300909996033,-0.003219617297872894,1.0,10
bielik_1_5b_v3,en,food,anger,shuffled_emotion,0.8929965168237686,0.01260451732669024,1.0,14
bielik_1_5b_v3,en,food,disgust,emotion,0.8833150535821914,0.016989340237341798,1.0,14
bielik_1_5b_v3,en,food,disgust,identity,0.9389204561710358,-0.0008442621212452504,1.0,10
bielik_1_5b_v3,en,food,disgust,random,0.6676987290382386,0.0034800585592165644,1.0,10
bielik_1_5b_v3,en,food,disgust,shuffled_emotion,0.8873666524887085,0.017616341402754164,1.0,15
bielik_1_5b_v3,en,food,excitement,emotion,0.8904037564992905,0.02185330213978883,1.0,13
bielik_1_5b_v3,en,food,excitement,identity,0.9389204561710358,0.0013515423983335498,1.0,10
bielik_1_5b_v3,en,food,excitement,random,0.6657525062561035,0.006753610051237036,1.0,10
bielik_1_5b_v3,en,food,excitement,shuffled_emotion,0.8999683648347855,0.01913186970632521,1.0,15
bielik_1_5b_v3,en,food,fear,emotion,0.8929965168237686,0.009563615289516738,1.0,14
bielik_1_5b_v3,en,food,fear,identity,0.9389204561710358,-0.013355157547630364,1.0,10
bielik_1_5b_v3,en,food,fear,random,0.6444636166095734,-0.013355157547630364,1.0,10
bielik_1_5b_v3,en,food,fear,shuffled_emotion,0.9049972116947174,0.005662500695325421,1.0,12
bielik_1_5b_v3,en,food,joy,emotion,0.8873666524887085,0.012323786853812625,1.0,15
bielik_1_5b_v3,en,food,joy,identity,0.9389204561710358,-0.014469075389206396,1.0,10
bielik_1_5b_v3,en,food,joy,random,0.6514226496219635,-0.0018738448852673201,1.0,10
bielik_1_5b_v3,en,food,joy,shuffled_emotion,0.8941987991333008,0.007673451933078465,1.0,15
bielik_1_5b_v3,en,food,love,emotion,0.8999683648347855,0.010722383199026814,1.0,15
bielik_1_5b_v3,en,food,love,identity,0.9389204561710358,-0.012166981404880048,1.0,10
bielik_1_5b_v3,en,food,love,random,0.6661166310310364,-0.010654392512515175,1.0,10
bielik_1_5b_v3,en,food,love,shuffled_emotion,0.8928635895252228,0.0045227828843053455,1.0,14
bielik_1_5b_v3,en,food,negative,emotion,0.8999238580465316,0.031891045626252855,1.0,16
bielik_1_5b_v3,en,food,negative,identity,0.9389204561710358,0.016013295762240875,1.0,10
bielik_1_5b_v3,en,food,negative,random,0.6643532037734985,0.019274115213192965,1.0,10
bielik_1_5b_v3,en,food,negative,shuffled_emotion,0.9041710466146469,0.027735438244417272,1.0,14
bielik_1_5b_v3,en,food,positive,emotion,0.8928635895252228,0.01513971167150884,1.0,14
bielik_1_5b_v3,en,food,positive,identity,0.9389204561710358,0.0007920911768451455,1.0,10
bielik_1_5b_v3,en,food,positive,random,0.6528585910797119,0.00047962614335120035,1.0,10
bielik_1_5b_v3,en,food,positive,shuffled_emotion,0.8999238580465316,0.01336185766849666,1.0,16
bielik_1_5b_v3,en,food,sadness,emotion,0.9041710466146469,0.027225480438210038,1.0,14
bielik_1_5b_v3,en,food,sadness,identity,0.9389204561710358,0.008139089471660544,1.0,10
bielik_1_5b_v3,en,food,sadness,random,0.6721645653247833,0.01175514077767728,1.0,10
bielik_1_5b_v3,en,food,sadness,shuffled_emotion,0.8833150535821914,0.024129965482279626,1.0,14
bielik_1_5b_v3,en,object,amusement,emotion,0.8956528455018997,0.05465029417537148,1.0,15
bielik_1_5b_v3,en,object,amusement,identity,0.9272862732410431,0.020573374792002115,1.0,10
bielik_1_5b_v3,en,object,amusement,random,0.6518177568912507,0.022104560839943565,1.0,10
bielik_1_5b_v3,en,object,amusement,shuffled_emotion,0.8806555688381195,0.050579675240442115,1.0,15
bielik_1_5b_v3,en,object,anger,emotion,0.886739993095398,0.033136777812614995,1.0,17
bielik_1_5b_v3,en,object,anger,identity,0.9272862732410431,0.010293093160726106,1.0,10
bielik_1_5b_v3,en,object,anger,random,0.6540448725223541,0.013687521964311587,1.0,10
bielik_1_5b_v3,en,object,anger,shuffled_emotion,0.8877929985523224,0.03514567313250149,1.0,19
bielik_1_5b_v3,en,object,disgust,emotion,0.8737397193908691,0.03110129211563612,1.0,16
bielik_1_5b_v3,en,object,disgust,identity,0.9272862732410431,0.0055437823757529155,1.0,10
bielik_1_5b_v3,en,object,disgust,random,0.6533444285392761,0.011455757846124459,1.0,10
bielik_1_5b_v3,en,object,disgust,shuffled_emotion,0.8844579845666886,0.031186446151696096,1.0,18
bielik_1_5b_v3,en,object,excitement,emotion,0.8806555688381195,0.03502754147630181,1.0,15
bielik_1_5b_v3,en,object,excitement,identity,0.9272862732410431,0.008108747063670301,1.0,10
bielik_1_5b_v3,en,object,excitement,random,0.6561000108718872,0.021629911311902086,1.0,10
bielik_1_5b_v3,en,object,excitement,shuffled_emotion,0.8984785556793213,0.03182640582090241,1.0,18
bielik_1_5b_v3,en,object,fear,emotion,0.8877929985523224,0.042795603466220154,1.0,19
bielik_1_5b_v3,en,object,fear,identity,0.9272862732410431,0.00813735912088304,1.0,10
bielik_1_5b_v3,en,object,fear,random,0.6550146222114563,0.011873425450175982,1.0,10
bielik_1_5b_v3,en,object,fear,shuffled_emotion,0.8956528455018997,0.03486999524757264,1.0,15
bielik_1_5b_v3,en,object,joy,emotion,0.8844579845666886,0.047706829849630546,1.0,18
bielik_1_5b_v3,en,object,joy,identity,0.9272862732410431,0.013114176457747812,1.0,10
bielik_1_5b_v3,en,object,joy,random,0.6534765422344208,0.014666811819188292,1.0,10
bielik_1_5b_v3,en,object,joy,shuffled_emotion,0.886739993095398,0.03892149238381531,1.0,17
bielik_1_5b_v3,en,object,love,emotion,0.8984785556793213,0.060222153458744244,1.0,18
bielik_1_5b_v3,en,object,love,identity,0.9272862732410431,0.021126817096956053,1.0,10
bielik_1_5b_v3,en,object,love,random,0.6577679693698884,0.021326914476230717,1.0,10
bielik_1_5b_v3,en,object,love,shuffled_emotion,0.8783338248729706,0.05209787711501117,1.0,19
bielik_1_5b_v3,en,object,negative,emotion,0.8819832742214203,0.016969719156622882,1.0,17
bielik_1_5b_v3,en,object,negative,identity,0.9272862732410431,-0.014078966178931274,1.0,10
bielik_1_5b_v3,en,object,negative,random,0.6479299604892731,-0.004801288642920546,1.0,10
bielik_1_5b_v3,en,object,negative,shuffled_emotion,0.8964249521493912,0.009852845594286919,1.0,14
bielik_1_5b_v3,en,object,positive,emotion,0.8783338248729706,0.013150560716167095,1.0,19
bielik_1_5b_v3,en,object,positive,identity,0.9272862732410431,-0.013471449702046796,1.0,10
bielik_1_5b_v3,en,object,positive,random,0.6522329747676849,-0.010133379907347246,1.0,10
bielik_1_5b_v3,en,object,positive,shuffled_emotion,0.8819832742214203,0.009998880652710795,1.0,17
bielik_1_5b_v3,en,object,sadness,emotion,0.8964249521493912,0.049028731789439874,1.0,14
bielik_1_5b_v3,en,object,sadness,identity,0.9272862732410431,0.020094727631658284,1.0,10
bielik_1_5b_v3,en,object,sadness,random,0.6520334839820862,0.02379481750540432,1.0,10
bielik_1_5b_v3,en,object,sadness,shuffled_emotion,0.8737397193908691,0.04329902916215356,1.0,16
bielik_1_5b_v3,en,person,amusement,emotion,0.9106837630271911,0.06260441563790661,1.0,13
bielik_1_5b_v3,en,person,amusement,identity,0.9403943061828614,0.01957634999416768,1.0,10
bielik_1_5b_v3,en,person,amusement,random,0.6708188652992249,0.026602074084803452,1.0,10
bielik_1_5b_v3,en,person,amusement,shuffled_emotion,0.9016831248998642,0.06185378845548254,1.0,12
bielik_1_5b_v3,en,person,anger,emotion,0.9029169887304306,0.045928003359585974,1.0,17
bielik_1_5b_v3,en,person,anger,identity,0.9403943061828614,0.008771370910108095,1.0,10
bielik_1_5b_v3,en,person,anger,random,0.6458964586257935,0.010285688517615205,1.0,10
bielik_1_5b_v3,en,person,anger,shuffled_emotion,0.9056434512138367,0.04414226985536514,1.0,18
bielik_1_5b_v3,en,person,disgust,emotion,0.891787588596344,0.04920200824271882,1.0,14
bielik_1_5b_v3,en,person,disgust,identity,0.9403943061828614,0.00829734280705451,1.0,10
bielik_1_5b_v3,en,person,disgust,random,0.6571616530418396,0.005932010547257955,1.0,10
bielik_1_5b_v3,en,person,disgust,shuffled_emotion,0.8993116021156311,0.04431303201708939,1.0,15
bielik_1_5b_v3,en,person,excitement,emotion,0.9016831248998642,0.06254797556903209,1.0,12
bielik_1_5b_v3,en,person,excitement,identity,0.9403943061828614,0.015660400129854674,1.0,10
bielik_1_5b_v3,en,person,excitement,random,0.6738529860973358,0.016394137730821955,1.0,10
bielik_1_5b_v3,en,person,excitement,shuffled_emotion,0.9111727833747864,0.046827474865131044,1.0,16
bielik_1_5b_v3,en,person,fear,emotion,0.9056434512138367,0.0607244862010702,1.0,18
bielik_1_5b_v3,en,person,fear,identity,0.9403943061828614,0.01648224827367811,1.0,10
bielik_1_5b_v3,en,person,fear,random,0.6666442334651947,0.016217709169723087,1.0,10
bielik_1_5b_v3,en,person,fear,shuffled_emotion,0.9106837630271911,0.050155366235412634,1.0,13
bielik_1_5b_v3,en,person,joy,emotion,0.8993116021156311,0.051335831475444106,1.0,15
bielik_1_5b_v3,en,person,joy,identity,0.9403943061828614,0.014978629001416255,1.0,10
bielik_1_5b_v3,en,person,joy,random,0.6640336394309998,0.02007082055788485,1.0,10
bielik_1_5b_v3,en,person,joy,shuffled_emotion,0.9029169887304306,0.05000503046903756,1.0,17
bielik_1_5b_v3,en,person,love,emotion,0.9111727833747864,0.05351449609734114,1.0,16
bielik_1_5b_v3,en,person,love,identity,0.9403943061828614,0.017067251494154313,1.0,10
bielik_1_5b_v3,en,person,love,random,0.6572753310203552,0.016253319848328805,1.0,10
bielik_1_5b_v3,en,person,love,shuffled_emotion,0.8961955428123474,0.042515863478183716,1.0,16
bielik_1_5b_v3,en,person,negative,emotion,0.9008958488702774,0.04134783868794327,1.0,15
bielik_1_5b_v3,en,person,negative,identity,0.9403943061828614,-0.0019537129614036544,1.0,10
bielik_1_5b_v3,en,person,negative,random,0.6623049855232239,0.0070378895674366405,1.0,10
bielik_1_5b_v3,en,person,negative,shuffled_emotion,0.9128212809562684,0.020748091582208854,1.0,15
bielik_1_5b_v3,en,person,positive,emotion,0.8961955428123474,0.029669160547200583,1.0,16
bielik_1_5b_v3,en,person,positive,identity,0.9403943061828614,0.0005229194299317993,1.0,10
bielik_1_5b_v3,en,person,positive,random,0.6665492713451385,-0.0030473594903014448,1.0,10
bielik_1_5b_v3,en,person,positive,shuffled_emotion,0.9008958488702774,0.029144350031856437,1.0,15
bielik_1_5b_v3,en,person,sadness,emotion,0.9128212809562684,0.05770974532933902,1.0,15
bielik_1_5b_v3,en,person,sadness,identity,0.9403943061828614,0.01740269252331926,1.0,10
bielik_1_5b_v3,en,person,sadness,random,0.6584685742855072,0.02995992834912612,1.0,10
bielik_1_5b_v3,en,person,sadness,shuffled_emotion,0.891787588596344,0.050645197078119916,1.0,14
bielik_1_5b_v3,en,place,amusement,emotion,0.9135953247547149,0.061960363271646154,1.0,14
bielik_1_5b_v3,en,place,amusement,identity,0.9423588514328003,0.04289720978122201,1.0,10
bielik_1_5b_v3,en,place,amusement,random,0.6957945883274078,0.04484094127546992,1.0,10
bielik_1_5b_v3,en,place,amusement,shuffled_emotion,0.9011170566082001,0.05995166737120594,1.0,14
bielik_1_5b_v3,en,place,anger,emotion,0.9008298397064209,0.03245922101195899,1.0,14
bielik_1_5b_v3,en,place,anger,identity,0.9423588514328003,0.014269424905069156,1.0,10
bielik_1_5b_v3,en,place,anger,random,0.6732976555824279,0.022033295803703345,1.0,10
bielik_1_5b_v3,en,place,anger,shuffled_emotion,0.9016168236732482,0.033275905158370714,1.0,16
bielik_1_5b_v3,en,place,disgust,emotion,0.8905434399843216,0.04001128314994272,1.0,14
bielik_1_5b_v3,en,place,disgust,identity,0.9423588514328003,0.021109730307944094,1.0,10
bielik_1_5b_v3,en,place,disgust,random,0.6629817068576813,0.02737056631594893,1.0,10
bielik_1_5b_v3,en,place,disgust,shuffled_emotion,0.8986916303634643,0.04119935031048949,1.0,16
bielik_1_5b_v3,en,place,excitement,emotion,0.9011170566082001,0.05385203643236305,1.0,14
bielik_1_5b_v3,en,place,excitement,identity,0.9423588514328003,0.0363212005468085,1.0,10
bielik_1_5b_v3,en,place,excitement,random,0.6524564146995544,0.04060323277954008,1.0,10
bielik_1_5b_v3,en,place,excitement,shuffled_emotion,0.9037153750658036,0.048434538417495746,1.0,14
bielik_1_5b_v3,en,place,fear,emotion,0.9016168236732482,0.03826560566667464,1.0,16
bielik_1_5b_v3,en,place,fear,identity,0.9423588514328003,0.016473032254725677,1.0,10
bielik_1_5b_v3,en,place,fear,random,0.6801134467124939,0.016473032254725677,1.0,10
bielik_1_5b_v3,en,place,fear,shuffled_emotion,0.9135953247547149,0.03326926429290322,1.0,14
bielik_1_5b_v3,en,place,joy,emotion,0.8986916303634643,0.04803283400833602,1.0,16
bielik_1_5b_v3,en,place,joy,identity,0.9423588514328003,0.023596036294475167,1.0,10
bielik_1_5b_v3,en,place,joy,random,0.6844475388526916,0.023896546335890865,1.0,10
bielik_1_5b_v3,en,place,joy,shuffled_emotion,0.9008298397064209,0.042755490541458094,1.0,14
bielik_1_5b_v3,en,place,love,emotion,0.9037153750658036,0.010786663321778172,1.0,14
bielik_1_5b_v3,en,place,love,identity,0.9423588514328003,-0.0029426218941807788,1.0,10
bielik_1_5b_v3,en,place,love,random,0.6813959419727326,-0.0029524402692914097,1.0,10
bielik_1_5b_v3,en,place,love,shuffled_emotion,0.8944959580898285,0.0050266147591173605,1.0,14
bielik_1_5b_v3,en,place,negative,emotion,0.9005055248737335,0.03054669606499371,1.0,14
bielik_1_5b_v3,en,place,negative,identity,0.9423588514328003,0.0102794756181538,1.0,10
bielik_1_5b_v3,en,place,negative,random,0.6586661458015441,0.016376235010102373,1.0,10
bielik_1_5b_v3,en,place,negative,shuffled_emotion,0.9096636086702347,0.026401839125901445,1.0,14
bielik_1_5b_v3,en,place,positive,emotion,0.8944959580898285,0.009721689647994941,1.0,14
bielik_1_5b_v3,en,place,positive,identity,0.9423588514328003,0.000958320382051174,1.0,10
bielik_1_5b_v3,en,place,positive,random,0.6618922233581543,0.0017361433012410994,1.0,10
bielik_1_5b_v3,en,place,positive,shuffled_emotion,0.9005055248737335,0.01403621917124838,1.0,14
bielik_1_5b_v3,en,place,sadness,emotion,0.9096636086702347,0.04126107294578102,1.0,14
bielik_1_5b_v3,en,place,sadness,identity,0.9423588514328003,0.025208273110911228,1.0,10
bielik_1_5b_v3,en,place,sadness,random,0.6684919118881225,0.025495775579474838,1.0,10
bielik_1_5b_v3,en,place,sadness,shuffled_emotion,0.8905434399843216,0.0398856817744672,1.0,14
bielik_1_5b_v3,en,situation,amusement,emotion,0.9078976303339005,0.048555352771654715,1.0,16
bielik_1_5b_v3,en,situation,amusement,identity,0.9415907382965087,0.011100968206301355,1.0,10
bielik_1_5b_v3,en,situation,amusement,random,0.658720999956131,0.009115764428861448,1.0,10
bielik_1_5b_v3,en,situation,amusement,shuffled_emotion,0.8967893451452256,0.03671793579123915,1.0,15
bielik_1_5b_v3,en,situation,anger,emotion,0.9012247264385224,0.0392982491990551,1.0,17
bielik_1_5b_v3,en,situation,anger,identity,0.9415907382965087,0.00833616112358868,1.0,10
bielik_1_5b_v3,en,situation,anger,random,0.6683428049087524,0.005632263352163125,1.0,10
bielik_1_5b_v3,en,situation,anger,shuffled_emotion,0.9031597524881363,0.043293690239079266,1.0,20
bielik_1_5b_v3,en,situation,disgust,emotion,0.8903502553701401,0.041714847611729014,1.0,17
bielik_1_5b_v3,en,situation,disgust,identity,0.9415907382965087,0.007956971751991651,1.0,10
bielik_1_5b_v3,en,situation,disgust,random,0.6704176843166352,0.0022117329179309297,1.0,10
bielik_1_5b_v3,en,situation,disgust,shuffled_emotion,0.8956198900938034,0.039859827316831756,1.0,18
bielik_1_5b_v3,en,situation,excitement,emotion,0.8967893451452256,0.03822085501160468,1.0,15
bielik_1_5b_v3,en,situation,excitement,identity,0.9415907382965087,0.01012194136274045,1.0,10
bielik_1_5b_v3,en,situation,excitement,random,0.6640840768814087,0.0109776235418394,1.0,10
bielik_1_5b_v3,en,situation,excitement,shuffled_emotion,0.910494527220726,0.0312835414195433,1.0,19
bielik_1_5b_v3,en,situation,fear,emotion,0.9031597524881363,0.0533296070527285,1.0,20
bielik_1_5b_v3,en,situation,fear,identity,0.9415907382965087,0.009938477328978465,1.0,10
bielik_1_5b_v3,en,situation,fear,random,0.6836582481861114,0.01422113045118747,1.0,10
bielik_1_5b_v3,en,situation,fear,shuffled_emotion,0.9078976303339005,0.04243318245280532,1.0,16
bielik_1_5b_v3,en,situation,joy,emotion,0.8956198900938034,0.04045969163998959,1.0,18
bielik_1_5b_v3,en,situation,joy,identity,0.9415907382965087,0.004330227826721965,1.0,10
bielik_1_5b_v3,en,situation,joy,random,0.6695386946201325,0.0056885288329795,1.0,10
bielik_1_5b_v3,en,situation,joy,shuffled_emotion,0.9012247264385224,0.03525623227469622,1.0,17
bielik_1_5b_v3,en,situation,love,emotion,0.910494527220726,0.05308401980437333,1.0,19
bielik_1_5b_v3,en,situation,love,identity,0.9415907382965087,0.014442639029584814,1.0,10
bielik_1_5b_v3,en,situation,love,random,0.6827880144119263,0.012949202652089278,1.0,10
bielik_1_5b_v3,en,situation,love,shuffled_emotion,0.8953630149364471,0.039598694001324444,1.0,16
bielik_1_5b_v3,en,situation,negative,emotion,0.90171078145504,0.04110120353288945,1.0,17
bielik_1_5b_v3,en,situation,negative,identity,0.9415907382965087,0.007462970376946029,1.0,10
bielik_1_5b_v3,en,situation,negative,random,0.6683399438858032,0.0016483291285112397,1.0,10
bielik_1_5b_v3,en,situation,negative,shuffled_emotion,0.9085821896791458,0.02715930151753127,1.0,16
bielik_1_5b_v3,en,situation,positive,emotion,0.8953630149364471,0.02076024648267777,1.0,16
bielik_1_5b_v3,en,situation,positive,identity,0.9415907382965087,-0.00298585568089035,1.0,10
bielik_1_5b_v3,en,situation,positive,random,0.6681975245475769,-0.0009903072612359903,1.0,10
bielik_1_5b_v3,en,situation,positive,shuffled_emotion,0.90171078145504,0.021995535329915585,1.0,17
bielik_1_5b_v3,en,situation,sadness,emotion,0.9085821896791458,0.03632745763752605,1.0,16
bielik_1_5b_v3,en,situation,sadness,identity,0.9415907382965087,0.01317875173408536,1.0,10
bielik_1_5b_v3,en,situation,sadness,random,0.6636162579059601,0.013778038718737645,1.0,10
bielik_1_5b_v3,en,situation,sadness,shuffled_emotion,0.8903502553701401,0.03450367507757616,1.0,17
bielik_1_5b_v3,pl,food,amusement,emotion,0.8993353724479676,0.03664442542940374,1.0,12
bielik_1_5b_v3,pl,food,amusement,identity,0.9523299634456635,0.018419030332006495,1.0,10
bielik_1_5b_v3,pl,food,amusement,random,0.6706555664539338,0.016816120955627394,1.0,10
bielik_1_5b_v3,pl,food,amusement,shuffled_emotion,0.9020749866962433,0.03437156691215929,1.0,15
bielik_1_5b_v3,pl,food,anger,emotion,0.8985439360141754,0.021944356401218078,1.0,14
bielik_1_5b_v3,pl,food,anger,identity,0.9523299634456635,0.007724637893261385,1.0,10
bielik_1_5b_v3,pl,food,anger,random,0.6795386850833893,0.00272623625933193,1.0,10
bielik_1_5b_v3,pl,food,anger,shuffled_emotion,0.899690917134285,0.020478821935830616,1.0,14
bielik_1_5b_v3,pl,food,disgust,emotion,0.8962284207344056,0.042322480329312344,1.0,15
bielik_1_5b_v3,pl,food,disgust,identity,0.9523299634456635,0.02021395486081017,1.0,10
bielik_1_5b_v3,pl,food,disgust,random,0.6685010671615601,0.02199772183084859,1.0,10
bielik_1_5b_v3,pl,food,disgust,shuffled_emotion,0.9009083390235901,0.03321574584115294,1.0,13
bielik_1_5b_v3,pl,food,excitement,emotion,0.9020749866962433,0.02901228398550299,1.0,15
bielik_1_5b_v3,pl,food,excitement,identity,0.9523299634456635,0.011012150836177164,1.0,10
bielik_1_5b_v3,pl,food,excitement,random,0.6729109466075898,0.0052392021054402,1.0,10
bielik_1_5b_v3,pl,food,excitement,shuffled_emotion,0.897631561756134,0.023395321867428702,1.0,13
bielik_1_5b_v3,pl,food,fear,emotion,0.899690917134285,0.018614630121737696,1.0,14
bielik_1_5b_v3,pl,food,fear,identity,0.9523299634456635,0.006058533641044046,1.0,10
bielik_1_5b_v3,pl,food,fear,random,0.6847692430019379,0.002577506599482145,1.0,10
bielik_1_5b_v3,pl,food,fear,shuffled_emotion,0.8993353724479676,0.01542983474209903,1.0,12
bielik_1_5b_v3,pl,food,joy,emotion,0.9009083390235901,0.01563965369714424,1.0,13
bielik_1_5b_v3,pl,food,joy,identity,0.9523299634456635,0.00501245394116269,1.0,10
bielik_1_5b_v3,pl,food,joy,random,0.6815567195415497,0.004279962694272415,1.0,10
bielik_1_5b_v3,pl,food,joy,shuffled_emotion,0.8985439360141754,0.01501190772978589,1.0,14
bielik_1_5b_v3,pl,food,love,emotion,0.897631561756134,0.016685309819877144,1.0,13
bielik_1_5b_v3,pl,food,love,identity,0.9523299634456635,0.00448207794688643,1.0,10
bielik_1_5b_v3,pl,food,love,random,0.6760045170783997,0.00497353994287551,1.0,10
bielik_1_5b_v3,pl,food,love,shuffled_emotion,0.9096269994974137,0.01214498654007911,1.0,13
bielik_1_5b_v3,pl,food,negative,emotion,0.90791235268116,0.02342632174259051,1.0,14
bielik_1_5b_v3,pl,food,negative,identity,0.9523299634456635,0.00982252905378119,1.0,10
bielik_1_5b_v3,pl,food,negative,random,0.6747747719287872,0.010850461095105865,1.0,10
bielik_1_5b_v3,pl,food,negative,shuffled_emotion,0.9043661415576935,0.022387314715888347,1.0,13
bielik_1_5b_v3,pl,food,positive,emotion,0.9096269994974137,0.014742663782089943,1.0,13
bielik_1_5b_v3,pl,food,positive,identity,0.9523299634456635,0.004870945215225235,1.0,10
bielik_1_5b_v3,pl,food,positive,random,0.677473920583725,0.0019131360109895651,1.0,10
bielik_1_5b_v3,pl,food,positive,shuffled_emotion,0.90791235268116,0.017337088380008935,1.0,14
bielik_1_5b_v3,pl,food,sadness,emotion,0.9043661415576935,0.01945639505283906,1.0,13
bielik_1_5b_v3,pl,food,sadness,identity,0.9523299634456635,0.008117125299759205,1.0,10
bielik_1_5b_v3,pl,food,sadness,random,0.6676930606365203,0.00562784902285784,1.0,10
bielik_1_5b_v3,pl,food,sadness,shuffled_emotion,0.8962284207344056,0.021178157546091814,1.0,15
bielik_1_5b_v3,pl,object,amusement,emotion,0.8824959874153138,0.06287437968421725,1.0,17
bielik_1_5b_v3,pl,object,amusement,identity,0.9346727013587952,0.014119969331659366,1.0,10
bielik_1_5b_v3,pl,object,amusement,random,0.6560175299644471,0.01780316054355352,1.0,10
bielik_1_5b_v3,pl,object,amusement,shuffled_emotion,0.8852951198816299,0.0558919976931065,1.0,17
bielik_1_5b_v3,pl,object,anger,emotion,0.8828652769327163,0.04369054458802561,1.0,16
bielik_1_5b_v3,pl,object,anger,identity,0.9346727013587952,0.012605526030529265,1.0,10
bielik_1_5b_v3,pl,object,anger,random,0.642874276638031,0.010377951862756139,1.0,10
bielik_1_5b_v3,pl,object,anger,shuffled_emotion,0.8818451344966889,0.04369054458802561,1.0,16
bielik_1_5b_v3,pl,object,disgust,emotion,0.8719949096441268,0.04334367718547581,1.0,16
bielik_1_5b_v3,pl,object,disgust,identity,0.9346727013587952,-0.005065444041974825,1.0,10
bielik_1_5b_v3,pl,object,disgust,random,0.6781001925468445,-0.004632126400247195,1.0,10
bielik_1_5b_v3,pl,object,disgust,shuffled_emotion,0.8858716785907745,0.029915131651796396,1.0,16
bielik_1_5b_v3,pl,object,excitement,emotion,0.8852951198816299,0.05130966799333688,1.0,17
bielik_1_5b_v3,pl,object,excitement,identity,0.9346727013587952,0.013965216511860478,1.0,10
bielik_1_5b_v3,pl,object,excitement,random,0.6429594993591309,0.013965216511860478,1.0,10
bielik_1_5b_v3,pl,object,excitement,shuffled_emotion,0.8817014783620835,0.04710751385428009,1.0,16
bielik_1_5b_v3,pl,object,fear,emotion,0.8818451344966889,0.03358806701144201,1.0,16
bielik_1_5b_v3,pl,object,fear,identity,0.9346727013587952,0.00219103511190042,1.0,10
bielik_1_5b_v3,pl,object,fear,random,0.6636247932910919,0.006422162952367215,1.0,10
bielik_1_5b_v3,pl,object,fear,shuffled_emotion,0.8824959874153138,0.03591268138261511,1.0,17
bielik_1_5b_v3,pl,object,joy,emotion,0.8858716785907745,0.04266548565356058,1.0,16
bielik_1_5b_v3,pl,object,joy,identity,0.9346727013587952,0.011288776516448695,1.0,10
bielik_1_5b_v3,pl,object,joy,random,0.672420758008957,0.00913079109741374,1.0,10
bielik_1_5b_v3,pl,object,joy,shuffled_emotion,0.8828652769327163,0.04266548565356058,1.0,16
bielik_1_5b_v3,pl,object,love,emotion,0.8817014783620835,0.039196173299569634,1.0,16
bielik_1_5b_v3,pl,object,love,identity,0.9346727013587952,0.005195444170385606,1.0,10
bielik_1_5b_v3,pl,object,love,random,0.6517127394676209,0.00596378147602082,1.0,10
bielik_1_5b_v3,pl,object,love,shuffled_emotion,0.8877463936805725,0.037736166245304036,1.0,16
bielik_1_5b_v3,pl,object,negative,emotion,0.8840597808361054,0.021356286434456702,1.0,17
bielik_1_5b_v3,pl,object,negative,identity,0.9346727013587952,-0.017640610341913977,1.0,10
bielik_1_5b_v3,pl,object,negative,random,0.677888149023056,-0.018704495346173612,1.0,10
bielik_1_5b_v3,pl,object,negative,shuffled_emotion,0.8854104548692703,0.021518736286088823,1.0,17
bielik_1_5b_v3,pl,object,positive,emotion,0.8877463936805725,0.01847030431963504,1.0,16
bielik_1_5b_v3,pl,object,positive,identity,0.9346727013587952,-0.013533898303285215,1.0,10
bielik_1_5b_v3,pl,object,positive,random,0.6546061873435974,-0.013533898303285215,1.0,10
bielik_1_5b_v3,pl,object,positive,shuffled_emotion,0.8840597808361054,0.02279887339100242,1.0,17
bielik_1_5b_v3,pl,object,sadness,emotion,0.8854104548692703,0.036324941518250844,1.0,17
bielik_1_5b_v3,pl,object,sadness,identity,0.9346727013587952,8.395438781008514e-05,1.0,10
bielik_1_5b_v3,pl,object,sadness,random,0.668058305978775,0.0021351506933569896,1.0,10
bielik_1_5b_v3,pl,object,sadness,shuffled_emotion,0.8719949096441268,0.039890329923946394,1.0,16
bielik_1_5b_v3,pl,person,amusement,emotion,0.8864883929491043,0.06436345037072894,1.0,14
bielik_1_5b_v3,pl,person,amusement,identity,0.9412839829921722,-0.0019284035894088446,1.0,10
bielik_1_5b_v3,pl,person,amusement,random,0.6806824386119843,-0.0019284035894088446,1.0,10
bielik_1_5b_v3,pl,person,amusement,shuffled_emotion,0.8892898887395859,0.0531647525844164,1.0,15
bielik_1_5b_v3,pl,person,anger,emotion,0.889580762386322,0.037234435509890265,1.0,16
bielik_1_5b_v3,pl,person,anger,identity,0.9412839829921722,0.00601628655567763,1.0,10
bielik_1_5b_v3,pl,person,anger,random,0.6718783140182495,0.0035940268076956098,1.0,10
bielik_1_5b_v3,pl,person,anger,shuffled_emotion,0.8913837552070618,0.04254059037193651,1.0,15
bielik_1_5b_v3,pl,person,disgust,emotion,0.8830744087696075,0.05245030088117342,1.0,16
bielik_1_5b_v3,pl,person,disgust,identity,0.9412839829921722,0.007010357175022346,1.0,10
bielik_1_5b_v3,pl,person,disgust,random,0.6624305963516235,0.009811925236135695,1.0,10
bielik_1_5b_v3,pl,person,disgust,shuffled_emotion,0.8882685363292694,0.04103964421665291,1.0,15
bielik_1_5b_v3,pl,person,excitement,emotion,0.8892898887395859,0.04897065749391912,1.0,15
bielik_1_5b_v3,pl,person,excitement,identity,0.9412839829921722,-0.00540304686874149,1.0,10
bielik_1_5b_v3,pl,person,excitement,random,0.6611698687076568,-0.000494451611302775,1.0,10
bielik_1_5b_v3,pl,person,excitement,shuffled_emotion,0.8819848209619522,0.029716004803776747,1.0,16
bielik_1_5b_v3,pl,person,fear,emotion,0.8913837552070618,0.04429746831301595,1.0,15
bielik_1_5b_v3,pl,person,fear,identity,0.9412839829921722,0.0050953917903825505,1.0,10
bielik_1_5b_v3,pl,person,fear,random,0.6464426398277283,0.004224194330163284,1.0,10
bielik_1_5b_v3,pl,person,fear,shuffled_emotion,0.8864883929491043,0.0515329816844314,1.0,14
bielik_1_5b_v3,pl,person,joy,emotion,0.8882685363292694,0.024604745057877124,1.0,15
bielik_1_5b_v3,pl,person,joy,identity,0.9412839829921722,-0.01195668700383977,1.0,10
bielik_1_5b_v3,pl,person,joy,random,0.6602570831775665,-0.012458661582786596,1.0,10
bielik_1_5b_v3,pl,person,joy,shuffled_emotion,0.889580762386322,0.01839434787398202,1.0,16
bielik_1_5b_v3,pl,person,love,emotion,0.8819848209619522,0.01609043064527213,1.0,16
bielik_1_5b_v3,pl,person,love,identity,0.9412839829921722,-0.026468253694474697,1.0,10
bielik_1_5b_v3,pl,person,love,random,0.6510322511196136,-0.02636564029380678,1.0,10
bielik_1_5b_v3,pl,person,love,shuffled_emotion,0.8952255219221115,0.0062639568001031905,1.0,15
bielik_1_5b_v3,pl,person,negative,emotion,0.8934835761785507,0.03479030966991556,1.0,17
bielik_1_5b_v3,pl,person,negative,identity,0.9412839829921722,-0.010661152412649236,1.0,10
bielik_1_5b_v3,pl,person,negative,random,0.667833399772644,-0.011046070302836594,1.0,10
bielik_1_5b_v3,pl,person,negative,shuffled_emotion,0.8939215153455734,0.027451656863559028,1.0,15
bielik_1_5b_v3,pl,person,positive,emotion,0.8952255219221115,0.01903687589801847,1.0,15
bielik_1_5b_v3,pl,person,positive,identity,0.9412839829921722,-0.014406840945594001,1.0,10
bielik_1_5b_v3,pl,person,positive,random,0.6815025806427002,-0.013293133652769015,1.0,10
bielik_1_5b_v3,pl,person,positive,shuffled_emotion,0.8934835761785507,0.02834114287979899,1.0,17
bielik_1_5b_v3,pl,person,sadness,emotion,0.8939215153455734,0.038959260936826424,1.0,15
bielik_1_5b_v3,pl,person,sadness,identity,0.9412839829921722,-0.0013903574086725852,1.0,10
bielik_1_5b_v3,pl,person,sadness,random,0.6658114850521087,-0.001390357408672585,1.0,10
bielik_1_5b_v3,pl,person,sadness,shuffled_emotion,0.8830744087696075,0.04027250362560149,1.0,16
bielik_1_5b_v3,pl,place,amusement,emotion,0.8806054443120956,0.031201172264991306,1.0,14
bielik_1_5b_v3,pl,place,amusement,identity,0.9378216683864593,0.0009514704172033951,1.0,10
bielik_1_5b_v3,pl,place,amusement,random,0.6645209193229675,0.0031299744558054956,1.0,10
bielik_1_5b_v3,pl,place,amusement,shuffled_emotion,0.8875223577022553,0.025131692801369336,1.0,15
bielik_1_5b_v3,pl,place,anger,emotion,0.8870001584291458,0.03071800409816202,1.0,14
bielik_1_5b_v3,pl,place,anger,identity,0.9378216683864593,0.015593745233491042,1.0,10
bielik_1_5b_v3,pl,place,anger,random,0.6684069991111755,0.01328496005153281,1.0,10
bielik_1_5b_v3,pl,place,anger,shuffled_emotion,0.8864157915115356,0.0331643070094287,1.0,14
bielik_1_5b_v3,pl,place,disgust,emotion,0.8791725397109985,0.03684639891143885,1.0,16
bielik_1_5b_v3,pl,place,disgust,identity,0.9378216683864593,0.010648752271663394,1.0,10
bielik_1_5b_v3,pl,place,disgust,random,0.673497098684311,0.011749156320001924,1.0,10
bielik_1_5b_v3,pl,place,disgust,shuffled_emotion,0.8839969575405121,0.02510816657450049,1.0,15
bielik_1_5b_v3,pl,place,excitement,emotion,0.8875223577022553,0.033306522201746666,1.0,15
bielik_1_5b_v3,pl,place,excitement,identity,0.9378216683864593,0.009310982050374148,1.0,10
bielik_1_5b_v3,pl,place,excitement,random,0.6570013642311097,0.012439525057561684,1.0,10
bielik_1_5b_v3,pl,place,excitement,shuffled_emotion,0.8801893204450607,0.027549054706469157,1.0,16
bielik_1_5b_v3,pl,place,fear,emotion,0.8864157915115356,0.025373530579963676,1.0,14
bielik_1_5b_v3,pl,place,fear,identity,0.9378216683864593,0.006708709482336414,1.0,10
bielik_1_5b_v3,pl,place,fear,random,0.6517149627208709,0.004799414431909105,1.0,10
bielik_1_5b_v3,pl,place,fear,shuffled_emotion,0.8806054443120956,0.023799655633047208,1.0,14
bielik_1_5b_v3,pl,place,joy,emotion,0.8839969575405121,0.008240598300471904,1.0,15
bielik_1_5b_v3,pl,place,joy,identity,0.9378216683864593,-0.00727966828271745,1.0,10
bielik_1_5b_v3,pl,place,joy,random,0.6734004557132721,-0.004203605838119965,1.0,10
bielik_1_5b_v3,pl,place,joy,shuffled_emotion,0.8870001584291458,0.00588020742870868,1.0,14
bielik_1_5b_v3,pl,place,love,emotion,0.8801893204450607,0.01217734848614783,1.0,16
bielik_1_5b_v3,pl,place,love,identity,0.9378216683864593,-0.015082986862398663,1.0,10
bielik_1_5b_v3,pl,place,love,random,0.6576775670051574,-0.01892199369613079,1.0,10
bielik_1_5b_v3,pl,place,love,shuffled_emotion,0.8926023215055465,0.007701943791471424,1.0,15
bielik_1_5b_v3,pl,place,negative,emotion,0.8898304760456085,0.018388365092687296,1.0,16
bielik_1_5b_v3,pl,place,negative,identity,0.9378216683864593,-0.005012285313568995,1.0,10
bielik_1_5b_v3,pl,place,negative,random,0.6677496016025544,-0.0014600265072658655,1.0,10
bielik_1_5b_v3,pl,place,negative,shuffled_emotion,0.8898666858673095,0.010106226615607736,1.0,13
bielik_1_5b_v3,pl,place,positive,emotion,0.8926023215055465,0.01546964496374131,1.0,15
bielik_1_5b_v3,pl,place,positive,identity,0.9378216683864593,-0.00567603653762487,1.0,10
bielik_1_5b_v3,pl,place,positive,random,0.6676311254501343,-0.003565666591748575,1.0,10
bielik_1_5b_v3,pl,place,positive,shuffled_emotion,0.8898304760456085,0.01609600298106671,1.0,16
bielik_1_5b_v3,pl,place,sadness,emotion,0.8898666858673095,0.021124708605930208,1.0,13
bielik_1_5b_v3,pl,place,sadness,identity,0.9378216683864593,0.006309981783851995,1.0,10
bielik_1_5b_v3,pl,place,sadness,random,0.6413449704647064,0.008473188104107994,1.0,10
bielik_1_5b_v3,pl,place,sadness,shuffled_emotion,0.8791725397109985,0.02333116764202714,1.0,16
bielik_1_5b_v3,pl,situation,amusement,emotion,0.8925964385271072,0.058929785364307416,1.0,13
bielik_1_5b_v3,pl,situation,amusement,identity,0.9405133783817291,0.01222804706776513,1.0,10
bielik_1_5b_v3,pl,situation,amusement,random,0.6747108042240143,0.021685756905935695,1.0,10
bielik_1_5b_v3,pl,situation,amusement,shuffled_emotion,0.8943044722080231,0.05070427453611044,1.0,14
bielik_1_5b_v3,pl,situation,anger,emotion,0.8898285835981369,0.03563431391958143,1.0,15
bielik_1_5b_v3,pl,situation,anger,identity,0.9405133783817291,-0.0007681706687435598,1.0,10
bielik_1_5b_v3,pl,situation,anger,random,0.6751492500305176,0.008086030068807286,1.0,10
bielik_1_5b_v3,pl,situation,anger,shuffled_emotion,0.8899322807788849,0.03261264844331887,1.0,14
bielik_1_5b_v3,pl,situation,disgust,emotion,0.8859752953052521,0.048609355546068364,1.0,15
bielik_1_5b_v3,pl,situation,disgust,identity,0.9405133783817291,0.01355613813502712,1.0,10
bielik_1_5b_v3,pl,situation,disgust,random,0.672609931230545,0.01355613813502712,1.0,10
bielik_1_5b_v3,pl,situation,disgust,shuffled_emotion,0.8919784039258957,0.0437829703907482,1.0,14
bielik_1_5b_v3,pl,situation,excitement,emotion,0.8943044722080231,0.04140773074468594,1.0,14
bielik_1_5b_v3,pl,situation,excitement,identity,0.9405133783817291,0.008204251888673736,1.0,10
bielik_1_5b_v3,pl,situation,excitement,random,0.6625028073787689,0.0114931905060075,1.0,10
bielik_1_5b_v3,pl,situation,excitement,shuffled_emotion,0.8887321442365647,0.04513561289058994,1.0,16
bielik_1_5b_v3,pl,situation,fear,emotion,0.8899322807788849,0.02609116614330558,1.0,14
bielik_1_5b_v3,pl,situation,fear,identity,0.9405133783817291,-0.0057152181863784745,1.0,10
bielik_1_5b_v3,pl,situation,fear,random,0.6576015233993531,0.00925087132491171,1.0,10
bielik_1_5b_v3,pl,situation,fear,shuffled_emotion,0.8925964385271072,0.023182106134481725,1.0,13
bielik_1_5b_v3,pl,situation,joy,emotion,0.8919784039258957,0.02611547530395908,1.0,14
bielik_1_5b_v3,pl,situation,joy,identity,0.9405133783817291,-0.008302494918461887,1.0,10
bielik_1_5b_v3,pl,situation,joy,random,0.6717464327812195,-0.0006013580947183067,1.0,10
bielik_1_5b_v3,pl,situation,joy,shuffled_emotion,0.8898285835981369,0.028023836796637603,1.0,15
bielik_1_5b_v3,pl,situation,love,emotion,0.8887321442365647,0.030742656573420384,1.0,16
bielik_1_5b_v3,pl,situation,love,identity,0.9405133783817291,-0.010587154008680936,1.0,10
bielik_1_5b_v3,pl,situation,love,random,0.6867522478103638,-0.010587154008680936,1.0,10
bielik_1_5b_v3,pl,situation,love,shuffled_emotion,0.8991955250501633,0.01907614105730317,1.0,15
bielik_1_5b_v3,pl,situation,negative,emotion,0.895512056350708,0.023081575427204386,1.0,14
bielik_1_5b_v3,pl,situation,negative,identity,0.9405133783817291,-0.007337104622274615,1.0,10
bielik_1_5b_v3,pl,situation,negative,random,0.6773666858673095,-0.00602725897915659,1.0,10
bielik_1_5b_v3,pl,situation,negative,shuffled_emotion,0.8956405997276307,0.020186334988102336,1.0,13
bielik_1_5b_v3,pl,situation,positive,emotion,0.8991955250501633,0.024756395176518713,1.0,15
bielik_1_5b_v3,pl,situation,positive,identity,0.9405133783817291,-0.00326065117260439,1.0,10
bielik_1_5b_v3,pl,situation,positive,random,0.672455757856369,0.0033810216118581697,1.0,10
bielik_1_5b_v3,pl,situation,positive,shuffled_emotion,0.895512056350708,0.02536465028533713,1.0,14
bielik_1_5b_v3,pl,situation,sadness,emotion,0.8956405997276307,0.030865563848055895,1.0,13
bielik_1_5b_v3,pl,situation,sadness,identity,0.9405133783817291,-0.0013071756809949807,1.0,10
bielik_1_5b_v3,pl,situation,sadness,random,0.6758711934089661,0.002299916557967675,1.0,10
bielik_1_5b_v3,pl,situation,sadness,shuffled_emotion,0.8859752953052521,0.033860699506476515,1.0,15
bielik_1_5b_v3,zh,food,amusement,emotion,0.6441062480211258,0.04004427321488036,1.0,14
bielik_1_5b_v3,zh,food,amusement,identity,0.7707633137702942,-0.01252628819784148,1.0,10
bielik_1_5b_v3,zh,food,amusement,random,0.5310934066772461,-0.00325865981867536,1.0,10
bielik_1_5b_v3,zh,food,amusement,shuffled_emotion,0.6204743176698685,0.011209028644952917,1.0,15
bielik_1_5b_v3,zh,food,anger,emotion,0.6161599367856979,0.0036265443544835005,1.0,14
bielik_1_5b_v3,zh,food,anger,identity,0.7707633137702942,-0.03741117459721859,1.0,10
bielik_1_5b_v3,zh,food,anger,random,0.5468489050865173,-0.03741117459721859,1.0,10
bielik_1_5b_v3,zh,food,anger,shuffled_emotion,0.6067634046077728,0.0067839208059013,1.0,16
bielik_1_5b_v3,zh,food,disgust,emotion,0.6557638883590698,0.055459491792134906,1.0,14
bielik_1_5b_v3,zh,food,disgust,identity,0.7707633137702942,0.013847157522104678,1.0,10
bielik_1_5b_v3,zh,food,disgust,random,0.5372401654720307,0.013847157522104678,1.0,10
bielik_1_5b_v3,zh,food,disgust,shuffled_emotion,0.6454489767551422,0.044580578221939476,1.0,15
bielik_1_5b_v3,zh,food,excitement,emotion,0.6204743176698685,0.07251094696111973,1.0,15
bielik_1_5b_v3,zh,food,excitement,identity,0.7707633137702942,0.01567951515316964,1.0,10
bielik_1_5b_v3,zh,food,excitement,random,0.5555272221565246,0.01224611080251634,1.0,10
bielik_1_5b_v3,zh,food,excitement,shuffled_emotion,0.607797560095787,0.0444526811596006,1.0,17
bielik_1_5b_v3,zh,food,fear,emotion,0.6067634046077728,0.03336377886589615,1.0,16
bielik_1_5b_v3,zh,food,fear,identity,0.7707633137702942,-0.018886774824932208,1.0,10
bielik_1_5b_v3,zh,food,fear,random,0.5601360917091369,-0.006439563026651732,1.0,10
bielik_1_5b_v3,zh,food,fear,shuffled_emotion,0.6441062480211258,0.025899957027286286,1.0,14
bielik_1_5b_v3,zh,food,joy,emotion,0.6454489767551422,0.012617788091301919,1.0,15
bielik_1_5b_v3,zh,food,joy,identity,0.7707633137702942,-0.020823185984045242,1.0,10
bielik_1_5b_v3,zh,food,joy,random,0.5381691098213196,-0.02506923964247105,1.0,10
bielik_1_5b_v3,zh,food,joy,shuffled_emotion,0.6161599367856979,0.0006146862171590425,1.0,14
bielik_1_5b_v3,zh,food,love,emotion,0.607797560095787,-0.016976972017437218,1.0,17
bielik_1_5b_v3,zh,food,love,identity,0.7707633137702942,-0.05767306564375757,1.0,10
bielik_1_5b_v3,zh,food,love,random,0.5379492104053497,-0.05767306564375757,1.0,10
bielik_1_5b_v3,zh,food,love,shuffled_emotion,0.6032151877880096,-0.022047001216560606,1.0,16
bielik_1_5b_v3,zh,food,negative,emotion,0.6563815623521805,0.07088987620081752,1.0,15
bielik_1_5b_v3,zh,food,negative,identity,0.7707633137702942,0.006341111543588365,1.0,10
bielik_1_5b_v3,zh,food,negative,random,0.571980232000351,0.011612031306140145,1.0,10
bielik_1_5b_v3,zh,food,negative,shuffled_emotion,0.6623357832431793,0.04716779503505677,1.0,14
bielik_1_5b_v3,zh,food,positive,emotion,0.6032151877880096,-0.011434719664975987,1.0,16
bielik_1_5b_v3,zh,food,positive,identity,0.7707633137702942,-0.05118943662382659,1.0,10
bielik_1_5b_v3,zh,food,positive,random,0.5401941478252411,-0.05118943662382659,1.0,10
bielik_1_5b_v3,zh,food,positive,shuffled_emotion,0.6563815623521805,-0.013728062761947496,1.0,15
bielik_1_5b_v3,zh,food,sadness,emotion,0.6623357832431793,0.01760293312836437,1.0,14
bielik_1_5b_v3,zh,food,sadness,identity,0.7707633137702942,-0.02066316010896114,1.0,10
bielik_1_5b_v3,zh,food,sadness,random,0.5591733932495118,-0.007358748163096595,1.0,10
bielik_1_5b_v3,zh,food,sadness,shuffled_emotion,0.6557638883590698,0.008448737626895306,1.0,14
bielik_1_5b_v3,zh,object,amusement,emotion,0.7008344739675522,0.06081175860017533,1.0,15
bielik_1_5b_v3,zh,object,amusement,identity,0.8290546894073486,0.02910832175984975,1.0,10
bielik_1_5b_v3,zh,object,amusement,random,0.5820296466350555,0.022322572581469986,1.0,10
bielik_1_5b_v3,zh,object,amusement,shuffled_emotion,0.6522637575864791,0.05281458012759681,1.0,15
bielik_1_5b_v3,zh,object,anger,emotion,0.6824973195791244,0.06121526226634157,1.0,14
bielik_1_5b_v3,zh,object,anger,identity,0.8290546894073486,0.026358809659723186,1.0,10
bielik_1_5b_v3,zh,object,anger,random,0.5815920531749725,0.02440311316167934,1.0,10
bielik_1_5b_v3,zh,object,anger,shuffled_emotion,0.6625738739967346,0.07018281522905452,1.0,15
bielik_1_5b_v3,zh,object,disgust,emotion,0.7055091291666031,0.05550804885569958,1.0,15
bielik_1_5b_v3,zh,object,disgust,identity,0.8290546894073486,0.030787675105966604,1.0,10
bielik_1_5b_v3,zh,object,disgust,random,0.5830564022064209,0.02754364202264694,1.0,10
bielik_1_5b_v3,zh,object,disgust,shuffled_emotion,0.6990010678768158,0.044722482864744936,1.0,15
bielik_1_5b_v3,zh,object,excitement,emotion,0.6522637575864791,0.015897056832909578,1.0,15
bielik_1_5b_v3,zh,object,excitement,identity,0.8290546894073486,-0.012841245718300334,1.0,10
bielik_1_5b_v3,zh,object,excitement,random,0.5850145280361175,-0.012841245718300334,1.0,10
bielik_1_5b_v3,zh,object,excitement,shuffled_emotion,0.6766781508922577,0.0031848800368606996,1.0,15
bielik_1_5b_v3,zh,object,fear,emotion,0.6625738739967346,0.06358905567321922,1.0,15
bielik_1_5b_v3,zh,object,fear,identity,0.8290546894073486,0.01362145899329333,1.0,10
bielik_1_5b_v3,zh,object,fear,random,0.591355836391449,0.010376647813245644,1.0,10
bielik_1_5b_v3,zh,object,fear,shuffled_emotion,0.7008344739675522,0.043207585928030284,1.0,15
bielik_1_5b_v3,zh,object,joy,emotion,0.6990010678768158,0.029509930743370223,1.0,15
bielik_1_5b_v3,zh,object,joy,identity,0.8290546894073486,-0.005111687665339531,1.0,10
bielik_1_5b_v3,zh,object,joy,random,0.5998287856578827,-0.0042542845360003115,1.0,10
bielik_1_5b_v3,zh,object,joy,shuffled_emotion,0.6824973195791244,0.012352586130145954,1.0,14
bielik_1_5b_v3,zh,object,love,emotion,0.6766781508922577,0.029951526131480926,1.0,15
bielik_1_5b_v3,zh,object,love,identity,0.8290546894073486,-0.013194314041174948,1.0,10
bielik_1_5b_v3,zh,object,love,random,0.5851633012294769,-0.011656900146044796,1.0,10
bielik_1_5b_v3,zh,object,love,shuffled_emotion,0.6678867340087891,0.017506605293601752,1.0,14
bielik_1_5b_v3,zh,object,negative,emotion,0.7052934169769287,0.07592711322940883,1.0,16
bielik_1_5b_v3,zh,object,negative,identity,0.8290546894073486,0.02039046275895088,1.0,10
bielik_1_5b_v3,zh,object,negative,random,0.5726313173770905,0.01707664190325885,1.0,10
bielik_1_5b_v3,zh,object,negative,shuffled_emotion,0.7220190614461899,0.0563924337737262,1.0,15
bielik_1_5b_v3,zh,object,positive,emotion,0.6678867340087891,0.035030111600644856,1.0,14
bielik_1_5b_v3,zh,object,positive,identity,0.8290546894073486,-0.0022220469312742505,1.0,10
bielik_1_5b_v3,zh,object,positive,random,0.582149887084961,8.700515609233461e-05,1.0,10
bielik_1_5b_v3,zh,object,positive,shuffled_emotion,0.7052934169769287,0.03367328282911327,1.0,16
bielik_1_5b_v3,zh,object,sadness,emotion,0.7220190614461899,0.058104055351577664,1.0,15
bielik_1_5b_v3,zh,object,sadness,identity,0.8290546894073486,0.02803519580047577,1.0,10
bielik_1_5b_v3,zh,object,sadness,random,0.5960551559925079,0.022355596232227985,1.0,10
bielik_1_5b_v3,zh,object,sadness,shuffled_emotion,0.7055091291666031,0.05291491623502222,1.0,15
bielik_1_5b_v3,zh,person,amusement,emotion,0.6557506799697876,0.1629406276158988,1.0,14
bielik_1_5b_v3,zh,person,amusement,identity,0.7497489869594574,0.10439240542473269,1.0,10
bielik_1_5b_v3,zh,person,amusement,random,0.5311552882194519,0.11713768272893502,1.0,10
bielik_1_5b_v3,zh,person,amusement,shuffled_emotion,0.6389546751976013,0.1356845548027195,1.0,13
bielik_1_5b_v3,zh,person,anger,emotion,0.6371371567249298,0.16723641928983848,1.0,14
bielik_1_5b_v3,zh,person,anger,identity,0.7497489869594574,0.10482202599523585,1.0,10
bielik_1_5b_v3,zh,person,anger,random,0.5383422911167145,0.11372462360886852,1.0,10
bielik_1_5b_v3,zh,person,anger,shuffled_emotion,0.6243321627378464,0.15634515722049397,1.0,13
bielik_1_5b_v3,zh,person,disgust,emotion,0.6742435485124588,0.20495887249708172,1.0,13
bielik_1_5b_v3,zh,person,disgust,identity,0.7497489869594574,0.14413612894713873,1.0,10
bielik_1_5b_v3,zh,person,disgust,random,0.5330922812223434,0.14413612894713873,1.0,10
bielik_1_5b_v3,zh,person,disgust,shuffled_emotion,0.6649513930082321,0.18654516115784642,1.0,13
bielik_1_5b_v3,zh,person,excitement,emotion,0.6389546751976013,0.1936640047468245,1.0,13
bielik_1_5b_v3,zh,person,excitement,identity,0.7497489869594574,0.12420129431411622,1.0,10
bielik_1_5b_v3,zh,person,excitement,random,0.5315047442913056,0.12420129431411622,1.0,10
bielik_1_5b_v3,zh,person,excitement,shuffled_emotion,0.6140671357512474,0.1599810699932277,1.0,14
bielik_1_5b_v3,zh,person,fear,emotion,0.6243321627378464,0.17395668746903536,1.0,13
bielik_1_5b_v3,zh,person,fear,identity,0.7497489869594574,0.1218660094775259,1.0,10
bielik_1_5b_v3,zh,person,fear,random,0.5357025325298309,0.1218660094775259,1.0,10
bielik_1_5b_v3,zh,person,fear,shuffled_emotion,0.6557506799697876,0.17062530396506187,1.0,14
bielik_1_5b_v3,zh,person,joy,emotion,0.6649513930082321,0.12689124285243453,1.0,13
bielik_1_5b_v3,zh,person,joy,identity,0.7497489869594574,0.06769034727476536,1.0,10
bielik_1_5b_v3,zh,person,joy,random,0.523280918598175,0.06769034727476536,1.0,10
bielik_1_5b_v3,zh,person,joy,shuffled_emotion,0.6371371567249298,0.11447599544189868,1.0,14
bielik_1_5b_v3,zh,person,love,emotion,0.6140671357512474,0.06680857576429841,1.0,14
bielik_1_5b_v3,zh,person,love,identity,0.7497489869594574,0.02927548550069331,1.0,10
bielik_1_5b_v3,zh,person,love,random,0.5242175251245499,0.032394435256719575,1.0,10
bielik_1_5b_v3,zh,person,love,shuffled_emotion,0.6201287299394608,0.05699786730110644,1.0,14
bielik_1_5b_v3,zh,person,negative,emotion,0.6633752346038818,0.16507562501356002,1.0,14
bielik_1_5b_v3,zh,person,negative,identity,0.7497489869594574,0.1078530846862122,1.0,10
bielik_1_5b_v3,zh,person,negative,random,0.5350828975439071,0.11280156529974188,1.0,10
bielik_1_5b_v3,zh,person,negative,shuffled_emotion,0.6758370786905289,0.15182528709992762,1.0,14
bielik_1_5b_v3,zh,person,positive,emotion,0.6201287299394608,0.11828756870236246,1.0,14
bielik_1_5b_v3,zh,person,positive,identity,0.7497489869594574,0.08023810468148437,1.0,10
bielik_1_5b_v3,zh,person,positive,random,0.5174869179725647,0.08023810468148437,1.0,10
bielik_1_5b_v3,zh,person,positive,shuffled_emotion,0.6633752346038818,0.12491551043931393,1.0,14
bielik_1_5b_v3,zh,person,sadness,emotion,0.6758370786905289,0.1264295873697847,1.0,14
bielik_1_5b_v3,zh,person,sadness,identity,0.7497489869594574,0.08370583183132112,1.0,10
bielik_1_5b_v3,zh,person,sadness,random,0.5327092349529267,0.08370583183132112,1.0,10
bielik_1_5b_v3,zh,person,sadness,shuffled_emotion,0.6742435485124588,0.12718821095768362,1.0,13
bielik_1_5b_v3,zh,place,amusement,emotion,0.6819049537181854,0.0497963171685114,1.0,13
bielik_1_5b_v3,zh,place,amusement,identity,0.8049025356769561,0.022153486381284865,1.0,10
bielik_1_5b_v3,zh,place,amusement,random,0.5708716034889221,0.02325976134743539,1.0,10
bielik_1_5b_v3,zh,place,amusement,shuffled_emotion,0.6558851599693298,0.04561849888414142,1.0,13
bielik_1_5b_v3,zh,place,anger,emotion,0.6577305674552918,0.032939484412781876,1.0,14
bielik_1_5b_v3,zh,place,anger,identity,0.8049025356769561,0.0034282189328223404,1.0,10
bielik_1_5b_v3,zh,place,anger,random,0.5480401039123535,-0.009628653991967434,1.0,10
bielik_1_5b_v3,zh,place,anger,shuffled_emotion,0.6477929770946502,0.03437374439090489,1.0,12
bielik_1_5b_v3,zh,place,disgust,emotion,0.6866226702928543,0.040462568006478225,1.0,13
bielik_1_5b_v3,zh,place,disgust,identity,0.8049025356769561,0.006241083494387565,1.0,10
bielik_1_5b_v3,zh,place,disgust,random,0.559015429019928,-0.0008654312929138493,1.0,10
bielik_1_5b_v3,zh,place,disgust,shuffled_emotion,0.6925968438386917,0.03798211554531006,1.0,14
bielik_1_5b_v3,zh,place,excitement,emotion,0.6558851599693298,0.08388706345576788,1.0,13
bielik_1_5b_v3,zh,place,excitement,identity,0.8049025356769561,-0.00020834791939706998,1.0,10
bielik_1_5b_v3,zh,place,excitement,random,0.5767830431461334,0.002110621635802075,1.0,10
bielik_1_5b_v3,zh,place,excitement,shuffled_emotion,0.6555426836013794,0.024956713546998775,1.0,15
bielik_1_5b_v3,zh,place,fear,emotion,0.6477929770946502,0.05828682943247254,1.0,12
bielik_1_5b_v3,zh,place,fear,identity,0.8049025356769561,0.019311243249103403,1.0,10
bielik_1_5b_v3,zh,place,fear,random,0.5706895649433136,0.02251464459113774,1.0,10
bielik_1_5b_v3,zh,place,fear,shuffled_emotion,0.6819049537181854,0.04910711855627593,1.0,13
bielik_1_5b_v3,zh,place,joy,emotion,0.6925968438386917,0.0597007624339312,1.0,14
bielik_1_5b_v3,zh,place,joy,identity,0.8049025356769561,0.012082997523248184,1.0,10
bielik_1_5b_v3,zh,place,joy,random,0.5815035283565522,0.012082997523248182,1.0,10
bielik_1_5b_v3,zh,place,joy,shuffled_emotion,0.6577305674552918,0.03440679446794091,1.0,14
bielik_1_5b_v3,zh,place,love,emotion,0.6555426836013794,0.04128176963422444,1.0,15
bielik_1_5b_v3,zh,place,love,identity,0.8049025356769561,0.0022118021035566785,1.0,10
bielik_1_5b_v3,zh,place,love,random,0.5664526402950287,-0.004783835983835176,1.0,10
bielik_1_5b_v3,zh,place,love,shuffled_emotion,0.6493429452180862,0.03542991990689186,1.0,15
bielik_1_5b_v3,zh,place,negative,emotion,0.6893614053726196,0.05861281114630397,1.0,14
bielik_1_5b_v3,zh,place,negative,identity,0.8049025356769561,0.019845920801162684,1.0,10
bielik_1_5b_v3,zh,place,negative,random,0.5801407933235169,0.00107384799048302,1.0,10
bielik_1_5b_v3,zh,place,negative,shuffled_emotion,0.7078285783529281,0.0531189972069114,1.0,14
bielik_1_5b_v3,zh,place,positive,emotion,0.6493429452180862,0.036612496292218535,1.0,15
bielik_1_5b_v3,zh,place,positive,identity,0.8049025356769561,0.0023029547650366905,1.0,10
bielik_1_5b_v3,zh,place,positive,random,0.5639963448047638,0.005129382805898785,1.0,10
bielik_1_5b_v3,zh,place,positive,shuffled_emotion,0.6893614053726196,0.03408570983447133,1.0,14
bielik_1_5b_v3,zh,place,sadness,emotion,0.7078285783529281,0.06563410973176356,1.0,14
bielik_1_5b_v3,zh,place,sadness,identity,0.8049025356769561,0.03705530120059844,1.0,10
bielik_1_5b_v3,zh,place,sadness,random,0.5769244074821472,0.03501669541001316,1.0,10
bielik_1_5b_v3,zh,place,sadness,shuffled_emotion,0.6866226702928543,0.058899898687377536,1.0,13
bielik_1_5b_v3,zh,situation,amusement,emotion,0.6158165842294693,0.017565642611589275,1.0,14
bielik_1_5b_v3,zh,situation,amusement,identity,0.7397801399230957,-0.04290040861815211,1.0,10
bielik_1_5b_v3,zh,situation,amusement,random,0.5199921220541001,-0.05153402416035528,1.0,10
bielik_1_5b_v3,zh,situation,amusement,shuffled_emotion,0.5787035316228867,-0.0014248509425669846,1.0,15
bielik_1_5b_v3,zh,situation,anger,emotion,0.5932071208953857,0.00674457345157862,1.0,15
bielik_1_5b_v3,zh,situation,anger,identity,0.7397801399230957,-0.052373829344287484,1.0,10
bielik_1_5b_v3,zh,situation,anger,random,0.5361506581306458,-0.04704723921604452,1.0,10
bielik_1_5b_v3,zh,situation,anger,shuffled_emotion,0.5696163594722747,0.007435355521738535,1.0,15
bielik_1_5b_v3,zh,situation,disgust,emotion,0.6281700789928436,0.04627303795423354,1.0,14
bielik_1_5b_v3,zh,situation,disgust,identity,0.7397801399230957,-0.01725057412404568,1.0,10
bielik_1_5b_v3,zh,situation,disgust,random,0.5432641744613648,-0.03680115577299147,1.0,10
bielik_1_5b_v3,zh,situation,disgust,shuffled_emotion,0.6326330065727234,0.02858582248445597,1.0,17
bielik_1_5b_v3,zh,situation,excitement,emotion,0.5787035316228867,0.0015362479258328795,1.0,15
bielik_1_5b_v3,zh,situation,excitement,identity,0.7397801399230957,-0.09028032864443954,1.0,10
bielik_1_5b_v3,zh,situation,excitement,random,0.5328903436660767,-0.08344776020385321,1.0,10
bielik_1_5b_v3,zh,situation,excitement,shuffled_emotion,0.5848245322704315,-0.0416202418040484,1.0,16
bielik_1_5b_v3,zh,situation,fear,emotion,0.5696163594722747,-0.0506528079509735,1.0,15
bielik_1_5b_v3,zh,situation,fear,identity,0.7397801399230957,-0.12097192527726289,1.0,10
bielik_1_5b_v3,zh,situation,fear,random,0.513309296965599,-0.1091732705943286,1.0,10
bielik_1_5b_v3,zh,situation,fear,shuffled_emotion,0.6158165842294693,-0.06041506566107272,1.0,14
bielik_1_5b_v3,zh,situation,joy,emotion,0.6326330065727234,0.05889057028107343,1.0,17
bielik_1_5b_v3,zh,situation,joy,identity,0.7397801399230957,-0.0012403877917677188,1.0,10
bielik_1_5b_v3,zh,situation,joy,random,0.5342429578304291,0.0003550605382770315,1.0,10
bielik_1_5b_v3,zh,situation,joy,shuffled_emotion,0.5932071208953857,0.03734419071115552,1.0,15
bielik_1_5b_v3,zh,situation,love,emotion,0.5848245322704315,0.009664019942283626,1.0,16
bielik_1_5b_v3,zh,situation,love,identity,0.7397801399230957,-0.049698133720085,1.0,10
bielik_1_5b_v3,zh,situation,love,random,0.49587194323539735,-0.03798216362483797,1.0,10
bielik_1_5b_v3,zh,situation,love,shuffled_emotion,0.5839454621076584,0.007355125015601505,1.0,17
bielik_1_5b_v3,zh,situation,negative,emotion,0.6281834155321121,0.041386455856263625,1.0,15
bielik_1_5b_v3,zh,situation,negative,identity,0.7397801399230957,-0.031340343039482806,1.0,10
bielik_1_5b_v3,zh,situation,negative,random,0.5249786615371704,-0.03507841629907486,1.0,10
bielik_1_5b_v3,zh,situation,negative,shuffled_emotion,0.6410653412342071,0.023407899122685188,1.0,15
bielik_1_5b_v3,zh,situation,positive,emotion,0.5839454621076584,0.013530279789119953,1.0,17
bielik_1_5b_v3,zh,situation,positive,identity,0.7397801399230957,-0.044312494341284,1.0,10
bielik_1_5b_v3,zh,situation,positive,random,0.5268439471721649,-0.06061866981908674,1.0,10
bielik_1_5b_v3,zh,situation,positive,shuffled_emotion,0.6281834155321121,0.00672892271541059,1.0,15
bielik_1_5b_v3,zh,situation,sadness,emotion,0.6410653412342071,0.03510259361937638,1.0,15
bielik_1_5b_v3,zh,situation,sadness,identity,0.7397801399230957,-0.013593876268714684,1.0,10
bielik_1_5b_v3,zh,situation,sadness,random,0.5209000796079636,-0.007996011478826417,1.0,10
bielik_1_5b_v3,zh,situation,sadness,shuffled_emotion,0.6281700789928436,0.027712579350918497,1.0,14
gemini,en,food,amusement,emotion,0.5054397150874138,0.01464304171968248,1.0,12
gemini,en,food,amusement,identity,0.6713498294353485,-0.0005416027968749527,1.0,10
gemini,en,food,amusement,random,0.48831557631492617,0.0020932335639372275,1.0,10
gemini,en,food,amusement,shuffled_emotion,0.48975946605205534,0.0076112676644697575,1.0,12
gemini,en,food,anger,emotion,0.4870418384671211,0.025829406850971272,1.0,12
gemini,en,food,anger,identity,0.6713498294353485,-0.0037715987535193395,1.0,10
gemini,en,food,anger,random,0.4822425603866577,0.0009300494799390555,1.0,10
gemini,en,food,anger,shuffled_emotion,0.47695157378911973,0.0028017935575917552,1.0,11
gemini,en,food,disgust,emotion,0.510932220518589,0.06923239091411229,1.0,12
gemini,en,food,disgust,identity,0.6713498294353485,0.0017585337627679144,1.0,10
gemini,en,food,disgust,random,0.4716734290122986,0.001758533762767914,1.0,10
gemini,en,food,disgust,shuffled_emotion,0.4829649940133095,0.00319665273418651,1.0,12
gemini,en,food,excitement,emotion,0.48975946605205534,-0.00314112760825083,1.0,12
gemini,en,food,excitement,identity,0.6713498294353485,-0.010284911550115796,1.0,10
gemini,en,food,excitement,random,0.4708003610372543,-0.010284911550115796,1.0,10
gemini,en,food,excitement,shuffled_emotion,0.4980618879199028,-0.004715375963132836,1.0,13
gemini,en,food,fear,emotion,0.47695157378911973,0.00212506699608639,1.0,11
gemini,en,food,fear,identity,0.6713498294353485,-0.009069838130380955,1.0,10
gemini,en,food,fear,random,0.47905048429965974,-0.008883491205051535,1.0,10
gemini,en,food,fear,shuffled_emotion,0.5054397150874138,-0.007661859190557145,1.0,12
gemini,en,food,joy,emotion,0.4829649940133095,0.003693037875927975,1.0,12
gemini,en,food,joy,identity,0.6713498294353485,-0.013766900124028314,1.0,10
gemini,en,food,joy,random,0.4808934718370438,-0.01732212216593324,1.0,10
gemini,en,food,joy,shuffled_emotion,0.4870418384671211,-0.012974256253801275,1.0,12
gemini,en,food,love,emotion,0.4980618879199028,-0.0010841390467248853,1.0,13
gemini,en,food,love,identity,0.6713498294353485,-0.01611800700193269,1.0,10
gemini,en,food,love,random,0.4651110053062439,-0.01479822885012252,1.0,10
gemini,en,food,love,shuffled_emotion,0.4792322084307671,-0.004741431993897995,1.0,12
gemini,en,food,negative,emotion,0.5021114900708199,0.07289096713066097,1.0,11
gemini,en,food,negative,identity,0.6713498294353485,0.005332518927752975,1.0,10
gemini,en,food,negative,random,0.4654982596635818,0.012572246440686274,1.0,10
gemini,en,food,negative,shuffled_emotion,0.5013443142175674,0.03588906582444904,1.0,12
gemini,en,food,positive,emotion,0.4792322084307671,0.0018768590060062797,1.0,12
gemini,en,food,positive,identity,0.6713498294353485,-0.012246136215981064,1.0,10
gemini,en,food,positive,random,0.4724939316511154,-0.014479552628472414,1.0,10
gemini,en,food,positive,shuffled_emotion,0.5021114900708199,-0.01859665715601291,1.0,11
gemini,en,food,sadness,emotion,0.5013443142175674,0.028099762223428103,1.0,12
gemini,en,food,sadness,identity,0.6713498294353485,-0.002691515401238559,1.0,10
gemini,en,food,sadness,random,0.48385377526283263,-0.011543218657607185,1.0,10
gemini,en,food,sadness,shuffled_emotion,0.510932220518589,0.03573324168683027,1.0,12
gemini,en,object,amusement,emotion,0.49806147515773774,0.07447383198887106,1.0,12
gemini,en,object,amusement,identity,0.646011233329773,0.04801591346040363,1.0,10
gemini,en,object,amusement,random,0.4571162939071655,0.04801591346040363,1.0,10
gemini,en,object,amusement,shuffled_emotion,0.48404486626386645,0.06722643878310915,1.0,12
gemini,en,object,anger,emotion,0.4715845599770546,0.0822590258903801,1.0,13
gemini,en,object,anger,identity,0.646011233329773,0.0385857658460736,1.0,10
gemini,en,object,anger,random,0.4531977742910385,0.04316035332158205,1.0,10
gemini,en,object,anger,shuffled_emotion,0.46735639274120333,0.05373133467510338,1.0,12
gemini,en,object,disgust,emotion,0.4670956790447235,0.06898208158090706,1.0,12
gemini,en,object,disgust,identity,0.646011233329773,0.011096383119001975,1.0,10
gemini,en,object,disgust,random,0.46084797084331514,0.009258952317759389,1.0,10
gemini,en,object,disgust,shuffled_emotion,0.4803559362888336,0.02459292239509521,1.0,12
gemini,en,object,excitement,emotion,0.48404486626386645,0.07336467094719405,1.0,12
gemini,en,object,excitement,identity,0.646011233329773,0.05024723864626135,1.0,10
gemini,en,object,excitement,random,0.46568184792995454,0.0506308153038844,1.0,10
gemini,en,object,excitement,shuffled_emotion,0.4965567603707314,0.05804345661308612,1.0,12
gemini,en,object,fear,emotion,0.46735639274120333,0.06766505949199195,1.0,12
gemini,en,object,fear,identity,0.646011233329773,0.043402878893539255,1.0,10
gemini,en,object,fear,random,0.4699733108282089,0.04148497204296285,1.0,10
gemini,en,object,fear,shuffled_emotion,0.49806147515773774,0.05214660004712637,1.0,12
gemini,en,object,joy,emotion,0.4803559362888336,0.07699856385588641,1.0,12
gemini,en,object,joy,identity,0.646011233329773,0.05757495108991857,1.0,10
gemini,en,object,joy,random,0.46226421892642977,0.06089584305882449,1.0,10
gemini,en,object,joy,shuffled_emotion,0.4715845599770546,0.06103168204426762,1.0,13
gemini,en,object,love,emotion,0.4965567603707314,0.07187000764533873,1.0,12
gemini,en,object,love,identity,0.646011233329773,0.04970369208604092,1.0,10
gemini,en,object,love,random,0.45844770669937124,0.04741363180801267,1.0,10
gemini,en,object,love,shuffled_emotion,0.4795763552188873,0.0665548012591898,1.0,12
gemini,en,object,negative,emotion,0.46401009410619737,0.06797131670173254,1.0,12
gemini,en,object,negative,identity,0.646011233329773,0.01361815314739941,1.0,10
gemini,en,object,negative,random,0.463761305809021,0.017876435676589593,1.0,10
gemini,en,object,negative,shuffled_emotion,0.47595740109682083,0.04952607178129253,1.0,13
gemini,en,object,positive,emotion,0.4795763552188873,0.0876457097008824,1.0,12
gemini,en,object,positive,identity,0.646011233329773,0.07008049730211492,1.0,10
gemini,en,object,positive,random,0.459043425321579,0.06277202293276782,1.0,10
gemini,en,object,positive,shuffled_emotion,0.46401009410619737,0.07143792677670714,1.0,12
gemini,en,object,sadness,emotion,0.47595740109682083,0.06997772548347708,1.0,13
gemini,en,object,sadness,identity,0.646011233329773,0.03258933331817384,1.0,10
gemini,en,object,sadness,random,0.45246977508068087,0.029871058836579277,1.0,10
gemini,en,object,sadness,shuffled_emotion,0.4670956790447235,0.05902134487405415,1.0,12
gemini,en,person,amusement,emotion,0.4897715002298355,0.06205193819478151,1.0,11
gemini,en,person,amusement,identity,0.6379205048084259,0.03278642976656554,1.0,10
gemini,en,person,amusement,random,0.4568586409091949,0.03278642976656554,1.0,10
gemini,en,person,amusement,shuffled_emotion,0.48735495656728745,0.06648435322567817,1.0,12
gemini,en,person,anger,emotion,0.4792944476008415,0.09932375068310646,1.0,12
gemini,en,person,anger,identity,0.6379205048084259,-0.0029455846408381796,1.0,10
gemini,en,person,anger,random,0.45482294261455536,-0.0029455846408381796,1.0,10
gemini,en,person,anger,shuffled_emotion,0.4621359035372734,0.042027936200611286,1.0,13
gemini,en,person,disgust,emotion,0.4656655877828598,0.07063905762042848,1.0,12
gemini,en,person,disgust,identity,0.6379205048084259,-0.00247662814799694,1.0,10
gemini,en,person,disgust,random,0.45075455904006956,-0.009320251015014915,1.0,10
gemini,en,person,disgust,shuffled_emotion,0.4755437344312668,0.0029217797098681397,1.0,10
gemini,en,person,excitement,emotion,0.48735495656728745,0.07128375850152222,1.0,12
gemini,en,person,excitement,identity,0.6379205048084259,0.00842587349470703,1.0,10
gemini,en,person,excitement,random,0.4604605257511139,0.006960206781513975,1.0,10
gemini,en,person,excitement,shuffled_emotion,0.48023069351911546,0.017585623078048195,1.0,12
gemini,en,person,fear,emotion,0.4621359035372734,0.05965565554797647,1.0,13
gemini,en,person,fear,identity,0.6379205048084259,0.0009013534057885514,1.0,10
gemini,en,person,fear,random,0.4595488667488098,-0.0025554206455126248,1.0,10
gemini,en,person,fear,shuffled_emotion,0.4897715002298355,0.007068092585541303,1.0,11
gemini,en,person,joy,emotion,0.4755437344312668,0.05156859327107667,1.0,10
gemini,en,person,joy,identity,0.6379205048084259,0.00469551077112557,1.0,10
gemini,en,person,joy,random,0.4638253033161163,-0.00615700115449724,1.0,10
gemini,en,person,joy,shuffled_emotion,0.4792944476008415,0.02145619757939127,1.0,12
gemini,en,person,love,emotion,0.48023069351911546,0.03922005397034805,1.0,12
gemini,en,person,love,identity,0.6379205048084259,0.008795234968420095,1.0,10
gemini,en,person,love,random,0.44041151702404024,0.008795234968420097,1.0,10
gemini,en,person,love,shuffled_emotion,0.4750716120004654,0.019541855307761542,1.0,12
gemini,en,person,negative,emotion,0.4774327501654625,0.10392612810246644,1.0,12
gemini,en,person,negative,identity,0.6379205048084259,-0.00832555002998559,1.0,10
gemini,en,person,negative,random,0.4619062602519989,-0.00696288065519182,1.0,10
gemini,en,person,negative,shuffled_emotion,0.49203639924526216,0.05485511706210672,1.0,11
gemini,en,person,positive,emotion,0.4750716120004654,0.07283917109016326,1.0,12
gemini,en,person,positive,identity,0.6379205048084259,0.03027396413963284,1.0,10
gemini,en,person,positive,random,0.44699500501155853,0.03027396413963284,1.0,10
gemini,en,person,positive,shuffled_emotion,0.4774327501654625,0.04371606474742289,1.0,12
gemini,en,person,sadness,emotion,0.49203639924526216,0.081519998924341,1.0,11
gemini,en,person,sadness,identity,0.6379205048084259,-0.005132080463226875,1.0,10
gemini,en,person,sadness,random,0.4470402240753174,-0.005132080463226876,1.0,10
gemini,en,person,sadness,shuffled_emotion,0.4656655877828598,0.03206244361354035,1.0,12
gemini,en,place,amusement,emotion,0.46208483576774595,0.06059389016591008,1.0,12
gemini,en,place,amusement,identity,0.6081911742687225,0.04426135987741868,1.0,10
gemini,en,place,amusement,random,0.43117032051086424,0.04261711440049108,1.0,10
gemini,en,place,amusement,shuffled_emotion,0.4446434259414673,0.05655190027318892,1.0,12
gemini,en,place,anger,emotion,0.4480202183127403,0.07912482153624292,1.0,14
gemini,en,place,anger,identity,0.6081911742687225,0.03820001005660739,1.0,10
gemini,en,place,anger,random,0.43618265390396116,0.03874447371345011,1.0,10
gemini,en,place,anger,shuffled_emotion,0.44329825788736343,0.06824035206809635,1.0,14
gemini,en,place,disgust,emotion,0.45727089047431946,0.11059813778847452,1.0,13
gemini,en,place,disgust,identity,0.6081911742687225,0.048128640232607676,1.0,10
gemini,en,place,disgust,random,0.44259175658226013,0.05163898901082571,1.0,10
gemini,en,place,disgust,shuffled_emotion,0.4365537643432617,0.051506058825179904,1.0,12
gemini,en,place,excitement,emotion,0.4446434259414673,0.04057389443041752,1.0,12
gemini,en,place,excitement,identity,0.6081911742687225,0.022384774091187824,1.0,10
gemini,en,place,excitement,random,0.4231027662754059,0.02019131131237368,1.0,10
gemini,en,place,excitement,shuffled_emotion,0.45193363130092623,0.03869316738564517,1.0,14
gemini,en,place,fear,emotion,0.44329825788736343,0.07095260489732022,1.0,14
gemini,en,place,fear,identity,0.6081911742687225,0.030136078689247326,1.0,10
gemini,en,place,fear,random,0.4328152656555176,0.028081913199275686,1.0,10
gemini,en,place,fear,shuffled_emotion,0.46208483576774595,0.03313588695600624,1.0,12
gemini,en,place,joy,emotion,0.4365537643432617,0.03818422388285394,1.0,12
gemini,en,place,joy,identity,0.6081911742687225,0.014707592059858115,1.0,10
gemini,en,place,joy,random,0.42053860127925874,0.01414915609639134,1.0,10
gemini,en,place,joy,shuffled_emotion,0.4480202183127403,0.01500378740020095,1.0,14
gemini,en,place,love,emotion,0.45193363130092623,0.04907745278906073,1.0,14
gemini,en,place,love,identity,0.6081911742687225,0.005139172251801926,1.0,10
gemini,en,place,love,random,0.44035843312740325,0.010475905460771155,1.0,10
gemini,en,place,love,shuffled_emotion,0.42861794084310534,0.029984456719830604,1.0,12
gemini,en,place,negative,emotion,0.4468640685081482,0.09191560358740386,1.0,11
gemini,en,place,negative,identity,0.6081911742687225,0.029393334174528683,1.0,10
gemini,en,place,negative,random,0.43654799461364746,0.038707812735810844,1.0,10
gemini,en,place,negative,shuffled_emotion,0.4554275631904602,0.06467243279330429,1.0,12
gemini,en,place,positive,emotion,0.42861794084310534,0.01682075856951995,1.0,12
gemini,en,place,positive,identity,0.6081911742687225,-0.013464812806341781,1.0,10
gemini,en,place,positive,random,0.4290003925561905,-0.01247315503424031,1.0,10
gemini,en,place,positive,shuffled_emotion,0.4468640685081482,-0.012598049291409525,1.0,11
gemini,en,place,sadness,emotion,0.4554275631904602,0.06738392278784881,1.0,12
gemini,en,place,sadness,identity,0.6081911742687225,0.02285562246106562,1.0,10
gemini,en,place,sadness,random,0.4274368047714233,0.02438894095830616,1.0,10
gemini,en,place,sadness,shuffled_emotion,0.45727089047431946,0.06075183274224396,1.0,13
gemini,en,situation,amusement,emotion,0.4811720296740532,0.08358201012015337,1.0,15
gemini,en,situation,amusement,identity,0.6177749752998352,0.02827945335302498,1.0,10
gemini,en,situation,amusement,random,0.4277496874332428,0.03821215934585777,1.0,10
gemini,en,situation,amusement,shuffled_emotion,0.47974933683872223,0.0705369504168629,1.0,15
gemini,en,situation,anger,emotion,0.46644980162382127,0.050927094742655735,1.0,12
gemini,en,situation,anger,identity,0.6177749752998352,0.0356955625815317,1.0,10
gemini,en,situation,anger,random,0.4421718746423721,0.035101270372979325,1.0,10
gemini,en,situation,anger,shuffled_emotion,0.4545360878109932,0.03970542438328263,1.0,13
gemini,en,situation,disgust,emotion,0.45450989305973055,0.034447415219619824,1.0,12
gemini,en,situation,disgust,identity,0.6177749752998352,0.018710569734685094,1.0,10
gemini,en,situation,disgust,random,0.4347859352827072,0.011726042977534216,1.0,10
gemini,en,situation,disgust,shuffled_emotion,0.4770157665014267,0.013056611595675347,1.0,14
gemini,en,situation,excitement,emotion,0.47974933683872223,0.08284629099071023,1.0,15
gemini,en,situation,excitement,identity,0.6177749752998352,0.02675418276339766,1.0,10
gemini,en,situation,excitement,random,0.4489323556423187,0.011639427067711925,1.0,10
gemini,en,situation,excitement,shuffled_emotion,0.4712651684880257,0.03503968520089981,1.0,15
gemini,en,situation,fear,emotion,0.4545360878109932,0.0522954426007345,1.0,13
gemini,en,situation,fear,identity,0.6177749752998352,0.01865186460781841,1.0,10
gemini,en,situation,fear,random,0.44474086761474607,0.019227933371439566,1.0,10
gemini,en,situation,fear,shuffled_emotion,0.4811720296740532,0.038729926943778956,1.0,15
gemini,en,situation,joy,emotion,0.4770157665014267,0.11479364079423245,1.0,14
gemini,en,situation,joy,identity,0.6177749752998352,0.0384793973760679,1.0,10
gemini,en,situation,joy,random,0.4394690692424774,0.04770578660536554,1.0,10
gemini,en,situation,joy,shuffled_emotion,0.46644980162382127,0.04133915186394002,1.0,12
gemini,en,situation,love,emotion,0.4712651684880257,0.05749681536108252,1.0,15
gemini,en,situation,love,identity,0.6177749752998352,0.017349224747158554,1.0,10
gemini,en,situation,love,random,0.429356849193573,0.013646001718006995,1.0,10
gemini,en,situation,love,shuffled_emotion,0.46031104773283005,0.05133213477674868,1.0,14
gemini,en,situation,negative,emotion,0.4672552734613419,0.054420543834567035,1.0,14
gemini,en,situation,negative,identity,0.6177749752998352,0.03107810113579034,1.0,10
gemini,en,situation,negative,random,0.441142401099205,0.02033965773880481,1.0,10
gemini,en,situation,negative,shuffled_emotion,0.48335767686367037,0.0520809622481465,1.0,11
gemini,en,situation,positive,emotion,0.46031104773283005,0.0873614525189623,1.0,14
gemini,en,situation,positive,identity,0.6177749752998352,0.013124133716337366,1.0,10
gemini,en,situation,positive,random,0.44128692150115967,0.013327759760431929,1.0,10
gemini,en,situation,positive,shuffled_emotion,0.4672552734613419,0.017176229436881817,1.0,14
gemini,en,situation,sadness,emotion,0.48335767686367037,0.0635279623791575,1.0,11
gemini,en,situation,sadness,identity,0.6177749752998352,0.038354443688876916,1.0,10
gemini,en,situation,sadness,random,0.4406783938407898,0.02254875397775323,1.0,10
gemini,en,situation,sadness,shuffled_emotion,0.45450989305973055,0.05261209034360943,1.0,12
gemini,pl,food,amusement,emotion,0.560105848312378,0.008293390925973655,1.0,11
gemini,pl,food,amusement,identity,0.730197525024414,0.0009618382435292151,1.0,10
gemini,pl,food,amusement,random,0.5054398149251937,0.0017749838065356151,1.0,10
gemini,pl,food,amusement,shuffled_emotion,0.5488895773887634,0.009504852071404455,1.0,11
gemini,pl,food,anger,emotion,0.547407628595829,0.013667013938538725,1.0,12
gemini,pl,food,anger,identity,0.730197525024414,-5.75882615521401e-05,1.0,10
gemini,pl,food,anger,random,0.5042147397994995,0.00384819169994444,1.0,10
gemini,pl,food,anger,shuffled_emotion,0.528872837126255,0.013824654952622955,1.0,12
gemini,pl,food,disgust,emotion,0.5704586893320084,0.05200599629897621,1.0,11
gemini,pl,food,disgust,identity,0.730197525024414,0.008404225693084296,1.0,10
gemini,pl,food,disgust,random,0.5090430706739426,0.023269930505193763,1.0,10
gemini,pl,food,disgust,shuffled_emotion,0.5656318604946137,0.013345911190845074,1.0,10
gemini,pl,food,excitement,emotion,0.5488895773887634,-0.00443523552385158,1.0,11
gemini,pl,food,excitement,identity,0.730197525024414,-0.021750597539357812,1.0,10
gemini,pl,food,excitement,random,0.5060931861400604,-0.021057458198629288,1.0,10
gemini,pl,food,excitement,shuffled_emotion,0.567259207367897,-0.020217821188271014,1.0,13
gemini,pl,food,fear,emotion,0.528872837126255,0.021856522420421236,1.0,12
gemini,pl,food,fear,identity,0.730197525024414,-0.0004452896770089802,1.0,10
gemini,pl,food,fear,random,0.5288920640945435,0.0021916790050454443,1.0,10
gemini,pl,food,fear,shuffled_emotion,0.560105848312378,0.003991174977272751,1.0,11
gemini,pl,food,joy,emotion,0.5656318604946137,0.006170663004741071,1.0,10
gemini,pl,food,joy,identity,0.730197525024414,-0.004149872763082373,1.0,10
gemini,pl,food,joy,random,0.5068580120801925,-0.0030102005694061388,1.0,10
gemini,pl,food,joy,shuffled_emotion,0.547407628595829,-0.0025945976842194685,1.0,12
gemini,pl,food,love,emotion,0.567259207367897,0.0245812115492299,1.0,13
gemini,pl,food,love,identity,0.730197525024414,0.01823969553224741,1.0,10
gemini,pl,food,love,random,0.5268211096525193,0.01604271582327782,1.0,10
gemini,pl,food,love,shuffled_emotion,0.589698189496994,0.020528779807500525,1.0,12
gemini,pl,food,negative,emotion,0.6018009036779404,0.06125335262622681,1.0,12
gemini,pl,food,negative,identity,0.730197525024414,0.017973938980139798,1.0,10
gemini,pl,food,negative,random,0.5054834693670273,0.02089425225276501,1.0,10
gemini,pl,food,negative,shuffled_emotion,0.5526806846261024,0.03768829696346073,1.0,13
gemini,pl,food,positive,emotion,0.589698189496994,0.008638621540740115,1.0,12
gemini,pl,food,positive,identity,0.730197525024414,0.0012051641475409193,1.0,10
gemini,pl,food,positive,random,0.5118421107530594,-0.0005265075713396104,1.0,10
gemini,pl,food,positive,shuffled_emotion,0.6018009036779404,-0.00617335150018334,1.0,12
gemini,pl,food,sadness,emotion,0.5526806846261024,0.03636009643669236,1.0,13
gemini,pl,food,sadness,identity,0.730197525024414,0.01406119765597394,1.0,10
gemini,pl,food,sadness,random,0.523589912056923,0.020126038667513023,1.0,10
gemini,pl,food,sadness,shuffled_emotion,0.5704586893320084,0.036763335834257255,1.0,11
gemini,pl,object,amusement,emotion,0.5565802693367005,0.10983765292912717,1.0,11
gemini,pl,object,amusement,identity,0.6909459948539733,0.06878149625845249,1.0,10
gemini,pl,object,amusement,random,0.4950898945331573,0.06878149625845249,1.0,10
gemini,pl,object,amusement,shuffled_emotion,0.5428896486759186,0.09657770111225542,1.0,12
gemini,pl,object,anger,emotion,0.5329983562231064,0.06734599508345122,1.0,14
gemini,pl,object,anger,identity,0.6909459948539733,0.048338411189615696,1.0,10
gemini,pl,object,anger,random,0.490565225481987,0.054936047270894,1.0,10
gemini,pl,object,anger,shuffled_emotion,0.521423052251339,0.0674582682549953,1.0,16
gemini,pl,object,disgust,emotion,0.5319591253995896,0.06427346802665848,1.0,11
gemini,pl,object,disgust,identity,0.6909459948539733,0.022130134404869724,1.0,10
gemini,pl,object,disgust,random,0.49022077023983,0.02694051785510962,1.0,10
gemini,pl,object,disgust,shuffled_emotion,0.5596165299415589,0.03797594108036716,1.0,12
gemini,pl,object,excitement,emotion,0.5428896486759186,0.07533669639378782,1.0,12
gemini,pl,object,excitement,identity,0.6909459948539733,0.0619256036356091,1.0,10
gemini,pl,object,excitement,random,0.4998989522457123,0.0643601812422275,1.0,10
gemini,pl,object,excitement,shuffled_emotion,0.5581150501966476,0.07187704034149642,1.0,12
gemini,pl,object,fear,emotion,0.521423052251339,0.09081403133459384,1.0,16
gemini,pl,object,fear,identity,0.6909459948539733,0.05622384505113583,1.0,10
gemini,pl,object,fear,random,0.46870253682136537,0.05455042620887975,1.0,10
gemini,pl,object,fear,shuffled_emotion,0.5565802693367005,0.05377519526518877,1.0,11
gemini,pl,object,joy,emotion,0.5596165299415589,0.09701501559466119,1.0,12
gemini,pl,object,joy,identity,0.6909459948539733,0.07755197277292605,1.0,10
gemini,pl,object,joy,random,0.48415820896625517,0.08793436354026193,1.0,10
gemini,pl,object,joy,shuffled_emotion,0.5329983562231064,0.08765375521033997,1.0,14
gemini,pl,object,love,emotion,0.5581150501966476,0.08994656838476653,1.0,12
gemini,pl,object,love,identity,0.6909459948539733,0.05606513266684483,1.0,10
gemini,pl,object,love,random,0.4864416778087616,0.06263255306985224,1.0,10
gemini,pl,object,love,shuffled_emotion,0.5676554948091507,0.06479204781353468,1.0,12
gemini,pl,object,negative,emotion,0.5695432603359223,0.07768414379097519,1.0,13
gemini,pl,object,negative,identity,0.6909459948539733,0.0238773806602694,1.0,10
gemini,pl,object,negative,random,0.490547177195549,0.030693592701572903,1.0,10
gemini,pl,object,negative,shuffled_emotion,0.5383341610431671,0.05365551417926323,1.0,14
gemini,pl,object,positive,emotion,0.5676554948091507,0.05302516007795925,1.0,12
gemini,pl,object,positive,identity,0.6909459948539733,0.036114328308030914,1.0,10
gemini,pl,object,positive,random,0.4895168364048004,0.04043118110857899,1.0,10
gemini,pl,object,positive,shuffled_emotion,0.5695432603359223,0.05071200538077388,1.0,13
gemini,pl,object,sadness,emotion,0.5383341610431671,0.09408206846565004,1.0,14
gemini,pl,object,sadness,identity,0.6909459948539733,0.055625904491171184,1.0,10
gemini,pl,object,sadness,random,0.4866498112678528,0.055625904491171184,1.0,10
gemini,pl,object,sadness,shuffled_emotion,0.5319591253995896,0.07620433196425433,1.0,11
gemini,pl,person,amusement,emotion,0.5174739837646485,0.04555733995512125,1.0,12
gemini,pl,person,amusement,identity,0.6703517854213714,-0.016514911316335198,1.0,10
gemini,pl,person,amusement,random,0.4895278334617615,-0.00023568319156766943,1.0,10
gemini,pl,person,amusement,shuffled_emotion,0.5214956119656563,0.045992626156657904,1.0,12
gemini,pl,person,anger,emotion,0.5149784162640572,0.07067330055870111,1.0,12
gemini,pl,person,anger,identity,0.6703517854213714,0.002371052396483696,1.0,10
gemini,pl,person,anger,random,0.4692653208971024,0.00383403731975702,1.0,10
gemini,pl,person,anger,shuffled_emotion,0.4913943439722061,0.059666851861402345,1.0,13
gemini,pl,person,disgust,emotion,0.530327832698822,0.10044826013036068,1.0,11
gemini,pl,person,disgust,identity,0.6703517854213714,-0.0030356764793395994,1.0,10
gemini,pl,person,disgust,random,0.46260534822940824,-0.00429144748486578,1.0,10
gemini,pl,person,disgust,shuffled_emotion,0.5319776713848114,0.02074564239010211,1.0,12
gemini,pl,person,excitement,emotion,0.5214956119656563,0.05004405491054057,1.0,12
gemini,pl,person,excitement,identity,0.6703517854213714,-0.02036183215677736,1.0,10
gemini,pl,person,excitement,random,0.4657974183559418,-0.02036183215677736,1.0,10
gemini,pl,person,excitement,shuffled_emotion,0.5363006547093392,0.026638315245509147,1.0,12
gemini,pl,person,fear,emotion,0.4913943439722061,0.059355824068188644,1.0,13
gemini,pl,person,fear,identity,0.6703517854213714,-0.004594611306674776,1.0,10
gemini,pl,person,fear,random,0.46627711653709414,-0.004151217103935775,1.0,10
gemini,pl,person,fear,shuffled_emotion,0.5174739837646485,0.014014284964650865,1.0,12
gemini,pl,person,joy,emotion,0.5319776713848114,0.03880452255252746,1.0,12
gemini,pl,person,joy,identity,0.6703517854213714,-0.019928025663830347,1.0,10
gemini,pl,person,joy,random,0.48546813130378724,-0.025025633559562267,1.0,10
gemini,pl,person,joy,shuffled_emotion,0.5149784162640572,0.008949950640089806,1.0,12
gemini,pl,person,love,emotion,0.5363006547093392,0.0739415644202381,1.0,12
gemini,pl,person,love,identity,0.6703517854213714,0.031305818632245054,1.0,10
gemini,pl,person,love,random,0.4685650885105133,0.014186212280765179,1.0,10
gemini,pl,person,love,shuffled_emotion,0.5489593565464019,0.060548403114080385,1.0,11
gemini,pl,person,negative,emotion,0.5618968784809113,0.10374083830974992,1.0,12
gemini,pl,person,negative,identity,0.6703517854213714,0.0010531811160035352,1.0,10
gemini,pl,person,negative,random,0.47424176931381223,0.01621801478322594,1.0,10
gemini,pl,person,negative,shuffled_emotion,0.5104264214634895,0.06343137557851145,1.0,14
gemini,pl,person,positive,emotion,0.5489593565464019,0.038217012817040076,1.0,11
gemini,pl,person,positive,identity,0.6703517854213714,-0.008265594858676176,1.0,10
gemini,pl,person,positive,random,0.4621602356433868,-0.020238513522781415,1.0,10
gemini,pl,person,positive,shuffled_emotion,0.5618968784809113,-0.0066464174538850545,1.0,12
gemini,pl,person,sadness,emotion,0.5104264214634895,0.0735899164807051,1.0,14
gemini,pl,person,sadness,identity,0.6703517854213714,-0.001598629332147545,1.0,10
gemini,pl,person,sadness,random,0.4750045627355576,-0.0008298428030684603,1.0,10
gemini,pl,person,sadness,shuffled_emotion,0.530327832698822,0.043445437634363746,1.0,11
gemini,pl,place,amusement,emotion,0.5275825828313827,0.028751908708363742,1.0,13
gemini,pl,place,amusement,identity,0.694973349571228,0.016103743948042395,1.0,10
gemini,pl,place,amusement,random,0.4943289071321487,0.015396419772878289,1.0,10
gemini,pl,place,amusement,shuffled_emotion,0.5291694849729538,0.01864764080382883,1.0,13
gemini,pl,place,anger,emotion,0.5209493666887284,0.037711753370240284,1.0,14
gemini,pl,place,anger,identity,0.694973349571228,0.012306562904268476,1.0,10
gemini,pl,place,anger,random,0.4957414597272873,0.011865877825766764,1.0,10
gemini,pl,place,anger,shuffled_emotion,0.5095713064074516,0.0340247808489948,1.0,14
gemini,pl,place,disgust,emotion,0.5323027551174164,0.06683865240775046,1.0,11
gemini,pl,place,disgust,identity,0.694973349571228,0.026326658879406727,1.0,10
gemini,pl,place,disgust,random,0.49937180876731874,0.02125002520624546,1.0,10
gemini,pl,place,disgust,shuffled_emotion,0.5396024689078331,0.023722253227606384,1.0,13
gemini,pl,place,excitement,emotion,0.5291694849729538,0.02742430930957195,1.0,13
gemini,pl,place,excitement,identity,0.694973349571228,0.023108299635350677,1.0,10
gemini,pl,place,excitement,random,0.47604621052742,0.023111496632918678,1.0,10
gemini,pl,place,excitement,shuffled_emotion,0.5323209971189499,0.027778812195174356,1.0,13
gemini,pl,place,fear,emotion,0.5095713064074516,0.05853405827656385,1.0,14
gemini,pl,place,fear,identity,0.694973349571228,0.022097860812209526,1.0,10
gemini,pl,place,fear,random,0.49898959696292877,0.02064131433144211,1.0,10
gemini,pl,place,fear,shuffled_emotion,0.5275825828313827,0.027846438251435745,1.0,13
gemini,pl,place,joy,emotion,0.5396024689078331,0.011985672311857324,1.0,13
gemini,pl,place,joy,identity,0.694973349571228,0.0034919521771371253,1.0,10
gemini,pl,place,joy,random,0.48732352554798125,-0.0012247224105522096,1.0,10
gemini,pl,place,joy,shuffled_emotion,0.5209493666887284,0.00558710498735307,1.0,14
gemini,pl,place,love,emotion,0.5323209971189499,0.00433946708217262,1.0,13
gemini,pl,place,love,identity,0.694973349571228,-0.010207500169053672,1.0,10
gemini,pl,place,love,random,0.4877169758081436,-0.00994000355713069,1.0,10
gemini,pl,place,love,shuffled_emotion,0.5632154375314713,-0.009425664087757465,1.0,12
gemini,pl,place,negative,emotion,0.5651432543992996,0.07331523178145286,1.0,13
gemini,pl,place,negative,identity,0.694973349571228,0.02769839050015433,1.0,10
gemini,pl,place,negative,random,0.4918267846107483,0.034812834335025376,1.0,10
gemini,pl,place,negative,shuffled_emotion,0.530819970369339,0.04218271177960557,1.0,14
gemini,pl,place,positive,emotion,0.5632154375314713,0.025211289501748956,1.0,12
gemini,pl,place,positive,identity,0.694973349571228,0.00522748813964426,1.0,10
gemini,pl,place,positive,random,0.4792695105075836,-0.0002538296859711347,1.0,10
gemini,pl,place,positive,shuffled_emotion,0.5651432543992996,2.57014296949052e-05,1.0,13
gemini,pl,place,sadness,emotion,0.530819970369339,0.06473453668877478,1.0,14
gemini,pl,place,sadness,identity,0.694973349571228,0.04291356003377582,1.0,10
gemini,pl,place,sadness,random,0.503655132651329,0.026646500988863377,1.0,10
gemini,pl,place,sadness,shuffled_emotion,0.5323027551174164,0.05707612289115781,1.0,11
gemini,pl,situation,amusement,emotion,0.5560083568096161,0.0920636752620339,1.0,11
gemini,pl,situation,amusement,identity,0.6887045741081238,0.057603268371894924,1.0,10
gemini,pl,situation,amusement,random,0.492522132396698,0.057603268371894924,1.0,10
gemini,pl,situation,amusement,shuffled_emotion,0.5460673421621323,0.07433325657621022,1.0,13
gemini,pl,situation,anger,emotion,0.5356834083795547,0.0462733763735741,1.0,11
gemini,pl,situation,anger,identity,0.6887045741081238,0.039582729921676184,1.0,10
gemini,pl,situation,anger,random,0.47591184079647064,0.03646496899891641,1.0,10
gemini,pl,situation,anger,shuffled_emotion,0.5019508853554726,0.03943350643385199,1.0,13
gemini,pl,situation,disgust,emotion,0.5469458550214767,0.08824561946094031,1.0,11
gemini,pl,situation,disgust,identity,0.6887045741081238,0.0642816704930737,1.0,10
gemini,pl,situation,disgust,random,0.49049234986305235,0.0642816704930737,1.0,10
gemini,pl,situation,disgust,shuffled_emotion,0.5568597108125687,0.04949550777673716,1.0,14
gemini,pl,situation,excitement,emotion,0.5460673421621323,0.05723590792622414,1.0,13
gemini,pl,situation,excitement,identity,0.6887045741081238,0.032838332629762566,1.0,10
gemini,pl,situation,excitement,random,0.480594539642334,0.035421409341506636,1.0,10
gemini,pl,situation,excitement,shuffled_emotion,0.5451469272375107,0.04337850061710921,1.0,13
gemini,pl,situation,fear,emotion,0.5019508853554726,0.019545218115672443,1.0,13
gemini,pl,situation,fear,identity,0.6887045741081238,0.0035285977181047103,1.0,10
gemini,pl,situation,fear,random,0.4868923395872116,0.0016356090549379556,1.0,10
gemini,pl,situation,fear,shuffled_emotion,0.5560083568096161,-0.00582130849361419,1.0,11
gemini,pl,situation,joy,emotion,0.5568597108125687,0.0709795684786513,1.0,14
gemini,pl,situation,joy,identity,0.6887045741081238,0.03928906040382567,1.0,10
gemini,pl,situation,joy,random,0.48648254573345184,0.03928906040382567,1.0,10
gemini,pl,situation,joy,shuffled_emotion,0.5356834083795547,0.042627534252824215,1.0,11
gemini,pl,situation,love,emotion,0.5451469272375107,0.05156470322981473,1.0,13
gemini,pl,situation,love,identity,0.6887045741081238,0.025293661863543045,1.0,10
gemini,pl,situation,love,random,0.4732541501522064,0.028120838501490608,1.0,10
gemini,pl,situation,love,shuffled_emotion,0.5695808887481689,0.026895588403567632,1.0,14
gemini,pl,situation,negative,emotion,0.5722770005464554,0.053714530286379125,1.0,13
gemini,pl,situation,negative,identity,0.6887045741081238,0.037019783514551804,1.0,10
gemini,pl,situation,negative,random,0.49966298043727875,0.037019783514551804,1.0,10
gemini,pl,situation,negative,shuffled_emotion,0.5337033301591874,0.049812023597769414,1.0,12
gemini,pl,situation,positive,emotion,0.5695808887481689,0.06045660569798197,1.0,14
gemini,pl,situation,positive,identity,0.6887045741081238,0.025526946573518183,1.0,10
gemini,pl,situation,positive,random,0.4787486970424652,0.023228515475057034,1.0,10
gemini,pl,situation,positive,shuffled_emotion,0.5722770005464554,0.016923172608949218,1.0,13
gemini,pl,situation,sadness,emotion,0.5337033301591874,0.052677940903231454,1.0,12
gemini,pl,situation,sadness,identity,0.6887045741081238,0.03535234313458202,1.0,10
gemini,pl,situation,sadness,random,0.4826648533344269,0.03535234313458202,1.0,10
gemini,pl,situation,sadness,shuffled_emotion,0.5469458550214767,0.03952494035474952,1.0,11
gemini,zh,food,amusement,emotion,0.5650169134140015,0.024154961819294805,1.0,10
gemini,zh,food,amusement,identity,0.7082806348800659,0.00923927117837591,1.0,10
gemini,zh,food,amusement,random,0.5112380772829056,0.007567966671194864,1.0,10
gemini,zh,food,amusement,shuffled_emotion,0.5543511182069778,0.0185972999082878,1.0,11
gemini,zh,food,anger,emotion,0.5291204988956452,0.027224378031678476,1.0,11
gemini,zh,food,anger,identity,0.7082806348800659,0.001981951645575465,1.0,10
gemini,zh,food,anger,random,0.5013473868370056,0.006695705442689351,1.0,10
gemini,zh,food,anger,shuffled_emotion,0.5280768498778343,0.016772725875489405,1.0,11
gemini,zh,food,disgust,emotion,0.560855609178543,0.08635061352979388,1.0,12
gemini,zh,food,disgust,identity,0.7082806348800659,0.03097337854560465,1.0,10
gemini,zh,food,disgust,random,0.4974862694740295,0.019817539560608565,1.0,10
gemini,zh,food,disgust,shuffled_emotion,0.5479622602462768,0.018934027175419033,1.0,11
gemini,zh,food,excitement,emotion,0.5543511182069778,0.03584288265556095,1.0,11
gemini,zh,food,excitement,identity,0.7082806348800659,0.021069863694719953,1.0,10
gemini,zh,food,excitement,random,0.5025784552097321,0.027720077801495775,1.0,10
gemini,zh,food,excitement,shuffled_emotion,0.547009588778019,0.027776477811858047,1.0,12
gemini,zh,food,fear,emotion,0.5280768498778343,0.028323672013357237,1.0,11
gemini,zh,food,fear,identity,0.7082806348800659,0.007825911184772844,1.0,10
gemini,zh,food,fear,random,0.4970730781555176,0.011062479903921469,1.0,10
gemini,zh,food,fear,shuffled_emotion,0.5650169134140015,0.013252592505887135,1.0,10
gemini,zh,food,joy,emotion,0.5479622602462768,0.015955282165668886,1.0,11
gemini,zh,food,joy,identity,0.7082806348800659,0.00047936083283274457,1.0,10
gemini,zh,food,joy,random,0.4948347002267838,-0.0012174479896202705,1.0,10
gemini,zh,food,joy,shuffled_emotion,0.5291204988956452,-0.003351620049215835,1.0,11
gemini,zh,food,love,emotion,0.547009588778019,0.011152794770896415,1.0,12
gemini,zh,food,love,identity,0.7082806348800659,0.006635439349338396,1.0,10
gemini,zh,food,love,random,0.49825326502323153,0.00783700400497762,1.0,10
gemini,zh,food,love,shuffled_emotion,0.5547480970621109,0.008620048081502305,1.0,11
gemini,zh,food,negative,emotion,0.5758566290140152,0.09991776861716059,1.0,10
gemini,zh,food,negative,identity,0.7082806348800659,0.035359724285081016,1.0,10
gemini,zh,food,negative,random,0.49603486955165865,0.03743512013461439,1.0,10
gemini,zh,food,negative,shuffled_emotion,0.5678551703691482,0.07094510415336114,1.0,12
gemini,zh,food,positive,emotion,0.5547480970621109,0.0078840757254511,1.0,11
gemini,zh,food,positive,identity,0.7082806348800659,-0.0020009111962281,1.0,10
gemini,zh,food,positive,random,0.5017314046621323,0.0006309586577117501,1.0,10
gemini,zh,food,positive,shuffled_emotion,0.5758566290140152,-0.005592336994595825,1.0,10
gemini,zh,food,sadness,emotion,0.5678551703691482,0.09799399385228749,1.0,12
gemini,zh,food,sadness,identity,0.7082806348800659,0.06977973496541376,1.0,10
gemini,zh,food,sadness,random,0.4994006961584091,0.06640502279624338,1.0,10
gemini,zh,food,sadness,shuffled_emotion,0.560855609178543,0.10218844125047322,1.0,12
gemini,zh,object,amusement,emotion,0.5235657900571823,0.046853488078340846,1.0,14
gemini,zh,object,amusement,identity,0.6528147518634796,0.02477747737430034,1.0,10
gemini,zh,object,amusement,random,0.45748036205768583,0.020203787926584466,1.0,10
gemini,zh,object,amusement,shuffled_emotion,0.5106000557541848,0.03583930430468168,1.0,12
gemini,zh,object,anger,emotion,0.48625085949897767,0.04380286168307062,1.0,12
gemini,zh,object,anger,identity,0.6528147518634796,0.02063082845415918,1.0,10
gemini,zh,object,anger,random,0.4533286660909653,0.01907473246101288,1.0,10
gemini,zh,object,anger,shuffled_emotion,0.486055526137352,0.04162393808364864,1.0,12
gemini,zh,object,disgust,emotion,0.49120301604270933,0.046733036730438424,1.0,10
gemini,zh,object,disgust,identity,0.6528147518634796,0.005675484705716345,1.0,10
gemini,zh,object,disgust,random,0.4613545656204224,0.0018477171193808152,1.0,10
gemini,zh,object,disgust,shuffled_emotion,0.5083245992660522,0.022285394312348182,1.0,11
gemini,zh,object,excitement,emotion,0.5106000557541848,0.04967969506978985,1.0,12
gemini,zh,object,excitement,identity,0.6528147518634796,0.02632247263099994,1.0,10
gemini,zh,object,excitement,random,0.4648890644311905,0.0350073293317109,1.0,10
gemini,zh,object,excitement,shuffled_emotion,0.5064109474420547,0.04514429012779143,1.0,14
gemini,zh,object,fear,emotion,0.486055526137352,0.0552856531925499,1.0,12
gemini,zh,object,fear,identity,0.6528147518634796,0.020234804996289296,1.0,10
gemini,zh,object,fear,random,0.4589929163455963,0.030240838439203777,1.0,10
gemini,zh,object,fear,shuffled_emotion,0.5235657900571823,0.023922174447216067,1.0,14
gemini,zh,object,joy,emotion,0.5083245992660522,0.043927309045102406,1.0,11
gemini,zh,object,joy,identity,0.6528147518634796,0.02302090307930481,1.0,10
gemini,zh,object,joy,random,0.45147804319858553,0.026343410031404325,1.0,10
gemini,zh,object,joy,shuffled_emotion,0.48625085949897767,0.03175629021134223,1.0,12
gemini,zh,object,love,emotion,0.5064109474420547,0.028211172053124733,1.0,14
gemini,zh,object,love,identity,0.6528147518634796,-0.01010490296175701,1.0,10
gemini,zh,object,love,random,0.4644956350326538,-0.0039236563607118954,1.0,10
gemini,zh,object,love,shuffled_emotion,0.5154612213373184,0.002600950037594884,1.0,11
gemini,zh,object,negative,emotion,0.514282351732254,0.06773865032009777,1.0,11
gemini,zh,object,negative,identity,0.6528147518634796,0.0201739402953535,1.0,10
gemini,zh,object,negative,random,0.46516521871089933,0.020718224020674796,1.0,10
gemini,zh,object,negative,shuffled_emotion,0.5071257576346397,0.05691421790979798,1.0,11
gemini,zh,object,positive,emotion,0.5154612213373184,0.02271155281923708,1.0,11
gemini,zh,object,positive,identity,0.6528147518634796,0.01136227431707082,1.0,10
gemini,zh,object,positive,random,0.46617590487003324,0.016773173213005036,1.0,10
gemini,zh,object,positive,shuffled_emotion,0.514282351732254,0.008738578809425204,1.0,11
gemini,zh,object,sadness,emotion,0.5071257576346397,0.08399832453578707,1.0,11
gemini,zh,object,sadness,identity,0.6528147518634796,0.02905791709199545,1.0,10
gemini,zh,object,sadness,random,0.4673929214477539,0.03213648525997993,1.0,10
gemini,zh,object,sadness,shuffled_emotion,0.49120301604270933,0.06408762326464053,1.0,10
gemini,zh,person,amusement,emotion,0.5343741580843926,0.06344103899318722,1.0,12
gemini,zh,person,amusement,identity,0.6671766877174378,0.01711514040362086,1.0,10
gemini,zh,person,amusement,random,0.47833581566810607,0.02376566666644063,1.0,10
gemini,zh,person,amusement,shuffled_emotion,0.5284152925014496,0.057638605800457265,1.0,12
gemini,zh,person,anger,emotion,0.5207528933882714,0.10878411147277797,1.0,12
gemini,zh,person,anger,identity,0.6671766877174378,-0.00758664486929774,1.0,10
gemini,zh,person,anger,random,0.46589456498622894,-0.00631475483532995,1.0,10
gemini,zh,person,anger,shuffled_emotion,0.5110042363405227,0.08263506132643668,1.0,11
gemini,zh,person,disgust,emotion,0.5271664008498191,0.11741865122457962,1.0,11
gemini,zh,person,disgust,identity,0.6671766877174378,0.0034393854439258354,1.0,10
gemini,zh,person,disgust,random,0.47593877017498015,0.00851625979412345,1.0,10
gemini,zh,person,disgust,shuffled_emotion,0.5259146392345428,0.015180326800327729,1.0,12
gemini,zh,person,excitement,emotion,0.5284152925014496,0.05896393778966737,1.0,12
gemini,zh,person,excitement,identity,0.6671766877174378,0.004687505692709225,1.0,10
gemini,zh,person,excitement,random,0.47501063644886016,0.01763495394261552,1.0,10
gemini,zh,person,excitement,shuffled_emotion,0.5123839899897575,0.026112494489643694,1.0,14
gemini,zh,person,fear,emotion,0.5110042363405227,0.10233059506863351,1.0,11
gemini,zh,person,fear,identity,0.6671766877174378,0.011026495532132658,1.0,10
gemini,zh,person,fear,random,0.46495673060417175,0.017440179619006783,1.0,10
gemini,zh,person,fear,shuffled_emotion,0.5343741580843926,0.019353641057386968,1.0,12
gemini,zh,person,joy,emotion,0.5259146392345428,0.06328111209440974,1.0,12
gemini,zh,person,joy,identity,0.6671766877174378,0.010343008185736826,1.0,10
gemini,zh,person,joy,random,0.48199874460697173,0.04096376220695673,1.0,10
gemini,zh,person,joy,shuffled_emotion,0.5207528933882714,0.034757081419229466,1.0,12
gemini,zh,person,love,emotion,0.5123839899897575,0.02745261844247577,1.0,14
gemini,zh,person,love,identity,0.6671766877174378,0.007064602803438879,1.0,10
gemini,zh,person,love,random,0.4736847668886185,0.0022228583693504195,1.0,10
gemini,zh,person,love,shuffled_emotion,0.5322721570730209,0.01753635797649619,1.0,11
gemini,zh,person,negative,emotion,0.5379168182611466,0.1417798120528459,1.0,11
gemini,zh,person,negative,identity,0.6671766877174378,0.019973270385526085,1.0,10
gemini,zh,person,negative,random,0.47104026675224303,0.024672724702395454,1.0,10
gemini,zh,person,negative,shuffled_emotion,0.5294033363461494,0.08855502086225893,1.0,11
gemini,zh,person,positive,emotion,0.5322721570730209,0.061349149956367865,1.0,11
gemini,zh,person,positive,identity,0.6671766877174378,0.019491759571246776,1.0,10
gemini,zh,person,positive,random,0.45315044820308686,0.017012070654891402,1.0,10
gemini,zh,person,positive,shuffled_emotion,0.5379168182611466,0.03159479349851605,1.0,11
gemini,zh,person,sadness,emotion,0.5294033363461494,0.09520993928890673,1.0,11
gemini,zh,person,sadness,identity,0.6671766877174378,0.01397880099248138,1.0,10
gemini,zh,person,sadness,random,0.46334235966205595,0.01397880099248138,1.0,10
gemini,zh,person,sadness,shuffled_emotion,0.5271664008498191,0.05782398034352805,1.0,11
gemini,zh,place,amusement,emotion,0.5061222940683365,0.06282284711487587,1.0,13
gemini,zh,place,amusement,identity,0.6322934567928314,0.026822919631376833,1.0,10
gemini,zh,place,amusement,random,0.44806258380413055,0.026980079943314177,1.0,10
gemini,zh,place,amusement,shuffled_emotion,0.4861468583345413,0.05431971931830045,1.0,15
gemini,zh,place,anger,emotion,0.4762800961732864,0.08308888678438958,1.0,12
gemini,zh,place,anger,identity,0.6322934567928314,0.03058156275656071,1.0,10
gemini,zh,place,anger,random,0.44566517770290376,0.03225267536472525,1.0,10
gemini,zh,place,anger,shuffled_emotion,0.47648501098155976,0.07040005605667825,1.0,12
gemini,zh,place,disgust,emotion,0.4809942960739136,0.07267498883884396,1.0,11
gemini,zh,place,disgust,identity,0.6322934567928314,0.01419897302985188,1.0,10
gemini,zh,place,disgust,random,0.4480640202760696,0.024807201675139334,1.0,10
gemini,zh,place,disgust,shuffled_emotion,0.4910387471318245,0.026425023353658574,1.0,16
gemini,zh,place,excitement,emotion,0.4861468583345413,0.04178846594877536,1.0,15
gemini,zh,place,excitement,identity,0.6322934567928314,0.0027708658017217896,1.0,10
gemini,zh,place,excitement,random,0.4571984499692917,0.01080496939830479,1.0,10
gemini,zh,place,excitement,shuffled_emotion,0.486821810901165,0.014798930892720791,1.0,14
gemini,zh,place,fear,emotion,0.47648501098155976,0.06513300733640784,1.0,12
gemini,zh,place,fear,identity,0.6322934567928314,0.0117451093625277,1.0,10
gemini,zh,place,fear,random,0.45477097630500796,0.0074001411441713405,1.0,10
gemini,zh,place,fear,shuffled_emotion,0.5061222940683365,0.01696735504083332,1.0,13
gemini,zh,place,joy,emotion,0.4910387471318245,0.05322581129148598,1.0,16
gemini,zh,place,joy,identity,0.6322934567928314,0.0166564555838704,1.0,10
gemini,zh,place,joy,random,0.4514364004135132,0.0212994967587292,1.0,10
gemini,zh,place,joy,shuffled_emotion,0.4762800961732864,0.023723881412297455,1.0,12
gemini,zh,place,love,emotion,0.486821810901165,0.03317880362737918,1.0,14
gemini,zh,place,love,identity,0.6322934567928314,0.012227996694855364,1.0,10
gemini,zh,place,love,random,0.4549843490123749,0.010802019899710994,1.0,10
gemini,zh,place,love,shuffled_emotion,0.49171267747879027,0.02434423808008429,1.0,16
gemini,zh,place,negative,emotion,0.5014836132526398,0.08184673269279297,1.0,11
gemini,zh,place,negative,identity,0.6322934567928314,0.007452900556381779,1.0,10
gemini,zh,place,negative,random,0.45343961715698244,0.021826872066594647,1.0,10
gemini,zh,place,negative,shuffled_emotion,0.48908255696296693,0.07892537212464953,1.0,11
gemini,zh,place,positive,emotion,0.49171267747879027,0.03309473302215335,1.0,16
gemini,zh,place,positive,identity,0.6322934567928314,0.006654719496145843,1.0,10
gemini,zh,place,positive,random,0.44962883591651914,0.006092370441183443,1.0,10
gemini,zh,place,positive,shuffled_emotion,0.5014836132526398,0.015193551592528817,1.0,11
gemini,zh,place,sadness,emotion,0.48908255696296693,0.0743325043469667,1.0,11
gemini,zh,place,sadness,identity,0.6322934567928314,0.02009088003542272,1.0,10
gemini,zh,place,sadness,random,0.4472953826189041,0.03727294791024176,1.0,10
gemini,zh,place,sadness,shuffled_emotion,0.4809942960739136,0.06383540311362591,1.0,11
gemini,zh,situation,amusement,emotion,0.543000441789627,0.10840502947103228,1.0,14
gemini,zh,situation,amusement,identity,0.6521502673625946,0.04004902411252258,1.0,10
gemini,zh,situation,amusement,random,0.46130465865135195,0.05791855081915852,1.0,10
gemini,zh,situation,amusement,shuffled_emotion,0.5389647424221039,0.08563555274158713,1.0,13
gemini,zh,situation,anger,emotion,0.5129439368844032,0.08746199589222667,1.0,11
gemini,zh,situation,anger,identity,0.6521502673625946,0.07669784789904949,1.0,10
gemini,zh,situation,anger,random,0.47271767556667327,0.06120503423735496,1.0,10
gemini,zh,situation,anger,shuffled_emotion,0.4965117543935776,0.06754470150917764,1.0,13
gemini,zh,situation,disgust,emotion,0.5080655008554459,0.07443612623028453,1.0,13
gemini,zh,situation,disgust,identity,0.6521502673625946,0.053544608014635696,1.0,10
gemini,zh,situation,disgust,random,0.4553668946027756,0.056704766629263714,1.0,10
gemini,zh,situation,disgust,shuffled_emotion,0.5314546242356301,0.038805588171817326,1.0,14
gemini,zh,situation,excitement,emotion,0.5389647424221039,0.09423300670459864,1.0,13
gemini,zh,situation,excitement,identity,0.6521502673625946,0.049115018174052213,1.0,10
gemini,zh,situation,excitement,random,0.46881707608699796,0.06805294156074522,1.0,10
gemini,zh,situation,excitement,shuffled_emotion,0.5117189526557923,0.08167616287246343,1.0,15
gemini,zh,situation,fear,emotion,0.4965117543935776,0.04919235697016116,1.0,13
gemini,zh,situation,fear,identity,0.6521502673625946,0.03550853510387238,1.0,10
gemini,zh,situation,fear,random,0.4510359108448029,0.03120541712269183,1.0,10
gemini,zh,situation,fear,shuffled_emotion,0.543000441789627,0.03329124902375039,1.0,14
gemini,zh,situation,joy,emotion,0.5314546242356301,0.10989412539638574,1.0,14
gemini,zh,situation,joy,identity,0.6521502673625946,0.03349101243074982,1.0,10
gemini,zh,situation,joy,random,0.45605055093765257,0.048725252575241004,1.0,10
gemini,zh,situation,joy,shuffled_emotion,0.5129439368844032,0.04148477127309887,1.0,11
gemini,zh,situation,love,emotion,0.5117189526557923,0.048545424290932684,1.0,15
gemini,zh,situation,love,identity,0.6521502673625946,0.00472007496282458,1.0,10
gemini,zh,situation,love,random,0.45530937910079955,0.0038940666709095205,1.0,10
gemini,zh,situation,love,shuffled_emotion,0.5333414822816849,0.0412317289272323,1.0,14
gemini,zh,situation,negative,emotion,0.5338452681899071,0.06708799568004903,1.0,13
gemini,zh,situation,negative,identity,0.6521502673625946,0.037903010821901235,1.0,10
gemini,zh,situation,negative,random,0.4724171102046967,0.045827098027802986,1.0,10
gemini,zh,situation,negative,shuffled_emotion,0.5347537994384766,0.061727851070463614,1.0,11
gemini,zh,situation,positive,emotion,0.5333414822816849,0.0805524250026792,1.0,14
gemini,zh,situation,positive,identity,0.6521502673625946,0.012577103136572976,1.0,10
gemini,zh,situation,positive,random,0.4527386486530304,0.012990399089176199,1.0,10
gemini,zh,situation,positive,shuffled_emotion,0.5338452681899071,0.00939421065850183,1.0,13
gemini,zh,situation,sadness,emotion,0.5347537994384766,0.09547272892668839,1.0,11
gemini,zh,situation,sadness,identity,0.6521502673625946,0.05555839478038248,1.0,10
gemini,zh,situation,sadness,random,0.45435892045497894,0.055191631941124766,1.0,10
gemini,zh,situation,sadness,shuffled_emotion,0.5080655008554459,0.07713360353372986,1.0,13
mmlw_roberta_large,en,food,amusement,emotion,0.8576774090528488,0.00898707737214862,1.0,12
mmlw_roberta_large,en,food,amusement,identity,0.9481348335742951,0.0030372283887118053,1.0,10
mmlw_roberta_large,en,food,amusement,random,0.6715302884578704,0.0011877641780301956,1.0,10
mmlw_roberta_large,en,food,amusement,shuffled_emotion,0.8533411085605621,0.008651779347565015,1.0,11
mmlw_roberta_large,en,food,anger,emotion,0.8605806559324265,0.041543504595756495,1.0,12
mmlw_roberta_large,en,food,anger,identity,0.9481348335742951,0.02310337827075271,1.0,10
mmlw_roberta_large,en,food,anger,random,0.6790645897388459,0.03254435271956024,1.0,10
mmlw_roberta_large,en,food,anger,shuffled_emotion,0.8544907242059707,0.03219421335961667,1.0,12
mmlw_roberta_large,en,food,disgust,emotion,0.8605699270963669,0.05393814255949105,1.0,12
mmlw_roberta_large,en,food,disgust,identity,0.9481348335742951,0.019892798620276136,1.0,10
mmlw_roberta_large,en,food,disgust,random,0.6861519157886505,0.01966613584663717,1.0,10
mmlw_roberta_large,en,food,disgust,shuffled_emotion,0.8640433818101882,0.02000665985979138,1.0,12
mmlw_roberta_large,en,food,excitement,emotion,0.8533411085605621,0.011868306132964775,1.0,11
mmlw_roberta_large,en,food,excitement,identity,0.9481348335742951,0.00137989416252822,1.0,10
mmlw_roberta_large,en,food,excitement,random,0.6781026244163513,0.005915115214884275,1.0,10
mmlw_roberta_large,en,food,excitement,shuffled_emotion,0.8660161852836609,0.0108640786493197,1.0,12
mmlw_roberta_large,en,food,fear,emotion,0.8544907242059707,0.02674349198350682,1.0,12
mmlw_roberta_large,en,food,fear,identity,0.9481348335742951,0.01971905349055304,1.0,10
mmlw_roberta_large,en,food,fear,random,0.6658044457435608,0.018087610567454247,1.0,10
mmlw_roberta_large,en,food,fear,shuffled_emotion,0.8576774090528488,0.02098710350692271,1.0,12
mmlw_roberta_large,en,food,joy,emotion,0.8640433818101882,0.02246858727885408,1.0,12
mmlw_roberta_large,en,food,joy,identity,0.9481348335742951,0.012801479222252953,1.0,10
mmlw_roberta_large,en,food,joy,random,0.6663573086261749,0.01434944425709545,1.0,10
mmlw_roberta_large,en,food,joy,shuffled_emotion,0.8605806559324265,0.01875347768655046,1.0,12
mmlw_roberta_large,en,food,love,emotion,0.8660161852836609,0.010697817662730801,1.0,12
mmlw_roberta_large,en,food,love,identity,0.9481348335742951,-0.0008076691767200753,1.0,10
mmlw_roberta_large,en,food,love,random,0.6719170093536377,0.0013850415823981152,1.0,10
mmlw_roberta_large,en,food,love,shuffled_emotion,0.8697808593511581,0.003508152533322575,1.0,11
mmlw_roberta_large,en,food,negative,emotion,0.8792241841554642,0.029686021595261958,1.0,12
mmlw_roberta_large,en,food,negative,identity,0.9481348335742951,0.023185476218350203,1.0,10
mmlw_roberta_large,en,food,negative,random,0.6608132600784302,0.022377651231363406,1.0,10
mmlw_roberta_large,en,food,negative,shuffled_emotion,0.8728444844484329,0.02514447572175411,1.0,11
mmlw_roberta_large,en,food,positive,emotion,0.8697808593511581,0.01086811696295624,1.0,11
mmlw_roberta_large,en,food,positive,identity,0.9481348335742951,0.0047805386886466145,1.0,10
mmlw_roberta_large,en,food,positive,random,0.6848146975040436,0.006245784275233735,1.0,10
mmlw_roberta_large,en,food,positive,shuffled_emotion,0.8792241841554642,0.00857078771223312,1.0,12
mmlw_roberta_large,en,food,sadness,emotion,0.8728444844484329,0.027085251267999384,1.0,11
mmlw_roberta_large,en,food,sadness,identity,0.9481348335742951,0.02288747539278117,1.0,10
mmlw_roberta_large,en,food,sadness,random,0.6926326990127564,0.02557675389107314,1.0,10
mmlw_roberta_large,en,food,sadness,shuffled_emotion,0.8605699270963669,0.0392550095217302,1.0,12
mmlw_roberta_large,en,object,amusement,emotion,0.8349122196435929,0.024026505788788174,1.0,12
mmlw_roberta_large,en,object,amusement,identity,0.9204078376293182,0.00489011097233743,1.0,10
mmlw_roberta_large,en,object,amusement,random,0.6403883874416352,0.01818854385055599,1.0,10
mmlw_roberta_large,en,object,amusement,shuffled_emotion,0.8295987725257874,0.016447612037882184,1.0,11
mmlw_roberta_large,en,object,anger,emotion,0.8263237088918686,0.017324710660614036,1.0,13
mmlw_roberta_large,en,object,anger,identity,0.9204078376293182,0.0055478697060607,1.0,10
mmlw_roberta_large,en,object,anger,random,0.6550275087356567,0.00557198177557435,1.0,10
mmlw_roberta_large,en,object,anger,shuffled_emotion,0.8216029584407807,0.014106019132304895,1.0,14
mmlw_roberta_large,en,object,disgust,emotion,0.821958264708519,0.03195400214754042,1.0,13
mmlw_roberta_large,en,object,disgust,identity,0.9204078376293182,0.002058448002208025,1.0,10
mmlw_roberta_large,en,object,disgust,random,0.6413137495517731,0.00877460705814881,1.0,10
mmlw_roberta_large,en,object,disgust,shuffled_emotion,0.8416080147027969,0.01099650100804863,1.0,11
mmlw_roberta_large,en,object,excitement,emotion,0.8295987725257874,0.020637528481893215,1.0,11
mmlw_roberta_large,en,object,excitement,identity,0.9204078376293182,0.007262335671111934,1.0,10
mmlw_roberta_large,en,object,excitement,random,0.6445209085941315,0.0058429723605513545,1.0,10
mmlw_roberta_large,en,object,excitement,shuffled_emotion,0.8441635876893997,0.02053055351134388,1.0,12
mmlw_roberta_large,en,object,fear,emotion,0.8216029584407807,0.012211580388247946,1.0,14
mmlw_roberta_large,en,object,fear,identity,0.9204078376293182,-8.559869602322964e-05,1.0,10
mmlw_roberta_large,en,object,fear,random,0.6544077813625335,0.0016797177726402802,1.0,10
mmlw_roberta_large,en,object,fear,shuffled_emotion,0.8349122196435929,0.005113833770155896,1.0,12
mmlw_roberta_large,en,object,joy,emotion,0.8416080147027969,0.03782080297823991,1.0,11
mmlw_roberta_large,en,object,joy,identity,0.9204078376293182,0.020661795395426428,1.0,10
mmlw_roberta_large,en,object,joy,random,0.6548440456390381,0.020661795395426424,1.0,10
mmlw_roberta_large,en,object,joy,shuffled_emotion,0.8263237088918686,0.025064809923060205,1.0,13
mmlw_roberta_large,en,object,love,emotion,0.8441635876893997,0.024649152916390426,1.0,12
mmlw_roberta_large,en,object,love,identity,0.9204078376293182,0.00155258511076681,1.0,10
mmlw_roberta_large,en,object,love,random,0.6293845295906066,0.004061476554488755,1.0,10
mmlw_roberta_large,en,object,love,shuffled_emotion,0.8454664021730423,0.01829416371765545,1.0,13
mmlw_roberta_large,en,object,negative,emotion,0.8425819039344787,0.007191187608987064,1.0,15
mmlw_roberta_large,en,object,negative,identity,0.9204078376293182,-0.01037453880999238,1.0,10
mmlw_roberta_large,en,object,negative,random,0.6555710375308991,-0.008547589974477895,1.0,10
mmlw_roberta_large,en,object,negative,shuffled_emotion,0.8410793095827103,-0.0034986071055755153,1.0,12
mmlw_roberta_large,en,object,positive,emotion,0.8454664021730423,0.020708090509288,1.0,13
mmlw_roberta_large,en,object,positive,identity,0.9204078376293182,0.00982605023309588,1.0,10
mmlw_roberta_large,en,object,positive,random,0.6592946708202362,0.01119124367833137,1.0,10
mmlw_roberta_large,en,object,positive,shuffled_emotion,0.8425819039344787,0.02044633848126976,1.0,15
mmlw_roberta_large,en,object,sadness,emotion,0.8410793095827103,0.020165518810972543,1.0,12
mmlw_roberta_large,en,object,sadness,identity,0.9204078376293182,0.00477133649401366,1.0,10
mmlw_roberta_large,en,object,sadness,random,0.6798352301120758,0.010192641965113571,1.0,10
mmlw_roberta_large,en,object,sadness,shuffled_emotion,0.821958264708519,0.023756869998760484,1.0,13
mmlw_roberta_large,en,person,amusement,emotion,0.8548151254653931,0.049929110764060126,1.0,12
mmlw_roberta_large,en,person,amusement,identity,0.9327000617980957,0.022525643312837896,1.0,10
mmlw_roberta_large,en,person,amusement,random,0.6567258417606354,0.021782830485608383,1.0,10
mmlw_roberta_large,en,person,amusement,shuffled_emotion,0.8502483278512954,0.04785307614365588,1.0,13
mmlw_roberta_large,en,person,anger,emotion,0.8499412894248962,0.06123578180558975,1.0,12
mmlw_roberta_large,en,person,anger,identity,0.9327000617980957,-0.00500107472762465,1.0,10
mmlw_roberta_large,en,person,anger,random,0.661878091096878,0.01598248697118832,1.0,10
mmlw_roberta_large,en,person,anger,shuffled_emotion,0.8459086924791336,0.0484108364791609,1.0,12
mmlw_roberta_large,en,person,disgust,emotion,0.845124140381813,0.06476379944942888,1.0,12
mmlw_roberta_large,en,person,disgust,identity,0.9327000617980957,0.0025117601500823997,1.0,10
mmlw_roberta_large,en,person,disgust,random,0.6771135807037354,0.023413675976917115,1.0,10
mmlw_roberta_large,en,person,disgust,shuffled_emotion,0.8588496625423432,0.03089302098378536,1.0,12
mmlw_roberta_large,en,person,excitement,emotion,0.8502483278512954,0.04844020560849455,1.0,13
mmlw_roberta_large,en,person,excitement,identity,0.9327000617980957,0.009322568704374128,1.0,10
mmlw_roberta_large,en,person,excitement,random,0.6653385937213898,0.00733610664028674,1.0,10
mmlw_roberta_large,en,person,excitement,shuffled_emotion,0.8623932152986526,0.024543290887959274,1.0,13
mmlw_roberta_large,en,person,fear,emotion,0.8459086924791336,0.06443647670093919,1.0,12
mmlw_roberta_large,en,person,fear,identity,0.9327000617980957,0.006178185110911715,1.0,10
mmlw_roberta_large,en,person,fear,random,0.6626400828361512,0.00597172470297664,1.0,10
mmlw_roberta_large,en,person,fear,shuffled_emotion,0.8548151254653931,0.023380993120372277,1.0,12
mmlw_roberta_large,en,person,joy,emotion,0.8588496625423432,0.06608081317972388,1.0,12
mmlw_roberta_large,en,person,joy,identity,0.9327000617980957,0.0198926033801399,1.0,10
mmlw_roberta_large,en,person,joy,random,0.6621508419513702,0.02449652894865718,1.0,10
mmlw_roberta_large,en,person,joy,shuffled_emotion,0.8499412894248962,0.04623595443554218,1.0,12
mmlw_roberta_large,en,person,love,emotion,0.8623932152986526,0.04355132803320882,1.0,13
mmlw_roberta_large,en,person,love,identity,0.9327000617980957,0.01042786862235517,1.0,10
mmlw_roberta_large,en,person,love,random,0.6542032122611999,0.010529946559108789,1.0,10
mmlw_roberta_large,en,person,love,shuffled_emotion,0.8596003830432892,0.03579354777466504,1.0,14
mmlw_roberta_large,en,person,negative,emotion,0.8652814626693726,0.04191474369727071,1.0,13
mmlw_roberta_large,en,person,negative,identity,0.9327000617980957,0.007544792990665875,1.0,10
mmlw_roberta_large,en,person,negative,random,0.6774888277053833,0.010260553634725495,1.0,10
mmlw_roberta_large,en,person,negative,shuffled_emotion,0.8657033860683441,0.039801493333652585,1.0,11
mmlw_roberta_large,en,person,positive,emotion,0.8596003830432892,0.031516514916438566,1.0,14
mmlw_roberta_large,en,person,positive,identity,0.9327000617980957,0.006278568308334781,1.0,10
mmlw_roberta_large,en,person,positive,random,0.6532090365886688,0.012388801039196526,1.0,10
mmlw_roberta_large,en,person,positive,shuffled_emotion,0.8652814626693726,0.025863825122360108,1.0,13
mmlw_roberta_large,en,person,sadness,emotion,0.8657033860683441,0.06212872692849484,1.0,11
mmlw_roberta_large,en,person,sadness,identity,0.9327000617980957,0.007763096212875076,1.0,10
mmlw_roberta_large,en,person,sadness,random,0.6549002528190613,0.007257857650984055,1.0,10
mmlw_roberta_large,en,person,sadness,shuffled_emotion,0.845124140381813,0.06442173733375962,1.0,12
mmlw_roberta_large,en,place,amusement,emotion,0.8339635342359543,0.0299537900253199,1.0,13
mmlw_roberta_large,en,place,amusement,identity,0.9146026074886322,0.0028639031923376255,1.0,10
mmlw_roberta_large,en,place,amusement,random,0.6397750735282898,-0.0015595677192322597,1.0,10
mmlw_roberta_large,en,place,amusement,shuffled_emotion,0.8307984560728073,0.024576371011789888,1.0,13
mmlw_roberta_large,en,place,anger,emotion,0.8163617193698883,-0.0009267347631975804,1.0,12
mmlw_roberta_large,en,place,anger,identity,0.9146026074886322,-0.01160004886332895,1.0,10
mmlw_roberta_large,en,place,anger,random,0.655051326751709,-0.009445105260238031,1.0,10
mmlw_roberta_large,en,place,anger,shuffled_emotion,0.8137818008661271,8.379714563504747e-06,1.0,12
mmlw_roberta_large,en,place,disgust,emotion,0.8148637115955353,0.016949453734559937,1.0,13
mmlw_roberta_large,en,place,disgust,identity,0.9146026074886322,-0.00411599064827894,1.0,10
mmlw_roberta_large,en,place,disgust,random,0.6582922279834748,0.00592913934378886,1.0,10
mmlw_roberta_large,en,place,disgust,shuffled_emotion,0.8335785448551178,0.002006829733727515,1.0,11
mmlw_roberta_large,en,place,excitement,emotion,0.8307984560728073,0.03303054839489046,1.0,13
mmlw_roberta_large,en,place,excitement,identity,0.9146026074886322,0.01366656437166964,1.0,10
mmlw_roberta_large,en,place,excitement,random,0.6520363748073578,0.005500322888838114,1.0,10
mmlw_roberta_large,en,place,excitement,shuffled_emotion,0.8361531972885132,0.028020233154529665,1.0,11
mmlw_roberta_large,en,place,fear,emotion,0.8137818008661271,0.0010883549111895343,1.0,12
mmlw_roberta_large,en,place,fear,identity,0.9146026074886322,-0.0133334509679116,1.0,10
mmlw_roberta_large,en,place,fear,random,0.6688873648643494,-0.006938711204566035,1.0,10
mmlw_roberta_large,en,place,fear,shuffled_emotion,0.8339635342359543,-0.0027397254249080906,1.0,13
mmlw_roberta_large,en,place,joy,emotion,0.8335785448551178,0.02825420625740661,1.0,11
mmlw_roberta_large,en,place,joy,identity,0.9146026074886322,0.000744050403591265,1.0,10
mmlw_roberta_large,en,place,joy,random,0.6478586077690125,0.00968721808167175,1.0,10
mmlw_roberta_large,en,place,joy,shuffled_emotion,0.8163617193698883,0.011377920780796559,1.0,12
mmlw_roberta_large,en,place,love,emotion,0.8361531972885132,0.01698531865840777,1.0,11
mmlw_roberta_large,en,place,love,identity,0.9146026074886322,-0.006553150294348564,1.0,10
mmlw_roberta_large,en,place,love,random,0.6359395444393158,-0.0043558276025578106,1.0,10
mmlw_roberta_large,en,place,love,shuffled_emotion,0.8397560119628906,0.00386368114268409,1.0,11
mmlw_roberta_large,en,place,negative,emotion,0.8411077201366425,0.011951402958948153,1.0,12
mmlw_roberta_large,en,place,negative,identity,0.9146026074886322,0.0010693069663830147,1.0,10
mmlw_roberta_large,en,place,negative,random,0.6489207029342652,0.008175440283957865,1.0,10
mmlw_roberta_large,en,place,negative,shuffled_emotion,0.834264600276947,0.0086083918926306,1.0,11
mmlw_roberta_large,en,place,positive,emotion,0.8397560119628906,0.016816400818061066,1.0,11
mmlw_roberta_large,en,place,positive,identity,0.9146026074886322,-7.362599717452497e-05,1.0,10
mmlw_roberta_large,en,place,positive,random,0.6540906488895416,0.01177331808721645,1.0,10
mmlw_roberta_large,en,place,positive,shuffled_emotion,0.8411077201366425,0.01121519821463152,1.0,12
mmlw_roberta_large,en,place,sadness,emotion,0.834264600276947,0.007950508280191575,1.0,11
mmlw_roberta_large,en,place,sadness,identity,0.9146026074886322,-0.002813022804912161,1.0,10
mmlw_roberta_large,en,place,sadness,random,0.6491136133670807,-0.0018505757558159354,1.0,10
mmlw_roberta_large,en,place,sadness,shuffled_emotion,0.8148637115955353,0.00364837847882882,1.0,13
mmlw_roberta_large,en,situation,amusement,emotion,0.8409415990114212,0.04352597296237942,1.0,12
mmlw_roberta_large,en,situation,amusement,identity,0.9149204432964325,0.03327468838542697,1.0,10
mmlw_roberta_large,en,situation,amusement,random,0.6472847282886505,0.03245547050610182,1.0,10
mmlw_roberta_large,en,situation,amusement,shuffled_emotion,0.8381899893283844,0.04021737449802456,1.0,12
mmlw_roberta_large,en,situation,anger,emotion,0.836308428645134,0.04198380011366677,1.0,11
mmlw_roberta_large,en,situation,anger,identity,0.9149204432964325,0.03528700565220786,1.0,10
mmlw_roberta_large,en,situation,anger,random,0.6432639122009277,0.02855562058975918,1.0,10
mmlw_roberta_large,en,situation,anger,shuffled_emotion,0.8319146633148193,0.03987352658296002,1.0,11
mmlw_roberta_large,en,situation,disgust,emotion,0.8376214742660523,0.06049017757177348,1.0,12
mmlw_roberta_large,en,situation,disgust,identity,0.9149204432964325,0.05129223540425297,1.0,10
mmlw_roberta_large,en,situation,disgust,random,0.6486968696117401,0.04804065413773056,1.0,10
mmlw_roberta_large,en,situation,disgust,shuffled_emotion,0.8430433541536331,0.05266960002481933,1.0,11
mmlw_roberta_large,en,situation,excitement,emotion,0.8381899893283844,0.04758719357196238,1.0,12
mmlw_roberta_large,en,situation,excitement,identity,0.9149204432964325,0.031614681426435684,1.0,10
mmlw_roberta_large,en,situation,excitement,random,0.6255067229270935,0.023128023580647986,1.0,10
mmlw_roberta_large,en,situation,excitement,shuffled_emotion,0.8487464308738708,0.037293182243593,1.0,12
mmlw_roberta_large,en,situation,fear,emotion,0.8319146633148193,0.038167671579867564,1.0,11
mmlw_roberta_large,en,situation,fear,identity,0.9149204432964325,0.03216212508268651,1.0,10
mmlw_roberta_large,en,situation,fear,random,0.6139235496520996,0.01790185567224396,1.0,10
mmlw_roberta_large,en,situation,fear,shuffled_emotion,0.8409415990114212,0.0362400013953447,1.0,12
mmlw_roberta_large,en,situation,joy,emotion,0.8430433541536331,0.05626269085332747,1.0,11
mmlw_roberta_large,en,situation,joy,identity,0.9149204432964325,0.0399545217864215,1.0,10
mmlw_roberta_large,en,situation,joy,random,0.6524753391742706,0.038605000916868415,1.0,10
mmlw_roberta_large,en,situation,joy,shuffled_emotion,0.836308428645134,0.036800658702850306,1.0,11
mmlw_roberta_large,en,situation,love,emotion,0.8487464308738708,0.045678537595085764,1.0,12
mmlw_roberta_large,en,situation,love,identity,0.9149204432964325,0.03232630318962035,1.0,10
mmlw_roberta_large,en,situation,love,random,0.6282663643360138,0.028766847378574274,1.0,10
mmlw_roberta_large,en,situation,love,shuffled_emotion,0.8398166626691819,0.033256349863950124,1.0,14
mmlw_roberta_large,en,situation,negative,emotion,0.8517113357782364,0.03817564225755629,1.0,13
mmlw_roberta_large,en,situation,negative,identity,0.9149204432964325,0.01769163501448929,1.0,10
mmlw_roberta_large,en,situation,negative,random,0.6596673369407654,0.00859818235039711,1.0,10
mmlw_roberta_large,en,situation,negative,shuffled_emotion,0.8494690716266632,0.03187156994827091,1.0,12
mmlw_roberta_large,en,situation,positive,emotion,0.8398166626691819,0.00997077494394034,1.0,14
mmlw_roberta_large,en,situation,positive,identity,0.9149204432964325,-0.0008506396086886487,1.0,10
mmlw_roberta_large,en,situation,positive,random,0.6472918272018433,-0.00867003870662301,1.0,10
mmlw_roberta_large,en,situation,positive,shuffled_emotion,0.8517113357782364,0.006030982616357506,1.0,13
mmlw_roberta_large,en,situation,sadness,emotion,0.8494690716266632,0.0468216261360794,1.0,12
mmlw_roberta_large,en,situation,sadness,identity,0.9149204432964325,0.03739651359501293,1.0,10
mmlw_roberta_large,en,situation,sadness,random,0.6302754819393158,0.03678686401108277,1.0,10
mmlw_roberta_large,en,situation,sadness,shuffled_emotion,0.8376214742660523,0.04594975130166855,1.0,12
mmlw_roberta_large,pl,food,amusement,emotion,0.9134314745664597,0.003561186487786465,1.0,11
mmlw_roberta_large,pl,food,amusement,identity,0.9610414206981659,-0.0018865378806367504,1.0,10
mmlw_roberta_large,pl,food,amusement,random,0.6844461381435394,-0.006276638479903329,1.0,10
mmlw_roberta_large,pl,food,amusement,shuffled_emotion,0.8959144234657288,0.00659532789140938,1.0,10
mmlw_roberta_large,pl,food,anger,emotion,0.919260886311531,0.029921151412418072,1.0,11
mmlw_roberta_large,pl,food,anger,identity,0.9610414206981659,0.013836188305867808,1.0,10
mmlw_roberta_large,pl,food,anger,random,0.7015943765640259,0.01335425793076864,1.0,10
mmlw_roberta_large,pl,food,anger,shuffled_emotion,0.8791036486625672,0.027299041248625106,1.0,11
mmlw_roberta_large,pl,food,disgust,emotion,0.8958217769861221,0.022218451101798545,1.0,11
mmlw_roberta_large,pl,food,disgust,identity,0.9610414206981659,-0.003720994049217545,1.0,10
mmlw_roberta_large,pl,food,disgust,random,0.6777516305446625,-0.013991699542384575,1.0,10
mmlw_roberta_large,pl,food,disgust,shuffled_emotion,0.9022746711969376,-0.007897468272130923,1.0,11
mmlw_roberta_large,pl,food,excitement,emotion,0.8959144234657288,0.0035100403707474656,1.0,10
mmlw_roberta_large,pl,food,excitement,identity,0.9610414206981659,-0.006692701205611194,1.0,10
mmlw_roberta_large,pl,food,excitement,random,0.6842971324920655,-0.010434750712010981,1.0,10
mmlw_roberta_large,pl,food,excitement,shuffled_emotion,0.8978898763656616,-0.005681642936542599,1.0,12
mmlw_roberta_large,pl,food,fear,emotion,0.8791036486625672,0.011690764606464635,1.0,11
mmlw_roberta_large,pl,food,fear,identity,0.9610414206981659,0.0025007358868606396,1.0,10
mmlw_roberta_large,pl,food,fear,random,0.6854727685451507,0.0024094676948152446,1.0,10
mmlw_roberta_large,pl,food,fear,shuffled_emotion,0.9134314745664597,0.005227728688623749,1.0,11
mmlw_roberta_large,pl,food,joy,emotion,0.9022746711969376,0.006892054784111696,1.0,11
mmlw_roberta_large,pl,food,joy,identity,0.9610414206981659,0.0022398924222216247,1.0,10
mmlw_roberta_large,pl,food,joy,random,0.6918727457523346,0.004999686230439695,1.0,10
mmlw_roberta_large,pl,food,joy,shuffled_emotion,0.919260886311531,0.00544200332369656,1.0,11
mmlw_roberta_large,pl,food,love,emotion,0.8978898763656616,-0.00065935569582506,1.0,12
mmlw_roberta_large,pl,food,love,identity,0.9610414206981659,-0.006791585416067375,1.0,10
mmlw_roberta_large,pl,food,love,random,0.676106435060501,-0.013576449092943199,1.0,10
mmlw_roberta_large,pl,food,love,shuffled_emotion,0.8959785491228104,-0.0014502118458039948,1.0,11
mmlw_roberta_large,pl,food,negative,emotion,0.8919279545545578,0.031158317427616544,1.0,12
mmlw_roberta_large,pl,food,negative,identity,0.9610414206981659,0.009682232502382256,1.0,10
mmlw_roberta_large,pl,food,negative,random,0.6777426540851593,0.0072624045307748105,1.0,10
mmlw_roberta_large,pl,food,negative,shuffled_emotion,0.8961220473051071,0.02385938755469395,1.0,11
mmlw_roberta_large,pl,food,positive,emotion,0.8959785491228104,0.0007135966559872201,1.0,11
mmlw_roberta_large,pl,food,positive,identity,0.9610414206981659,-0.005891974922269555,1.0,10
mmlw_roberta_large,pl,food,positive,random,0.6579464495182037,-0.0052740331739187,1.0,10
mmlw_roberta_large,pl,food,positive,shuffled_emotion,0.8919279545545578,-0.002701963530853365,1.0,12
mmlw_roberta_large,pl,food,sadness,emotion,0.8961220473051071,0.032736323709832454,1.0,11
mmlw_roberta_large,pl,food,sadness,identity,0.9610414206981659,0.014705100079299847,1.0,10
mmlw_roberta_large,pl,food,sadness,random,0.6566691160202026,0.008955365634756126,1.0,10
mmlw_roberta_large,pl,food,sadness,shuffled_emotion,0.8958217769861221,0.03580067266593682,1.0,11
mmlw_roberta_large,pl,object,amusement,emotion,0.9151820182800293,0.02110784513643008,1.0,12
mmlw_roberta_large,pl,object,amusement,identity,0.958031952381134,0.0141223935759626,1.0,10
mmlw_roberta_large,pl,object,amusement,random,0.6702008783817291,0.01053039735415948,1.0,10
mmlw_roberta_large,pl,object,amusement,shuffled_emotion,0.8943097114562988,0.019897474220488178,1.0,13
mmlw_roberta_large,pl,object,anger,emotion,0.91383316218853,0.01663008226314558,1.0,11
mmlw_roberta_large,pl,object,anger,identity,0.958031952381134,0.004240855632815515,1.0,10
mmlw_roberta_large,pl,object,anger,random,0.6882737517356873,0.006011583900544795,1.0,10
mmlw_roberta_large,pl,object,anger,shuffled_emotion,0.8794233202934265,0.01729209966724737,1.0,11
mmlw_roberta_large,pl,object,disgust,emotion,0.8943504452705383,0.017753589362837344,1.0,11
mmlw_roberta_large,pl,object,disgust,identity,0.958031952381134,0.0066141450544819095,1.0,10
mmlw_roberta_large,pl,object,disgust,random,0.6932897925376892,-0.0003998345811851253,1.0,10
mmlw_roberta_large,pl,object,disgust,shuffled_emotion,0.9036952495574951,0.00562329783570021,1.0,11
mmlw_roberta_large,pl,object,excitement,emotion,0.8943097114562988,0.0051829592906869944,1.0,13
mmlw_roberta_large,pl,object,excitement,identity,0.958031952381134,-0.0039980750880204,1.0,10
mmlw_roberta_large,pl,object,excitement,random,0.682850581407547,-0.004195165808778245,1.0,10
mmlw_roberta_large,pl,object,excitement,shuffled_emotion,0.8974455714225769,0.000837779312860225,1.0,12
mmlw_roberta_large,pl,object,fear,emotion,0.8794233202934265,0.018648429226595886,1.0,11
mmlw_roberta_large,pl,object,fear,identity,0.958031952381134,0.0027819246868603,1.0,10
mmlw_roberta_large,pl,object,fear,random,0.6744248628616333,0.010105603502597659,1.0,10
mmlw_roberta_large,pl,object,fear,shuffled_emotion,0.9151820182800293,0.00558133422164246,1.0,12
mmlw_roberta_large,pl,object,joy,emotion,0.9036952495574951,0.024132569623179695,1.0,11
mmlw_roberta_large,pl,object,joy,identity,0.958031952381134,0.015066651604138285,1.0,10
mmlw_roberta_large,pl,object,joy,random,0.684718930721283,0.018307354091666606,1.0,10
mmlw_roberta_large,pl,object,joy,shuffled_emotion,0.91383316218853,0.017577669955790003,1.0,11
mmlw_roberta_large,pl,object,love,emotion,0.8974455714225769,0.00943464742740616,1.0,12
mmlw_roberta_large,pl,object,love,identity,0.958031952381134,-0.0006652359967119847,1.0,10
mmlw_roberta_large,pl,object,love,random,0.6614087700843811,-0.007948023977223755,1.0,10
mmlw_roberta_large,pl,object,love,shuffled_emotion,0.897967877984047,0.005583793751429771,1.0,11
mmlw_roberta_large,pl,object,negative,emotion,0.8842104703187943,0.008887123991735276,1.0,13
mmlw_roberta_large,pl,object,negative,identity,0.958031952381134,-0.00844518712256103,1.0,10
mmlw_roberta_large,pl,object,negative,random,0.6714912831783295,-0.00844518712256103,1.0,10
mmlw_roberta_large,pl,object,negative,shuffled_emotion,0.8912979930639267,-0.0017435651505365996,1.0,11
mmlw_roberta_large,pl,object,positive,emotion,0.897967877984047,0.01584214402828363,1.0,11
mmlw_roberta_large,pl,object,positive,identity,0.958031952381134,0.00795587443280964,1.0,10
mmlw_roberta_large,pl,object,positive,random,0.6673531949520111,0.011342170694842914,1.0,10
mmlw_roberta_large,pl,object,positive,shuffled_emotion,0.8842104703187943,0.007907673856243474,1.0,13
mmlw_roberta_large,pl,object,sadness,emotion,0.8912979930639267,0.0178392065106891,1.0,11
mmlw_roberta_large,pl,object,sadness,identity,0.958031952381134,0.007846603996586054,1.0,10
mmlw_roberta_large,pl,object,sadness,random,0.6685269057750702,0.008062783535569905,1.0,10
mmlw_roberta_large,pl,object,sadness,shuffled_emotion,0.8943504452705383,0.01509462581016122,1.0,11
mmlw_roberta_large,pl,person,amusement,emotion,0.9024000406265259,0.028572778357192845,1.0,13
mmlw_roberta_large,pl,person,amusement,identity,0.9432059347629547,0.014227194641716758,1.0,10
mmlw_roberta_large,pl,person,amusement,random,0.6569765627384185,0.014069927367381736,1.0,10
mmlw_roberta_large,pl,person,amusement,shuffled_emotion,0.8888537079095841,0.03018823342863468,1.0,12
mmlw_roberta_large,pl,person,anger,emotion,0.9007939249277115,0.04476364547153931,1.0,14
mmlw_roberta_large,pl,person,anger,identity,0.9432059347629547,-0.001450688496697695,1.0,10
mmlw_roberta_large,pl,person,anger,random,0.6686560630798339,0.013973582524340574,1.0,10
mmlw_roberta_large,pl,person,anger,shuffled_emotion,0.8718932658433914,0.03756611401913685,1.0,12
mmlw_roberta_large,pl,person,disgust,emotion,0.8832662016153335,0.050294005637988415,1.0,12
mmlw_roberta_large,pl,person,disgust,identity,0.9432059347629547,-0.0026062258752063,1.0,10
mmlw_roberta_large,pl,person,disgust,random,0.6571277797222137,0.004017365374602366,1.0,10
mmlw_roberta_large,pl,person,disgust,shuffled_emotion,0.8924706190824508,0.010046061780303685,1.0,12
mmlw_roberta_large,pl,person,excitement,emotion,0.8888537079095841,0.03479647601488975,1.0,12
mmlw_roberta_large,pl,person,excitement,identity,0.9432059347629547,0.01210772823542356,1.0,10
mmlw_roberta_large,pl,person,excitement,random,0.6623328268527985,0.00710087283514439,1.0,10
mmlw_roberta_large,pl,person,excitement,shuffled_emotion,0.8905374556779861,0.01653101970441637,1.0,12
mmlw_roberta_large,pl,person,fear,emotion,0.8718932658433914,0.05441136267036197,1.0,12
mmlw_roberta_large,pl,person,fear,identity,0.9432059347629547,0.000912451301701375,1.0,10
mmlw_roberta_large,pl,person,fear,random,0.6901269793510437,0.0046889942605048505,1.0,10
mmlw_roberta_large,pl,person,fear,shuffled_emotion,0.9024000406265259,0.007089998945593835,1.0,13
mmlw_roberta_large,pl,person,joy,emotion,0.8924706190824508,0.03844161112792786,1.0,12
mmlw_roberta_large,pl,person,joy,identity,0.9432059347629547,0.012352490099146945,1.0,10
mmlw_roberta_large,pl,person,joy,random,0.6807072639465332,0.01096851543989032,1.0,10
mmlw_roberta_large,pl,person,joy,shuffled_emotion,0.9007939249277115,0.025184416957199564,1.0,14
mmlw_roberta_large,pl,person,love,emotion,0.8905374556779861,0.034345273533835985,1.0,12
mmlw_roberta_large,pl,person,love,identity,0.9432059347629547,0.01454533056821673,1.0,10
mmlw_roberta_large,pl,person,love,random,0.6703899681568146,0.011655928939580909,1.0,10
mmlw_roberta_large,pl,person,love,shuffled_emotion,0.885603404045105,0.031099021015688753,1.0,11
mmlw_roberta_large,pl,person,negative,emotion,0.8762562841176986,0.04115024317288768,1.0,13
mmlw_roberta_large,pl,person,negative,identity,0.9432059347629547,0.0007959987851791052,1.0,10
mmlw_roberta_large,pl,person,negative,random,0.6563163816928863,0.0025798503193072897,1.0,10
mmlw_roberta_large,pl,person,negative,shuffled_emotion,0.8814740091562271,0.028239626635331628,1.0,12
mmlw_roberta_large,pl,person,positive,emotion,0.885603404045105,0.028059060918167213,1.0,11
mmlw_roberta_large,pl,person,positive,identity,0.9432059347629547,0.003324213158339265,1.0,10
mmlw_roberta_large,pl,person,positive,random,0.6684176683425903,0.0016773230629041802,1.0,10
mmlw_roberta_large,pl,person,positive,shuffled_emotion,0.8762562841176986,0.002263015392236425,1.0,13
mmlw_roberta_large,pl,person,sadness,emotion,0.8814740091562271,0.04896720903925594,1.0,12
mmlw_roberta_large,pl,person,sadness,identity,0.9432059347629547,-0.0013731678714975699,1.0,10
mmlw_roberta_large,pl,person,sadness,random,0.6691561698913574,-0.0013626981992274452,1.0,10
mmlw_roberta_large,pl,person,sadness,shuffled_emotion,0.8832662016153335,0.03730116842780259,1.0,12
mmlw_roberta_large,pl,place,amusement,emotion,0.8986816227436065,0.0033428062684833907,1.0,11
mmlw_roberta_large,pl,place,amusement,identity,0.9454559803009033,-0.0015007520909421199,1.0,10
mmlw_roberta_large,pl,place,amusement,random,0.6744061291217804,-0.007784487772732955,1.0,10
mmlw_roberta_large,pl,place,amusement,shuffled_emotion,0.8844598650932312,0.0033428062684833907,1.0,11
mmlw_roberta_large,pl,place,anger,emotion,0.8965104222297668,-0.00804031090810893,1.0,10
mmlw_roberta_large,pl,place,anger,identity,0.9454559803009033,-0.011044558323919745,1.0,10
mmlw_roberta_large,pl,place,anger,random,0.6696907877922058,-0.01533311838284131,1.0,10
mmlw_roberta_large,pl,place,anger,shuffled_emotion,0.8596295177936554,-0.0015595625620335152,1.0,11
mmlw_roberta_large,pl,place,disgust,emotion,0.8766545653343201,-0.0028312717331573254,1.0,11
mmlw_roberta_large,pl,place,disgust,identity,0.9454559803009033,-0.009046836639754455,1.0,10
mmlw_roberta_large,pl,place,disgust,random,0.6736723840236664,-0.013623098819516566,1.0,10
mmlw_roberta_large,pl,place,disgust,shuffled_emotion,0.8878662168979645,-0.00998551591765133,1.0,11
mmlw_roberta_large,pl,place,excitement,emotion,0.8844598650932312,0.01099033820210023,1.0,11
mmlw_roberta_large,pl,place,excitement,identity,0.9454559803009033,0.00680117303272708,1.0,10
mmlw_roberta_large,pl,place,excitement,random,0.6826868057250977,0.0044898533145897096,1.0,10
mmlw_roberta_large,pl,place,excitement,shuffled_emotion,0.8822401881217956,0.010212005849461985,1.0,13
mmlw_roberta_large,pl,place,fear,emotion,0.8596295177936554,-0.0023446709499694296,1.0,11
mmlw_roberta_large,pl,place,fear,identity,0.9454559803009033,-0.014985893771517994,1.0,10
mmlw_roberta_large,pl,place,fear,random,0.6685119807720185,-0.01690166624030095,1.0,10
mmlw_roberta_large,pl,place,fear,shuffled_emotion,0.8986816227436065,-0.01651008018525315,1.0,11
mmlw_roberta_large,pl,place,joy,emotion,0.8878662168979645,0.012527878506807606,1.0,11
mmlw_roberta_large,pl,place,joy,identity,0.9454559803009033,0.0024483238754328396,1.0,10
mmlw_roberta_large,pl,place,joy,random,0.6538227140903473,0.003182463318808005,1.0,10
mmlw_roberta_large,pl,place,joy,shuffled_emotion,0.8965104222297668,-0.0006396929093170804,1.0,10
mmlw_roberta_large,pl,place,love,emotion,0.8822401881217956,0.000751827692147345,1.0,13
mmlw_roberta_large,pl,place,love,identity,0.9454559803009033,-0.01010706113884224,1.0,10
mmlw_roberta_large,pl,place,love,random,0.6752940714359283,-0.014622253912966671,1.0,10
mmlw_roberta_large,pl,place,love,shuffled_emotion,0.8819669157266616,-0.0046550940372981,1.0,10
mmlw_roberta_large,pl,place,negative,emotion,0.8691534399986267,-0.0031276741821784403,1.0,11
mmlw_roberta_large,pl,place,negative,identity,0.9454559803009033,-0.009585632459493334,1.0,10
mmlw_roberta_large,pl,place,negative,random,0.6767033696174621,-0.009736637823516485,1.0,10
mmlw_roberta_large,pl,place,negative,shuffled_emotion,0.8707851737737655,-0.00644043300417251,1.0,11
mmlw_roberta_large,pl,place,positive,emotion,0.8819669157266616,0.005261365429032576,1.0,10
mmlw_roberta_large,pl,place,positive,identity,0.9454559803009033,-0.00423964251531288,1.0,10
mmlw_roberta_large,pl,place,positive,random,0.6647911369800568,-0.005743061134126036,1.0,10
mmlw_roberta_large,pl,place,positive,shuffled_emotion,0.8691534399986267,-0.0032115697744302452,1.0,11
mmlw_roberta_large,pl,place,sadness,emotion,0.8707851737737655,-0.007815251452848296,1.0,11
mmlw_roberta_large,pl,place,sadness,identity,0.9454559803009033,-0.013007279532030194,1.0,10
mmlw_roberta_large,pl,place,sadness,random,0.6481681287288665,-0.009334587026387424,1.0,10
mmlw_roberta_large,pl,place,sadness,shuffled_emotion,0.8766545653343201,-0.011322677368298149,1.0,11
mmlw_roberta_large,pl,situation,amusement,emotion,0.9006904542446137,0.04156035750638688,1.0,12
mmlw_roberta_large,pl,situation,amusement,identity,0.9367760956287384,0.03524173793848599,1.0,10
mmlw_roberta_large,pl,situation,amusement,random,0.6514306962490082,0.031829022802412454,1.0,10
mmlw_roberta_large,pl,situation,amusement,shuffled_emotion,0.8816285729408264,0.04025200020987535,1.0,11
mmlw_roberta_large,pl,situation,anger,emotion,0.9034834891557694,0.04397874702699478,1.0,11
mmlw_roberta_large,pl,situation,anger,identity,0.9367760956287384,0.03827352127991613,1.0,10
mmlw_roberta_large,pl,situation,anger,random,0.6640465557575226,0.03659621325787153,1.0,10
mmlw_roberta_large,pl,situation,anger,shuffled_emotion,0.8659742563962937,0.0447422564728185,1.0,12
mmlw_roberta_large,pl,situation,disgust,emotion,0.8906676232814789,0.06605574628338212,1.0,11
mmlw_roberta_large,pl,situation,disgust,identity,0.9367760956287384,0.0583963325247168,1.0,10
mmlw_roberta_large,pl,situation,disgust,random,0.6426971971988678,0.049062242638319674,1.0,10
mmlw_roberta_large,pl,situation,disgust,shuffled_emotion,0.8876026928424835,0.04259141413494939,1.0,11
mmlw_roberta_large,pl,situation,excitement,emotion,0.8816285729408264,0.027526756108272793,1.0,11
mmlw_roberta_large,pl,situation,excitement,identity,0.9367760956287384,0.01459632100304587,1.0,10
mmlw_roberta_large,pl,situation,excitement,random,0.6802624225616455,0.01636625034734605,1.0,10
mmlw_roberta_large,pl,situation,excitement,shuffled_emotion,0.8833768606185913,0.016552885004784884,1.0,12
mmlw_roberta_large,pl,situation,fear,emotion,0.8659742563962937,0.030077740701381084,1.0,12
mmlw_roberta_large,pl,situation,fear,identity,0.9367760956287384,0.02562619602540505,1.0,10
mmlw_roberta_large,pl,situation,fear,random,0.66136554479599,0.017593194820801714,1.0,10
mmlw_roberta_large,pl,situation,fear,shuffled_emotion,0.9006904542446137,0.023373731237370493,1.0,12
mmlw_roberta_large,pl,situation,joy,emotion,0.8876026928424835,0.04898987796623255,1.0,11
mmlw_roberta_large,pl,situation,joy,identity,0.9367760956287384,0.026316237845458047,1.0,10
mmlw_roberta_large,pl,situation,joy,random,0.6556299805641175,0.02527113335672761,1.0,10
mmlw_roberta_large,pl,situation,joy,shuffled_emotion,0.9034834891557694,0.02679599917028095,1.0,11
mmlw_roberta_large,pl,situation,love,emotion,0.8833768606185913,0.03077667481265959,1.0,12
mmlw_roberta_large,pl,situation,love,identity,0.9367760956287384,0.020653978176414935,1.0,10
mmlw_roberta_large,pl,situation,love,random,0.6589871287345886,0.01607842799276111,1.0,10
mmlw_roberta_large,pl,situation,love,shuffled_emotion,0.8754487574100495,0.02192555312067267,1.0,11
mmlw_roberta_large,pl,situation,negative,emotion,0.874263909459114,0.03496510625118387,1.0,11
mmlw_roberta_large,pl,situation,negative,identity,0.9367760956287384,0.022643918928224573,1.0,10
mmlw_roberta_large,pl,situation,negative,random,0.6699974358081817,0.008148426387924675,1.0,10
mmlw_roberta_large,pl,situation,negative,shuffled_emotion,0.8817691266536712,0.027453980280552036,1.0,12
mmlw_roberta_large,pl,situation,positive,emotion,0.8754487574100495,0.01576363500207662,1.0,11
mmlw_roberta_large,pl,situation,positive,identity,0.9367760956287384,-0.00609013310167938,1.0,10
mmlw_roberta_large,pl,situation,positive,random,0.6785526096820831,-0.00284501200076192,1.0,10
mmlw_roberta_large,pl,situation,positive,shuffled_emotion,0.874263909459114,-0.005726411775685845,1.0,11
mmlw_roberta_large,pl,situation,sadness,emotion,0.8817691266536712,0.05200524395331736,1.0,12
mmlw_roberta_large,pl,situation,sadness,identity,0.9367760956287384,0.039792997168842645,1.0,10
mmlw_roberta_large,pl,situation,sadness,random,0.682219123840332,0.02064667852828275,1.0,10
mmlw_roberta_large,pl,situation,sadness,shuffled_emotion,0.8906676232814789,0.04423765421379352,1.0,11
mmlw_roberta_large,zh,food,amusement,emotion,1.0,0.0,1.0,10
mmlw_roberta_large,zh,food,amusement,identity,1.0,0.0,1.0,10
mmlw_roberta_large,zh,food,amusement,random,0.7183141708374023,0.0,1.0,10
mmlw_roberta_large,zh,food,amusement,shuffled_emotion,1.0,0.0,1.0,10
mmlw_roberta_large,zh,food,anger,emotion,1.0,0.0,1.0,10
mmlw_roberta_large,zh,food,anger,identity,1.0,0.0,1.0,10
mmlw_roberta_large,zh,food,anger,random,0.6953203082084656,0.0,1.0,10
mmlw_roberta_large,zh,food,anger,shuffled_emotion,1.0,0.0,1.0,10
mmlw_roberta_large,zh,food,disgust,emotion,1.0,0.0,1.0,10
mmlw_roberta_large,zh,food,disgust,identity,1.0,0.0,1.0,10
mmlw_roberta_large,zh,food,disgust,random,0.696607768535614,0.0,1.0,10
mmlw_roberta_large,zh,food,disgust,shuffled_emotion,1.0,0.0,1.0,10
mmlw_roberta_large,zh,food,excitement,emotion,1.0,0.0,1.0,10
mmlw_roberta_large,zh,food,excitement,identity,1.0,0.0,1.0,10
mmlw_roberta_large,zh,food,excitement,random,0.7055292725563049,0.0,1.0,10
mmlw_roberta_large,zh,food,excitement,shuffled_emotion,1.0,0.0,1.0,10
mmlw_roberta_large,zh,food,fear,emotion,1.0,0.0,1.0,10
mmlw_roberta_large,zh,food,fear,identity,1.0,0.0,1.0,10
mmlw_roberta_large,zh,food,fear,random,0.7133820056915283,0.0,1.0,10
mmlw_roberta_large,zh,food,fear,shuffled_emotion,1.0,0.0,1.0,10
mmlw_roberta_large,zh,food,joy,emotion,1.0,0.0,1.0,10
mmlw_roberta_large,zh,food,joy,identity,1.0,0.0,1.0,10
mmlw_roberta_large,zh,food,joy,random,0.7035834193229675,0.0,1.0,10
mmlw_roberta_large,zh,food,joy,shuffled_emotion,1.0,0.0,1.0,10
mmlw_roberta_large,zh,food,love,emotion,1.0,0.0,1.0,10
mmlw_roberta_large,zh,food,love,identity,1.0,0.0,1.0,10
mmlw_roberta_large,zh,food,love,random,0.7110558152198792,0.0,1.0,10
mmlw_roberta_large,zh,food,love,shuffled_emotion,1.0,0.0,1.0,10
mmlw_roberta_large,zh,food,negative,emotion,1.0,0.0,1.0,10
mmlw_roberta_large,zh,food,negative,identity,1.0,0.0,1.0,10
mmlw_roberta_large,zh,food,negative,random,0.7132366895675659,0.0,1.0,10
mmlw_roberta_large,zh,food,negative,shuffled_emotion,1.0,0.0,1.0,10
mmlw_roberta_large,zh,food,positive,emotion,1.0,0.0,1.0,10
mmlw_roberta_large,zh,food,positive,identity,1.0,0.0,1.0,10
mmlw_roberta_large,zh,food,positive,random,0.707001268863678,0.0,1.0,10
mmlw_roberta_large,zh,food,positive,shuffled_emotion,1.0,0.0,1.0,10
mmlw_roberta_large,zh,food,sadness,emotion,1.0,0.0,1.0,10
mmlw_roberta_large,zh,food,sadness,identity,1.0,0.0,1.0,10
mmlw_roberta_large,zh,food,sadness,random,0.6922299265861511,0.0,1.0,10
mmlw_roberta_large,zh,food,sadness,shuffled_emotion,1.0,0.0,1.0,10
mmlw_roberta_large,zh,object,amusement,emotion,1.0,0.0,1.0,10
mmlw_roberta_large,zh,object,amusement,identity,1.0,0.0,1.0,10
mmlw_roberta_large,zh,object,amusement,random,0.7121578454971313,0.0,1.0,10
mmlw_roberta_large,zh,object,amusement,shuffled_emotion,1.0,0.0,1.0,10
mmlw_roberta_large,zh,object,anger,emotion,1.0,0.0,1.0,10
mmlw_roberta_large,zh,object,anger,identity,1.0,0.0,1.0,10
mmlw_roberta_large,zh,object,anger,random,0.7137301564216614,0.0,1.0,10
mmlw_roberta_large,zh,object,anger,shuffled_emotion,1.0,0.0,1.0,10
mmlw_roberta_large,zh,object,disgust,emotion,1.0,0.0,1.0,10
mmlw_roberta_large,zh,object,disgust,identity,1.0,0.0,1.0,10
mmlw_roberta_large,zh,object,disgust,random,0.7258084416389465,0.0,1.0,10
mmlw_roberta_large,zh,object,disgust,shuffled_emotion,1.0,0.0,1.0,10
mmlw_roberta_large,zh,object,excitement,emotion,1.0,0.0,1.0,10
mmlw_roberta_large,zh,object,excitement,identity,1.0,0.0,1.0,10
mmlw_roberta_large,zh,object,excitement,random,0.7212365865707397,0.0,1.0,10
mmlw_roberta_large,zh,object,excitement,shuffled_emotion,1.0,0.0,1.0,10
mmlw_roberta_large,zh,object,fear,emotion,1.0,0.0,1.0,10
mmlw_roberta_large,zh,object,fear,identity,1.0,0.0,1.0,10
mmlw_roberta_large,zh,object,fear,random,0.7040331363677979,0.0,1.0,10
mmlw_roberta_large,zh,object,fear,shuffled_emotion,1.0,0.0,1.0,10
mmlw_roberta_large,zh,object,joy,emotion,1.0,0.0,1.0,10
mmlw_roberta_large,zh,object,joy,identity,1.0,0.0,1.0,10
mmlw_roberta_large,zh,object,joy,random,0.7137055397033691,0.0,1.0,10
mmlw_roberta_large,zh,object,joy,shuffled_emotion,1.0,0.0,1.0,10
mmlw_roberta_large,zh,object,love,emotion,1.0,0.0,1.0,10
mmlw_roberta_large,zh,object,love,identity,1.0,0.0,1.0,10
mmlw_roberta_large,zh,object,love,random,0.7102086544036865,0.0,1.0,10
mmlw_roberta_large,zh,object,love,shuffled_emotion,1.0,0.0,1.0,10
mmlw_roberta_large,zh,object,negative,emotion,1.0,0.0,1.0,10
mmlw_roberta_large,zh,object,negative,identity,1.0,0.0,1.0,10
mmlw_roberta_large,zh,object,negative,random,0.726635217666626,0.0,1.0,10
mmlw_roberta_large,zh,object,negative,shuffled_emotion,1.0,0.0,1.0,10
mmlw_roberta_large,zh,object,positive,emotion,1.0,0.0,1.0,10
mmlw_roberta_large,zh,object,positive,identity,1.0,0.0,1.0,10
mmlw_roberta_large,zh,object,positive,random,0.713502824306488,0.0,1.0,10
mmlw_roberta_large,zh,object,positive,shuffled_emotion,1.0,0.0,1.0,10
mmlw_roberta_large,zh,object,sadness,emotion,1.0,0.0,1.0,10
mmlw_roberta_large,zh,object,sadness,identity,1.0,0.0,1.0,10
mmlw_roberta_large,zh,object,sadness,random,0.7142130136489868,0.0,1.0,10
mmlw_roberta_large,zh,object,sadness,shuffled_emotion,1.0,0.0,1.0,10
mmlw_roberta_large,zh,person,amusement,emotion,1.0,0.0,1.0,10
mmlw_roberta_large,zh,person,amusement,identity,1.0,0.0,1.0,10
mmlw_roberta_large,zh,person,amusement,random,0.7055701017379761,0.0,1.0,10
mmlw_roberta_large,zh,person,amusement,shuffled_emotion,1.0,0.0,1.0,10
mmlw_roberta_large,zh,person,anger,emotion,1.0,0.0,1.0,10
mmlw_roberta_large,zh,person,anger,identity,1.0,0.0,1.0,10
mmlw_roberta_large,zh,person,anger,random,0.7131125926971436,0.0,1.0,10
mmlw_roberta_large,zh,person,anger,shuffled_emotion,1.0,0.0,1.0,10
mmlw_roberta_large,zh,person,disgust,emotion,1.0,0.0,1.0,10
mmlw_roberta_large,zh,person,disgust,identity,1.0,0.0,1.0,10
mmlw_roberta_large,zh,person,disgust,random,0.7128430604934692,0.0,1.0,10
mmlw_roberta_large,zh,person,disgust,shuffled_emotion,1.0,0.0,1.0,10
mmlw_roberta_large,zh,person,excitement,emotion,1.0,0.0,1.0,10
mmlw_roberta_large,zh,person,excitement,identity,1.0,0.0,1.0,10
mmlw_roberta_large,zh,person,excitement,random,0.7092883586883545,0.0,1.0,10
mmlw_roberta_large,zh,person,excitement,shuffled_emotion,1.0,0.0,1.0,10
mmlw_roberta_large,zh,person,fear,emotion,1.0,0.0,1.0,10
mmlw_roberta_large,zh,person,fear,identity,1.0,0.0,1.0,10
mmlw_roberta_large,zh,person,fear,random,0.7057684659957886,0.0,1.0,10
mmlw_roberta_large,zh,person,fear,shuffled_emotion,1.0,0.0,1.0,10
mmlw_roberta_large,zh,person,joy,emotion,1.0,0.0,1.0,10
mmlw_roberta_large,zh,person,joy,identity,1.0,0.0,1.0,10
mmlw_roberta_large,zh,person,joy,random,0.7132654190063477,0.0,1.0,10
mmlw_roberta_large,zh,person,joy,shuffled_emotion,1.0,0.0,1.0,10
mmlw_roberta_large,zh,person,love,emotion,1.0,0.0,1.0,10
mmlw_roberta_large,zh,person,love,identity,1.0,0.0,1.0,10
mmlw_roberta_large,zh,person,love,random,0.7098652720451355,0.0,1.0,10
mmlw_roberta_large,zh,person,love,shuffled_emotion,1.0,0.0,1.0,10
mmlw_roberta_large,zh,person,negative,emotion,1.0,0.0,1.0,10
mmlw_roberta_large,zh,person,negative,identity,1.0,0.0,1.0,10
mmlw_roberta_large,zh,person,negative,random,0.7063676118850708,0.0,1.0,10
mmlw_roberta_large,zh,person,negative,shuffled_emotion,1.0,0.0,1.0,10
mmlw_roberta_large,zh,person,positive,emotion,1.0,0.0,1.0,10
mmlw_roberta_large,zh,person,positive,identity,1.0,0.0,1.0,10
mmlw_roberta_large,zh,person,positive,random,0.6965582370758057,0.0,1.0,10
mmlw_roberta_large,zh,person,positive,shuffled_emotion,1.0,0.0,1.0,10
mmlw_roberta_large,zh,person,sadness,emotion,1.0,0.0,1.0,10
mmlw_roberta_large,zh,person,sadness,identity,1.0,0.0,1.0,10
mmlw_roberta_large,zh,person,sadness,random,0.6936684846878052,0.0,1.0,10
mmlw_roberta_large,zh,person,sadness,shuffled_emotion,1.0,0.0,1.0,10
mmlw_roberta_large,zh,place,amusement,emotion,1.0,0.0,1.0,10
mmlw_roberta_large,zh,place,amusement,identity,1.0,0.0,1.0,10
mmlw_roberta_large,zh,place,amusement,random,0.7125970125198364,0.0,1.0,10
mmlw_roberta_large,zh,place,amusement,shuffled_emotion,1.0,0.0,1.0,10
mmlw_roberta_large,zh,place,anger,emotion,1.0,0.0,1.0,10
mmlw_roberta_large,zh,place,anger,identity,1.0,0.0,1.0,10
mmlw_roberta_large,zh,place,anger,random,0.6927419900894165,0.0,1.0,10
mmlw_roberta_large,zh,place,anger,shuffled_emotion,1.0,0.0,1.0,10
mmlw_roberta_large,zh,place,disgust,emotion,1.0,0.0,1.0,10
mmlw_roberta_large,zh,place,disgust,identity,1.0,0.0,1.0,10
mmlw_roberta_large,zh,place,disgust,random,0.704361081123352,0.0,1.0,10
mmlw_roberta_large,zh,place,disgust,shuffled_emotion,1.0,0.0,1.0,10
mmlw_roberta_large,zh,place,excitement,emotion,1.0,0.0,1.0,10
mmlw_roberta_large,zh,place,excitement,identity,1.0,0.0,1.0,10
mmlw_roberta_large,zh,place,excitement,random,0.6993264555931091,0.0,1.0,10
mmlw_roberta_large,zh,place,excitement,shuffled_emotion,1.0,0.0,1.0,10
mmlw_roberta_large,zh,place,fear,emotion,1.0,0.0,1.0,10
mmlw_roberta_large,zh,place,fear,identity,1.0,0.0,1.0,10
mmlw_roberta_large,zh,place,fear,random,0.7129009962081909,0.0,1.0,10
mmlw_roberta_large,zh,place,fear,shuffled_emotion,1.0,0.0,1.0,10
mmlw_roberta_large,zh,place,joy,emotion,1.0,0.0,1.0,10
mmlw_roberta_large,zh,place,joy,identity,1.0,0.0,1.0,10
mmlw_roberta_large,zh,place,joy,random,0.7020975351333618,0.0,1.0,10
mmlw_roberta_large,zh,place,joy,shuffled_emotion,1.0,0.0,1.0,10
mmlw_roberta_large,zh,place,love,emotion,1.0,0.0,1.0,10
mmlw_roberta_large,zh,place,love,identity,1.0,0.0,1.0,10
mmlw_roberta_large,zh,place,love,random,0.7115240693092346,0.0,1.0,10
mmlw_roberta_large,zh,place,love,shuffled_emotion,1.0,0.0,1.0,10
mmlw_roberta_large,zh,place,negative,emotion,1.0,0.0,1.0,10
mmlw_roberta_large,zh,place,negative,identity,1.0,0.0,1.0,10
mmlw_roberta_large,zh,place,negative,random,0.6949667930603027,0.0,1.0,10
mmlw_roberta_large,zh,place,negative,shuffled_emotion,1.0,0.0,1.0,10
mmlw_roberta_large,zh,place,positive,emotion,1.0,0.0,1.0,10
mmlw_roberta_large,zh,place,positive,identity,1.0,0.0,1.0,10
mmlw_roberta_large,zh,place,positive,random,0.7015244364738464,0.0,1.0,10
mmlw_roberta_large,zh,place,positive,shuffled_emotion,1.0,0.0,1.0,10
mmlw_roberta_large,zh,place,sadness,emotion,1.0,0.0,1.0,10
mmlw_roberta_large,zh,place,sadness,identity,1.0,0.0,1.0,10
mmlw_roberta_large,zh,place,sadness,random,0.6927661895751953,0.0,1.0,10
mmlw_roberta_large,zh,place,sadness,shuffled_emotion,1.0,0.0,1.0,10
mmlw_roberta_large,zh,situation,amusement,emotion,1.0,0.0,1.0,10
mmlw_roberta_large,zh,situation,amusement,identity,1.0,0.0,1.0,10
mmlw_roberta_large,zh,situation,amusement,random,0.6857731342315674,0.0,1.0,10
mmlw_roberta_large,zh,situation,amusement,shuffled_emotion,1.0,0.0,1.0,10
mmlw_roberta_large,zh,situation,anger,emotion,1.0,0.0,1.0,10
mmlw_roberta_large,zh,situation,anger,identity,1.0,0.0,1.0,10
mmlw_roberta_large,zh,situation,anger,random,0.7101840972900391,0.0,1.0,10
mmlw_roberta_large,zh,situation,anger,shuffled_emotion,1.0,0.0,1.0,10
mmlw_roberta_large,zh,situation,disgust,emotion,1.0,0.0,1.0,10
mmlw_roberta_large,zh,situation,disgust,identity,1.0,0.0,1.0,10
mmlw_roberta_large,zh,situation,disgust,random,0.6956276893615723,0.0,1.0,10
mmlw_roberta_large,zh,situation,disgust,shuffled_emotion,1.0,0.0,1.0,10
mmlw_roberta_large,zh,situation,excitement,emotion,1.0,0.0,1.0,10
mmlw_roberta_large,zh,situation,excitement,identity,1.0,0.0,1.0,10
mmlw_roberta_large,zh,situation,excitement,random,0.6856013536453247,0.0,1.0,10
mmlw_roberta_large,zh,situation,excitement,shuffled_emotion,1.0,0.0,1.0,10
mmlw_roberta_large,zh,situation,fear,emotion,1.0,0.0,1.0,10
mmlw_roberta_large,zh,situation,fear,identity,1.0,0.0,1.0,10
mmlw_roberta_large,zh,situation,fear,random,0.7214491367340088,0.0,1.0,10
mmlw_roberta_large,zh,situation,fear,shuffled_emotion,1.0,0.0,1.0,10
mmlw_roberta_large,zh,situation,joy,emotion,1.0,0.0,1.0,10
mmlw_roberta_large,zh,situation,joy,identity,1.0,0.0,1.0,10
mmlw_roberta_large,zh,situation,joy,random,0.7037167549133301,0.0,1.0,10
mmlw_roberta_large,zh,situation,joy,shuffled_emotion,1.0,0.0,1.0,10
mmlw_roberta_large,zh,situation,love,emotion,1.0,0.0,1.0,10
mmlw_roberta_large,zh,situation,love,identity,1.0,0.0,1.0,10
mmlw_roberta_large,zh,situation,love,random,0.7130837440490723,0.0,1.0,10
mmlw_roberta_large,zh,situation,love,shuffled_emotion,1.0,0.0,1.0,10
mmlw_roberta_large,zh,situation,negative,emotion,1.0,0.0,1.0,10
mmlw_roberta_large,zh,situation,negative,identity,1.0,0.0,1.0,10
mmlw_roberta_large,zh,situation,negative,random,0.7039893865585327,0.0,1.0,10
mmlw_roberta_large,zh,situation,negative,shuffled_emotion,1.0,0.0,1.0,10
mmlw_roberta_large,zh,situation,positive,emotion,1.0,0.0,1.0,10
mmlw_roberta_large,zh,situation,positive,identity,1.0,0.0,1.0,10
mmlw_roberta_large,zh,situation,positive,random,0.6993368864059448,0.0,1.0,10
mmlw_roberta_large,zh,situation,positive,shuffled_emotion,1.0,0.0,1.0,10
mmlw_roberta_large,zh,situation,sadness,emotion,1.0,0.0,1.0,10
mmlw_roberta_large,zh,situation,sadness,identity,1.0,0.0,1.0,10
mmlw_roberta_large,zh,situation,sadness,random,0.7202441096305847,0.0,1.0,10
mmlw_roberta_large,zh,situation,sadness,shuffled_emotion,1.0,0.0,1.0,10
qwen3_embedding_8b,en,food,amusement,emotion,0.5615757465362549,-0.012653512787073842,1.0,11
qwen3_embedding_8b,en,food,amusement,identity,0.7511033952236176,-0.014204831281676874,1.0,10
qwen3_embedding_8b,en,food,amusement,random,0.5307423412799835,-0.01566062835045157,1.0,10
qwen3_embedding_8b,en,food,amusement,shuffled_emotion,0.5304928898811341,-0.01270180828869342,1.0,11
qwen3_embedding_8b,en,food,anger,emotion,0.5345812350511551,-0.008218286861665525,1.0,12
qwen3_embedding_8b,en,food,anger,identity,0.7511033952236176,-0.020090322429314224,1.0,10
qwen3_embedding_8b,en,food,anger,random,0.5342558979988098,-0.020090322429314224,1.0,10
qwen3_embedding_8b,en,food,anger,shuffled_emotion,0.5326514691114426,-0.01646563636604693,1.0,11
qwen3_embedding_8b,en,food,disgust,emotion,0.5497087210416793,0.05251952304970472,1.0,11
qwen3_embedding_8b,en,food,disgust,identity,0.7511033952236176,-0.014294398040510695,1.0,10
qwen3_embedding_8b,en,food,disgust,random,0.5348263740539551,-0.0009487151401117305,1.0,10
qwen3_embedding_8b,en,food,disgust,shuffled_emotion,0.5757192075252533,-0.015807284624315777,1.0,11
qwen3_embedding_8b,en,food,excitement,emotion,0.5304928898811341,-0.0032293963944539407,1.0,11
qwen3_embedding_8b,en,food,excitement,identity,0.7511033952236176,-0.007140372577123334,1.0,10
qwen3_embedding_8b,en,food,excitement,random,0.5324759483337402,-0.007140372577123334,1.0,10
qwen3_embedding_8b,en,food,excitement,shuffled_emotion,0.5590317696332932,-0.00356426411308349,1.0,12
qwen3_embedding_8b,en,food,fear,emotion,0.5326514691114426,-0.04180101635865864,1.0,11
qwen3_embedding_8b,en,food,fear,identity,0.7511033952236176,-0.04431752501986918,1.0,10
qwen3_embedding_8b,en,food,fear,random,0.5233766853809356,-0.05045083570294079,1.0,10
qwen3_embedding_8b,en,food,fear,shuffled_emotion,0.5615757465362549,-0.044037943845614755,1.0,11
qwen3_embedding_8b,en,food,joy,emotion,0.5757192075252533,-0.007108603732194735,1.0,11
qwen3_embedding_8b,en,food,joy,identity,0.7511033952236176,-0.0103020556620322,1.0,10
qwen3_embedding_8b,en,food,joy,random,0.5380634784698486,-0.0103020556620322,1.0,10
qwen3_embedding_8b,en,food,joy,shuffled_emotion,0.5345812350511551,-0.01020046836929394,1.0,12
qwen3_embedding_8b,en,food,love,emotion,0.5590317696332932,-0.021421669935807557,1.0,12
qwen3_embedding_8b,en,food,love,identity,0.7511033952236176,-0.029324754839763007,1.0,10
qwen3_embedding_8b,en,food,love,random,0.5340864658355713,-0.029324754839763007,1.0,10
qwen3_embedding_8b,en,food,love,shuffled_emotion,0.6024489581584931,-0.029725964507088025,1.0,11
qwen3_embedding_8b,en,food,negative,emotion,0.5984024375677108,0.021359633980318905,1.0,10
qwen3_embedding_8b,en,food,negative,identity,0.7511033952236176,-0.0019765513483434747,1.0,10
qwen3_embedding_8b,en,food,negative,random,0.5356672048568726,-0.0019765513483434756,1.0,10
qwen3_embedding_8b,en,food,negative,shuffled_emotion,0.5609255194664001,0.016117148229386653,1.0,11
qwen3_embedding_8b,en,food,positive,emotion,0.6024489581584931,-0.00872884450946002,1.0,11
qwen3_embedding_8b,en,food,positive,identity,0.7511033952236176,-0.011422934220172449,1.0,10
qwen3_embedding_8b,en,food,positive,random,0.5280807942152024,-0.01088094958104192,1.0,10
qwen3_embedding_8b,en,food,positive,shuffled_emotion,0.5984024375677108,-0.016282890341244617,1.0,10
qwen3_embedding_8b,en,food,sadness,emotion,0.5609255194664001,0.025005413452163328,1.0,11
qwen3_embedding_8b,en,food,sadness,identity,0.7511033952236176,0.007605744851753126,1.0,10
qwen3_embedding_8b,en,food,sadness,random,0.5302098333835602,0.007605744851753126,1.0,10
qwen3_embedding_8b,en,food,sadness,shuffled_emotion,0.5497087210416793,0.032330038491636494,1.0,11
qwen3_embedding_8b,en,object,amusement,emotion,0.527825565636158,0.10616041384637351,1.0,11
qwen3_embedding_8b,en,object,amusement,identity,0.6793385863304138,0.06829032581299539,1.0,10
qwen3_embedding_8b,en,object,amusement,random,0.4651341289281845,0.06597879622131582,1.0,10
qwen3_embedding_8b,en,object,amusement,shuffled_emotion,0.48011315912008284,0.07386784469708796,1.0,12
qwen3_embedding_8b,en,object,anger,emotion,0.4897893115878105,0.11322028506547208,1.0,12
qwen3_embedding_8b,en,object,anger,identity,0.6793385863304138,0.06948074130341406,1.0,10
qwen3_embedding_8b,en,object,anger,random,0.4781674534082413,0.06842631427571172,1.0,10
qwen3_embedding_8b,en,object,anger,shuffled_emotion,0.49775855988264084,0.11621331144124265,1.0,11
qwen3_embedding_8b,en,object,disgust,emotion,0.46652530282735827,0.11802255054935809,1.0,11
qwen3_embedding_8b,en,object,disgust,identity,0.6793385863304138,0.051074021891690746,1.0,10
qwen3_embedding_8b,en,object,disgust,random,0.49301806688308714,0.051074021891690746,1.0,10
qwen3_embedding_8b,en,object,disgust,shuffled_emotion,0.5302047699689865,0.06759408218786116,1.0,12
qwen3_embedding_8b,en,object,excitement,emotion,0.48011315912008284,0.07042689658701415,1.0,12
qwen3_embedding_8b,en,object,excitement,identity,0.6793385863304138,0.060267790965735854,1.0,10
qwen3_embedding_8b,en,object,excitement,random,0.47642276883125306,0.060267790965735854,1.0,10
qwen3_embedding_8b,en,object,excitement,shuffled_emotion,0.5310130462050437,0.07146538309752935,1.0,13
qwen3_embedding_8b,en,object,fear,emotion,0.49775855988264084,0.1143536131829023,1.0,11
qwen3_embedding_8b,en,object,fear,identity,0.6793385863304138,0.06135814306326206,1.0,10
qwen3_embedding_8b,en,object,fear,random,0.47976207733154297,0.06135814306326206,1.0,10
qwen3_embedding_8b,en,object,fear,shuffled_emotion,0.527825565636158,0.08418419575318689,1.0,11
qwen3_embedding_8b,en,object,joy,emotion,0.5302047699689865,0.0894424679689109,1.0,12
qwen3_embedding_8b,en,object,joy,identity,0.6793385863304138,0.06429382879287,1.0,10
qwen3_embedding_8b,en,object,joy,random,0.4790731221437454,0.06298599708825346,1.0,10
qwen3_embedding_8b,en,object,joy,shuffled_emotion,0.4897893115878105,0.0816306021995842,1.0,12
qwen3_embedding_8b,en,object,love,emotion,0.5310130462050437,0.11246804855763907,1.0,13
qwen3_embedding_8b,en,object,love,identity,0.6793385863304138,0.06486263526603575,1.0,10
qwen3_embedding_8b,en,object,love,random,0.4762025594711304,0.06486263526603575,1.0,10
qwen3_embedding_8b,en,object,love,shuffled_emotion,0.55327867269516,0.07535952394828196,1.0,13
qwen3_embedding_8b,en,object,negative,emotion,0.5407920449972152,0.09879124439321454,1.0,13
qwen3_embedding_8b,en,object,negative,identity,0.6793385863304138,0.0571978463325649,1.0,10
qwen3_embedding_8b,en,object,negative,random,0.4993342787027359,0.05470578246749932,1.0,10
qwen3_embedding_8b,en,object,negative,shuffled_emotion,0.5146455705165863,0.10043924907222386,1.0,13
qwen3_embedding_8b,en,object,positive,emotion,0.55327867269516,0.07102501257322724,1.0,13
qwen3_embedding_8b,en,object,positive,identity,0.6793385863304138,0.05952012580819425,1.0,10
qwen3_embedding_8b,en,object,positive,random,0.47737074792385104,0.06235243645496663,1.0,10
qwen3_embedding_8b,en,object,positive,shuffled_emotion,0.5407920449972152,0.06649790857918556,1.0,13
qwen3_embedding_8b,en,object,sadness,emotion,0.5146455705165863,0.13908613380044693,1.0,13
qwen3_embedding_8b,en,object,sadness,identity,0.6793385863304138,0.08687619473785156,1.0,10
qwen3_embedding_8b,en,object,sadness,random,0.4891354084014893,0.08661716710776086,1.0,10
qwen3_embedding_8b,en,object,sadness,shuffled_emotion,0.46652530282735827,0.12725764028728004,1.0,11
qwen3_embedding_8b,en,person,amusement,emotion,0.5508442431688308,0.08933683523209761,1.0,12
qwen3_embedding_8b,en,person,amusement,identity,0.7160984933376312,0.01643405882641671,1.0,10
qwen3_embedding_8b,en,person,amusement,random,0.5053283363580704,0.021594060491770484,1.0,10
qwen3_embedding_8b,en,person,amusement,shuffled_emotion,0.523244695365429,0.07477539778919887,1.0,11
qwen3_embedding_8b,en,person,anger,emotion,0.5390214562416077,0.1569493184331804,1.0,12
qwen3_embedding_8b,en,person,anger,identity,0.7160984933376312,0.024255580268800238,1.0,10
qwen3_embedding_8b,en,person,anger,random,0.511280232667923,0.02604583385400472,1.0,10
qwen3_embedding_8b,en,person,anger,shuffled_emotion,0.5349667236208916,0.08386365999467668,1.0,12
qwen3_embedding_8b,en,person,disgust,emotion,0.4784366190433502,0.11877323426306244,1.0,12
qwen3_embedding_8b,en,person,disgust,identity,0.7160984933376312,0.02110478067770599,1.0,10
qwen3_embedding_8b,en,person,disgust,random,0.5070286929607392,0.018918980006128537,1.0,10
qwen3_embedding_8b,en,person,disgust,shuffled_emotion,0.5594371855258942,0.0404217035975307,1.0,12
qwen3_embedding_8b,en,person,excitement,emotion,0.523244695365429,0.09438503379933533,1.0,11
qwen3_embedding_8b,en,person,excitement,identity,0.7160984933376312,0.01951653003925455,1.0,10
qwen3_embedding_8b,en,person,excitement,random,0.5038472205400467,0.01951653003925455,1.0,10
qwen3_embedding_8b,en,person,excitement,shuffled_emotion,0.5467253923416138,0.0420567132066935,1.0,12
qwen3_embedding_8b,en,person,fear,emotion,0.5349667236208916,0.10070132983382787,1.0,12
qwen3_embedding_8b,en,person,fear,identity,0.7160984933376312,0.028501382074318793,1.0,10
qwen3_embedding_8b,en,person,fear,random,0.5039013117551804,0.030041803023777867,1.0,10
qwen3_embedding_8b,en,person,fear,shuffled_emotion,0.5508442431688308,0.056699086935259366,1.0,12
qwen3_embedding_8b,en,person,joy,emotion,0.5594371855258942,0.06375141909811644,1.0,12
qwen3_embedding_8b,en,person,joy,identity,0.7160984933376312,-0.00403988824691622,1.0,10
qwen3_embedding_8b,en,person,joy,random,0.49789166152477266,0.005268799909390514,1.0,10
qwen3_embedding_8b,en,person,joy,shuffled_emotion,0.5390214562416077,0.043740389659069456,1.0,12
qwen3_embedding_8b,en,person,love,emotion,0.5467253923416138,0.061745981499552696,1.0,12
qwen3_embedding_8b,en,person,love,identity,0.7160984933376312,0.014599810447543857,1.0,10
qwen3_embedding_8b,en,person,love,random,0.49712052941322327,0.01614007973112165,1.0,10
qwen3_embedding_8b,en,person,love,shuffled_emotion,0.579845541715622,0.03500207257457076,1.0,13
qwen3_embedding_8b,en,person,negative,emotion,0.5774298667907715,0.1043073453940451,1.0,13
qwen3_embedding_8b,en,person,negative,identity,0.7160984933376312,0.020610186876729112,1.0,10
qwen3_embedding_8b,en,person,negative,random,0.5073770344257355,0.020610186876729112,1.0,10
qwen3_embedding_8b,en,person,negative,shuffled_emotion,0.5523952156305313,0.0740362394833937,1.0,11
qwen3_embedding_8b,en,person,positive,emotion,0.579845541715622,0.034936611726880056,1.0,13
qwen3_embedding_8b,en,person,positive,identity,0.7160984933376312,-0.003212068136781454,1.0,10
qwen3_embedding_8b,en,person,positive,random,0.5121218442916871,-0.0027752263471484194,1.0,10
qwen3_embedding_8b,en,person,positive,shuffled_emotion,0.5774298667907715,0.020273446477949597,1.0,13
qwen3_embedding_8b,en,person,sadness,emotion,0.5523952156305313,0.10047766077332196,1.0,11
qwen3_embedding_8b,en,person,sadness,identity,0.7160984933376312,0.0075698039028793546,1.0,10
qwen3_embedding_8b,en,person,sadness,random,0.5113346517086029,0.0073627078440040294,1.0,10
qwen3_embedding_8b,en,person,sadness,shuffled_emotion,0.4784366190433502,0.07261986830271777,1.0,12
qwen3_embedding_8b,en,place,amusement,emotion,0.5755047738552094,0.06709638806059953,1.0,11
qwen3_embedding_8b,en,place,amusement,identity,0.7354727327823639,0.059575536381453256,1.0,10
qwen3_embedding_8b,en,place,amusement,random,0.5151367276906967,0.06419440070167182,1.0,10
qwen3_embedding_8b,en,place,amusement,shuffled_emotion,0.5290043771266937,0.06477083424106236,1.0,11
qwen3_embedding_8b,en,place,anger,emotion,0.5265263721346856,0.08617927306331691,1.0,12
qwen3_embedding_8b,en,place,anger,identity,0.7354727327823639,0.04761737249791619,1.0,10
qwen3_embedding_8b,en,place,anger,random,0.5100295722484589,0.048205342143774005,1.0,10
qwen3_embedding_8b,en,place,anger,shuffled_emotion,0.5445297449827194,0.08070643530227241,1.0,11
qwen3_embedding_8b,en,place,disgust,emotion,0.514124047756195,0.10993921940680589,1.0,11
qwen3_embedding_8b,en,place,disgust,identity,0.7354727327823639,0.048912602011114345,1.0,10
qwen3_embedding_8b,en,place,disgust,random,0.5189054787158967,0.04680735738947985,1.0,10
qwen3_embedding_8b,en,place,disgust,shuffled_emotion,0.5715625554323196,0.05384406221564857,1.0,10
qwen3_embedding_8b,en,place,excitement,emotion,0.5290043771266937,0.05702436119318005,1.0,11
qwen3_embedding_8b,en,place,excitement,identity,0.7354727327823639,0.043951909698080244,1.0,10
qwen3_embedding_8b,en,place,excitement,random,0.5326458275318146,0.047646841302048396,1.0,10
qwen3_embedding_8b,en,place,excitement,shuffled_emotion,0.5553092509508133,0.04468275662511584,1.0,11
qwen3_embedding_8b,en,place,fear,emotion,0.5445297449827194,0.08158343695104119,1.0,11
qwen3_embedding_8b,en,place,fear,identity,0.7354727327823639,0.03582871826365587,1.0,10
qwen3_embedding_8b,en,place,fear,random,0.5313433051109314,0.0377125195227563,1.0,10
qwen3_embedding_8b,en,place,fear,shuffled_emotion,0.5755047738552094,0.05328961052000519,1.0,11
qwen3_embedding_8b,en,place,joy,emotion,0.5715625554323196,0.04909288929775353,1.0,10
qwen3_embedding_8b,en,place,joy,identity,0.7354727327823639,0.04145208209520203,1.0,10
qwen3_embedding_8b,en,place,joy,random,0.5175069451332093,0.037549160828348215,1.0,10
qwen3_embedding_8b,en,place,joy,shuffled_emotion,0.5265263721346856,0.040221854159608425,1.0,12
qwen3_embedding_8b,en,place,love,emotion,0.5553092509508133,0.04420349549036469,1.0,11
qwen3_embedding_8b,en,place,love,identity,0.7354727327823639,0.03297635053750124,1.0,10
qwen3_embedding_8b,en,place,love,random,0.5181605100631714,0.03198887954931703,1.0,10
qwen3_embedding_8b,en,place,love,shuffled_emotion,0.5942021191120148,0.0491436811862513,1.0,13
qwen3_embedding_8b,en,place,negative,emotion,0.5915315330028534,0.09381077727302903,1.0,11
qwen3_embedding_8b,en,place,negative,identity,0.7354727327823639,0.044318959256634066,1.0,10
qwen3_embedding_8b,en,place,negative,random,0.5170203745365143,0.04053786336444313,1.0,10
qwen3_embedding_8b,en,place,negative,shuffled_emotion,0.5638694584369659,0.09033912112936374,1.0,11
qwen3_embedding_8b,en,place,positive,emotion,0.5942021191120148,0.04630167549476024,1.0,13
qwen3_embedding_8b,en,place,positive,identity,0.7354727327823639,0.022350545087829205,1.0,10
qwen3_embedding_8b,en,place,positive,random,0.5237198352813721,0.01913772630505262,1.0,10
qwen3_embedding_8b,en,place,positive,shuffled_emotion,0.5915315330028534,0.01869154665619133,1.0,11
qwen3_embedding_8b,en,place,sadness,emotion,0.5638694584369659,0.10592684238217767,1.0,11
qwen3_embedding_8b,en,place,sadness,identity,0.7354727327823639,0.05254363794811066,1.0,10
qwen3_embedding_8b,en,place,sadness,random,0.5191846430301666,0.06681324453093107,1.0,10
qwen3_embedding_8b,en,place,sadness,shuffled_emotion,0.514124047756195,0.10626275902613994,1.0,11
qwen3_embedding_8b,en,situation,amusement,emotion,0.5389350593090058,0.11121897166594859,1.0,14
qwen3_embedding_8b,en,situation,amusement,identity,0.6794175565242767,0.04348074740264563,1.0,10
qwen3_embedding_8b,en,situation,amusement,random,0.47852144539356234,0.04633070337586103,1.0,10
qwen3_embedding_8b,en,situation,amusement,shuffled_emotion,0.5057339563965797,0.0832649850286543,1.0,12
qwen3_embedding_8b,en,situation,anger,emotion,0.5114218220114708,0.05418956549838182,1.0,11
qwen3_embedding_8b,en,situation,anger,identity,0.6794175565242767,0.03583611352369187,1.0,10
qwen3_embedding_8b,en,situation,anger,random,0.4742486447095871,0.02111268071457743,1.0,10
qwen3_embedding_8b,en,situation,anger,shuffled_emotion,0.5131083279848099,0.060377285536378576,1.0,11
qwen3_embedding_8b,en,situation,disgust,emotion,0.4769326001405716,0.10279084313660855,1.0,11
qwen3_embedding_8b,en,situation,disgust,identity,0.6794175565242767,0.038084122724831096,1.0,10
qwen3_embedding_8b,en,situation,disgust,random,0.48024865090847013,0.03808412272483109,1.0,10
qwen3_embedding_8b,en,situation,disgust,shuffled_emotion,0.5552787929773331,0.04309709831140935,1.0,12
qwen3_embedding_8b,en,situation,excitement,emotion,0.5057339563965797,0.06962136373622341,1.0,12
qwen3_embedding_8b,en,situation,excitement,identity,0.6794175565242767,0.02815169483656063,1.0,10
qwen3_embedding_8b,en,situation,excitement,random,0.48571092188358306,0.03404157418990507,1.0,10
qwen3_embedding_8b,en,situation,excitement,shuffled_emotion,0.5294499814510345,0.05168220467166973,1.0,12
qwen3_embedding_8b,en,situation,fear,emotion,0.5131083279848099,0.05157703422009942,1.0,11
qwen3_embedding_8b,en,situation,fear,identity,0.6794175565242767,0.018251069542020548,1.0,10
qwen3_embedding_8b,en,situation,fear,random,0.4811360418796539,0.018251069542020548,1.0,10
qwen3_embedding_8b,en,situation,fear,shuffled_emotion,0.5389350593090058,0.032666606339626,1.0,14
qwen3_embedding_8b,en,situation,joy,emotion,0.5552787929773331,0.11073781952727584,1.0,12
qwen3_embedding_8b,en,situation,joy,identity,0.6794175565242767,0.05252881790511308,1.0,10
qwen3_embedding_8b,en,situation,joy,random,0.48868423104286196,0.05252881790511308,1.0,10
qwen3_embedding_8b,en,situation,joy,shuffled_emotion,0.5114218220114708,0.05357635312248018,1.0,11
qwen3_embedding_8b,en,situation,love,emotion,0.5294499814510345,0.07882203776389357,1.0,12
qwen3_embedding_8b,en,situation,love,identity,0.6794175565242767,0.0346416298765689,1.0,10
qwen3_embedding_8b,en,situation,love,random,0.4666241854429245,0.034478971082717164,1.0,10
qwen3_embedding_8b,en,situation,love,shuffled_emotion,0.5607839733362198,0.05901293549686668,1.0,12
qwen3_embedding_8b,en,situation,negative,emotion,0.5597311004996299,0.038878853013738966,1.0,11
qwen3_embedding_8b,en,situation,negative,identity,0.6794175565242767,0.01536630173213779,1.0,10
qwen3_embedding_8b,en,situation,negative,random,0.47902233302593233,-0.0008520423900335996,1.0,10
qwen3_embedding_8b,en,situation,negative,shuffled_emotion,0.5291785672307014,0.052755858656018936,1.0,11
qwen3_embedding_8b,en,situation,positive,emotion,0.5607839733362198,0.06860438226722179,1.0,12
qwen3_embedding_8b,en,situation,positive,identity,0.6794175565242767,0.03270408608950673,1.0,10
qwen3_embedding_8b,en,situation,positive,random,0.48242232501506804,0.03380295117385684,1.0,10
qwen3_embedding_8b,en,situation,positive,shuffled_emotion,0.5597311004996299,0.03760378486476836,1.0,11
qwen3_embedding_8b,en,situation,sadness,emotion,0.5291785672307014,0.08181016105227168,1.0,11
qwen3_embedding_8b,en,situation,sadness,identity,0.6794175565242767,0.02288435786031186,1.0,10
qwen3_embedding_8b,en,situation,sadness,random,0.48521423935890196,0.022884357860311857,1.0,10
qwen3_embedding_8b,en,situation,sadness,shuffled_emotion,0.4769326001405716,0.06468976631294933,1.0,11
qwen3_embedding_8b,pl,food,amusement,emotion,0.6343985468149185,-0.00653038327582179,1.0,11
qwen3_embedding_8b,pl,food,amusement,identity,0.8052277445793152,-0.01205723905004559,1.0,10
qwen3_embedding_8b,pl,food,amusement,random,0.5697668015956878,-0.01447632028721271,1.0,10
qwen3_embedding_8b,pl,food,amusement,shuffled_emotion,0.5970246315002441,-0.008920316724106656,1.0,12
qwen3_embedding_8b,pl,food,anger,emotion,0.6217089861631393,-0.004622634407132855,1.0,11
qwen3_embedding_8b,pl,food,anger,identity,0.8052277445793152,-0.013711371272802333,1.0,10
qwen3_embedding_8b,pl,food,anger,random,0.5681001722812653,-0.013711371272802336,1.0,10
qwen3_embedding_8b,pl,food,anger,shuffled_emotion,0.6154477387666702,-0.00404339176602662,1.0,12
qwen3_embedding_8b,pl,food,disgust,emotion,0.6090557098388671,-0.007573271519504485,1.0,10
qwen3_embedding_8b,pl,food,disgust,identity,0.8052277445793152,-0.02388580299448221,1.0,10
qwen3_embedding_8b,pl,food,disgust,random,0.5717058598995208,-0.02388580299448221,1.0,10
qwen3_embedding_8b,pl,food,disgust,shuffled_emotion,0.6376032739877701,-0.01593240580987184,1.0,12
qwen3_embedding_8b,pl,food,excitement,emotion,0.5970246315002441,-0.01536964697879738,1.0,12
qwen3_embedding_8b,pl,food,excitement,identity,0.8052277445793152,-0.029809062212007093,1.0,10
qwen3_embedding_8b,pl,food,excitement,random,0.569398307800293,-0.03684074094635431,1.0,10
qwen3_embedding_8b,pl,food,excitement,shuffled_emotion,0.614824977517128,-0.01836989161674863,1.0,12
qwen3_embedding_8b,pl,food,fear,emotion,0.6154477387666702,0.023054302809759952,1.0,12
qwen3_embedding_8b,pl,food,fear,identity,0.8052277445793152,0.007782637234777188,1.0,10
qwen3_embedding_8b,pl,food,fear,random,0.5683690965175628,0.007782637234777188,1.0,10
qwen3_embedding_8b,pl,food,fear,shuffled_emotion,0.6343985468149185,0.012701372057199452,1.0,11
qwen3_embedding_8b,pl,food,joy,emotion,0.6376032739877701,-0.005829753226134921,1.0,12
qwen3_embedding_8b,pl,food,joy,identity,0.8052277445793152,-0.01892269501695407,1.0,10
qwen3_embedding_8b,pl,food,joy,random,0.5679835438728332,-0.018922695016954073,1.0,10
qwen3_embedding_8b,pl,food,joy,shuffled_emotion,0.6217089861631393,-0.014843236433807744,1.0,11
qwen3_embedding_8b,pl,food,love,emotion,0.614824977517128,0.006761207198724145,1.0,12
qwen3_embedding_8b,pl,food,love,identity,0.8052277445793152,-0.00960462668444961,1.0,10
qwen3_embedding_8b,pl,food,love,random,0.5717358350753784,-0.011392394755966954,1.0,10
qwen3_embedding_8b,pl,food,love,shuffled_emotion,0.6641228437423706,-0.0049878422636538645,1.0,11
qwen3_embedding_8b,pl,food,negative,emotion,0.6338176488876343,-0.01226073135621846,1.0,11
qwen3_embedding_8b,pl,food,negative,identity,0.8052277445793152,-0.02018847409635782,1.0,10
qwen3_embedding_8b,pl,food,negative,random,0.5646323740482331,-0.021452709846198553,1.0,10
qwen3_embedding_8b,pl,food,negative,shuffled_emotion,0.6162423819303513,-0.011942639946937565,1.0,11
qwen3_embedding_8b,pl,food,positive,emotion,0.6641228437423706,0.013638895819894966,1.0,11
qwen3_embedding_8b,pl,food,positive,identity,0.8052277445793152,0.005823974404484035,1.0,10
qwen3_embedding_8b,pl,food,positive,random,0.5627596616744995,0.01180845787748694,1.0,10
qwen3_embedding_8b,pl,food,positive,shuffled_emotion,0.6338176488876343,0.011086296942085025,1.0,11
qwen3_embedding_8b,pl,food,sadness,emotion,0.6162423819303513,0.01927733544725922,1.0,11
qwen3_embedding_8b,pl,food,sadness,identity,0.8052277445793152,0.008140675234608345,1.0,10
qwen3_embedding_8b,pl,food,sadness,random,0.561816394329071,0.010388307669199985,1.0,10
qwen3_embedding_8b,pl,food,sadness,shuffled_emotion,0.6090557098388671,0.021461604651994974,1.0,10
qwen3_embedding_8b,pl,object,amusement,emotion,0.5242340996861458,0.07997412467375395,1.0,13
qwen3_embedding_8b,pl,object,amusement,identity,0.6628912389278412,0.03245994856115427,1.0,10
qwen3_embedding_8b,pl,object,amusement,random,0.46927395462989807,0.03615946301724758,1.0,10
qwen3_embedding_8b,pl,object,amusement,shuffled_emotion,0.4897628903388977,0.04640623489394781,1.0,12
qwen3_embedding_8b,pl,object,anger,emotion,0.5095612108707428,0.06732364287599918,1.0,13
qwen3_embedding_8b,pl,object,anger,identity,0.6628912389278412,0.033131120540201627,1.0,10
qwen3_embedding_8b,pl,object,anger,random,0.46717104613780974,0.03624163344502446,1.0,10
qwen3_embedding_8b,pl,object,anger,shuffled_emotion,0.5072937130928039,0.05775057128630575,1.0,13
qwen3_embedding_8b,pl,object,disgust,emotion,0.49703375101089475,0.07144392053596672,1.0,12
qwen3_embedding_8b,pl,object,disgust,identity,0.6628912389278412,0.029910268867388325,1.0,10
qwen3_embedding_8b,pl,object,disgust,random,0.46646928191185,0.03259487352333958,1.0,10
qwen3_embedding_8b,pl,object,disgust,shuffled_emotion,0.5250481992959977,0.0405041881371289,1.0,13
qwen3_embedding_8b,pl,object,excitement,emotion,0.4897628903388977,0.03834823495708401,1.0,12
qwen3_embedding_8b,pl,object,excitement,identity,0.6628912389278412,0.012450459389947325,1.0,10
qwen3_embedding_8b,pl,object,excitement,random,0.46252060234546655,0.018245796649716754,1.0,10
qwen3_embedding_8b,pl,object,excitement,shuffled_emotion,0.5145941644906997,0.024366285745054433,1.0,11
qwen3_embedding_8b,pl,object,fear,emotion,0.5072937130928039,0.08654407947324214,1.0,13
qwen3_embedding_8b,pl,object,fear,identity,0.6628912389278412,0.04533019484952089,1.0,10
qwen3_embedding_8b,pl,object,fear,random,0.4669684171676636,0.04533019484952089,1.0,10
qwen3_embedding_8b,pl,object,fear,shuffled_emotion,0.5242340996861458,0.05575092602521179,1.0,13
qwen3_embedding_8b,pl,object,joy,emotion,0.5250481992959977,0.06740169867407526,1.0,13
qwen3_embedding_8b,pl,object,joy,identity,0.6628912389278412,0.035619188076816466,1.0,10
qwen3_embedding_8b,pl,object,joy,random,0.4715353697538376,0.040060493792407184,1.0,10
qwen3_embedding_8b,pl,object,joy,shuffled_emotion,0.5095612108707428,0.045374361681751865,1.0,13
qwen3_embedding_8b,pl,object,love,emotion,0.5145941644906997,0.08861773521639402,1.0,11
qwen3_embedding_8b,pl,object,love,identity,0.6628912389278412,0.03823250192217526,1.0,10
qwen3_embedding_8b,pl,object,love,random,0.4665635824203491,0.04387038047425446,1.0,10
qwen3_embedding_8b,pl,object,love,shuffled_emotion,0.5357086837291718,0.06114515322260555,1.0,14
qwen3_embedding_8b,pl,object,negative,emotion,0.5178167805075645,0.04655415555462237,1.0,14
qwen3_embedding_8b,pl,object,negative,identity,0.6628912389278412,0.024961752863600806,1.0,10
qwen3_embedding_8b,pl,object,negative,random,0.4608236730098724,0.02656052149832245,1.0,10
qwen3_embedding_8b,pl,object,negative,shuffled_emotion,0.506855945289135,0.03696770188398654,1.0,14
qwen3_embedding_8b,pl,object,positive,emotion,0.5357086837291718,0.033542225463315804,1.0,14
qwen3_embedding_8b,pl,object,positive,identity,0.6628912389278412,0.01668991479091344,1.0,10
qwen3_embedding_8b,pl,object,positive,random,0.46163885593414306,0.010282105766236765,1.0,10
qwen3_embedding_8b,pl,object,positive,shuffled_emotion,0.5178167805075645,0.02325257910415528,1.0,14
qwen3_embedding_8b,pl,object,sadness,emotion,0.506855945289135,0.07326271976344283,1.0,14
qwen3_embedding_8b,pl,object,sadness,identity,0.6628912389278412,0.04059757562354204,1.0,10
qwen3_embedding_8b,pl,object,sadness,random,0.47175109684467315,0.03884787452407178,1.0,10
qwen3_embedding_8b,pl,object,sadness,shuffled_emotion,0.49703375101089475,0.05108473356813189,1.0,12
qwen3_embedding_8b,pl,person,amusement,emotion,0.5753163367509841,0.029870716249570224,1.0,13
qwen3_embedding_8b,pl,person,amusement,identity,0.7479359149932862,0.0018730219919234447,1.0,10
qwen3_embedding_8b,pl,person,amusement,random,0.5279572904109955,0.008712582662701595,1.0,10
qwen3_embedding_8b,pl,person,amusement,shuffled_emotion,0.5548503965139389,0.02757133941631761,1.0,13
qwen3_embedding_8b,pl,person,anger,emotion,0.5879825800657272,0.08212879239581522,1.0,12
qwen3_embedding_8b,pl,person,anger,identity,0.7479359149932862,0.035107663727831084,1.0,10
qwen3_embedding_8b,pl,person,anger,random,0.5187826186418534,0.03264269948704167,1.0,10
qwen3_embedding_8b,pl,person,anger,shuffled_emotion,0.5754748582839966,0.07168661141768094,1.0,12
qwen3_embedding_8b,pl,person,disgust,emotion,0.5687123984098434,0.07430025561479849,1.0,12
qwen3_embedding_8b,pl,person,disgust,identity,0.7479359149932862,0.012048652372322968,1.0,10
qwen3_embedding_8b,pl,person,disgust,random,0.5267323672771453,0.008203480928204946,1.0,10
qwen3_embedding_8b,pl,person,disgust,shuffled_emotion,0.5779999762773513,0.02063871219288557,1.0,13
qwen3_embedding_8b,pl,person,excitement,emotion,0.5548503965139389,0.06876798174344,1.0,13
qwen3_embedding_8b,pl,person,excitement,identity,0.7479359149932862,0.01179437609389423,1.0,10
qwen3_embedding_8b,pl,person,excitement,random,0.5229417383670807,0.00535644767805933,1.0,10
qwen3_embedding_8b,pl,person,excitement,shuffled_emotion,0.5601089388132096,0.01396546871401368,1.0,11
qwen3_embedding_8b,pl,person,fear,emotion,0.5754748582839966,0.07887984808767212,1.0,12
qwen3_embedding_8b,pl,person,fear,identity,0.7479359149932862,0.02417227971600369,1.0,10
qwen3_embedding_8b,pl,person,fear,random,0.5289458096027374,0.022394104406703263,1.0,10
qwen3_embedding_8b,pl,person,fear,shuffled_emotion,0.5753163367509841,0.033468233246821896,1.0,13
qwen3_embedding_8b,pl,person,joy,emotion,0.5779999762773513,0.023267500739893844,1.0,13
qwen3_embedding_8b,pl,person,joy,identity,0.7479359149932862,-0.004243684807443055,1.0,10
qwen3_embedding_8b,pl,person,joy,random,0.5301888585090637,0.0029354467376833697,1.0,10
qwen3_embedding_8b,pl,person,joy,shuffled_emotion,0.5879825800657272,0.011736204521730525,1.0,12
qwen3_embedding_8b,pl,person,love,emotion,0.5601089388132096,0.026614083116874084,1.0,11
qwen3_embedding_8b,pl,person,love,identity,0.7479359149932862,-0.0004896223545074301,1.0,10
qwen3_embedding_8b,pl,person,love,random,0.5324224948883056,0.004568723449483521,1.0,10
qwen3_embedding_8b,pl,person,love,shuffled_emotion,0.5974885046482086,0.00306850611232223,1.0,12
qwen3_embedding_8b,pl,person,negative,emotion,0.5897789299488068,0.017854879982769474,1.0,12
qwen3_embedding_8b,pl,person,negative,identity,0.7479359149932862,0.00396312577649951,1.0,10
qwen3_embedding_8b,pl,person,negative,random,0.5288375675678253,0.00396312577649951,1.0,10
qwen3_embedding_8b,pl,person,negative,shuffled_emotion,0.5665604710578919,0.0175636694766581,1.0,13
qwen3_embedding_8b,pl,person,positive,emotion,0.5974885046482086,-0.010929493606090532,1.0,12
qwen3_embedding_8b,pl,person,positive,identity,0.7479359149932862,-0.02439670357853172,1.0,10
qwen3_embedding_8b,pl,person,positive,random,0.5349857270717621,-0.02439670357853172,1.0,10
qwen3_embedding_8b,pl,person,positive,shuffled_emotion,0.5897789299488068,-0.018174313753843284,1.0,12
qwen3_embedding_8b,pl,person,sadness,emotion,0.5665604710578919,0.06012542302487415,1.0,13
qwen3_embedding_8b,pl,person,sadness,identity,0.7479359149932862,0.015269594162236874,1.0,10
qwen3_embedding_8b,pl,person,sadness,random,0.5245837688446044,0.01727145005716009,1.0,10
qwen3_embedding_8b,pl,person,sadness,shuffled_emotion,0.5687123984098434,0.048318028484936756,1.0,12
qwen3_embedding_8b,pl,place,amusement,emotion,0.5803720444440842,0.05308811278082428,1.0,11
qwen3_embedding_8b,pl,place,amusement,identity,0.732929927110672,0.02271647963207215,1.0,10
qwen3_embedding_8b,pl,place,amusement,random,0.5120380192995071,0.03018064289353787,1.0,10
qwen3_embedding_8b,pl,place,amusement,shuffled_emotion,0.5445688933134079,0.03727591519709675,1.0,13
qwen3_embedding_8b,pl,place,anger,emotion,0.5583873271942139,0.024523937189951512,1.0,13
qwen3_embedding_8b,pl,place,anger,identity,0.732929927110672,0.0051338962744921345,1.0,10
qwen3_embedding_8b,pl,place,anger,random,0.5184187769889832,0.0051338962744921345,1.0,10
qwen3_embedding_8b,pl,place,anger,shuffled_emotion,0.5520509243011474,0.01646682722494003,1.0,13
qwen3_embedding_8b,pl,place,disgust,emotion,0.5487134397029877,0.03073759494582188,1.0,12
qwen3_embedding_8b,pl,place,disgust,identity,0.732929927110672,0.010238611383829251,1.0,10
qwen3_embedding_8b,pl,place,disgust,random,0.5183277010917664,0.0019618217484094103,1.0,10
qwen3_embedding_8b,pl,place,disgust,shuffled_emotion,0.5825535476207733,0.020526180276647186,1.0,13
qwen3_embedding_8b,pl,place,excitement,emotion,0.5445688933134079,0.036175892211031145,1.0,13
qwen3_embedding_8b,pl,place,excitement,identity,0.732929927110672,0.013141495955642315,1.0,10
qwen3_embedding_8b,pl,place,excitement,random,0.503440311551094,0.007667025353293876,1.0,10
qwen3_embedding_8b,pl,place,excitement,shuffled_emotion,0.5491200238466263,0.028107171272858965,1.0,14
qwen3_embedding_8b,pl,place,fear,emotion,0.5520509243011474,0.04158465117216106,1.0,13
qwen3_embedding_8b,pl,place,fear,identity,0.732929927110672,0.01353519493713973,1.0,10
qwen3_embedding_8b,pl,place,fear,random,0.5216035902500152,0.012797604035586104,1.0,10
qwen3_embedding_8b,pl,place,fear,shuffled_emotion,0.5803720444440842,0.016737964469939453,1.0,11
qwen3_embedding_8b,pl,place,joy,emotion,0.5825535476207733,0.06287528825923797,1.0,13
qwen3_embedding_8b,pl,place,joy,identity,0.732929927110672,0.012103439087513827,1.0,10
qwen3_embedding_8b,pl,place,joy,random,0.5057319611310959,0.02311555203050374,1.0,10
qwen3_embedding_8b,pl,place,joy,shuffled_emotion,0.5583873271942139,0.024251910357270364,1.0,13
qwen3_embedding_8b,pl,place,love,emotion,0.5491200238466263,0.0351724801585078,1.0,14
qwen3_embedding_8b,pl,place,love,identity,0.732929927110672,-0.0074272057041525705,1.0,10
qwen3_embedding_8b,pl,place,love,random,0.5110785275697708,-0.010832215962000184,1.0,10
qwen3_embedding_8b,pl,place,love,shuffled_emotion,0.5894697427749633,-0.0011327916756272295,1.0,15
qwen3_embedding_8b,pl,place,negative,emotion,0.5740044206380844,0.033317342679947584,1.0,14
qwen3_embedding_8b,pl,place,negative,identity,0.732929927110672,0.011654034815728655,1.0,10
qwen3_embedding_8b,pl,place,negative,random,0.5056721657514572,0.007512576063163566,1.0,10
qwen3_embedding_8b,pl,place,negative,shuffled_emotion,0.5474236756563187,0.030598269170150127,1.0,15
qwen3_embedding_8b,pl,place,positive,emotion,0.5894697427749633,0.018828155053779466,1.0,15
qwen3_embedding_8b,pl,place,positive,identity,0.732929927110672,-0.011354013951495271,1.0,10
qwen3_embedding_8b,pl,place,positive,random,0.5200484871864319,-0.00517975003458558,1.0,10
qwen3_embedding_8b,pl,place,positive,shuffled_emotion,0.5740044206380844,0.0029158537276089197,1.0,14
qwen3_embedding_8b,pl,place,sadness,emotion,0.5474236756563187,0.037606964807491726,1.0,15
qwen3_embedding_8b,pl,place,sadness,identity,0.732929927110672,-0.006214290542993675,1.0,10
qwen3_embedding_8b,pl,place,sadness,random,0.5197519659996033,-0.00990051397820932,1.0,10
qwen3_embedding_8b,pl,place,sadness,shuffled_emotion,0.5487134397029877,0.004333857388701295,1.0,12
qwen3_embedding_8b,pl,situation,amusement,emotion,0.568228867650032,0.07598340343683954,1.0,13
qwen3_embedding_8b,pl,situation,amusement,identity,0.7071029365062713,0.048080411739647354,1.0,10
qwen3_embedding_8b,pl,situation,amusement,random,0.4884772300720215,0.039780129119753815,1.0,10
qwen3_embedding_8b,pl,situation,amusement,shuffled_emotion,0.5304110795259476,0.05586433513090011,1.0,13
qwen3_embedding_8b,pl,situation,anger,emotion,0.5576281562447548,0.046293148025870305,1.0,12
qwen3_embedding_8b,pl,situation,anger,identity,0.7071029365062713,0.027782474737614388,1.0,10
qwen3_embedding_8b,pl,situation,anger,random,0.4999287843704224,0.031587186362594354,1.0,10
qwen3_embedding_8b,pl,situation,anger,shuffled_emotion,0.5317675054073334,0.03668868271633981,1.0,11
qwen3_embedding_8b,pl,situation,disgust,emotion,0.5483912497758865,0.045185770746320464,1.0,11
qwen3_embedding_8b,pl,situation,disgust,identity,0.7071029365062713,0.02367236833088099,1.0,10
qwen3_embedding_8b,pl,situation,disgust,random,0.4946714848279953,0.02372787864878773,1.0,10
qwen3_embedding_8b,pl,situation,disgust,shuffled_emotion,0.5691479921340943,0.023762256931513542,1.0,11
qwen3_embedding_8b,pl,situation,excitement,emotion,0.5304110795259476,0.009581628721207379,1.0,13
qwen3_embedding_8b,pl,situation,excitement,identity,0.7071029365062713,-0.012870434951037147,1.0,10
qwen3_embedding_8b,pl,situation,excitement,random,0.4966783136129379,-0.01227612942457197,1.0,10
qwen3_embedding_8b,pl,situation,excitement,shuffled_emotion,0.5436925441026688,-0.0077031415887176755,1.0,11
qwen3_embedding_8b,pl,situation,fear,emotion,0.5317675054073334,0.011232886207289985,1.0,11
qwen3_embedding_8b,pl,situation,fear,identity,0.7071029365062713,0.0030364860547706556,1.0,10
qwen3_embedding_8b,pl,situation,fear,random,0.5025008171796799,0.003036486054770655,1.0,10
qwen3_embedding_8b,pl,situation,fear,shuffled_emotion,0.568228867650032,0.0055789771955460305,1.0,13
qwen3_embedding_8b,pl,situation,joy,emotion,0.5691479921340943,0.05430717815179377,1.0,11
qwen3_embedding_8b,pl,situation,joy,identity,0.7071029365062713,0.03117659387644379,1.0,10
qwen3_embedding_8b,pl,situation,joy,random,0.49369852542877196,0.02454447916243225,1.0,10
qwen3_embedding_8b,pl,situation,joy,shuffled_emotion,0.5576281562447548,0.035320978634990736,1.0,12
qwen3_embedding_8b,pl,situation,love,emotion,0.5436925441026688,0.040618071926292014,1.0,11
qwen3_embedding_8b,pl,situation,love,identity,0.7071029365062713,0.013035574776586133,1.0,10
qwen3_embedding_8b,pl,situation,love,random,0.5150867581367493,0.013052735605742775,1.0,10
qwen3_embedding_8b,pl,situation,love,shuffled_emotion,0.5671090215444565,0.020956267917063075,1.0,13
qwen3_embedding_8b,pl,situation,negative,emotion,0.5542153730988503,-0.01689208147581666,1.0,12
qwen3_embedding_8b,pl,situation,negative,identity,0.7071029365062713,-0.027798170386813575,1.0,10
qwen3_embedding_8b,pl,situation,negative,random,0.500676941871643,-0.027798170386813575,1.0,10
qwen3_embedding_8b,pl,situation,negative,shuffled_emotion,0.5245433524250984,-0.022701559192501008,1.0,12
qwen3_embedding_8b,pl,situation,positive,emotion,0.5671090215444565,0.010268594231456526,1.0,13
qwen3_embedding_8b,pl,situation,positive,identity,0.7071029365062713,-0.020687759970314776,1.0,10
qwen3_embedding_8b,pl,situation,positive,random,0.5025995224714279,-0.020687759970314773,1.0,10
qwen3_embedding_8b,pl,situation,positive,shuffled_emotion,0.5542153730988503,-0.017472287337295684,1.0,12
qwen3_embedding_8b,pl,situation,sadness,emotion,0.5245433524250984,-0.0020191682386211957,1.0,12
qwen3_embedding_8b,pl,situation,sadness,identity,0.7071029365062713,-0.015123421500902595,1.0,10
qwen3_embedding_8b,pl,situation,sadness,random,0.4980642795562744,-0.019304538320284302,1.0,10
qwen3_embedding_8b,pl,situation,sadness,shuffled_emotion,0.5483912497758865,-0.004276095039676865,1.0,11
qwen3_embedding_8b,zh,food,amusement,emotion,0.48468239456415174,0.03850696124136447,1.0,12
qwen3_embedding_8b,zh,food,amusement,identity,0.6798291623592376,0.010762194264680155,1.0,10
qwen3_embedding_8b,zh,food,amusement,random,0.48913092315196993,0.008882957813330006,1.0,10
qwen3_embedding_8b,zh,food,amusement,shuffled_emotion,0.46274068504571914,0.02767950197448954,1.0,12
qwen3_embedding_8b,zh,food,anger,emotion,0.44242331236600874,0.018107452848926186,1.0,11
qwen3_embedding_8b,zh,food,anger,identity,0.6798291623592376,-0.002871245285496095,1.0,10
qwen3_embedding_8b,zh,food,anger,random,0.4841673940420151,-0.00603513885289428,1.0,10
qwen3_embedding_8b,zh,food,anger,shuffled_emotion,0.43844906240701675,0.014777521463111048,1.0,12
qwen3_embedding_8b,zh,food,disgust,emotion,0.4753608897328377,0.044844914297573264,1.0,13
qwen3_embedding_8b,zh,food,disgust,identity,0.6798291623592376,0.007808927819132827,1.0,10
qwen3_embedding_8b,zh,food,disgust,random,0.48727630972862246,0.0013566077686846462,1.0,10
qwen3_embedding_8b,zh,food,disgust,shuffled_emotion,0.4796838119626045,0.016593850287608822,1.0,11
qwen3_embedding_8b,zh,food,excitement,emotion,0.46274068504571914,0.014215643377974641,1.0,12
qwen3_embedding_8b,zh,food,excitement,identity,0.6798291623592376,-0.00503243128769097,1.0,10
qwen3_embedding_8b,zh,food,excitement,random,0.4962048470973969,-0.0059962594881653505,1.0,10
qwen3_embedding_8b,zh,food,excitement,shuffled_emotion,0.48503064215183256,0.009581498673651375,1.0,13
qwen3_embedding_8b,zh,food,fear,emotion,0.43844906240701675,0.012737445998936895,1.0,12
qwen3_embedding_8b,zh,food,fear,identity,0.6798291623592376,-0.008988218614831546,1.0,10
qwen3_embedding_8b,zh,food,fear,random,0.48049722909927367,-0.008988218614831546,1.0,10
qwen3_embedding_8b,zh,food,fear,shuffled_emotion,0.48468239456415174,0.007954624993726626,1.0,12
qwen3_embedding_8b,zh,food,joy,emotion,0.4796838119626045,0.028153321193531127,1.0,11
qwen3_embedding_8b,zh,food,joy,identity,0.6798291623592376,0.0029958575265481954,1.0,10
qwen3_embedding_8b,zh,food,joy,random,0.4858580678701401,-0.00090717885177583,1.0,10
qwen3_embedding_8b,zh,food,joy,shuffled_emotion,0.44242331236600874,0.01850758572109042,1.0,11
qwen3_embedding_8b,zh,food,love,emotion,0.48503064215183256,0.0100700345385121,1.0,13
qwen3_embedding_8b,zh,food,love,identity,0.6798291623592376,-0.015484291591565119,1.0,10
qwen3_embedding_8b,zh,food,love,random,0.48426109850406646,-0.01226620804227423,1.0,10
qwen3_embedding_8b,zh,food,love,shuffled_emotion,0.4870587378740311,0.008115398106747294,1.0,13
qwen3_embedding_8b,zh,food,negative,emotion,0.48882990777492524,0.05431947108590973,1.0,11
qwen3_embedding_8b,zh,food,negative,identity,0.6798291623592376,0.020796624926151697,1.0,10
qwen3_embedding_8b,zh,food,negative,random,0.47843168675899506,0.017154979321639976,1.0,10
qwen3_embedding_8b,zh,food,negative,shuffled_emotion,0.47032775580883024,0.050835716549772744,1.0,12
qwen3_embedding_8b,zh,food,positive,emotion,0.4870587378740311,0.028173558856360588,1.0,13
qwen3_embedding_8b,zh,food,positive,identity,0.6798291623592376,0.005269508878700435,1.0,10
qwen3_embedding_8b,zh,food,positive,random,0.48182199597358705,0.0011504370486363753,1.0,10
qwen3_embedding_8b,zh,food,positive,shuffled_emotion,0.48882990777492524,0.01771511754486707,1.0,11
qwen3_embedding_8b,zh,food,sadness,emotion,0.47032775580883024,0.04884787974879144,1.0,12
qwen3_embedding_8b,zh,food,sadness,identity,0.6798291623592376,0.016660625091753905,1.0,10
qwen3_embedding_8b,zh,food,sadness,random,0.47647669315338137,0.01639815762173385,1.0,10
qwen3_embedding_8b,zh,food,sadness,shuffled_emotion,0.4753608897328377,0.046760568441823115,1.0,13
qwen3_embedding_8b,zh,object,amusement,emotion,0.4657628208398819,0.07596756606362756,1.0,10
qwen3_embedding_8b,zh,object,amusement,identity,0.6495700418949127,0.055190139869227973,1.0,10
qwen3_embedding_8b,zh,object,amusement,random,0.4537781894207001,0.058850590186193555,1.0,10
qwen3_embedding_8b,zh,object,amusement,shuffled_emotion,0.4453000441193581,0.06778759486041959,1.0,11
qwen3_embedding_8b,zh,object,anger,emotion,0.4145812690258026,0.07220500456169245,1.0,10
qwen3_embedding_8b,zh,object,anger,identity,0.6495700418949127,0.04245703406631944,1.0,10
qwen3_embedding_8b,zh,object,anger,random,0.454027384519577,0.040126735717058146,1.0,10
qwen3_embedding_8b,zh,object,anger,shuffled_emotion,0.4241927549242973,0.07558379182592032,1.0,10
qwen3_embedding_8b,zh,object,disgust,emotion,0.4286403998732567,0.08028635033406314,1.0,13
qwen3_embedding_8b,zh,object,disgust,identity,0.6495700418949127,0.03887423146516083,1.0,10
qwen3_embedding_8b,zh,object,disgust,random,0.4589285790920258,0.03907650765031574,1.0,10
qwen3_embedding_8b,zh,object,disgust,shuffled_emotion,0.46869296580553055,0.04999817959032951,1.0,11
qwen3_embedding_8b,zh,object,excitement,emotion,0.4453000441193581,0.0606930500362068,1.0,11
qwen3_embedding_8b,zh,object,excitement,identity,0.6495700418949127,0.04728913498111065,1.0,10
qwen3_embedding_8b,zh,object,excitement,random,0.451461723446846,0.047290935972705436,1.0,10
qwen3_embedding_8b,zh,object,excitement,shuffled_emotion,0.48402836471796035,0.06058062077499922,1.0,10
qwen3_embedding_8b,zh,object,fear,emotion,0.4241927549242973,0.09043202716857192,1.0,10
qwen3_embedding_8b,zh,object,fear,identity,0.6495700418949127,0.045265888376161426,1.0,10
qwen3_embedding_8b,zh,object,fear,random,0.45080420970916746,0.042363633168861235,1.0,10
qwen3_embedding_8b,zh,object,fear,shuffled_emotion,0.4657628208398819,0.05465433564968404,1.0,10
qwen3_embedding_8b,zh,object,joy,emotion,0.46869296580553055,0.07646733829751606,1.0,11
qwen3_embedding_8b,zh,object,joy,identity,0.6495700418949127,0.06376559613272544,1.0,10
qwen3_embedding_8b,zh,object,joy,random,0.4545272469520569,0.06114105442538853,1.0,10
qwen3_embedding_8b,zh,object,joy,shuffled_emotion,0.4145812690258026,0.07777649881318208,1.0,10
qwen3_embedding_8b,zh,object,love,emotion,0.48402836471796035,0.0924902853555977,1.0,10
qwen3_embedding_8b,zh,object,love,identity,0.6495700418949127,0.06187636568211015,1.0,10
qwen3_embedding_8b,zh,object,love,random,0.4594984769821167,0.06187636568211015,1.0,10
qwen3_embedding_8b,zh,object,love,shuffled_emotion,0.4611229881644249,0.06843909374438223,1.0,10
qwen3_embedding_8b,zh,object,negative,emotion,0.445744089782238,0.05995602803304787,1.0,11
qwen3_embedding_8b,zh,object,negative,identity,0.6495700418949127,0.03366951029747721,1.0,10
qwen3_embedding_8b,zh,object,negative,random,0.4549058526754379,0.03557881433516737,1.0,10
qwen3_embedding_8b,zh,object,negative,shuffled_emotion,0.4440180867910385,0.05814018417149778,1.0,12
qwen3_embedding_8b,zh,object,positive,emotion,0.4611229881644249,0.03525231783278282,1.0,10
qwen3_embedding_8b,zh,object,positive,identity,0.6495700418949127,0.03179812044836577,1.0,10
qwen3_embedding_8b,zh,object,positive,random,0.4717004090547562,0.03160321731120344,1.0,10
qwen3_embedding_8b,zh,object,positive,shuffled_emotion,0.445744089782238,0.03933593090623612,1.0,11
qwen3_embedding_8b,zh,object,sadness,emotion,0.4440180867910385,0.09033609870821235,1.0,12
qwen3_embedding_8b,zh,object,sadness,identity,0.6495700418949127,0.057367481756955344,1.0,10
qwen3_embedding_8b,zh,object,sadness,random,0.45203240811824796,0.05937770316377279,1.0,10
qwen3_embedding_8b,zh,object,sadness,shuffled_emotion,0.4286403998732567,0.08654289972037074,1.0,13
qwen3_embedding_8b,zh,person,amusement,emotion,0.4799327030777931,0.08335931235924358,1.0,12
qwen3_embedding_8b,zh,person,amusement,identity,0.6589622735977173,0.042865337477996895,1.0,10
qwen3_embedding_8b,zh,person,amusement,random,0.4651194930076599,0.047181011037901,1.0,10
qwen3_embedding_8b,zh,person,amusement,shuffled_emotion,0.47955138981342316,0.07834293106570836,1.0,11
qwen3_embedding_8b,zh,person,anger,emotion,0.4556842789053917,0.1294015701860189,1.0,12
qwen3_embedding_8b,zh,person,anger,identity,0.6589622735977173,0.042310118908062536,1.0,10
qwen3_embedding_8b,zh,person,anger,random,0.4660851716995239,0.04458333458751435,1.0,10
qwen3_embedding_8b,zh,person,anger,shuffled_emotion,0.456809963285923,0.08491481430828568,1.0,12
qwen3_embedding_8b,zh,person,disgust,emotion,0.4712215453386307,0.1305743249133229,1.0,11
qwen3_embedding_8b,zh,person,disgust,identity,0.6589622735977173,0.05562078058719629,1.0,10
qwen3_embedding_8b,zh,person,disgust,random,0.47434601485729216,0.05562078058719629,1.0,10
qwen3_embedding_8b,zh,person,disgust,shuffled_emotion,0.48373608887195585,0.06791031714528795,1.0,11
qwen3_embedding_8b,zh,person,excitement,emotion,0.47955138981342316,0.10679337242618199,1.0,11
qwen3_embedding_8b,zh,person,excitement,identity,0.6589622735977173,0.0449248053366318,1.0,10
qwen3_embedding_8b,zh,person,excitement,random,0.4586490154266357,0.047597195324487945,1.0,10
qwen3_embedding_8b,zh,person,excitement,shuffled_emotion,0.4955953538417816,0.06220031585544343,1.0,11
qwen3_embedding_8b,zh,person,fear,emotion,0.456809963285923,0.12122937081148846,1.0,12
qwen3_embedding_8b,zh,person,fear,identity,0.6589622735977173,0.05101228713756424,1.0,10
qwen3_embedding_8b,zh,person,fear,random,0.4671230673789978,0.05153486601775509,1.0,10
qwen3_embedding_8b,zh,person,fear,shuffled_emotion,0.4799327030777931,0.07074685370316727,1.0,12
qwen3_embedding_8b,zh,person,joy,emotion,0.48373608887195585,0.08121766280382867,1.0,11
qwen3_embedding_8b,zh,person,joy,identity,0.6589622735977173,0.03555794444400812,1.0,10
qwen3_embedding_8b,zh,person,joy,random,0.47750496566295625,0.040169841167516956,1.0,10
qwen3_embedding_8b,zh,person,joy,shuffled_emotion,0.4556842789053917,0.07086366713047024,1.0,12
qwen3_embedding_8b,zh,person,love,emotion,0.4955953538417816,0.0674273788928985,1.0,11
qwen3_embedding_8b,zh,person,love,identity,0.6589622735977173,0.054719625017605675,1.0,10
qwen3_embedding_8b,zh,person,love,random,0.47330320477485655,0.04583376140799369,1.0,10
qwen3_embedding_8b,zh,person,love,shuffled_emotion,0.48589576333761214,0.06217630733735855,1.0,12
qwen3_embedding_8b,zh,person,negative,emotion,0.47574670910835265,0.10796367996372278,1.0,12
qwen3_embedding_8b,zh,person,negative,identity,0.6589622735977173,0.04969018818810577,1.0,10
qwen3_embedding_8b,zh,person,negative,random,0.4642064213752747,0.04766505714505905,1.0,10
qwen3_embedding_8b,zh,person,negative,shuffled_emotion,0.4752808094024658,0.10933327404782171,1.0,10
qwen3_embedding_8b,zh,person,positive,emotion,0.48589576333761214,0.07294042427092787,1.0,12
qwen3_embedding_8b,zh,person,positive,identity,0.6589622735977173,0.04646793282590801,1.0,10
qwen3_embedding_8b,zh,person,positive,random,0.4674138158559799,0.04646793282590801,1.0,10
qwen3_embedding_8b,zh,person,positive,shuffled_emotion,0.47574670910835265,0.06857625287957485,1.0,12
qwen3_embedding_8b,zh,person,sadness,emotion,0.4752808094024658,0.1375989708350971,1.0,10
qwen3_embedding_8b,zh,person,sadness,identity,0.6589622735977173,0.04353022261057045,1.0,10
qwen3_embedding_8b,zh,person,sadness,random,0.4624942302703857,0.03974536571186031,1.0,10
qwen3_embedding_8b,zh,person,sadness,shuffled_emotion,0.4712215453386307,0.08238303561229254,1.0,11
qwen3_embedding_8b,zh,place,amusement,emotion,0.4420615404844284,0.1152995396405458,1.0,12
qwen3_embedding_8b,zh,place,amusement,identity,0.6439133167266846,0.06817200360819693,1.0,10
qwen3_embedding_8b,zh,place,amusement,random,0.46520233154296875,0.06741469455882902,1.0,10
qwen3_embedding_8b,zh,place,amusement,shuffled_emotion,0.42815486937761305,0.10080910623073573,1.0,11
qwen3_embedding_8b,zh,place,anger,emotion,0.3995942935347557,0.10327893234789368,1.0,11
qwen3_embedding_8b,zh,place,anger,identity,0.6439133167266846,0.07822847235947843,1.0,10
qwen3_embedding_8b,zh,place,anger,random,0.46199972927570343,0.07822847235947843,1.0,10
qwen3_embedding_8b,zh,place,anger,shuffled_emotion,0.42729143500328065,0.11654100455343719,1.0,12
qwen3_embedding_8b,zh,place,disgust,emotion,0.4212096929550171,0.11864872146397824,1.0,12
qwen3_embedding_8b,zh,place,disgust,identity,0.6439133167266846,0.08055541217327114,1.0,10
qwen3_embedding_8b,zh,place,disgust,random,0.44697006940841677,0.07698173522949214,1.0,10
qwen3_embedding_8b,zh,place,disgust,shuffled_emotion,0.44537293910980225,0.09110396075993772,1.0,10
qwen3_embedding_8b,zh,place,excitement,emotion,0.42815486937761305,0.09261621162295339,1.0,11
qwen3_embedding_8b,zh,place,excitement,identity,0.6439133167266846,0.06360191316343841,1.0,10
qwen3_embedding_8b,zh,place,excitement,random,0.4561631828546524,0.06375916772522028,1.0,10
qwen3_embedding_8b,zh,place,excitement,shuffled_emotion,0.4452297821640968,0.07200600691139694,1.0,11
qwen3_embedding_8b,zh,place,fear,emotion,0.42729143500328065,0.15444982349872585,1.0,12
qwen3_embedding_8b,zh,place,fear,identity,0.6439133167266846,0.08786238422617312,1.0,10
qwen3_embedding_8b,zh,place,fear,random,0.44941734075546264,0.08786238422617312,1.0,10
qwen3_embedding_8b,zh,place,fear,shuffled_emotion,0.4420615404844284,0.10160145321860906,1.0,12
qwen3_embedding_8b,zh,place,joy,emotion,0.44537293910980225,0.1101056118495762,1.0,10
qwen3_embedding_8b,zh,place,joy,identity,0.6439133167266846,0.06260099117644127,1.0,10
qwen3_embedding_8b,zh,place,joy,random,0.4575632750988007,0.06260099117644127,1.0,10
qwen3_embedding_8b,zh,place,joy,shuffled_emotion,0.3995942935347557,0.08225870216265316,1.0,11
qwen3_embedding_8b,zh,place,love,emotion,0.4452297821640968,0.049026895849965474,1.0,11
qwen3_embedding_8b,zh,place,love,identity,0.6439133167266846,0.04065490427892652,1.0,10
qwen3_embedding_8b,zh,place,love,random,0.46148659884929655,0.040726074366830255,1.0,10
qwen3_embedding_8b,zh,place,love,shuffled_emotion,0.4512167423963547,0.049028028524480724,1.0,12
qwen3_embedding_8b,zh,place,negative,emotion,0.43867239356040955,0.10636980067938562,1.0,13
qwen3_embedding_8b,zh,place,negative,identity,0.6439133167266846,0.07149663995951411,1.0,10
qwen3_embedding_8b,zh,place,negative,random,0.4519979298114777,0.07149663995951411,1.0,10
qwen3_embedding_8b,zh,place,negative,shuffled_emotion,0.43175880908966063,0.10962607804685827,1.0,11
qwen3_embedding_8b,zh,place,positive,emotion,0.4512167423963547,0.07906986307352776,1.0,12
qwen3_embedding_8b,zh,place,positive,identity,0.6439133167266846,0.06546140555292364,1.0,10
qwen3_embedding_8b,zh,place,positive,random,0.4507450610399246,0.06546140555292364,1.0,10
qwen3_embedding_8b,zh,place,positive,shuffled_emotion,0.43867239356040955,0.07607972584664817,1.0,13
qwen3_embedding_8b,zh,place,sadness,emotion,0.43175880908966063,0.11410737093538041,1.0,11
qwen3_embedding_8b,zh,place,sadness,identity,0.6439133167266846,0.06757843251107257,1.0,10
qwen3_embedding_8b,zh,place,sadness,random,0.4566871732473373,0.059145503293257164,1.0,10
qwen3_embedding_8b,zh,place,sadness,shuffled_emotion,0.4212096929550171,0.10222808644175525,1.0,12
qwen3_embedding_8b,zh,situation,amusement,emotion,0.5153398796916008,0.20049541611224408,1.0,12
qwen3_embedding_8b,zh,situation,amusement,identity,0.6358324110507965,0.11874006036669012,1.0,10
qwen3_embedding_8b,zh,situation,amusement,random,0.45517576932907106,0.1248334443196654,1.0,10
qwen3_embedding_8b,zh,situation,amusement,shuffled_emotion,0.5087599486112595,0.1794206632301211,1.0,13
qwen3_embedding_8b,zh,situation,anger,emotion,0.4778516113758087,0.1827914528548717,1.0,12
qwen3_embedding_8b,zh,situation,anger,identity,0.6358324110507965,0.1105478984303772,1.0,10
qwen3_embedding_8b,zh,situation,anger,random,0.4491990476846695,0.13223353670909996,1.0,10
qwen3_embedding_8b,zh,situation,anger,shuffled_emotion,0.47313297986984254,0.17799665797501799,1.0,12
qwen3_embedding_8b,zh,situation,disgust,emotion,0.4884668901562691,0.1736365348100662,1.0,13
qwen3_embedding_8b,zh,situation,disgust,identity,0.6358324110507965,0.1158778320997953,1.0,10
qwen3_embedding_8b,zh,situation,disgust,random,0.4576589107513428,0.11941519416868684,1.0,10
qwen3_embedding_8b,zh,situation,disgust,shuffled_emotion,0.5240457952022552,0.13085701726377005,1.0,12
qwen3_embedding_8b,zh,situation,excitement,emotion,0.5087599486112595,0.16894578412175174,1.0,13
qwen3_embedding_8b,zh,situation,excitement,identity,0.6358324110507965,0.10170598011463876,1.0,10
qwen3_embedding_8b,zh,situation,excitement,random,0.4565375953912735,0.10089791808277364,1.0,10
qwen3_embedding_8b,zh,situation,excitement,shuffled_emotion,0.5073514297604561,0.16147691011428827,1.0,13
qwen3_embedding_8b,zh,situation,fear,emotion,0.47313297986984254,0.1614918496459722,1.0,12
qwen3_embedding_8b,zh,situation,fear,identity,0.6358324110507965,0.10106819085776801,1.0,10
qwen3_embedding_8b,zh,situation,fear,random,0.45242212116718294,0.08702780231833454,1.0,10
qwen3_embedding_8b,zh,situation,fear,shuffled_emotion,0.5153398796916008,0.1316069301217794,1.0,12
qwen3_embedding_8b,zh,situation,joy,emotion,0.5240457952022552,0.21943693980574602,1.0,12
qwen3_embedding_8b,zh,situation,joy,identity,0.6358324110507965,0.13097299654036756,1.0,10
qwen3_embedding_8b,zh,situation,joy,random,0.44829592406749724,0.12552017886191602,1.0,10
qwen3_embedding_8b,zh,situation,joy,shuffled_emotion,0.4778516113758087,0.1796490147709846,1.0,12
qwen3_embedding_8b,zh,situation,love,emotion,0.5073514297604561,0.1680368302389979,1.0,13
qwen3_embedding_8b,zh,situation,love,identity,0.6358324110507965,0.11795527832582589,1.0,10
qwen3_embedding_8b,zh,situation,love,random,0.4605011612176895,0.1085524679161608,1.0,10
qwen3_embedding_8b,zh,situation,love,shuffled_emotion,0.5035801976919174,0.1418167167343199,1.0,14
qwen3_embedding_8b,zh,situation,negative,emotion,0.506374292075634,0.13906176984310145,1.0,12
qwen3_embedding_8b,zh,situation,negative,identity,0.6358324110507965,0.10336793966125693,1.0,10
qwen3_embedding_8b,zh,situation,negative,random,0.4528687983751297,0.10336793966125693,1.0,10
qwen3_embedding_8b,zh,situation,negative,shuffled_emotion,0.5051072746515274,0.13965541459619996,1.0,12
qwen3_embedding_8b,zh,situation,positive,emotion,0.5035801976919174,0.1366914701648056,1.0,14
qwen3_embedding_8b,zh,situation,positive,identity,0.6358324110507965,0.10336431050673126,1.0,10
qwen3_embedding_8b,zh,situation,positive,random,0.45146085917949674,0.09890422681346532,1.0,10
qwen3_embedding_8b,zh,situation,positive,shuffled_emotion,0.506374292075634,0.10921730538830159,1.0,12
qwen3_embedding_8b,zh,situation,sadness,emotion,0.5051072746515274,0.1914899818599224,1.0,12
qwen3_embedding_8b,zh,situation,sadness,identity,0.6358324110507965,0.12812834121286865,1.0,10
qwen3_embedding_8b,zh,situation,sadness,random,0.4540864259004593,0.14471065308898684,1.0,10
qwen3_embedding_8b,zh,situation,sadness,shuffled_emotion,0.4884668901562691,0.1741016577929258,1.0,13
