model,model_id,pooling_strategy,language,category,category_text,emotion,condition,condition_emotion,emotion_strategy,emotion_terms,condition_emotion_terms,neutral_strategy,neutral_terms,candidate,candidate_category,candidate_source,rank,cosine_similarity,projection_on_emotion_direction,same_category,candidate_identical_to_category,candidate_contains_emotion,average_similarity_top_k,average_projection_top_k,category_retention_at_k,direction_norm,query_norm
arctic_embed_l_v2,Snowflake/snowflake-arctic-embed-l-v2.0,,en,food,food,sadness,emotion,sadness,centroid_phrases,feeling sad; feeling sorrowful; feeling gloomy,feeling sad; feeling sorrowful; feeling gloomy,neutral_centroid,neutral; ordinary; plain; average,feeling,vocabulary,feeling,1,0.5192740559577942,0.40598785877227783,False,False,False,0.44773984253406524,0.17329157032072545,0.0,1.0921324491500854,1.0
arctic_embed_l_v2,Snowflake/snowflake-arctic-embed-l-v2.0,,en,food,food,sadness,emotion,sadness,centroid_phrases,feeling sad; feeling sorrowful; feeling gloomy,feeling sad; feeling sorrowful; feeling gloomy,neutral_centroid,neutral; ordinary; plain; average,foods,vocabulary,foods,2,0.5145022869110107,-0.03450353071093559,False,False,False,0.44773984253406524,0.17329157032072545,0.0,1.0921324491500854,1.0
arctic_embed_l_v2,Snowflake/snowflake-arctic-embed-l-v2.0,,en,food,food,sadness,emotion,sadness,centroid_phrases,feeling sad; feeling sorrowful; feeling gloomy,feeling sad; feeling sorrowful; feeling gloomy,neutral_centroid,neutral; ordinary; plain; average,feelings,vocabulary,feelings,3,0.4814271330833435,0.3455634117126465,False,False,False,0.44773984253406524,0.17329157032072545,0.0,1.0921324491500854,1.0
arctic_embed_l_v2,Snowflake/snowflake-arctic-embed-l-v2.0,,en,food,food,sadness,emotion,sadness,centroid_phrases,feeling sad; feeling sorrowful; feeling gloomy,feeling sad; feeling sorrowful; feeling gloomy,neutral_centroid,neutral; ordinary; plain; average,eating,vocabulary,eating,4,0.47825226187705994,0.139219269156456,False,False,False,0.44773984253406524,0.17329157032072545,0.0,1.0921324491500854,1.0
arctic_embed_l_v2,Snowflake/snowflake-arctic-embed-l-v2.0,,en,food,food,sadness,emotion,sadness,centroid_phrases,feeling sad; feeling sorrowful; feeling gloomy,feeling sad; feeling sorrowful; feeling gloomy,neutral_centroid,neutral; ordinary; plain; average,cooking,vocabulary,cooking,5,0.4553287923336029,0.08792202919721603,False,False,False,0.44773984253406524,0.17329157032072545,0.0,1.0921324491500854,1.0
arctic_embed_l_v2,Snowflake/snowflake-arctic-embed-l-v2.0,,en,food,food,sadness,emotion,sadness,centroid_phrases,feeling sad; feeling sorrowful; feeling gloomy,feeling sad; feeling sorrowful; feeling gloomy,neutral_centroid,neutral; ordinary; plain; average,feel,vocabulary,feel,6,0.4148201644420624,0.2888107895851135,False,False,False,0.44773984253406524,0.17329157032072545,0.0,1.0921324491500854,1.0
arctic_embed_l_v2,Snowflake/snowflake-arctic-embed-l-v2.0,,en,food,food,sadness,emotion,sadness,centroid_phrases,feeling sad; feeling sorrowful; feeling gloomy,feeling sad; feeling sorrowful; feeling gloomy,neutral_centroid,neutral; ordinary; plain; average,foodie,vocabulary,foodie,7,0.41337472200393677,0.053627222776412964,False,False,False,0.44773984253406524,0.17329157032072545,0.0,1.0921324491500854,1.0
arctic_embed_l_v2,Snowflake/snowflake-arctic-embed-l-v2.0,,en,food,food,sadness,emotion,sadness,centroid_phrases,feeling sad; feeling sorrowful; feeling gloomy,feeling sad; feeling sorrowful; feeling gloomy,neutral_centroid,neutral; ordinary; plain; average,feeding,vocabulary,feeding,8,0.4061660170555115,0.09756670147180557,False,False,False,0.44773984253406524,0.17329157032072545,0.0,1.0921324491500854,1.0
arctic_embed_l_v2,Snowflake/snowflake-arctic-embed-l-v2.0,,en,food,food,sadness,emotion,sadness,centroid_phrases,feeling sad; feeling sorrowful; feeling gloomy,feeling sad; feeling sorrowful; feeling gloomy,neutral_centroid,neutral; ordinary; plain; average,foodies,vocabulary,foodies,9,0.40202590823173523,0.08051857352256775,False,False,False,0.44773984253406524,0.17329157032072545,0.0,1.0921324491500854,1.0
arctic_embed_l_v2,Snowflake/snowflake-arctic-embed-l-v2.0,,en,food,food,sadness,emotion,sadness,centroid_phrases,feeling sad; feeling sorrowful; feeling gloomy,feeling sad; feeling sorrowful; feeling gloomy,neutral_centroid,neutral; ordinary; plain; average,sadness,vocabulary,sadness,10,0.39222708344459534,0.26820337772369385,False,False,False,0.44773984253406524,0.17329157032072545,0.0,1.0921324491500854,1.0
arctic_embed_l_v2,Snowflake/snowflake-arctic-embed-l-v2.0,,en,food,food,sadness,identity,sadness,centroid_phrases,feeling sad; feeling sorrowful; feeling gloomy,feeling sad; feeling sorrowful; feeling gloomy,neutral_centroid,neutral; ordinary; plain; average,foods,vocabulary,foods,1,0.8107296228408813,-0.03450353071093559,False,False,False,0.6134310185909271,-0.012680145259946585,0.0,0.0,1.0
arctic_embed_l_v2,Snowflake/snowflake-arctic-embed-l-v2.0,,en,food,food,sadness,identity,sadness,centroid_phrases,feeling sad; feeling sorrowful; feeling gloomy,feeling sad; feeling sorrowful; feeling gloomy,neutral_centroid,neutral; ordinary; plain; average,cuisine,vocabulary,cuisine,2,0.6590136289596558,-0.0646258294582367,False,False,False,0.6134310185909271,-0.012680145259946585,0.0,0.0,1.0
arctic_embed_l_v2,Snowflake/snowflake-arctic-embed-l-v2.0,,en,food,food,sadness,identity,sadness,centroid_phrases,feeling sad; feeling sorrowful; feeling gloomy,feeling sad; feeling sorrowful; feeling gloomy,neutral_centroid,neutral; ordinary; plain; average,meal,vocabulary,meal,3,0.602020800113678,-0.09079854190349579,False,False,False,0.6134310185909271,-0.012680145259946585,0.0,0.0,1.0
arctic_embed_l_v2,Snowflake/snowflake-arctic-embed-l-v2.0,,en,food,food,sadness,identity,sadness,centroid_phrases,feeling sad; feeling sorrowful; feeling gloomy,feeling sad; feeling sorrowful; feeling gloomy,neutral_centroid,neutral; ordinary; plain; average,foodstuffs,vocabulary,foodstuffs,4,0.6004464626312256,-0.04363664984703064,False,False,False,0.6134310185909271,-0.012680145259946585,0.0,0.0,1.0
arctic_embed_l_v2,Snowflake/snowflake-arctic-embed-l-v2.0,,en,food,food,sadness,identity,sadness,centroid_phrases,feeling sad; feeling sorrowful; feeling gloomy,feeling sad; feeling sorrowful; feeling gloomy,neutral_centroid,neutral; ordinary; plain; average,cooking,vocabulary,cooking,5,0.5900893807411194,0.08792202919721603,False,False,False,0.6134310185909271,-0.012680145259946585,0.0,0.0,1.0
arctic_embed_l_v2,Snowflake/snowflake-arctic-embed-l-v2.0,,en,food,food,sadness,identity,sadness,centroid_phrases,feeling sad; feeling sorrowful; feeling gloomy,feeling sad; feeling sorrowful; feeling gloomy,neutral_centroid,neutral; ordinary; plain; average,gastronomy,vocabulary,gastronomy,6,0.5880971550941467,-0.011951771564781666,False,False,False,0.6134310185909271,-0.012680145259946585,0.0,0.0,1.0
arctic_embed_l_v2,Snowflake/snowflake-arctic-embed-l-v2.0,,en,food,food,sadness,identity,sadness,centroid_phrases,feeling sad; feeling sorrowful; feeling gloomy,feeling sad; feeling sorrowful; feeling gloomy,neutral_centroid,neutral; ordinary; plain; average,meals,vocabulary,meals,7,0.5750290751457214,-0.03924994170665741,False,False,False,0.6134310185909271,-0.012680145259946585,0.0,0.0,1.0
arctic_embed_l_v2,Snowflake/snowflake-arctic-embed-l-v2.0,,en,food,food,sadness,identity,sadness,centroid_phrases,feeling sad; feeling sorrowful; feeling gloomy,feeling sad; feeling sorrowful; feeling gloomy,neutral_centroid,neutral; ordinary; plain; average,seafood,vocabulary,seafood,8,0.5714126229286194,-0.017237232998013496,False,False,False,0.6134310185909271,-0.012680145259946585,0.0,0.0,1.0
arctic_embed_l_v2,Snowflake/snowflake-arctic-embed-l-v2.0,,en,food,food,sadness,identity,sadness,centroid_phrases,feeling sad; feeling sorrowful; feeling gloomy,feeling sad; feeling sorrowful; feeling gloomy,neutral_centroid,neutral; ordinary; plain; average,essen,vocabulary,essen,9,0.5697272419929504,-0.05193925276398659,False,False,False,0.6134310185909271,-0.012680145259946585,0.0,0.0,1.0
arctic_embed_l_v2,Snowflake/snowflake-arctic-embed-l-v2.0,,en,food,food,sadness,identity,sadness,centroid_phrases,feeling sad; feeling sorrowful; feeling gloomy,feeling sad; feeling sorrowful; feeling gloomy,neutral_centroid,neutral; ordinary; plain; average,eating,vocabulary,eating,10,0.5677441954612732,0.139219269156456,False,False,False,0.6134310185909271,-0.012680145259946585,0.0,0.0,1.0
arctic_embed_l_v2,Snowflake/snowflake-arctic-embed-l-v2.0,,en,food,food,sadness,random,sadness,centroid_phrases,feeling sad; feeling sorrowful; feeling gloomy,feeling sad; feeling sorrowful; feeling gloomy,neutral_centroid,neutral; ordinary; plain; average,foods,vocabulary,foods,1,0.5311793088912964,-0.03450353071093559,False,False,False,0.43139010667800903,-0.04763786001130939,0.0,1.0,1.0
arctic_embed_l_v2,Snowflake/snowflake-arctic-embed-l-v2.0,,en,food,food,sadness,random,sadness,centroid_phrases,feeling sad; feeling sorrowful; feeling gloomy,feeling sad; feeling sorrowful; feeling gloomy,neutral_centroid,neutral; ordinary; plain; average,cuisine,vocabulary,cuisine,2,0.48937907814979553,-0.0646258294582367,False,False,False,0.43139010667800903,-0.04763786001130939,0.0,1.0,1.0
arctic_embed_l_v2,Snowflake/snowflake-arctic-embed-l-v2.0,,en,food,food,sadness,random,sadness,centroid_phrases,feeling sad; feeling sorrowful; feeling gloomy,feeling sad; feeling sorrowful; feeling gloomy,neutral_centroid,neutral; ordinary; plain; average,seafood,vocabulary,seafood,3,0.42415696382522583,-0.017237232998013496,False,False,False,0.43139010667800903,-0.04763786001130939,0.0,1.0,1.0
arctic_embed_l_v2,Snowflake/snowflake-arctic-embed-l-v2.0,,en,food,food,sadness,random,sadness,centroid_phrases,feeling sad; feeling sorrowful; feeling gloomy,feeling sad; feeling sorrowful; feeling gloomy,neutral_centroid,neutral; ordinary; plain; average,cooking,vocabulary,cooking,4,0.42400479316711426,0.08792202919721603,False,False,False,0.43139010667800903,-0.04763786001130939,0.0,1.0,1.0
arctic_embed_l_v2,Snowflake/snowflake-arctic-embed-l-v2.0,,en,food,food,sadness,random,sadness,centroid_phrases,feeling sad; feeling sorrowful; feeling gloomy,feeling sad; feeling sorrowful; feeling gloomy,neutral_centroid,neutral; ordinary; plain; average,meal,vocabulary,meal,5,0.4233192801475525,-0.09079854190349579,False,False,False,0.43139010667800903,-0.04763786001130939,0.0,1.0,1.0
arctic_embed_l_v2,Snowflake/snowflake-arctic-embed-l-v2.0,,en,food,food,sadness,random,sadness,centroid_phrases,feeling sad; feeling sorrowful; feeling gloomy,feeling sad; feeling sorrowful; feeling gloomy,neutral_centroid,neutral; ordinary; plain; average,foodstuffs,vocabulary,foodstuffs,6,0.40956759452819824,-0.04363664984703064,False,False,False,0.43139010667800903,-0.04763786001130939,0.0,1.0,1.0
arctic_embed_l_v2,Snowflake/snowflake-arctic-embed-l-v2.0,,en,food,food,sadness,random,sadness,centroid_phrases,feeling sad; feeling sorrowful; feeling gloomy,feeling sad; feeling sorrowful; feeling gloomy,neutral_centroid,neutral; ordinary; plain; average,condiment,vocabulary,condiment,7,0.4081982970237732,-0.1350998878479004,False,False,False,0.43139010667800903,-0.04763786001130939,0.0,1.0,1.0
arctic_embed_l_v2,Snowflake/snowflake-arctic-embed-l-v2.0,,en,food,food,sadness,random,sadness,centroid_phrases,feeling sad; feeling sorrowful; feeling gloomy,feeling sad; feeling sorrowful; feeling gloomy,neutral_centroid,neutral; ordinary; plain; average,gastronomy,vocabulary,gastronomy,8,0.406538724899292,-0.011951771564781666,False,False,False,0.43139010667800903,-0.04763786001130939,0.0,1.0,1.0
arctic_embed_l_v2,Snowflake/snowflake-arctic-embed-l-v2.0,,en,food,food,sadness,random,sadness,centroid_phrases,feeling sad; feeling sorrowful; feeling gloomy,feeling sad; feeling sorrowful; feeling gloomy,neutral_centroid,neutral; ordinary; plain; average,meat,vocabulary,meat,9,0.3993738889694214,-0.12951475381851196,False,False,False,0.43139010667800903,-0.04763786001130939,0.0,1.0,1.0
arctic_embed_l_v2,Snowflake/snowflake-arctic-embed-l-v2.0,,en,food,food,sadness,random,sadness,centroid_phrases,feeling sad; feeling sorrowful; feeling gloomy,feeling sad; feeling sorrowful; feeling gloomy,neutral_centroid,neutral; ordinary; plain; average,restaurant,vocabulary,restaurant,10,0.398183137178421,-0.036932431161403656,False,False,False,0.43139010667800903,-0.04763786001130939,0.0,1.0,1.0
arctic_embed_l_v2,Snowflake/snowflake-arctic-embed-l-v2.0,,en,food,food,sadness,shuffled_emotion,disgust,centroid_phrases,feeling sad; feeling sorrowful; feeling gloomy,feeling disgusted; feeling revolted; feeling repulsed,neutral_centroid,neutral; ordinary; plain; average,foods,vocabulary,foods,1,0.4890596866607666,-0.03450353071093559,False,False,False,0.4277864098548889,0.13508024848997593,0.0,1.1069309711456299,1.0
arctic_embed_l_v2,Snowflake/snowflake-arctic-embed-l-v2.0,,en,food,food,sadness,shuffled_emotion,disgust,centroid_phrases,feeling sad; feeling sorrowful; feeling gloomy,feeling disgusted; feeling revolted; feeling repulsed,neutral_centroid,neutral; ordinary; plain; average,eating,vocabulary,eating,2,0.46919530630111694,0.139219269156456,False,False,False,0.4277864098548889,0.13508024848997593,0.0,1.1069309711456299,1.0
arctic_embed_l_v2,Snowflake/snowflake-arctic-embed-l-v2.0,,en,food,food,sadness,shuffled_emotion,disgust,centroid_phrases,feeling sad; feeling sorrowful; feeling gloomy,feeling disgusted; feeling revolted; feeling repulsed,neutral_centroid,neutral; ordinary; plain; average,feeling,vocabulary,feeling,3,0.4643048644065857,0.40598785877227783,False,False,False,0.4277864098548889,0.13508024848997593,0.0,1.1069309711456299,1.0
arctic_embed_l_v2,Snowflake/snowflake-arctic-embed-l-v2.0,,en,food,food,sadness,shuffled_emotion,disgust,centroid_phrases,feeling sad; feeling sorrowful; feeling gloomy,feeling disgusted; feeling revolted; feeling repulsed,neutral_centroid,neutral; ordinary; plain; average,cooking,vocabulary,cooking,4,0.43798261880874634,0.08792202919721603,False,False,False,0.4277864098548889,0.13508024848997593,0.0,1.1069309711456299,1.0
arctic_embed_l_v2,Snowflake/snowflake-arctic-embed-l-v2.0,,en,food,food,sadness,shuffled_emotion,disgust,centroid_phrases,feeling sad; feeling sorrowful; feeling gloomy,feeling disgusted; feeling revolted; feeling repulsed,neutral_centroid,neutral; ordinary; plain; average,feelings,vocabulary,feelings,5,0.42130130529403687,0.3455634117126465,False,False,False,0.4277864098548889,0.13508024848997593,0.0,1.1069309711456299,1.0
arctic_embed_l_v2,Snowflake/snowflake-arctic-embed-l-v2.0,,en,food,food,sadness,shuffled_emotion,disgust,centroid_phrases,feeling sad; feeling sorrowful; feeling gloomy,feeling disgusted; feeling revolted; feeling repulsed,neutral_centroid,neutral; ordinary; plain; average,disgust,vocabulary,disgust,6,0.4056515097618103,0.048282690346241,False,False,False,0.4277864098548889,0.13508024848997593,0.0,1.1069309711456299,1.0
arctic_embed_l_v2,Snowflake/snowflake-arctic-embed-l-v2.0,,en,food,food,sadness,shuffled_emotion,disgust,centroid_phrases,feeling sad; feeling sorrowful; feeling gloomy,feeling disgusted; feeling revolted; feeling repulsed,neutral_centroid,neutral; ordinary; plain; average,cuisine,vocabulary,cuisine,7,0.40267235040664673,-0.0646258294582367,False,False,False,0.4277864098548889,0.13508024848997593,0.0,1.1069309711456299,1.0
arctic_embed_l_v2,Snowflake/snowflake-arctic-embed-l-v2.0,,en,food,food,sadness,shuffled_emotion,disgust,centroid_phrases,feeling sad; feeling sorrowful; feeling gloomy,feeling disgusted; feeling revolted; feeling repulsed,neutral_centroid,neutral; ordinary; plain; average,feel,vocabulary,feel,8,0.4012201428413391,0.2888107895851135,False,False,False,0.4277864098548889,0.13508024848997593,0.0,1.1069309711456299,1.0
arctic_embed_l_v2,Snowflake/snowflake-arctic-embed-l-v2.0,,en,food,food,sadness,shuffled_emotion,disgust,centroid_phrases,feeling sad; feeling sorrowful; feeling gloomy,feeling disgusted; feeling revolted; feeling repulsed,neutral_centroid,neutral; ordinary; plain; average,foodie,vocabulary,foodie,9,0.4008037745952606,0.053627222776412964,False,False,False,0.4277864098548889,0.13508024848997593,0.0,1.1069309711456299,1.0
arctic_embed_l_v2,Snowflake/snowflake-arctic-embed-l-v2.0,,en,food,food,sadness,shuffled_emotion,disgust,centroid_phrases,feeling sad; feeling sorrowful; feeling gloomy,feeling disgusted; feeling revolted; feeling repulsed,neutral_centroid,neutral; ordinary; plain; average,foodies,vocabulary,foodies,10,0.38567253947257996,0.08051857352256775,False,False,False,0.4277864098548889,0.13508024848997593,0.0,1.1069309711456299,1.0
arctic_embed_l_v2,Snowflake/snowflake-arctic-embed-l-v2.0,,en,food,food,disgust,emotion,disgust,centroid_phrases,feeling disgusted; feeling revolted; feeling repulsed,feeling disgusted; feeling revolted; feeling repulsed,neutral_centroid,neutral; ordinary; plain; average,foods,vocabulary,foods,1,0.4890596866607666,-0.03769002854824066,False,False,False,0.4277864098548889,0.15569116938859223,0.0,1.1069309711456299,1.0
arctic_embed_l_v2,Snowflake/snowflake-arctic-embed-l-v2.0,,en,food,food,disgust,emotion,disgust,centroid_phrases,feeling disgusted; feeling revolted; feeling repulsed,feeling disgusted; feeling revolted; feeling repulsed,neutral_centroid,neutral; ordinary; plain; average,eating,vocabulary,eating,2,0.46919530630111694,0.15577340126037598,False,False,False,0.4277864098548889,0.15569116938859223,0.0,1.1069309711456299,1.0
arctic_embed_l_v2,Snowflake/snowflake-arctic-embed-l-v2.0,,en,food,food,disgust,emotion,disgust,centroid_phrases,feeling disgusted; feeling revolted; feeling repulsed,feeling disgusted; feeling revolted; feeling repulsed,neutral_centroid,neutral; ordinary; plain; average,feeling,vocabulary,feeling,3,0.4643048644065857,0.3581167161464691,False,False,False,0.4277864098548889,0.15569116938859223,0.0,1.1069309711456299,1.0
arctic_embed_l_v2,Snowflake/snowflake-arctic-embed-l-v2.0,,en,food,food,disgust,emotion,disgust,centroid_phrases,feeling disgusted; feeling revolted; feeling repulsed,feeling disgusted; feeling revolted; feeling repulsed,neutral_centroid,neutral; ordinary; plain; average,cooking,vocabulary,cooking,4,0.43798261880874634,0.09465567767620087,False,False,False,0.4277864098548889,0.15569116938859223,0.0,1.1069309711456299,1.0
arctic_embed_l_v2,Snowflake/snowflake-arctic-embed-l-v2.0,,en,food,food,disgust,emotion,disgust,centroid_phrases,feeling disgusted; feeling revolted; feeling repulsed,feeling disgusted; feeling revolted; feeling repulsed,neutral_centroid,neutral; ordinary; plain; average,feelings,vocabulary,feelings,5,0.42130130529403687,0.2923387289047241,False,False,False,0.4277864098548889,0.15569116938859223,0.0,1.1069309711456299,1.0
arctic_embed_l_v2,Snowflake/snowflake-arctic-embed-l-v2.0,,en,food,food,disgust,emotion,disgust,centroid_phrases,feeling disgusted; feeling revolted; feeling repulsed,feeling disgusted; feeling revolted; feeling repulsed,neutral_centroid,neutral; ordinary; plain; average,disgust,vocabulary,disgust,6,0.4056515097618103,0.25197064876556396,False,False,False,0.4277864098548889,0.15569116938859223,0.0,1.1069309711456299,1.0
arctic_embed_l_v2,Snowflake/snowflake-arctic-embed-l-v2.0,,en,food,food,disgust,emotion,disgust,centroid_phrases,feeling disgusted; feeling revolted; feeling repulsed,feeling disgusted; feeling revolted; feeling repulsed,neutral_centroid,neutral; ordinary; plain; average,cuisine,vocabulary,cuisine,7,0.40267235040664673,-0.013914881274104118,False,False,False,0.4277864098548889,0.15569116938859223,0.0,1.1069309711456299,1.0
arctic_embed_l_v2,Snowflake/snowflake-arctic-embed-l-v2.0,,en,food,food,disgust,emotion,disgust,centroid_phrases,feeling disgusted; feeling revolted; feeling repulsed,feeling disgusted; feeling revolted; feeling repulsed,neutral_centroid,neutral; ordinary; plain; average,feel,vocabulary,feel,8,0.4012201428413391,0.2984144687652588,False,False,False,0.4277864098548889,0.15569116938859223,0.0,1.1069309711456299,1.0
arctic_embed_l_v2,Snowflake/snowflake-arctic-embed-l-v2.0,,en,food,food,disgust,emotion,disgust,centroid_phrases,feeling disgusted; feeling revolted; feeling repulsed,feeling disgusted; feeling revolted; feeling repulsed,neutral_centroid,neutral; ordinary; plain; average,foodie,vocabulary,foodie,9,0.4008037745952606,0.06774754822254181,False,False,False,0.4277864098548889,0.15569116938859223,0.0,1.1069309711456299,1.0
arctic_embed_l_v2,Snowflake/snowflake-arctic-embed-l-v2.0,,en,food,food,disgust,emotion,disgust,centroid_phrases,feeling disgusted; feeling revolted; feeling repulsed,feeling disgusted; feeling revolted; feeling repulsed,neutral_centroid,neutral; ordinary; plain; average,foodies,vocabulary,foodies,10,0.38567253947257996,0.08949941396713257,False,False,False,0.4277864098548889,0.15569116938859223,0.0,1.1069309711456299,1.0
arctic_embed_l_v2,Snowflake/snowflake-arctic-embed-l-v2.0,,en,food,food,disgust,identity,disgust,centroid_phrases,feeling disgusted; feeling revolted; feeling repulsed,feeling disgusted; feeling revolted; feeling repulsed,neutral_centroid,neutral; ordinary; plain; average,foods,vocabulary,foods,1,0.8107296228408813,-0.03769002854824066,False,False,False,0.6134310185909271,0.001349075697362423,0.0,0.0,1.0
arctic_embed_l_v2,Snowflake/snowflake-arctic-embed-l-v2.0,,en,food,food,disgust,identity,disgust,centroid_phrases,feeling disgusted; feeling revolted; feeling repulsed,feeling disgusted; feeling revolted; feeling repulsed,neutral_centroid,neutral; ordinary; plain; average,cuisine,vocabulary,cuisine,2,0.6590136289596558,-0.013914881274104118,False,False,False,0.6134310185909271,0.001349075697362423,0.0,0.0,1.0
arctic_embed_l_v2,Snowflake/snowflake-arctic-embed-l-v2.0,,en,food,food,disgust,identity,disgust,centroid_phrases,feeling disgusted; feeling revolted; feeling repulsed,feeling disgusted; feeling revolted; feeling repulsed,neutral_centroid,neutral; ordinary; plain; average,meal,vocabulary,meal,3,0.602020800113678,-0.08846154808998108,False,False,False,0.6134310185909271,0.001349075697362423,0.0,0.0,1.0
arctic_embed_l_v2,Snowflake/snowflake-arctic-embed-l-v2.0,,en,food,food,disgust,identity,disgust,centroid_phrases,feeling disgusted; feeling revolted; feeling repulsed,feeling disgusted; feeling revolted; feeling repulsed,neutral_centroid,neutral; ordinary; plain; average,foodstuffs,vocabulary,foodstuffs,4,0.6004464626312256,-0.025358671322464943,False,False,False,0.6134310185909271,0.001349075697362423,0.0,0.0,1.0
arctic_embed_l_v2,Snowflake/snowflake-arctic-embed-l-v2.0,,en,food,food,disgust,identity,disgust,centroid_phrases,feeling disgusted; feeling revolted; feeling repulsed,feeling disgusted; feeling revolted; feeling repulsed,neutral_centroid,neutral; ordinary; plain; average,cooking,vocabulary,cooking,5,0.5900893807411194,0.09465567767620087,False,False,False,0.6134310185909271,0.001349075697362423,0.0,0.0,1.0
arctic_embed_l_v2,Snowflake/snowflake-arctic-embed-l-v2.0,,en,food,food,disgust,identity,disgust,centroid_phrases,feeling disgusted; feeling revolted; feeling repulsed,feeling disgusted; feeling revolted; feeling repulsed,neutral_centroid,neutral; ordinary; plain; average,gastronomy,vocabulary,gastronomy,6,0.5880971550941467,0.008372675627470016,False,False,False,0.6134310185909271,0.001349075697362423,0.0,0.0,1.0
arctic_embed_l_v2,Snowflake/snowflake-arctic-embed-l-v2.0,,en,food,food,disgust,identity,disgust,centroid_phrases,feeling disgusted; feeling revolted; feeling repulsed,feeling disgusted; feeling revolted; feeling repulsed,neutral_centroid,neutral; ordinary; plain; average,meals,vocabulary,meals,7,0.5750290751457214,-0.04793384671211243,False,False,False,0.6134310185909271,0.001349075697362423,0.0,0.0,1.0
arctic_embed_l_v2,Snowflake/snowflake-arctic-embed-l-v2.0,,en,food,food,disgust,identity,disgust,centroid_phrases,feeling disgusted; feeling revolted; feeling repulsed,feeling disgusted; feeling revolted; feeling repulsed,neutral_centroid,neutral; ordinary; plain; average,seafood,vocabulary,seafood,8,0.5714126229286194,-0.037762805819511414,False,False,False,0.6134310185909271,0.001349075697362423,0.0,0.0,1.0
arctic_embed_l_v2,Snowflake/snowflake-arctic-embed-l-v2.0,,en,food,food,disgust,identity,disgust,centroid_phrases,feeling disgusted; feeling revolted; feeling repulsed,feeling disgusted; feeling revolted; feeling repulsed,neutral_centroid,neutral; ordinary; plain; average,essen,vocabulary,essen,9,0.5697272419929504,0.005810784175992012,False,False,False,0.6134310185909271,0.001349075697362423,0.0,0.0,1.0
arctic_embed_l_v2,Snowflake/snowflake-arctic-embed-l-v2.0,,en,food,food,disgust,identity,disgust,centroid_phrases,feeling disgusted; feeling revolted; feeling repulsed,feeling disgusted; feeling revolted; feeling repulsed,neutral_centroid,neutral; ordinary; plain; average,eating,vocabulary,eating,10,0.5677441954612732,0.15577340126037598,False,False,False,0.6134310185909271,0.001349075697362423,0.0,0.0,1.0
arctic_embed_l_v2,Snowflake/snowflake-arctic-embed-l-v2.0,,en,food,food,disgust,random,disgust,centroid_phrases,feeling disgusted; feeling revolted; feeling repulsed,feeling disgusted; feeling revolted; feeling repulsed,neutral_centroid,neutral; ordinary; plain; average,foods,vocabulary,foods,1,0.5918586254119873,-0.03769002854824066,False,False,False,0.45195785760879514,-0.031049492582678796,0.0,1.0,1.0
arctic_embed_l_v2,Snowflake/snowflake-arctic-embed-l-v2.0,,en,food,food,disgust,random,disgust,centroid_phrases,feeling disgusted; feeling revolted; feeling repulsed,feeling disgusted; feeling revolted; feeling repulsed,neutral_centroid,neutral; ordinary; plain; average,cuisine,vocabulary,cuisine,2,0.4619624614715576,-0.013914881274104118,False,False,False,0.45195785760879514,-0.031049492582678796,0.0,1.0,1.0
arctic_embed_l_v2,Snowflake/snowflake-arctic-embed-l-v2.0,,en,food,food,disgust,random,disgust,centroid_phrases,feeling disgusted; feeling revolted; feeling repulsed,feeling disgusted; feeling revolted; feeling repulsed,neutral_centroid,neutral; ordinary; plain; average,gastronomy,vocabulary,gastronomy,3,0.4443548023700714,0.008372675627470016,False,False,False,0.45195785760879514,-0.031049492582678796,0.0,1.0,1.0
arctic_embed_l_v2,Snowflake/snowflake-arctic-embed-l-v2.0,,en,food,food,disgust,random,disgust,centroid_phrases,feeling disgusted; feeling revolted; feeling repulsed,feeling disgusted; feeling revolted; feeling repulsed,neutral_centroid,neutral; ordinary; plain; average,foodstuffs,vocabulary,foodstuffs,4,0.44004112482070923,-0.025358671322464943,False,False,False,0.45195785760879514,-0.031049492582678796,0.0,1.0,1.0
arctic_embed_l_v2,Snowflake/snowflake-arctic-embed-l-v2.0,,en,food,food,disgust,random,disgust,centroid_phrases,feeling disgusted; feeling revolted; feeling repulsed,feeling disgusted; feeling revolted; feeling repulsed,neutral_centroid,neutral; ordinary; plain; average,delicacy,vocabulary,delicacy,5,0.4388994574546814,-0.1112106442451477,False,False,False,0.45195785760879514,-0.031049492582678796,0.0,1.0,1.0
arctic_embed_l_v2,Snowflake/snowflake-arctic-embed-l-v2.0,,en,food,food,disgust,random,disgust,centroid_phrases,feeling disgusted; feeling revolted; feeling repulsed,feeling disgusted; feeling revolted; feeling repulsed,neutral_centroid,neutral; ordinary; plain; average,fruit,vocabulary,fruit,6,0.43160149455070496,-0.08203408122062683,False,False,False,0.45195785760879514,-0.031049492582678796,0.0,1.0,1.0
arctic_embed_l_v2,Snowflake/snowflake-arctic-embed-l-v2.0,,en,food,food,disgust,random,disgust,centroid_phrases,feeling disgusted; feeling revolted; feeling repulsed,feeling disgusted; feeling revolted; feeling repulsed,neutral_centroid,neutral; ordinary; plain; average,delicacies,vocabulary,delicacies,7,0.43089330196380615,-0.08987019211053848,False,False,False,0.45195785760879514,-0.031049492582678796,0.0,1.0,1.0
arctic_embed_l_v2,Snowflake/snowflake-arctic-embed-l-v2.0,,en,food,food,disgust,random,disgust,centroid_phrases,feeling disgusted; feeling revolted; feeling repulsed,feeling disgusted; feeling revolted; feeling repulsed,neutral_centroid,neutral; ordinary; plain; average,cooking,vocabulary,cooking,8,0.43020835518836975,0.09465567767620087,False,False,False,0.45195785760879514,-0.031049492582678796,0.0,1.0,1.0
arctic_embed_l_v2,Snowflake/snowflake-arctic-embed-l-v2.0,,en,food,food,disgust,random,disgust,centroid_phrases,feeling disgusted; feeling revolted; feeling repulsed,feeling disgusted; feeling revolted; feeling repulsed,neutral_centroid,neutral; ordinary; plain; average,groceries,vocabulary,groceries,9,0.42708173394203186,-0.1211923286318779,False,False,False,0.45195785760879514,-0.031049492582678796,0.0,1.0,1.0
arctic_embed_l_v2,Snowflake/snowflake-arctic-embed-l-v2.0,,en,food,food,disgust,random,disgust,centroid_phrases,feeling disgusted; feeling revolted; feeling repulsed,feeling disgusted; feeling revolted; feeling repulsed,neutral_centroid,neutral; ordinary; plain; average,foodie,vocabulary,foodie,10,0.422677218914032,0.06774754822254181,False,False,False,0.45195785760879514,-0.031049492582678796,0.0,1.0,1.0
arctic_embed_l_v2,Snowflake/snowflake-arctic-embed-l-v2.0,,en,food,food,disgust,shuffled_emotion,joy,centroid_phrases,feeling disgusted; feeling revolted; feeling repulsed,feeling joyful; feeling happy; feeling delighted,neutral_centroid,neutral; ordinary; plain; average,foods,vocabulary,foods,1,0.5663787126541138,-0.03769002854824066,False,False,False,0.48481653034687044,0.11408436764031649,0.0,1.0387924909591675,1.0
arctic_embed_l_v2,Snowflake/snowflake-arctic-embed-l-v2.0,,en,food,food,disgust,shuffled_emotion,joy,centroid_phrases,feeling disgusted; feeling revolted; feeling repulsed,feeling joyful; feeling happy; feeling delighted,neutral_centroid,neutral; ordinary; plain; average,feeling,vocabulary,feeling,2,0.5253239870071411,0.3581167161464691,False,False,False,0.48481653034687044,0.11408436764031649,0.0,1.0387924909591675,1.0
arctic_embed_l_v2,Snowflake/snowflake-arctic-embed-l-v2.0,,en,food,food,disgust,shuffled_emotion,joy,centroid_phrases,feeling disgusted; feeling revolted; feeling repulsed,feeling joyful; feeling happy; feeling delighted,neutral_centroid,neutral; ordinary; plain; average,eating,vocabulary,eating,3,0.5213150382041931,0.15577340126037598,False,False,False,0.48481653034687044,0.11408436764031649,0.0,1.0387924909591675,1.0
arctic_embed_l_v2,Snowflake/snowflake-arctic-embed-l-v2.0,,en,food,food,disgust,shuffled_emotion,joy,centroid_phrases,feeling disgusted; feeling revolted; feeling repulsed,feeling joyful; feeling happy; feeling delighted,neutral_centroid,neutral; ordinary; plain; average,cooking,vocabulary,cooking,4,0.49981623888015747,0.09465567767620087,False,False,False,0.48481653034687044,0.11408436764031649,0.0,1.0387924909591675,1.0
arctic_embed_l_v2,Snowflake/snowflake-arctic-embed-l-v2.0,,en,food,food,disgust,shuffled_emotion,joy,centroid_phrases,feeling disgusted; feeling revolted; feeling repulsed,feeling joyful; feeling happy; feeling delighted,neutral_centroid,neutral; ordinary; plain; average,feelings,vocabulary,feelings,5,0.4733007550239563,0.2923387289047241,False,False,False,0.48481653034687044,0.11408436764031649,0.0,1.0387924909591675,1.0
arctic_embed_l_v2,Snowflake/snowflake-arctic-embed-l-v2.0,,en,food,food,disgust,shuffled_emotion,joy,centroid_phrases,feeling disgusted; feeling revolted; feeling repulsed,feeling joyful; feeling happy; feeling delighted,neutral_centroid,neutral; ordinary; plain; average,foodie,vocabulary,foodie,6,0.46837368607521057,0.06774754822254181,False,False,False,0.48481653034687044,0.11408436764031649,0.0,1.0387924909591675,1.0
arctic_embed_l_v2,Snowflake/snowflake-arctic-embed-l-v2.0,,en,food,food,disgust,shuffled_emotion,joy,centroid_phrases,feeling disgusted; feeling revolted; feeling repulsed,feeling joyful; feeling happy; feeling delighted,neutral_centroid,neutral; ordinary; plain; average,foodies,vocabulary,foodies,7,0.45996254682540894,0.08949941396713257,False,False,False,0.48481653034687044,0.11408436764031649,0.0,1.0387924909591675,1.0
arctic_embed_l_v2,Snowflake/snowflake-arctic-embed-l-v2.0,,en,food,food,disgust,shuffled_emotion,joy,centroid_phrases,feeling disgusted; feeling revolted; feeling repulsed,feeling joyful; feeling happy; feeling delighted,neutral_centroid,neutral; ordinary; plain; average,feeding,vocabulary,feeding,8,0.45675021409988403,0.09064933657646179,False,False,False,0.48481653034687044,0.11408436764031649,0.0,1.0387924909591675,1.0
arctic_embed_l_v2,Snowflake/snowflake-arctic-embed-l-v2.0,,en,food,food,disgust,shuffled_emotion,joy,centroid_phrases,feeling disgusted; feeling revolted; feeling repulsed,feeling joyful; feeling happy; feeling delighted,neutral_centroid,neutral; ordinary; plain; average,happiness,vocabulary,happiness,9,0.43934059143066406,0.043667763471603394,False,False,False,0.48481653034687044,0.11408436764031649,0.0,1.0387924909591675,1.0
arctic_embed_l_v2,Snowflake/snowflake-arctic-embed-l-v2.0,,en,food,food,disgust,shuffled_emotion,joy,centroid_phrases,feeling disgusted; feeling revolted; feeling repulsed,feeling joyful; feeling happy; feeling delighted,neutral_centroid,neutral; ordinary; plain; average,cuisine,vocabulary,cuisine,10,0.43760353326797485,-0.013914881274104118,False,False,False,0.48481653034687044,0.11408436764031649,0.0,1.0387924909591675,1.0
arctic_embed_l_v2,Snowflake/snowflake-arctic-embed-l-v2.0,,en,food,food,joy,emotion,joy,centroid_phrases,feeling joyful; feeling happy; feeling delighted,feeling joyful; feeling happy; feeling delighted,neutral_centroid,neutral; ordinary; plain; average,foods,vocabulary,foods,1,0.5663787126541138,-0.018476014956831932,False,False,False,0.48481653034687044,0.1430698113515973,0.0,1.0387924909591675,1.0
arctic_embed_l_v2,Snowflake/snowflake-arctic-embed-l-v2.0,,en,food,food,joy,emotion,joy,centroid_phrases,feeling joyful; feeling happy; feeling delighted,feeling joyful; feeling happy; feeling delighted,neutral_centroid,neutral; ordinary; plain; average,feeling,vocabulary,feeling,2,0.5253239870071411,0.37978237867355347,False,False,False,0.48481653034687044,0.1430698113515973,0.0,1.0387924909591675,1.0
arctic_embed_l_v2,Snowflake/snowflake-arctic-embed-l-v2.0,,en,food,food,joy,emotion,joy,centroid_phrases,feeling joyful; feeling happy; feeling delighted,feeling joyful; feeling happy; feeling delighted,neutral_centroid,neutral; ordinary; plain; average,eating,vocabulary,eating,3,0.5213150382041931,0.15165916085243225,False,False,False,0.48481653034687044,0.1430698113515973,0.0,1.0387924909591675,1.0
arctic_embed_l_v2,Snowflake/snowflake-arctic-embed-l-v2.0,,en,food,food,joy,emotion,joy,centroid_phrases,feeling joyful; feeling happy; feeling delighted,feeling joyful; feeling happy; feeling delighted,neutral_centroid,neutral; ordinary; plain; average,cooking,vocabulary,cooking,4,0.49981623888015747,0.09972234815359116,False,False,False,0.48481653034687044,0.1430698113515973,0.0,1.0387924909591675,1.0
arctic_embed_l_v2,Snowflake/snowflake-arctic-embed-l-v2.0,,en,food,food,joy,emotion,joy,centroid_phrases,feeling joyful; feeling happy; feeling delighted,feeling joyful; feeling happy; feeling delighted,neutral_centroid,neutral; ordinary; plain; average,feelings,vocabulary,feelings,5,0.4733007550239563,0.2961563169956207,False,False,False,0.48481653034687044,0.1430698113515973,0.0,1.0387924909591675,1.0
arctic_embed_l_v2,Snowflake/snowflake-arctic-embed-l-v2.0,,en,food,food,joy,emotion,joy,centroid_phrases,feeling joyful; feeling happy; feeling delighted,feeling joyful; feeling happy; feeling delighted,neutral_centroid,neutral; ordinary; plain; average,foodie,vocabulary,foodie,6,0.46837368607521057,0.07850303500890732,False,False,False,0.48481653034687044,0.1430698113515973,0.0,1.0387924909591675,1.0
arctic_embed_l_v2,Snowflake/snowflake-arctic-embed-l-v2.0,,en,food,food,joy,emotion,joy,centroid_phrases,feeling joyful; feeling happy; feeling delighted,feeling joyful; feeling happy; feeling delighted,neutral_centroid,neutral; ordinary; plain; average,foodies,vocabulary,foodies,7,0.45996254682540894,0.11092190444469452,False,False,False,0.48481653034687044,0.1430698113515973,0.0,1.0387924909591675,1.0
arctic_embed_l_v2,Snowflake/snowflake-arctic-embed-l-v2.0,,en,food,food,joy,emotion,joy,centroid_phrases,feeling joyful; feeling happy; feeling delighted,feeling joyful; feeling happy; feeling delighted,neutral_centroid,neutral; ordinary; plain; average,feeding,vocabulary,feeding,8,0.45675021409988403,0.1184438094496727,False,False,False,0.48481653034687044,0.1430698113515973,0.0,1.0387924909591675,1.0
arctic_embed_l_v2,Snowflake/snowflake-arctic-embed-l-v2.0,,en,food,food,joy,emotion,joy,centroid_phrases,feeling joyful; feeling happy; feeling delighted,feeling joyful; feeling happy; feeling delighted,neutral_centroid,neutral; ordinary; plain; average,happiness,vocabulary,happiness,9,0.43934059143066406,0.26865968108177185,False,False,False,0.48481653034687044,0.1430698113515973,0.0,1.0387924909591675,1.0
arctic_embed_l_v2,Snowflake/snowflake-arctic-embed-l-v2.0,,en,food,food,joy,emotion,joy,centroid_phrases,feeling joyful; feeling happy; feeling delighted,feeling joyful; feeling happy; feeling delighted,neutral_centroid,neutral; ordinary; plain; average,cuisine,vocabulary,cuisine,10,0.43760353326797485,-0.054674506187438965,False,False,False,0.48481653034687044,0.1430698113515973,0.0,1.0387924909591675,1.0
arctic_embed_l_v2,Snowflake/snowflake-arctic-embed-l-v2.0,,en,food,food,joy,identity,joy,centroid_phrases,feeling joyful; feeling happy; feeling delighted,feeling joyful; feeling happy; feeling delighted,neutral_centroid,neutral; ordinary; plain; average,foods,vocabulary,foods,1,0.8107296228408813,-0.018476014956831932,False,False,False,0.6134310185909271,-0.0039050428196787832,0.0,0.0,1.0
arctic_embed_l_v2,Snowflake/snowflake-arctic-embed-l-v2.0,,en,food,food,joy,identity,joy,centroid_phrases,feeling joyful; feeling happy; feeling delighted,feeling joyful; feeling happy; feeling delighted,neutral_centroid,neutral; ordinary; plain; average,cuisine,vocabulary,cuisine,2,0.6590136289596558,-0.054674506187438965,False,False,False,0.6134310185909271,-0.0039050428196787832,0.0,0.0,1.0
arctic_embed_l_v2,Snowflake/snowflake-arctic-embed-l-v2.0,,en,food,food,joy,identity,joy,centroid_phrases,feeling joyful; feeling happy; feeling delighted,feeling joyful; feeling happy; feeling delighted,neutral_centroid,neutral; ordinary; plain; average,meal,vocabulary,meal,3,0.602020800113678,-0.08556137979030609,False,False,False,0.6134310185909271,-0.0039050428196787832,0.0,0.0,1.0
arctic_embed_l_v2,Snowflake/snowflake-arctic-embed-l-v2.0,,en,food,food,joy,identity,joy,centroid_phrases,feeling joyful; feeling happy; feeling delighted,feeling joyful; feeling happy; feeling delighted,neutral_centroid,neutral; ordinary; plain; average,foodstuffs,vocabulary,foodstuffs,4,0.6004464626312256,-0.031555186957120895,False,False,False,0.6134310185909271,-0.0039050428196787832,0.0,0.0,1.0
arctic_embed_l_v2,Snowflake/snowflake-arctic-embed-l-v2.0,,en,food,food,joy,identity,joy,centroid_phrases,feeling joyful; feeling happy; feeling delighted,feeling joyful; feeling happy; feeling delighted,neutral_centroid,neutral; ordinary; plain; average,cooking,vocabulary,cooking,5,0.5900893807411194,0.09972234815359116,False,False,False,0.6134310185909271,-0.0039050428196787832,0.0,0.0,1.0
arctic_embed_l_v2,Snowflake/snowflake-arctic-embed-l-v2.0,,en,food,food,joy,identity,joy,centroid_phrases,feeling joyful; feeling happy; feeling delighted,feeling joyful; feeling happy; feeling delighted,neutral_centroid,neutral; ordinary; plain; average,gastronomy,vocabulary,gastronomy,6,0.5880971550941467,0.0008481964468955994,False,False,False,0.6134310185909271,-0.0039050428196787832,0.0,0.0,1.0
arctic_embed_l_v2,Snowflake/snowflake-arctic-embed-l-v2.0,,en,food,food,joy,identity,joy,centroid_phrases,feeling joyful; feeling happy; feeling delighted,feeling joyful; feeling happy; feeling delighted,neutral_centroid,neutral; ordinary; plain; average,meals,vocabulary,meals,7,0.5750290751457214,-0.029905080795288086,False,False,False,0.6134310185909271,-0.0039050428196787832,0.0,0.0,1.0
arctic_embed_l_v2,Snowflake/snowflake-arctic-embed-l-v2.0,,en,food,food,joy,identity,joy,centroid_phrases,feeling joyful; feeling happy; feeling delighted,feeling joyful; feeling happy; feeling delighted,neutral_centroid,neutral; ordinary; plain; average,seafood,vocabulary,seafood,8,0.5714126229286194,-0.017697572708129883,False,False,False,0.6134310185909271,-0.0039050428196787832,0.0,0.0,1.0
arctic_embed_l_v2,Snowflake/snowflake-arctic-embed-l-v2.0,,en,food,food,joy,identity,joy,centroid_phrases,feeling joyful; feeling happy; feeling delighted,feeling joyful; feeling happy; feeling delighted,neutral_centroid,neutral; ordinary; plain; average,essen,vocabulary,essen,9,0.5697272419929504,-0.05341039225459099,False,False,False,0.6134310185909271,-0.0039050428196787832,0.0,0.0,1.0
arctic_embed_l_v2,Snowflake/snowflake-arctic-embed-l-v2.0,,en,food,food,joy,identity,joy,centroid_phrases,feeling joyful; feeling happy; feeling delighted,feeling joyful; feeling happy; feeling delighted,neutral_centroid,neutral; ordinary; plain; average,eating,vocabulary,eating,10,0.5677441954612732,0.15165916085243225,False,False,False,0.6134310185909271,-0.0039050428196787832,0.0,0.0,1.0
arctic_embed_l_v2,Snowflake/snowflake-arctic-embed-l-v2.0,,en,food,food,joy,random,joy,centroid_phrases,feeling joyful; feeling happy; feeling delighted,feeling joyful; feeling happy; feeling delighted,neutral_centroid,neutral; ordinary; plain; average,foods,vocabulary,foods,1,0.5920230746269226,-0.018476014956831932,False,False,False,0.44333581924438475,-0.046407862938940524,0.0,0.9999999403953552,1.0
arctic_embed_l_v2,Snowflake/snowflake-arctic-embed-l-v2.0,,en,food,food,joy,random,joy,centroid_phrases,feeling joyful; feeling happy; feeling delighted,feeling joyful; feeling happy; feeling delighted,neutral_centroid,neutral; ordinary; plain; average,foodstuffs,vocabulary,foodstuffs,2,0.44613415002822876,-0.031555186957120895,False,False,False,0.44333581924438475,-0.046407862938940524,0.0,0.9999999403953552,1.0
arctic_embed_l_v2,Snowflake/snowflake-arctic-embed-l-v2.0,,en,food,food,joy,random,joy,centroid_phrases,feeling joyful; feeling happy; feeling delighted,feeling joyful; feeling happy; feeling delighted,neutral_centroid,neutral; ordinary; plain; average,meals,vocabulary,meals,3,0.43752843141555786,-0.029905080795288086,False,False,False,0.44333581924438475,-0.046407862938940524,0.0,0.9999999403953552,1.0
arctic_embed_l_v2,Snowflake/snowflake-arctic-embed-l-v2.0,,en,food,food,joy,random,joy,centroid_phrases,feeling joyful; feeling happy; feeling delighted,feeling joyful; feeling happy; feeling delighted,neutral_centroid,neutral; ordinary; plain; average,cuisine,vocabulary,cuisine,4,0.4360450506210327,-0.054674506187438965,False,False,False,0.44333581924438475,-0.046407862938940524,0.0,0.9999999403953552,1.0
arctic_embed_l_v2,Snowflake/snowflake-arctic-embed-l-v2.0,,en,food,food,joy,random,joy,centroid_phrases,feeling joyful; feeling happy; feeling delighted,feeling joyful; feeling happy; feeling delighted,neutral_centroid,neutral; ordinary; plain; average,meal,vocabulary,meal,5,0.43503397703170776,-0.08556137979030609,False,False,False,0.44333581924438475,-0.046407862938940524,0.0,0.9999999403953552,1.0
arctic_embed_l_v2,Snowflake/snowflake-arctic-embed-l-v2.0,,en,food,food,joy,random,joy,centroid_phrases,feeling joyful; feeling happy; feeling delighted,feeling joyful; feeling happy; feeling delighted,neutral_centroid,neutral; ordinary; plain; average,feasts,vocabulary,feasts,6,0.42212381958961487,-0.028031062334775925,False,False,False,0.44333581924438475,-0.046407862938940524,0.0,0.9999999403953552,1.0
arctic_embed_l_v2,Snowflake/snowflake-arctic-embed-l-v2.0,,en,food,food,joy,random,joy,centroid_phrases,feeling joyful; feeling happy; feeling delighted,feeling joyful; feeling happy; feeling delighted,neutral_centroid,neutral; ordinary; plain; average,meat,vocabulary,meat,7,0.41853445768356323,-0.1586286723613739,False,False,False,0.44333581924438475,-0.046407862938940524,0.0,0.9999999403953552,1.0
arctic_embed_l_v2,Snowflake/snowflake-arctic-embed-l-v2.0,,en,food,food,joy,random,joy,centroid_phrases,feeling joyful; feeling happy; feeling delighted,feeling joyful; feeling happy; feeling delighted,neutral_centroid,neutral; ordinary; plain; average,seafood,vocabulary,seafood,8,0.417543888092041,-0.017697572708129883,False,False,False,0.44333581924438475,-0.046407862938940524,0.0,0.9999999403953552,1.0
arctic_embed_l_v2,Snowflake/snowflake-arctic-embed-l-v2.0,,en,food,food,joy,random,joy,centroid_phrases,feeling joyful; feeling happy; feeling delighted,feeling joyful; feeling happy; feeling delighted,neutral_centroid,neutral; ordinary; plain; average,gastronomy,vocabulary,gastronomy,9,0.4150529205799103,0.0008481964468955994,False,False,False,0.44333581924438475,-0.046407862938940524,0.0,0.9999999403953552,1.0
arctic_embed_l_v2,Snowflake/snowflake-arctic-embed-l-v2.0,,en,food,food,joy,random,joy,centroid_phrases,feeling joyful; feeling happy; feeling delighted,feeling joyful; feeling happy; feeling delighted,neutral_centroid,neutral; ordinary; plain; average,feast,vocabulary,feast,10,0.41333842277526855,-0.04039734974503517,False,False,False,0.44333581924438475,-0.046407862938940524,0.0,0.9999999403953552,1.0
arctic_embed_l_v2,Snowflake/snowflake-arctic-embed-l-v2.0,,en,food,food,joy,shuffled_emotion,anger,centroid_phrases,feeling joyful; feeling happy; feeling delighted,feeling angry; feeling enraged; feeling irritated,neutral_centroid,neutral; ordinary; plain; average,foods,vocabulary,foods,1,0.5073750019073486,-0.018476014956831932,False,False,False,0.4425766319036484,0.13101427610963584,0.0,1.099473476409912,1.0000001192092896
arctic_embed_l_v2,Snowflake/snowflake-arctic-embed-l-v2.0,,en,food,food,joy,shuffled_emotion,anger,centroid_phrases,feeling joyful; feeling happy; feeling delighted,feeling angry; feeling enraged; feeling irritated,neutral_centroid,neutral; ordinary; plain; average,eating,vocabulary,eating,2,0.5004327893257141,0.15165916085243225,False,False,False,0.4425766319036484,0.13101427610963584,0.0,1.099473476409912,1.0000001192092896
arctic_embed_l_v2,Snowflake/snowflake-arctic-embed-l-v2.0,,en,food,food,joy,shuffled_emotion,anger,centroid_phrases,feeling joyful; feeling happy; feeling delighted,feeling angry; feeling enraged; feeling irritated,neutral_centroid,neutral; ordinary; plain; average,feeling,vocabulary,feeling,3,0.49424153566360474,0.37978237867355347,False,False,False,0.4425766319036484,0.13101427610963584,0.0,1.099473476409912,1.0000001192092896
arctic_embed_l_v2,Snowflake/snowflake-arctic-embed-l-v2.0,,en,food,food,joy,shuffled_emotion,anger,centroid_phrases,feeling joyful; feeling happy; feeling delighted,feeling angry; feeling enraged; feeling irritated,neutral_centroid,neutral; ordinary; plain; average,cooking,vocabulary,cooking,4,0.45861780643463135,0.09972234815359116,False,False,False,0.4425766319036484,0.13101427610963584,0.0,1.099473476409912,1.0000001192092896
arctic_embed_l_v2,Snowflake/snowflake-arctic-embed-l-v2.0,,en,food,food,joy,shuffled_emotion,anger,centroid_phrases,feeling joyful; feeling happy; feeling delighted,feeling angry; feeling enraged; feeling irritated,neutral_centroid,neutral; ordinary; plain; average,feelings,vocabulary,feelings,5,0.45384350419044495,0.2961563169956207,False,False,False,0.4425766319036484,0.13101427610963584,0.0,1.099473476409912,1.0000001192092896
arctic_embed_l_v2,Snowflake/snowflake-arctic-embed-l-v2.0,,en,food,food,joy,shuffled_emotion,anger,centroid_phrases,feeling joyful; feeling happy; feeling delighted,feeling angry; feeling enraged; feeling irritated,neutral_centroid,neutral; ordinary; plain; average,foodie,vocabulary,foodie,6,0.4070693850517273,0.07850303500890732,False,False,False,0.4425766319036484,0.13101427610963584,0.0,1.099473476409912,1.0000001192092896
arctic_embed_l_v2,Snowflake/snowflake-arctic-embed-l-v2.0,,en,food,food,joy,shuffled_emotion,anger,centroid_phrases,feeling joyful; feeling happy; feeling delighted,feeling angry; feeling enraged; feeling irritated,neutral_centroid,neutral; ordinary; plain; average,feeding,vocabulary,feeding,7,0.4058772921562195,0.1184438094496727,False,False,False,0.4425766319036484,0.13101427610963584,0.0,1.099473476409912,1.0000001192092896
arctic_embed_l_v2,Snowflake/snowflake-arctic-embed-l-v2.0,,en,food,food,joy,shuffled_emotion,anger,centroid_phrases,feeling joyful; feeling happy; feeling delighted,feeling angry; feeling enraged; feeling irritated,neutral_centroid,neutral; ordinary; plain; average,frying,vocabulary,frying,8,0.4011349081993103,0.08912987262010574,False,False,False,0.4425766319036484,0.13101427610963584,0.0,1.099473476409912,1.0000001192092896
arctic_embed_l_v2,Snowflake/snowflake-arctic-embed-l-v2.0,,en,food,food,joy,shuffled_emotion,anger,centroid_phrases,feeling joyful; feeling happy; feeling delighted,feeling angry; feeling enraged; feeling irritated,neutral_centroid,neutral; ordinary; plain; average,hunger,vocabulary,hunger,9,0.40104979276657104,0.0042999498546123505,False,False,False,0.4425766319036484,0.13101427610963584,0.0,1.099473476409912,1.0000001192092896
arctic_embed_l_v2,Snowflake/snowflake-arctic-embed-l-v2.0,,en,food,food,joy,shuffled_emotion,anger,centroid_phrases,feeling joyful; feeling happy; feeling delighted,feeling angry; feeling enraged; feeling irritated,neutral_centroid,neutral; ordinary; plain; average,foodies,vocabulary,foodies,10,0.39612430334091187,0.11092190444469452,False,False,False,0.4425766319036484,0.13101427610963584,0.0,1.099473476409912,1.0000001192092896
arctic_embed_l_v2,Snowflake/snowflake-arctic-embed-l-v2.0,,en,food,food,anger,emotion,anger,centroid_phrases,feeling angry; feeling enraged; feeling irritated,feeling angry; feeling enraged; feeling irritated,neutral_centroid,neutral; ordinary; plain; average,foods,vocabulary,foods,1,0.5073750019073486,-0.0311377365142107,False,False,False,0.4425766319036484,0.14464710969477892,0.0,1.099473476409912,1.0000001192092896
arctic_embed_l_v2,Snowflake/snowflake-arctic-embed-l-v2.0,,en,food,food,anger,emotion,anger,centroid_phrases,feeling angry; feeling enraged; feeling irritated,feeling angry; feeling enraged; feeling irritated,neutral_centroid,neutral; ordinary; plain; average,eating,vocabulary,eating,2,0.5004327893257141,0.18062610924243927,False,False,False,0.4425766319036484,0.14464710969477892,0.0,1.099473476409912,1.0000001192092896
arctic_embed_l_v2,Snowflake/snowflake-arctic-embed-l-v2.0,,en,food,food,anger,emotion,anger,centroid_phrases,feeling angry; feeling enraged; feeling irritated,feeling angry; feeling enraged; feeling irritated,neutral_centroid,neutral; ordinary; plain; average,feeling,vocabulary,feeling,3,0.49424153566360474,0.382560133934021,False,False,False,0.4425766319036484,0.14464710969477892,0.0,1.099473476409912,1.0000001192092896
arctic_embed_l_v2,Snowflake/snowflake-arctic-embed-l-v2.0,,en,food,food,anger,emotion,anger,centroid_phrases,feeling angry; feeling enraged; feeling irritated,feeling angry; feeling enraged; feeling irritated,neutral_centroid,neutral; ordinary; plain; average,cooking,vocabulary,cooking,4,0.45861780643463135,0.10466087609529495,False,False,False,0.4425766319036484,0.14464710969477892,0.0,1.099473476409912,1.0000001192092896
arctic_embed_l_v2,Snowflake/snowflake-arctic-embed-l-v2.0,,en,food,food,anger,emotion,anger,centroid_phrases,feeling angry; feeling enraged; feeling irritated,feeling angry; feeling enraged; feeling irritated,neutral_centroid,neutral; ordinary; plain; average,feelings,vocabulary,feelings,5,0.45384350419044495,0.319355309009552,False,False,False,0.4425766319036484,0.14464710969477892,0.0,1.099473476409912,1.0000001192092896
arctic_embed_l_v2,Snowflake/snowflake-arctic-embed-l-v2.0,,en,food,food,anger,emotion,anger,centroid_phrases,feeling angry; feeling enraged; feeling irritated,feeling angry; feeling enraged; feeling irritated,neutral_centroid,neutral; ordinary; plain; average,foodie,vocabulary,foodie,6,0.4070693850517273,0.05806193873286247,False,False,False,0.4425766319036484,0.14464710969477892,0.0,1.099473476409912,1.0000001192092896
arctic_embed_l_v2,Snowflake/snowflake-arctic-embed-l-v2.0,,en,food,food,anger,emotion,anger,centroid_phrases,feeling angry; feeling enraged; feeling irritated,feeling angry; feeling enraged; feeling irritated,neutral_centroid,neutral; ordinary; plain; average,feeding,vocabulary,feeding,7,0.4058772921562195,0.10975432395935059,False,False,False,0.4425766319036484,0.14464710969477892,0.0,1.099473476409912,1.0000001192092896
arctic_embed_l_v2,Snowflake/snowflake-arctic-embed-l-v2.0,,en,food,food,anger,emotion,anger,centroid_phrases,feeling angry; feeling enraged; feeling irritated,feeling angry; feeling enraged; feeling irritated,neutral_centroid,neutral; ordinary; plain; average,frying,vocabulary,frying,8,0.4011349081993103,0.1371263861656189,False,False,False,0.4425766319036484,0.14464710969477892,0.0,1.099473476409912,1.0000001192092896
arctic_embed_l_v2,Snowflake/snowflake-arctic-embed-l-v2.0,,en,food,food,anger,emotion,anger,centroid_phrases,feeling angry; feeling enraged; feeling irritated,feeling angry; feeling enraged; feeling irritated,neutral_centroid,neutral; ordinary; plain; average,hunger,vocabulary,hunger,9,0.40104979276657104,0.10008955001831055,False,False,False,0.4425766319036484,0.14464710969477892,0.0,1.099473476409912,1.0000001192092896
arctic_embed_l_v2,Snowflake/snowflake-arctic-embed-l-v2.0,,en,food,food,anger,emotion,anger,centroid_phrases,feeling angry; feeling enraged; feeling irritated,feeling angry; feeling enraged; feeling irritated,neutral_centroid,neutral; ordinary; plain; average,foodies,vocabulary,foodies,10,0.39612430334091187,0.08537420630455017,False,False,False,0.4425766319036484,0.14464710969477892,0.0,1.099473476409912,1.0000001192092896
arctic_embed_l_v2,Snowflake/snowflake-arctic-embed-l-v2.0,,en,food,food,anger,identity,anger,centroid_phrases,feeling angry; feeling enraged; feeling irritated,feeling angry; feeling enraged; feeling irritated,neutral_centroid,neutral; ordinary; plain; average,foods,vocabulary,foods,1,0.8107296228408813,-0.0311377365142107,False,False,False,0.6134310185909271,-0.008572133630514145,0.0,0.0,1.0
arctic_embed_l_v2,Snowflake/snowflake-arctic-embed-l-v2.0,,en,food,food,anger,identity,anger,centroid_phrases,feeling angry; feeling enraged; feeling irritated,feeling angry; feeling enraged; feeling irritated,neutral_centroid,neutral; ordinary; plain; average,cuisine,vocabulary,cuisine,2,0.6590136289596558,-0.055511344224214554,False,False,False,0.6134310185909271,-0.008572133630514145,0.0,0.0,1.0
arctic_embed_l_v2,Snowflake/snowflake-arctic-embed-l-v2.0,,en,food,food,anger,identity,anger,centroid_phrases,feeling angry; feeling enraged; feeling irritated,feeling angry; feeling enraged; feeling irritated,neutral_centroid,neutral; ordinary; plain; average,meal,vocabulary,meal,3,0.602020800113678,-0.08520235866308212,False,False,False,0.6134310185909271,-0.008572133630514145,0.0,0.0,1.0
arctic_embed_l_v2,Snowflake/snowflake-arctic-embed-l-v2.0,,en,food,food,anger,identity,anger,centroid_phrases,feeling angry; feeling enraged; feeling irritated,feeling angry; feeling enraged; feeling irritated,neutral_centroid,neutral; ordinary; plain; average,foodstuffs,vocabulary,foodstuffs,4,0.6004464626312256,-0.05358278751373291,False,False,False,0.6134310185909271,-0.008572133630514145,0.0,0.0,1.0
arctic_embed_l_v2,Snowflake/snowflake-arctic-embed-l-v2.0,,en,food,food,anger,identity,anger,centroid_phrases,feeling angry; feeling enraged; feeling irritated,feeling angry; feeling enraged; feeling irritated,neutral_centroid,neutral; ordinary; plain; average,cooking,vocabulary,cooking,5,0.5900893807411194,0.10466087609529495,False,False,False,0.6134310185909271,-0.008572133630514145,0.0,0.0,1.0
arctic_embed_l_v2,Snowflake/snowflake-arctic-embed-l-v2.0,,en,food,food,anger,identity,anger,centroid_phrases,feeling angry; feeling enraged; feeling irritated,feeling angry; feeling enraged; feeling irritated,neutral_centroid,neutral; ordinary; plain; average,gastronomy,vocabulary,gastronomy,6,0.5880971550941467,-0.03975897282361984,False,False,False,0.6134310185909271,-0.008572133630514145,0.0,0.0,1.0
arctic_embed_l_v2,Snowflake/snowflake-arctic-embed-l-v2.0,,en,food,food,anger,identity,anger,centroid_phrases,feeling angry; feeling enraged; feeling irritated,feeling angry; feeling enraged; feeling irritated,neutral_centroid,neutral; ordinary; plain; average,meals,vocabulary,meals,7,0.5750290751457214,-0.03988316282629967,False,False,False,0.6134310185909271,-0.008572133630514145,0.0,0.0,1.0
arctic_embed_l_v2,Snowflake/snowflake-arctic-embed-l-v2.0,,en,food,food,anger,identity,anger,centroid_phrases,feeling angry; feeling enraged; feeling irritated,feeling angry; feeling enraged; feeling irritated,neutral_centroid,neutral; ordinary; plain; average,seafood,vocabulary,seafood,8,0.5714126229286194,-0.04876776412129402,False,False,False,0.6134310185909271,-0.008572133630514145,0.0,0.0,1.0
arctic_embed_l_v2,Snowflake/snowflake-arctic-embed-l-v2.0,,en,food,food,anger,identity,anger,centroid_phrases,feeling angry; feeling enraged; feeling irritated,feeling angry; feeling enraged; feeling irritated,neutral_centroid,neutral; ordinary; plain; average,essen,vocabulary,essen,9,0.5697272419929504,-0.017164194956421852,False,False,False,0.6134310185909271,-0.008572133630514145,0.0,0.0,1.0
arctic_embed_l_v2,Snowflake/snowflake-arctic-embed-l-v2.0,,en,food,food,anger,identity,anger,centroid_phrases,feeling angry; feeling enraged; feeling irritated,feeling angry; feeling enraged; feeling irritated,neutral_centroid,neutral; ordinary; plain; average,eating,vocabulary,eating,10,0.5677441954612732,0.18062610924243927,False,False,False,0.6134310185909271,-0.008572133630514145,0.0,0.0,1.0
arctic_embed_l_v2,Snowflake/snowflake-arctic-embed-l-v2.0,,en,food,food,anger,random,anger,centroid_phrases,feeling angry; feeling enraged; feeling irritated,feeling angry; feeling enraged; feeling irritated,neutral_centroid,neutral; ordinary; plain; average,foods,vocabulary,foods,1,0.546618640422821,-0.0311377365142107,False,False,False,0.4333572417497635,-0.015965383499860764,0.0,1.0,1.0
arctic_embed_l_v2,Snowflake/snowflake-arctic-embed-l-v2.0,,en,food,food,anger,random,anger,centroid_phrases,feeling angry; feeling enraged; feeling irritated,feeling angry; feeling enraged; feeling irritated,neutral_centroid,neutral; ordinary; plain; average,cuisine,vocabulary,cuisine,2,0.49468427896499634,-0.055511344224214554,False,False,False,0.4333572417497635,-0.015965383499860764,0.0,1.0,1.0
arctic_embed_l_v2,Snowflake/snowflake-arctic-embed-l-v2.0,,en,food,food,anger,random,anger,centroid_phrases,feeling angry; feeling enraged; feeling irritated,feeling angry; feeling enraged; feeling irritated,neutral_centroid,neutral; ordinary; plain; average,cooking,vocabulary,cooking,3,0.4308518171310425,0.10466087609529495,False,False,False,0.4333572417497635,-0.015965383499860764,0.0,1.0,1.0
arctic_embed_l_v2,Snowflake/snowflake-arctic-embed-l-v2.0,,en,food,food,anger,random,anger,centroid_phrases,feeling angry; feeling enraged; feeling irritated,feeling angry; feeling enraged; feeling irritated,neutral_centroid,neutral; ordinary; plain; average,meal,vocabulary,meal,4,0.4265432357788086,-0.08520235866308212,False,False,False,0.4333572417497635,-0.015965383499860764,0.0,1.0,1.0
arctic_embed_l_v2,Snowflake/snowflake-arctic-embed-l-v2.0,,en,food,food,anger,random,anger,centroid_phrases,feeling angry; feeling enraged; feeling irritated,feeling angry; feeling enraged; feeling irritated,neutral_centroid,neutral; ordinary; plain; average,gastronomy,vocabulary,gastronomy,5,0.4163852334022522,-0.03975897282361984,False,False,False,0.4333572417497635,-0.015965383499860764,0.0,1.0,1.0
arctic_embed_l_v2,Snowflake/snowflake-arctic-embed-l-v2.0,,en,food,food,anger,random,anger,centroid_phrases,feeling angry; feeling enraged; feeling irritated,feeling angry; feeling enraged; feeling irritated,neutral_centroid,neutral; ordinary; plain; average,seafood,vocabulary,seafood,6,0.4102388024330139,-0.04876776412129402,False,False,False,0.4333572417497635,-0.015965383499860764,0.0,1.0,1.0
arctic_embed_l_v2,Snowflake/snowflake-arctic-embed-l-v2.0,,en,food,food,anger,random,anger,centroid_phrases,feeling angry; feeling enraged; feeling irritated,feeling angry; feeling enraged; feeling irritated,neutral_centroid,neutral; ordinary; plain; average,restaurant,vocabulary,restaurant,7,0.40821829438209534,-0.02945069596171379,False,False,False,0.4333572417497635,-0.015965383499860764,0.0,1.0,1.0
arctic_embed_l_v2,Snowflake/snowflake-arctic-embed-l-v2.0,,en,food,food,anger,random,anger,centroid_phrases,feeling angry; feeling enraged; feeling irritated,feeling angry; feeling enraged; feeling irritated,neutral_centroid,neutral; ordinary; plain; average,foodie,vocabulary,foodie,8,0.4047531485557556,0.05806193873286247,False,False,False,0.4333572417497635,-0.015965383499860764,0.0,1.0,1.0
arctic_embed_l_v2,Snowflake/snowflake-arctic-embed-l-v2.0,,en,food,food,anger,random,anger,centroid_phrases,feeling angry; feeling enraged; feeling irritated,feeling angry; feeling enraged; feeling irritated,neutral_centroid,neutral; ordinary; plain; average,foodstuffs,vocabulary,foodstuffs,9,0.39786046743392944,-0.05358278751373291,False,False,False,0.4333572417497635,-0.015965383499860764,0.0,1.0,1.0
arctic_embed_l_v2,Snowflake/snowflake-arctic-embed-l-v2.0,,en,food,food,anger,random,anger,centroid_phrases,feeling angry; feeling enraged; feeling irritated,feeling angry; feeling enraged; feeling irritated,neutral_centroid,neutral; ordinary; plain; average,restaurants,vocabulary,restaurants,10,0.3974184989929199,0.021035009995102882,False,False,False,0.4333572417497635,-0.015965383499860764,0.0,1.0,1.0
arctic_embed_l_v2,Snowflake/snowflake-arctic-embed-l-v2.0,,en,food,food,anger,shuffled_emotion,fear,centroid_phrases,feeling angry; feeling enraged; feeling irritated,feeling afraid; feeling anxious; feeling terrified,neutral_centroid,neutral; ordinary; plain; average,feeling,vocabulary,feeling,1,0.5140464305877686,0.382560133934021,False,False,False,0.45458864569664004,0.1617759408429265,0.0,1.1305880546569824,1.0
arctic_embed_l_v2,Snowflake/snowflake-arctic-embed-l-v2.0,,en,food,food,anger,shuffled_emotion,fear,centroid_phrases,feeling angry; feeling enraged; feeling irritated,feeling afraid; feeling anxious; feeling terrified,neutral_centroid,neutral; ordinary; plain; average,foods,vocabulary,foods,2,0.5132295489311218,-0.0311377365142107,False,False,False,0.45458864569664004,0.1617759408429265,0.0,1.1305880546569824,1.0
arctic_embed_l_v2,Snowflake/snowflake-arctic-embed-l-v2.0,,en,food,food,anger,shuffled_emotion,fear,centroid_phrases,feeling angry; feeling enraged; feeling irritated,feeling afraid; feeling anxious; feeling terrified,neutral_centroid,neutral; ordinary; plain; average,eating,vocabulary,eating,3,0.5016404390335083,0.18062610924243927,False,False,False,0.45458864569664004,0.1617759408429265,0.0,1.1305880546569824,1.0
arctic_embed_l_v2,Snowflake/snowflake-arctic-embed-l-v2.0,,en,food,food,anger,shuffled_emotion,fear,centroid_phrases,feeling angry; feeling enraged; feeling irritated,feeling afraid; feeling anxious; feeling terrified,neutral_centroid,neutral; ordinary; plain; average,cooking,vocabulary,cooking,4,0.46603453159332275,0.10466087609529495,False,False,False,0.45458864569664004,0.1617759408429265,0.0,1.1305880546569824,1.0
arctic_embed_l_v2,Snowflake/snowflake-arctic-embed-l-v2.0,,en,food,food,anger,shuffled_emotion,fear,centroid_phrases,feeling angry; feeling enraged; feeling irritated,feeling afraid; feeling anxious; feeling terrified,neutral_centroid,neutral; ordinary; plain; average,feelings,vocabulary,feelings,5,0.45917871594429016,0.319355309009552,False,False,False,0.45458864569664004,0.1617759408429265,0.0,1.1305880546569824,1.0
arctic_embed_l_v2,Snowflake/snowflake-arctic-embed-l-v2.0,,en,food,food,anger,shuffled_emotion,fear,centroid_phrases,feeling angry; feeling enraged; feeling irritated,feeling afraid; feeling anxious; feeling terrified,neutral_centroid,neutral; ordinary; plain; average,fear,vocabulary,fear,6,0.4272410273551941,0.1410122811794281,False,False,False,0.45458864569664004,0.1617759408429265,0.0,1.1305880546569824,1.0
arctic_embed_l_v2,Snowflake/snowflake-arctic-embed-l-v2.0,,en,food,food,anger,shuffled_emotion,fear,centroid_phrases,feeling angry; feeling enraged; feeling irritated,feeling afraid; feeling anxious; feeling terrified,neutral_centroid,neutral; ordinary; plain; average,feel,vocabulary,feel,7,0.42468613386154175,0.2674919664859772,False,False,False,0.45458864569664004,0.1617759408429265,0.0,1.1305880546569824,1.0
arctic_embed_l_v2,Snowflake/snowflake-arctic-embed-l-v2.0,,en,food,food,anger,shuffled_emotion,fear,centroid_phrases,feeling angry; feeling enraged; feeling irritated,feeling afraid; feeling anxious; feeling terrified,neutral_centroid,neutral; ordinary; plain; average,feeding,vocabulary,feeding,8,0.4158584475517273,0.10975432395935059,False,False,False,0.45458864569664004,0.1617759408429265,0.0,1.1305880546569824,1.0
arctic_embed_l_v2,Snowflake/snowflake-arctic-embed-l-v2.0,,en,food,food,anger,shuffled_emotion,fear,centroid_phrases,feeling angry; feeling enraged; feeling irritated,feeling afraid; feeling anxious; feeling terrified,neutral_centroid,neutral; ordinary; plain; average,foodies,vocabulary,foodies,9,0.41375476121902466,0.08537420630455017,False,False,False,0.45458864569664004,0.1617759408429265,0.0,1.1305880546569824,1.0
arctic_embed_l_v2,Snowflake/snowflake-arctic-embed-l-v2.0,,en,food,food,anger,shuffled_emotion,fear,centroid_phrases,feeling angry; feeling enraged; feeling irritated,feeling afraid; feeling anxious; feeling terrified,neutral_centroid,neutral; ordinary; plain; average,foodie,vocabulary,foodie,10,0.41021642088890076,0.05806193873286247,False,False,False,0.45458864569664004,0.1617759408429265,0.0,1.1305880546569824,1.0
arctic_embed_l_v2,Snowflake/snowflake-arctic-embed-l-v2.0,,en,food,food,fear,emotion,fear,centroid_phrases,feeling afraid; feeling anxious; feeling terrified,feeling afraid; feeling anxious; feeling terrified,neutral_centroid,neutral; ordinary; plain; average,feeling,vocabulary,feeling,1,0.5140464305877686,0.40494608879089355,False,False,False,0.45458864569664004,0.19463026141747833,0.0,1.1305880546569824,1.0
arctic_embed_l_v2,Snowflake/snowflake-arctic-embed-l-v2.0,,en,food,food,fear,emotion,fear,centroid_phrases,feeling afraid; feeling anxious; feeling terrified,feeling afraid; feeling anxious; feeling terrified,neutral_centroid,neutral; ordinary; plain; average,foods,vocabulary,foods,2,0.5132295489311218,-0.015438639558851719,False,False,False,0.45458864569664004,0.19463026141747833,0.0,1.1305880546569824,1.0
arctic_embed_l_v2,Snowflake/snowflake-arctic-embed-l-v2.0,,en,food,food,fear,emotion,fear,centroid_phrases,feeling afraid; feeling anxious; feeling terrified,feeling afraid; feeling anxious; feeling terrified,neutral_centroid,neutral; ordinary; plain; average,eating,vocabulary,eating,3,0.5016404390335083,0.18420232832431793,False,False,False,0.45458864569664004,0.19463026141747833,0.0,1.1305880546569824,1.0
arctic_embed_l_v2,Snowflake/snowflake-arctic-embed-l-v2.0,,en,food,food,fear,emotion,fear,centroid_phrases,feeling afraid; feeling anxious; feeling terrified,feeling afraid; feeling anxious; feeling terrified,neutral_centroid,neutral; ordinary; plain; average,cooking,vocabulary,cooking,4,0.46603453159332275,0.1174970343708992,False,False,False,0.45458864569664004,0.19463026141747833,0.0,1.1305880546569824,1.0
arctic_embed_l_v2,Snowflake/snowflake-arctic-embed-l-v2.0,,en,food,food,fear,emotion,fear,centroid_phrases,feeling afraid; feeling anxious; feeling terrified,feeling afraid; feeling anxious; feeling terrified,neutral_centroid,neutral; ordinary; plain; average,feelings,vocabulary,feelings,5,0.45917871594429016,0.32342272996902466,False,False,False,0.45458864569664004,0.19463026141747833,0.0,1.1305880546569824,1.0
arctic_embed_l_v2,Snowflake/snowflake-arctic-embed-l-v2.0,,en,food,food,fear,emotion,fear,centroid_phrases,feeling afraid; feeling anxious; feeling terrified,feeling afraid; feeling anxious; feeling terrified,neutral_centroid,neutral; ordinary; plain; average,fear,vocabulary,fear,6,0.4272410273551941,0.321457177400589,False,False,False,0.45458864569664004,0.19463026141747833,0.0,1.1305880546569824,1.0
arctic_embed_l_v2,Snowflake/snowflake-arctic-embed-l-v2.0,,en,food,food,fear,emotion,fear,centroid_phrases,feeling afraid; feeling anxious; feeling terrified,feeling afraid; feeling anxious; feeling terrified,neutral_centroid,neutral; ordinary; plain; average,feel,vocabulary,feel,7,0.42468613386154175,0.3096805810928345,False,False,False,0.45458864569664004,0.19463026141747833,0.0,1.1305880546569824,1.0
arctic_embed_l_v2,Snowflake/snowflake-arctic-embed-l-v2.0,,en,food,food,fear,emotion,fear,centroid_phrases,feeling afraid; feeling anxious; feeling terrified,feeling afraid; feeling anxious; feeling terrified,neutral_centroid,neutral; ordinary; plain; average,feeding,vocabulary,feeding,8,0.4158584475517273,0.12454918026924133,False,False,False,0.45458864569664004,0.19463026141747833,0.0,1.1305880546569824,1.0
arctic_embed_l_v2,Snowflake/snowflake-arctic-embed-l-v2.0,,en,food,food,fear,emotion,fear,centroid_phrases,feeling afraid; feeling anxious; feeling terrified,feeling afraid; feeling anxious; feeling terrified,neutral_centroid,neutral; ordinary; plain; average,foodies,vocabulary,foodies,9,0.41375476121902466,0.11068747192621231,False,False,False,0.45458864569664004,0.19463026141747833,0.0,1.1305880546569824,1.0
arctic_embed_l_v2,Snowflake/snowflake-arctic-embed-l-v2.0,,en,food,food,fear,emotion,fear,centroid_phrases,feeling afraid; feeling anxious; feeling terrified,feeling afraid; feeling anxious; feeling terrified,neutral_centroid,neutral; ordinary; plain; average,foodie,vocabulary,foodie,10,0.41021642088890076,0.0652986615896225,False,False,False,0.45458864569664004,0.19463026141747833,0.0,1.1305880546569824,1.0
arctic_embed_l_v2,Snowflake/snowflake-arctic-embed-l-v2.0,,en,food,food,fear,identity,fear,centroid_phrases,feeling afraid; feeling anxious; feeling terrified,feeling afraid; feeling anxious; feeling terrified,neutral_centroid,neutral; ordinary; plain; average,foods,vocabulary,foods,1,0.8107296228408813,-0.015438639558851719,False,False,False,0.6134310185909271,-0.009049865510314703,0.0,0.0,1.0
arctic_embed_l_v2,Snowflake/snowflake-arctic-embed-l-v2.0,,en,food,food,fear,identity,fear,centroid_phrases,feeling afraid; feeling anxious; feeling terrified,feeling afraid; feeling anxious; feeling terrified,neutral_centroid,neutral; ordinary; plain; average,cuisine,vocabulary,cuisine,2,0.6590136289596558,-0.05925096943974495,False,False,False,0.6134310185909271,-0.009049865510314703,0.0,0.0,1.0
arctic_embed_l_v2,Snowflake/snowflake-arctic-embed-l-v2.0,,en,food,food,fear,identity,fear,centroid_phrases,feeling afraid; feeling anxious; feeling terrified,feeling afraid; feeling anxious; feeling terrified,neutral_centroid,neutral; ordinary; plain; average,meal,vocabulary,meal,3,0.602020800113678,-0.10624590516090393,False,False,False,0.6134310185909271,-0.009049865510314703,0.0,0.0,1.0
arctic_embed_l_v2,Snowflake/snowflake-arctic-embed-l-v2.0,,en,food,food,fear,identity,fear,centroid_phrases,feeling afraid; feeling anxious; feeling terrified,feeling afraid; feeling anxious; feeling terrified,neutral_centroid,neutral; ordinary; plain; average,foodstuffs,vocabulary,foodstuffs,4,0.6004464626312256,-0.028440050780773163,False,False,False,0.6134310185909271,-0.009049865510314703,0.0,0.0,1.0
arctic_embed_l_v2,Snowflake/snowflake-arctic-embed-l-v2.0,,en,food,food,fear,identity,fear,centroid_phrases,feeling afraid; feeling anxious; feeling terrified,feeling afraid; feeling anxious; feeling terrified,neutral_centroid,neutral; ordinary; plain; average,cooking,vocabulary,cooking,5,0.5900893807411194,0.1174970343708992,False,False,False,0.6134310185909271,-0.009049865510314703,0.0,0.0,1.0
arctic_embed_l_v2,Snowflake/snowflake-arctic-embed-l-v2.0,,en,food,food,fear,identity,fear,centroid_phrases,feeling afraid; feeling anxious; feeling terrified,feeling afraid; feeling anxious; feeling terrified,neutral_centroid,neutral; ordinary; plain; average,gastronomy,vocabulary,gastronomy,6,0.5880971550941467,-0.05886097997426987,False,False,False,0.6134310185909271,-0.009049865510314703,0.0,0.0,1.0
arctic_embed_l_v2,Snowflake/snowflake-arctic-embed-l-v2.0,,en,food,food,fear,identity,fear,centroid_phrases,feeling afraid; feeling anxious; feeling terrified,feeling afraid; feeling anxious; feeling terrified,neutral_centroid,neutral; ordinary; plain; average,meals,vocabulary,meals,7,0.5750290751457214,-0.04387054219841957,False,False,False,0.6134310185909271,-0.009049865510314703,0.0,0.0,1.0
arctic_embed_l_v2,Snowflake/snowflake-arctic-embed-l-v2.0,,en,food,food,fear,identity,fear,centroid_phrases,feeling afraid; feeling anxious; feeling terrified,feeling afraid; feeling anxious; feeling terrified,neutral_centroid,neutral; ordinary; plain; average,seafood,vocabulary,seafood,8,0.5714126229286194,-0.049255162477493286,False,False,False,0.6134310185909271,-0.009049865510314703,0.0,0.0,1.0
arctic_embed_l_v2,Snowflake/snowflake-arctic-embed-l-v2.0,,en,food,food,fear,identity,fear,centroid_phrases,feeling afraid; feeling anxious; feeling terrified,feeling afraid; feeling anxious; feeling terrified,neutral_centroid,neutral; ordinary; plain; average,essen,vocabulary,essen,9,0.5697272419929504,-0.030835768207907677,False,False,False,0.6134310185909271,-0.009049865510314703,0.0,0.0,1.0
arctic_embed_l_v2,Snowflake/snowflake-arctic-embed-l-v2.0,,en,food,food,fear,identity,fear,centroid_phrases,feeling afraid; feeling anxious; feeling terrified,feeling afraid; feeling anxious; feeling terrified,neutral_centroid,neutral; ordinary; plain; average,eating,vocabulary,eating,10,0.5677441954612732,0.18420232832431793,False,False,False,0.6134310185909271,-0.009049865510314703,0.0,0.0,1.0
arctic_embed_l_v2,Snowflake/snowflake-arctic-embed-l-v2.0,,en,food,food,fear,random,fear,centroid_phrases,feeling afraid; feeling anxious; feeling terrified,feeling afraid; feeling anxious; feeling terrified,neutral_centroid,neutral; ordinary; plain; average,foods,vocabulary,foods,1,0.556602954864502,-0.015438639558851719,False,False,False,0.43099205791950224,-0.04907620521262288,0.0,1.0,1.0
arctic_embed_l_v2,Snowflake/snowflake-arctic-embed-l-v2.0,,en,food,food,fear,random,fear,centroid_phrases,feeling afraid; feeling anxious; feeling terrified,feeling afraid; feeling anxious; feeling terrified,neutral_centroid,neutral; ordinary; plain; average,cuisine,vocabulary,cuisine,2,0.4793391823768616,-0.05925096943974495,False,False,False,0.43099205791950224,-0.04907620521262288,0.0,1.0,1.0
arctic_embed_l_v2,Snowflake/snowflake-arctic-embed-l-v2.0,,en,food,food,fear,random,fear,centroid_phrases,feeling afraid; feeling anxious; feeling terrified,feeling afraid; feeling anxious; feeling terrified,neutral_centroid,neutral; ordinary; plain; average,meat,vocabulary,meat,3,0.41634029150009155,-0.11836902052164078,False,False,False,0.43099205791950224,-0.04907620521262288,0.0,1.0,1.0
arctic_embed_l_v2,Snowflake/snowflake-arctic-embed-l-v2.0,,en,food,food,fear,random,fear,centroid_phrases,feeling afraid; feeling anxious; feeling terrified,feeling afraid; feeling anxious; feeling terrified,neutral_centroid,neutral; ordinary; plain; average,meal,vocabulary,meal,4,0.4143836498260498,-0.10624590516090393,False,False,False,0.43099205791950224,-0.04907620521262288,0.0,1.0,1.0
arctic_embed_l_v2,Snowflake/snowflake-arctic-embed-l-v2.0,,en,food,food,fear,random,fear,centroid_phrases,feeling afraid; feeling anxious; feeling terrified,feeling afraid; feeling anxious; feeling terrified,neutral_centroid,neutral; ordinary; plain; average,fruit,vocabulary,fruit,5,0.41423797607421875,-0.11466427147388458,False,False,False,0.43099205791950224,-0.04907620521262288,0.0,1.0,1.0
arctic_embed_l_v2,Snowflake/snowflake-arctic-embed-l-v2.0,,en,food,food,fear,random,fear,centroid_phrases,feeling afraid; feeling anxious; feeling terrified,feeling afraid; feeling anxious; feeling terrified,neutral_centroid,neutral; ordinary; plain; average,gastronomy,vocabulary,gastronomy,6,0.4117640256881714,-0.05886097997426987,False,False,False,0.43099205791950224,-0.04907620521262288,0.0,1.0,1.0
arctic_embed_l_v2,Snowflake/snowflake-arctic-embed-l-v2.0,,en,food,food,fear,random,fear,centroid_phrases,feeling afraid; feeling anxious; feeling terrified,feeling afraid; feeling anxious; feeling terrified,neutral_centroid,neutral; ordinary; plain; average,cooking,vocabulary,cooking,7,0.4075254499912262,0.1174970343708992,False,False,False,0.43099205791950224,-0.04907620521262288,0.0,1.0,1.0
arctic_embed_l_v2,Snowflake/snowflake-arctic-embed-l-v2.0,,en,food,food,fear,random,fear,centroid_phrases,feeling afraid; feeling anxious; feeling terrified,feeling afraid; feeling anxious; feeling terrified,neutral_centroid,neutral; ordinary; plain; average,foodie,vocabulary,foodie,8,0.4058031439781189,0.0652986615896225,False,False,False,0.43099205791950224,-0.04907620521262288,0.0,1.0,1.0
arctic_embed_l_v2,Snowflake/snowflake-arctic-embed-l-v2.0,,en,food,food,fear,random,fear,centroid_phrases,feeling afraid; feeling anxious; feeling terrified,feeling afraid; feeling anxious; feeling terrified,neutral_centroid,neutral; ordinary; plain; average,pasta,vocabulary,pasta,9,0.4048207402229309,-0.17228791117668152,False,False,False,0.43099205791950224,-0.04907620521262288,0.0,1.0,1.0
arctic_embed_l_v2,Snowflake/snowflake-arctic-embed-l-v2.0,,en,food,food,fear,random,fear,centroid_phrases,feeling afraid; feeling anxious; feeling terrified,feeling afraid; feeling anxious; feeling terrified,neutral_centroid,neutral; ordinary; plain; average,foodstuffs,vocabulary,foodstuffs,10,0.39910316467285156,-0.028440050780773163,False,False,False,0.43099205791950224,-0.04907620521262288,0.0,1.0,1.0
arctic_embed_l_v2,Snowflake/snowflake-arctic-embed-l-v2.0,,en,food,food,fear,shuffled_emotion,amusement,centroid_phrases,feeling afraid; feeling anxious; feeling terrified,feeling amused; feeling entertained; feeling playful,neutral_centroid,neutral; ordinary; plain; average,foods,vocabulary,foods,1,0.5799638032913208,-0.015438639558851719,False,False,False,0.4944088220596313,0.12278638249263167,0.0,0.9991812705993652,1.0
arctic_embed_l_v2,Snowflake/snowflake-arctic-embed-l-v2.0,,en,food,food,fear,shuffled_emotion,amusement,centroid_phrases,feeling afraid; feeling anxious; feeling terrified,feeling amused; feeling entertained; feeling playful,neutral_centroid,neutral; ordinary; plain; average,eating,vocabulary,eating,2,0.5510132312774658,0.18420232832431793,False,False,False,0.4944088220596313,0.12278638249263167,0.0,0.9991812705993652,1.0
arctic_embed_l_v2,Snowflake/snowflake-arctic-embed-l-v2.0,,en,food,food,fear,shuffled_emotion,amusement,centroid_phrases,feeling afraid; feeling anxious; feeling terrified,feeling amused; feeling entertained; feeling playful,neutral_centroid,neutral; ordinary; plain; average,feeling,vocabulary,feeling,3,0.5109508037567139,0.40494608879089355,False,False,False,0.4944088220596313,0.12278638249263167,0.0,0.9991812705993652,1.0
arctic_embed_l_v2,Snowflake/snowflake-arctic-embed-l-v2.0,,en,food,food,fear,shuffled_emotion,amusement,centroid_phrases,feeling afraid; feeling anxious; feeling terrified,feeling amused; feeling entertained; feeling playful,neutral_centroid,neutral; ordinary; plain; average,cooking,vocabulary,cooking,4,0.5009469389915466,0.1174970343708992,False,False,False,0.4944088220596313,0.12278638249263167,0.0,0.9991812705993652,1.0
arctic_embed_l_v2,Snowflake/snowflake-arctic-embed-l-v2.0,,en,food,food,fear,shuffled_emotion,amusement,centroid_phrases,feeling afraid; feeling anxious; feeling terrified,feeling amused; feeling entertained; feeling playful,neutral_centroid,neutral; ordinary; plain; average,foodie,vocabulary,foodie,5,0.4914964735507965,0.0652986615896225,False,False,False,0.4944088220596313,0.12278638249263167,0.0,0.9991812705993652,1.0
arctic_embed_l_v2,Snowflake/snowflake-arctic-embed-l-v2.0,,en,food,food,fear,shuffled_emotion,amusement,centroid_phrases,feeling afraid; feeling anxious; feeling terrified,feeling amused; feeling entertained; feeling playful,neutral_centroid,neutral; ordinary; plain; average,foodies,vocabulary,foodies,6,0.48152443766593933,0.11068747192621231,False,False,False,0.4944088220596313,0.12278638249263167,0.0,0.9991812705993652,1.0
arctic_embed_l_v2,Snowflake/snowflake-arctic-embed-l-v2.0,,en,food,food,fear,shuffled_emotion,amusement,centroid_phrases,feeling afraid; feeling anxious; feeling terrified,feeling amused; feeling entertained; feeling playful,neutral_centroid,neutral; ordinary; plain; average,feeding,vocabulary,feeding,7,0.4623052477836609,0.12454918026924133,False,False,False,0.4944088220596313,0.12278638249263167,0.0,0.9991812705993652,1.0
arctic_embed_l_v2,Snowflake/snowflake-arctic-embed-l-v2.0,,en,food,food,fear,shuffled_emotion,amusement,centroid_phrases,feeling afraid; feeling anxious; feeling terrified,feeling amused; feeling entertained; feeling playful,neutral_centroid,neutral; ordinary; plain; average,feelings,vocabulary,feelings,8,0.45667654275894165,0.32342272996902466,False,False,False,0.4944088220596313,0.12278638249263167,0.0,0.9991812705993652,1.0
arctic_embed_l_v2,Snowflake/snowflake-arctic-embed-l-v2.0,,en,food,food,fear,shuffled_emotion,amusement,centroid_phrases,feeling afraid; feeling anxious; feeling terrified,feeling amused; feeling entertained; feeling playful,neutral_centroid,neutral; ordinary; plain; average,gastronomy,vocabulary,gastronomy,9,0.4561000466346741,-0.05886097997426987,False,False,False,0.4944088220596313,0.12278638249263167,0.0,0.9991812705993652,1.0
arctic_embed_l_v2,Snowflake/snowflake-arctic-embed-l-v2.0,,en,food,food,fear,shuffled_emotion,amusement,centroid_phrases,feeling afraid; feeling anxious; feeling terrified,feeling amused; feeling entertained; feeling playful,neutral_centroid,neutral; ordinary; plain; average,foodstuffs,vocabulary,foodstuffs,10,0.4531106948852539,-0.028440050780773163,False,False,False,0.4944088220596313,0.12278638249263167,0.0,0.9991812705993652,1.0
arctic_embed_l_v2,Snowflake/snowflake-arctic-embed-l-v2.0,,en,food,food,amusement,emotion,amusement,centroid_phrases,feeling amused; feeling entertained; feeling playful,feeling amused; feeling entertained; feeling playful,neutral_centroid,neutral; ordinary; plain; average,foods,vocabulary,foods,1,0.5799638032913208,0.0002678306773304939,False,False,False,0.4944088220596313,0.14587729098275304,0.0,0.9991812705993652,1.0
arctic_embed_l_v2,Snowflake/snowflake-arctic-embed-l-v2.0,,en,food,food,amusement,emotion,amusement,centroid_phrases,feeling amused; feeling entertained; feeling playful,feeling amused; feeling entertained; feeling playful,neutral_centroid,neutral; ordinary; plain; average,eating,vocabulary,eating,2,0.5510132312774658,0.2021874189376831,False,False,False,0.4944088220596313,0.14587729098275304,0.0,0.9991812705993652,1.0
arctic_embed_l_v2,Snowflake/snowflake-arctic-embed-l-v2.0,,en,food,food,amusement,emotion,amusement,centroid_phrases,feeling amused; feeling entertained; feeling playful,feeling amused; feeling entertained; feeling playful,neutral_centroid,neutral; ordinary; plain; average,feeling,vocabulary,feeling,3,0.5109508037567139,0.3763522505760193,False,False,False,0.4944088220596313,0.14587729098275304,0.0,0.9991812705993652,1.0
arctic_embed_l_v2,Snowflake/snowflake-arctic-embed-l-v2.0,,en,food,food,amusement,emotion,amusement,centroid_phrases,feeling amused; feeling entertained; feeling playful,feeling amused; feeling entertained; feeling playful,neutral_centroid,neutral; ordinary; plain; average,cooking,vocabulary,cooking,4,0.5009469389915466,0.10846126079559326,False,False,False,0.4944088220596313,0.14587729098275304,0.0,0.9991812705993652,1.0
arctic_embed_l_v2,Snowflake/snowflake-arctic-embed-l-v2.0,,en,food,food,amusement,emotion,amusement,centroid_phrases,feeling amused; feeling entertained; feeling playful,feeling amused; feeling entertained; feeling playful,neutral_centroid,neutral; ordinary; plain; average,foodie,vocabulary,foodie,5,0.4914964735507965,0.1191936582326889,False,False,False,0.4944088220596313,0.14587729098275304,0.0,0.9991812705993652,1.0
arctic_embed_l_v2,Snowflake/snowflake-arctic-embed-l-v2.0,,en,food,food,amusement,emotion,amusement,centroid_phrases,feeling amused; feeling entertained; feeling playful,feeling amused; feeling entertained; feeling playful,neutral_centroid,neutral; ordinary; plain; average,foodies,vocabulary,foodies,6,0.48152443766593933,0.15105974674224854,False,False,False,0.4944088220596313,0.14587729098275304,0.0,0.9991812705993652,1.0
arctic_embed_l_v2,Snowflake/snowflake-arctic-embed-l-v2.0,,en,food,food,amusement,emotion,amusement,centroid_phrases,feeling amused; feeling entertained; feeling playful,feeling amused; feeling entertained; feeling playful,neutral_centroid,neutral; ordinary; plain; average,feeding,vocabulary,feeding,7,0.4623052477836609,0.13621193170547485,False,False,False,0.4944088220596313,0.14587729098275304,0.0,0.9991812705993652,1.0
arctic_embed_l_v2,Snowflake/snowflake-arctic-embed-l-v2.0,,en,food,food,amusement,emotion,amusement,centroid_phrases,feeling amused; feeling entertained; feeling playful,feeling amused; feeling entertained; feeling playful,neutral_centroid,neutral; ordinary; plain; average,feelings,vocabulary,feelings,8,0.45667654275894165,0.28859496116638184,False,False,False,0.4944088220596313,0.14587729098275304,0.0,0.9991812705993652,1.0
arctic_embed_l_v2,Snowflake/snowflake-arctic-embed-l-v2.0,,en,food,food,amusement,emotion,amusement,centroid_phrases,feeling amused; feeling entertained; feeling playful,feeling amused; feeling entertained; feeling playful,neutral_centroid,neutral; ordinary; plain; average,gastronomy,vocabulary,gastronomy,9,0.4561000466346741,0.04653212055563927,False,False,False,0.4944088220596313,0.14587729098275304,0.0,0.9991812705993652,1.0
arctic_embed_l_v2,Snowflake/snowflake-arctic-embed-l-v2.0,,en,food,food,amusement,emotion,amusement,centroid_phrases,feeling amused; feeling entertained; feeling playful,feeling amused; feeling entertained; feeling playful,neutral_centroid,neutral; ordinary; plain; average,foodstuffs,vocabulary,foodstuffs,10,0.4531106948852539,0.02991173043847084,False,False,False,0.4944088220596313,0.14587729098275304,0.0,0.9991812705993652,1.0
arctic_embed_l_v2,Snowflake/snowflake-arctic-embed-l-v2.0,,en,food,food,amusement,identity,amusement,centroid_phrases,feeling amused; feeling entertained; feeling playful,feeling amused; feeling entertained; feeling playful,neutral_centroid,neutral; ordinary; plain; average,foods,vocabulary,foods,1,0.8107296228408813,0.0002678306773304939,False,False,False,0.6134310185909271,0.029537077201530336,0.0,0.0,1.0
arctic_embed_l_v2,Snowflake/snowflake-arctic-embed-l-v2.0,,en,food,food,amusement,identity,amusement,centroid_phrases,feeling amused; feeling entertained; feeling playful,feeling amused; feeling entertained; feeling playful,neutral_centroid,neutral; ordinary; plain; average,cuisine,vocabulary,cuisine,2,0.6590136289596558,-0.051550306379795074,False,False,False,0.6134310185909271,0.029537077201530336,0.0,0.0,1.0
arctic_embed_l_v2,Snowflake/snowflake-arctic-embed-l-v2.0,,en,food,food,amusement,identity,amusement,centroid_phrases,feeling amused; feeling entertained; feeling playful,feeling amused; feeling entertained; feeling playful,neutral_centroid,neutral; ordinary; plain; average,meal,vocabulary,meal,3,0.602020800113678,-0.05748300999403,False,False,False,0.6134310185909271,0.029537077201530336,0.0,0.0,1.0
arctic_embed_l_v2,Snowflake/snowflake-arctic-embed-l-v2.0,,en,food,food,amusement,identity,amusement,centroid_phrases,feeling amused; feeling entertained; feeling playful,feeling amused; feeling entertained; feeling playful,neutral_centroid,neutral; ordinary; plain; average,foodstuffs,vocabulary,foodstuffs,4,0.6004464626312256,0.02991173043847084,False,False,False,0.6134310185909271,0.029537077201530336,0.0,0.0,1.0
arctic_embed_l_v2,Snowflake/snowflake-arctic-embed-l-v2.0,,en,food,food,amusement,identity,amusement,centroid_phrases,feeling amused; feeling entertained; feeling playful,feeling amused; feeling entertained; feeling playful,neutral_centroid,neutral; ordinary; plain; average,cooking,vocabulary,cooking,5,0.5900893807411194,0.10846126079559326,False,False,False,0.6134310185909271,0.029537077201530336,0.0,0.0,1.0
arctic_embed_l_v2,Snowflake/snowflake-arctic-embed-l-v2.0,,en,food,food,amusement,identity,amusement,centroid_phrases,feeling amused; feeling entertained; feeling playful,feeling amused; feeling entertained; feeling playful,neutral_centroid,neutral; ordinary; plain; average,gastronomy,vocabulary,gastronomy,6,0.5880971550941467,0.04653212055563927,False,False,False,0.6134310185909271,0.029537077201530336,0.0,0.0,1.0
arctic_embed_l_v2,Snowflake/snowflake-arctic-embed-l-v2.0,,en,food,food,amusement,identity,amusement,centroid_phrases,feeling amused; feeling entertained; feeling playful,feeling amused; feeling entertained; feeling playful,neutral_centroid,neutral; ordinary; plain; average,meals,vocabulary,meals,7,0.5750290751457214,0.01259843073785305,False,False,False,0.6134310185909271,0.029537077201530336,0.0,0.0,1.0
arctic_embed_l_v2,Snowflake/snowflake-arctic-embed-l-v2.0,,en,food,food,amusement,identity,amusement,centroid_phrases,feeling amused; feeling entertained; feeling playful,feeling amused; feeling entertained; feeling playful,neutral_centroid,neutral; ordinary; plain; average,seafood,vocabulary,seafood,8,0.5714126229286194,0.005655784625560045,False,False,False,0.6134310185909271,0.029537077201530336,0.0,0.0,1.0
arctic_embed_l_v2,Snowflake/snowflake-arctic-embed-l-v2.0,,en,food,food,amusement,identity,amusement,centroid_phrases,feeling amused; feeling entertained; feeling playful,feeling amused; feeling entertained; feeling playful,neutral_centroid,neutral; ordinary; plain; average,essen,vocabulary,essen,9,0.5697272419929504,-0.0012104883790016174,False,False,False,0.6134310185909271,0.029537077201530336,0.0,0.0,1.0
arctic_embed_l_v2,Snowflake/snowflake-arctic-embed-l-v2.0,,en,food,food,amusement,identity,amusement,centroid_phrases,feeling amused; feeling entertained; feeling playful,feeling amused; feeling entertained; feeling playful,neutral_centroid,neutral; ordinary; plain; average,eating,vocabulary,eating,10,0.5677441954612732,0.2021874189376831,False,False,False,0.6134310185909271,0.029537077201530336,0.0,0.0,1.0
arctic_embed_l_v2,Snowflake/snowflake-arctic-embed-l-v2.0,,en,food,food,amusement,random,amusement,centroid_phrases,feeling amused; feeling entertained; feeling playful,feeling amused; feeling entertained; feeling playful,neutral_centroid,neutral; ordinary; plain; average,foods,vocabulary,foods,1,0.5661967396736145,0.0002678306773304939,False,False,False,0.4381954699754715,0.027040726412087678,0.0,1.0,1.0
arctic_embed_l_v2,Snowflake/snowflake-arctic-embed-l-v2.0,,en,food,food,amusement,random,amusement,centroid_phrases,feeling amused; feeling entertained; feeling playful,feeling amused; feeling entertained; feeling playful,neutral_centroid,neutral; ordinary; plain; average,cuisine,vocabulary,cuisine,2,0.4726701080799103,-0.051550306379795074,False,False,False,0.4381954699754715,0.027040726412087678,0.0,1.0,1.0
arctic_embed_l_v2,Snowflake/snowflake-arctic-embed-l-v2.0,,en,food,food,amusement,random,amusement,centroid_phrases,feeling amused; feeling entertained; feeling playful,feeling amused; feeling entertained; feeling playful,neutral_centroid,neutral; ordinary; plain; average,cooking,vocabulary,cooking,3,0.4353429675102234,0.10846126079559326,False,False,False,0.4381954699754715,0.027040726412087678,0.0,1.0,1.0
arctic_embed_l_v2,Snowflake/snowflake-arctic-embed-l-v2.0,,en,food,food,amusement,random,amusement,centroid_phrases,feeling amused; feeling entertained; feeling playful,feeling amused; feeling entertained; feeling playful,neutral_centroid,neutral; ordinary; plain; average,foodstuffs,vocabulary,foodstuffs,4,0.43493250012397766,0.02991173043847084,False,False,False,0.4381954699754715,0.027040726412087678,0.0,1.0,1.0
arctic_embed_l_v2,Snowflake/snowflake-arctic-embed-l-v2.0,,en,food,food,amusement,random,amusement,centroid_phrases,feeling amused; feeling entertained; feeling playful,feeling amused; feeling entertained; feeling playful,neutral_centroid,neutral; ordinary; plain; average,eating,vocabulary,eating,5,0.43256092071533203,0.2021874189376831,False,False,False,0.4381954699754715,0.027040726412087678,0.0,1.0,1.0
arctic_embed_l_v2,Snowflake/snowflake-arctic-embed-l-v2.0,,en,food,food,amusement,random,amusement,centroid_phrases,feeling amused; feeling entertained; feeling playful,feeling amused; feeling entertained; feeling playful,neutral_centroid,neutral; ordinary; plain; average,meat,vocabulary,meat,6,0.41841432452201843,-0.1259029507637024,False,False,False,0.4381954699754715,0.027040726412087678,0.0,1.0,1.0
arctic_embed_l_v2,Snowflake/snowflake-arctic-embed-l-v2.0,,en,food,food,amusement,random,amusement,centroid_phrases,feeling amused; feeling entertained; feeling playful,feeling amused; feeling entertained; feeling playful,neutral_centroid,neutral; ordinary; plain; average,gastronomy,vocabulary,gastronomy,7,0.4087039828300476,0.04653212055563927,False,False,False,0.4381954699754715,0.027040726412087678,0.0,1.0,1.0
arctic_embed_l_v2,Snowflake/snowflake-arctic-embed-l-v2.0,,en,food,food,amusement,random,amusement,centroid_phrases,feeling amused; feeling entertained; feeling playful,feeling amused; feeling entertained; feeling playful,neutral_centroid,neutral; ordinary; plain; average,meal,vocabulary,meal,8,0.4058385491371155,-0.05748300999403,False,False,False,0.4381954699754715,0.027040726412087678,0.0,1.0,1.0
arctic_embed_l_v2,Snowflake/snowflake-arctic-embed-l-v2.0,,en,food,food,amusement,random,amusement,centroid_phrases,feeling amused; feeling entertained; feeling playful,feeling amused; feeling entertained; feeling playful,neutral_centroid,neutral; ordinary; plain; average,foodie,vocabulary,foodie,9,0.40413910150527954,0.1191936582326889,False,False,False,0.4381954699754715,0.027040726412087678,0.0,1.0,1.0
arctic_embed_l_v2,Snowflake/snowflake-arctic-embed-l-v2.0,,en,food,food,amusement,random,amusement,centroid_phrases,feeling amused; feeling entertained; feeling playful,feeling amused; feeling entertained; feeling playful,neutral_centroid,neutral; ordinary; plain; average,essen,vocabulary,essen,10,0.40315550565719604,-0.0012104883790016174,False,False,False,0.4381954699754715,0.027040726412087678,0.0,1.0,1.0
arctic_embed_l_v2,Snowflake/snowflake-arctic-embed-l-v2.0,,en,food,food,amusement,shuffled_emotion,excitement,centroid_phrases,feeling amused; feeling entertained; feeling playful,feeling excited; feeling enthusiastic; feeling thrilled,neutral_centroid,neutral; ordinary; plain; average,foods,vocabulary,foods,1,0.5857451558113098,0.0002678306773304939,False,False,False,0.49904259741306306,0.14587729098275304,0.0,0.9951712489128113,0.9999999403953552
arctic_embed_l_v2,Snowflake/snowflake-arctic-embed-l-v2.0,,en,food,food,amusement,shuffled_emotion,excitement,centroid_phrases,feeling amused; feeling entertained; feeling playful,feeling excited; feeling enthusiastic; feeling thrilled,neutral_centroid,neutral; ordinary; plain; average,eating,vocabulary,eating,2,0.547653079032898,0.2021874189376831,False,False,False,0.49904259741306306,0.14587729098275304,0.0,0.9951712489128113,0.9999999403953552
arctic_embed_l_v2,Snowflake/snowflake-arctic-embed-l-v2.0,,en,food,food,amusement,shuffled_emotion,excitement,centroid_phrases,feeling amused; feeling entertained; feeling playful,feeling excited; feeling enthusiastic; feeling thrilled,neutral_centroid,neutral; ordinary; plain; average,cooking,vocabulary,cooking,3,0.5148147344589233,0.10846126079559326,False,False,False,0.49904259741306306,0.14587729098275304,0.0,0.9951712489128113,0.9999999403953552
arctic_embed_l_v2,Snowflake/snowflake-arctic-embed-l-v2.0,,en,food,food,amusement,shuffled_emotion,excitement,centroid_phrases,feeling amused; feeling entertained; feeling playful,feeling excited; feeling enthusiastic; feeling thrilled,neutral_centroid,neutral; ordinary; plain; average,feeling,vocabulary,feeling,4,0.5146731734275818,0.3763522505760193,False,False,False,0.49904259741306306,0.14587729098275304,0.0,0.9951712489128113,0.9999999403953552
arctic_embed_l_v2,Snowflake/snowflake-arctic-embed-l-v2.0,,en,food,food,amusement,shuffled_emotion,excitement,centroid_phrases,feeling amused; feeling entertained; feeling playful,feeling excited; feeling enthusiastic; feeling thrilled,neutral_centroid,neutral; ordinary; plain; average,foodie,vocabulary,foodie,5,0.5046781301498413,0.1191936582326889,False,False,False,0.49904259741306306,0.14587729098275304,0.0,0.9951712489128113,0.9999999403953552
arctic_embed_l_v2,Snowflake/snowflake-arctic-embed-l-v2.0,,en,food,food,amusement,shuffled_emotion,excitement,centroid_phrases,feeling amused; feeling entertained; feeling playful,feeling excited; feeling enthusiastic; feeling thrilled,neutral_centroid,neutral; ordinary; plain; average,foodies,vocabulary,foodies,6,0.49750885367393494,0.15105974674224854,False,False,False,0.49904259741306306,0.14587729098275304,0.0,0.9951712489128113,0.9999999403953552
arctic_embed_l_v2,Snowflake/snowflake-arctic-embed-l-v2.0,,en,food,food,amusement,shuffled_emotion,excitement,centroid_phrases,feeling amused; feeling entertained; feeling playful,feeling excited; feeling enthusiastic; feeling thrilled,neutral_centroid,neutral; ordinary; plain; average,feelings,vocabulary,feelings,7,0.4648154377937317,0.28859496116638184,False,False,False,0.49904259741306306,0.14587729098275304,0.0,0.9951712489128113,0.9999999403953552
arctic_embed_l_v2,Snowflake/snowflake-arctic-embed-l-v2.0,,en,food,food,amusement,shuffled_emotion,excitement,centroid_phrases,feeling amused; feeling entertained; feeling playful,feeling excited; feeling enthusiastic; feeling thrilled,neutral_centroid,neutral; ordinary; plain; average,foodstuffs,vocabulary,foodstuffs,8,0.45558613538742065,0.02991173043847084,False,False,False,0.49904259741306306,0.14587729098275304,0.0,0.9951712489128113,0.9999999403953552
arctic_embed_l_v2,Snowflake/snowflake-arctic-embed-l-v2.0,,en,food,food,amusement,shuffled_emotion,excitement,centroid_phrases,feeling amused; feeling entertained; feeling playful,feeling excited; feeling enthusiastic; feeling thrilled,neutral_centroid,neutral; ordinary; plain; average,gastronomy,vocabulary,gastronomy,9,0.45271214842796326,0.04653212055563927,False,False,False,0.49904259741306306,0.14587729098275304,0.0,0.9951712489128113,0.9999999403953552
arctic_embed_l_v2,Snowflake/snowflake-arctic-embed-l-v2.0,,en,food,food,amusement,shuffled_emotion,excitement,centroid_phrases,feeling amused; feeling entertained; feeling playful,feeling excited; feeling enthusiastic; feeling thrilled,neutral_centroid,neutral; ordinary; plain; average,feeding,vocabulary,feeding,10,0.45223912596702576,0.13621193170547485,False,False,False,0.49904259741306306,0.14587729098275304,0.0,0.9951712489128113,0.9999999403953552
arctic_embed_l_v2,Snowflake/snowflake-arctic-embed-l-v2.0,,en,food,food,excitement,emotion,excitement,centroid_phrases,feeling excited; feeling enthusiastic; feeling thrilled,feeling excited; feeling enthusiastic; feeling thrilled,neutral_centroid,neutral; ordinary; plain; average,foods,vocabulary,foods,1,0.5857451558113098,0.005970262456685305,False,False,False,0.49904259741306306,0.1506738154683262,0.0,0.9951712489128113,0.9999999403953552
arctic_embed_l_v2,Snowflake/snowflake-arctic-embed-l-v2.0,,en,food,food,excitement,emotion,excitement,centroid_phrases,feeling excited; feeling enthusiastic; feeling thrilled,feeling excited; feeling enthusiastic; feeling thrilled,neutral_centroid,neutral; ordinary; plain; average,eating,vocabulary,eating,2,0.547653079032898,0.19568683207035065,False,False,False,0.49904259741306306,0.1506738154683262,0.0,0.9951712489128113,0.9999999403953552
arctic_embed_l_v2,Snowflake/snowflake-arctic-embed-l-v2.0,,en,food,food,excitement,emotion,excitement,centroid_phrases,feeling excited; feeling enthusiastic; feeling thrilled,feeling excited; feeling enthusiastic; feeling thrilled,neutral_centroid,neutral; ordinary; plain; average,cooking,vocabulary,cooking,3,0.5148147344589233,0.12629470229148865,False,False,False,0.49904259741306306,0.1506738154683262,0.0,0.9951712489128113,0.9999999403953552
arctic_embed_l_v2,Snowflake/snowflake-arctic-embed-l-v2.0,,en,food,food,excitement,emotion,excitement,centroid_phrases,feeling excited; feeling enthusiastic; feeling thrilled,feeling excited; feeling enthusiastic; feeling thrilled,neutral_centroid,neutral; ordinary; plain; average,feeling,vocabulary,feeling,4,0.5146731734275818,0.38074618577957153,False,False,False,0.49904259741306306,0.1506738154683262,0.0,0.9951712489128113,0.9999999403953552
arctic_embed_l_v2,Snowflake/snowflake-arctic-embed-l-v2.0,,en,food,food,excitement,emotion,excitement,centroid_phrases,feeling excited; feeling enthusiastic; feeling thrilled,feeling excited; feeling enthusiastic; feeling thrilled,neutral_centroid,neutral; ordinary; plain; average,foodie,vocabulary,foodie,5,0.5046781301498413,0.13610577583312988,False,False,False,0.49904259741306306,0.1506738154683262,0.0,0.9951712489128113,0.9999999403953552
arctic_embed_l_v2,Snowflake/snowflake-arctic-embed-l-v2.0,,en,food,food,excitement,emotion,excitement,centroid_phrases,feeling excited; feeling enthusiastic; feeling thrilled,feeling excited; feeling enthusiastic; feeling thrilled,neutral_centroid,neutral; ordinary; plain; average,foodies,vocabulary,foodies,6,0.49750885367393494,0.1721237301826477,False,False,False,0.49904259741306306,0.1506738154683262,0.0,0.9951712489128113,0.9999999403953552
arctic_embed_l_v2,Snowflake/snowflake-arctic-embed-l-v2.0,,en,food,food,excitement,emotion,excitement,centroid_phrases,feeling excited; feeling enthusiastic; feeling thrilled,feeling excited; feeling enthusiastic; feeling thrilled,neutral_centroid,neutral; ordinary; plain; average,feelings,vocabulary,feelings,7,0.4648154377937317,0.29904186725616455,False,False,False,0.49904259741306306,0.1506738154683262,0.0,0.9951712489128113,0.9999999403953552
arctic_embed_l_v2,Snowflake/snowflake-arctic-embed-l-v2.0,,en,food,food,excitement,emotion,excitement,centroid_phrases,feeling excited; feeling enthusiastic; feeling thrilled,feeling excited; feeling enthusiastic; feeling thrilled,neutral_centroid,neutral; ordinary; plain; average,foodstuffs,vocabulary,foodstuffs,8,0.45558613538742065,0.031227199360728264,False,False,False,0.49904259741306306,0.1506738154683262,0.0,0.9951712489128113,0.9999999403953552
arctic_embed_l_v2,Snowflake/snowflake-arctic-embed-l-v2.0,,en,food,food,excitement,emotion,excitement,centroid_phrases,feeling excited; feeling enthusiastic; feeling thrilled,feeling excited; feeling enthusiastic; feeling thrilled,neutral_centroid,neutral; ordinary; plain; average,gastronomy,vocabulary,gastronomy,9,0.45271214842796326,0.039528392255306244,False,False,False,0.49904259741306306,0.1506738154683262,0.0,0.9951712489128113,0.9999999403953552
arctic_embed_l_v2,Snowflake/snowflake-arctic-embed-l-v2.0,,en,food,food,excitement,emotion,excitement,centroid_phrases,feeling excited; feeling enthusiastic; feeling thrilled,feeling excited; feeling enthusiastic; feeling thrilled,neutral_centroid,neutral; ordinary; plain; average,feeding,vocabulary,feeding,10,0.45223912596702576,0.12001320719718933,False,False,False,0.49904259741306306,0.1506738154683262,0.0,0.9951712489128113,0.9999999403953552
arctic_embed_l_v2,Snowflake/snowflake-arctic-embed-l-v2.0,,en,food,food,excitement,identity,excitement,centroid_phrases,feeling excited; feeling enthusiastic; feeling thrilled,feeling excited; feeling enthusiastic; feeling thrilled,neutral_centroid,neutral; ordinary; plain; average,foods,vocabulary,foods,1,0.8107296228408813,0.005970262456685305,False,False,False,0.6134310185909271,0.025705117313191295,0.0,0.0,1.0
arctic_embed_l_v2,Snowflake/snowflake-arctic-embed-l-v2.0,,en,food,food,excitement,identity,excitement,centroid_phrases,feeling excited; feeling enthusiastic; feeling thrilled,feeling excited; feeling enthusiastic; feeling thrilled,neutral_centroid,neutral; ordinary; plain; average,cuisine,vocabulary,cuisine,2,0.6590136289596558,-0.054630767554044724,False,False,False,0.6134310185909271,0.025705117313191295,0.0,0.0,1.0
arctic_embed_l_v2,Snowflake/snowflake-arctic-embed-l-v2.0,,en,food,food,excitement,identity,excitement,centroid_phrases,feeling excited; feeling enthusiastic; feeling thrilled,feeling excited; feeling enthusiastic; feeling thrilled,neutral_centroid,neutral; ordinary; plain; average,meal,vocabulary,meal,3,0.602020800113678,-0.0605757050216198,False,False,False,0.6134310185909271,0.025705117313191295,0.0,0.0,1.0
arctic_embed_l_v2,Snowflake/snowflake-arctic-embed-l-v2.0,,en,food,food,excitement,identity,excitement,centroid_phrases,feeling excited; feeling enthusiastic; feeling thrilled,feeling excited; feeling enthusiastic; feeling thrilled,neutral_centroid,neutral; ordinary; plain; average,foodstuffs,vocabulary,foodstuffs,4,0.6004464626312256,0.031227199360728264,False,False,False,0.6134310185909271,0.025705117313191295,0.0,0.0,1.0
arctic_embed_l_v2,Snowflake/snowflake-arctic-embed-l-v2.0,,en,food,food,excitement,identity,excitement,centroid_phrases,feeling excited; feeling enthusiastic; feeling thrilled,feeling excited; feeling enthusiastic; feeling thrilled,neutral_centroid,neutral; ordinary; plain; average,cooking,vocabulary,cooking,5,0.5900893807411194,0.12629470229148865,False,False,False,0.6134310185909271,0.025705117313191295,0.0,0.0,1.0
arctic_embed_l_v2,Snowflake/snowflake-arctic-embed-l-v2.0,,en,food,food,excitement,identity,excitement,centroid_phrases,feeling excited; feeling enthusiastic; feeling thrilled,feeling excited; feeling enthusiastic; feeling thrilled,neutral_centroid,neutral; ordinary; plain; average,gastronomy,vocabulary,gastronomy,6,0.5880971550941467,0.039528392255306244,False,False,False,0.6134310185909271,0.025705117313191295,0.0,0.0,1.0
arctic_embed_l_v2,Snowflake/snowflake-arctic-embed-l-v2.0,,en,food,food,excitement,identity,excitement,centroid_phrases,feeling excited; feeling enthusiastic; feeling thrilled,feeling excited; feeling enthusiastic; feeling thrilled,neutral_centroid,neutral; ordinary; plain; average,meals,vocabulary,meals,7,0.5750290751457214,-0.005317742936313152,False,False,False,0.6134310185909271,0.025705117313191295,0.0,0.0,1.0
arctic_embed_l_v2,Snowflake/snowflake-arctic-embed-l-v2.0,,en,food,food,excitement,identity,excitement,centroid_phrases,feeling excited; feeling enthusiastic; feeling thrilled,feeling excited; feeling enthusiastic; feeling thrilled,neutral_centroid,neutral; ordinary; plain; average,seafood,vocabulary,seafood,8,0.5714126229286194,-0.01033922377973795,False,False,False,0.6134310185909271,0.025705117313191295,0.0,0.0,1.0
arctic_embed_l_v2,Snowflake/snowflake-arctic-embed-l-v2.0,,en,food,food,excitement,identity,excitement,centroid_phrases,feeling excited; feeling enthusiastic; feeling thrilled,feeling excited; feeling enthusiastic; feeling thrilled,neutral_centroid,neutral; ordinary; plain; average,essen,vocabulary,essen,9,0.5697272419929504,-0.010792776010930538,False,False,False,0.6134310185909271,0.025705117313191295,0.0,0.0,1.0
arctic_embed_l_v2,Snowflake/snowflake-arctic-embed-l-v2.0,,en,food,food,excitement,identity,excitement,centroid_phrases,feeling excited; feeling enthusiastic; feeling thrilled,feeling excited; feeling enthusiastic; feeling thrilled,neutral_centroid,neutral; ordinary; plain; average,eating,vocabulary,eating,10,0.5677441954612732,0.19568683207035065,False,False,False,0.6134310185909271,0.025705117313191295,0.0,0.0,1.0
arctic_embed_l_v2,Snowflake/snowflake-arctic-embed-l-v2.0,,en,food,food,excitement,random,excitement,centroid_phrases,feeling excited; feeling enthusiastic; feeling thrilled,feeling excited; feeling enthusiastic; feeling thrilled,neutral_centroid,neutral; ordinary; plain; average,foods,vocabulary,foods,1,0.5826832056045532,0.005970262456685305,False,False,False,0.4500891983509064,-0.001997056556865573,0.0,1.0,1.0
arctic_embed_l_v2,Snowflake/snowflake-arctic-embed-l-v2.0,,en,food,food,excitement,random,excitement,centroid_phrases,feeling excited; feeling enthusiastic; feeling thrilled,feeling excited; feeling enthusiastic; feeling thrilled,neutral_centroid,neutral; ordinary; plain; average,cuisine,vocabulary,cuisine,2,0.4809294641017914,-0.054630767554044724,False,False,False,0.4500891983509064,-0.001997056556865573,0.0,1.0,1.0
arctic_embed_l_v2,Snowflake/snowflake-arctic-embed-l-v2.0,,en,food,food,excitement,random,excitement,centroid_phrases,feeling excited; feeling enthusiastic; feeling thrilled,feeling excited; feeling enthusiastic; feeling thrilled,neutral_centroid,neutral; ordinary; plain; average,meal,vocabulary,meal,3,0.4548196792602539,-0.0605757050216198,False,False,False,0.4500891983509064,-0.001997056556865573,0.0,1.0,1.0
arctic_embed_l_v2,Snowflake/snowflake-arctic-embed-l-v2.0,,en,food,food,excitement,random,excitement,centroid_phrases,feeling excited; feeling enthusiastic; feeling thrilled,feeling excited; feeling enthusiastic; feeling thrilled,neutral_centroid,neutral; ordinary; plain; average,meals,vocabulary,meals,4,0.439145565032959,-0.005317742936313152,False,False,False,0.4500891983509064,-0.001997056556865573,0.0,1.0,1.0
arctic_embed_l_v2,Snowflake/snowflake-arctic-embed-l-v2.0,,en,food,food,excitement,random,excitement,centroid_phrases,feeling excited; feeling enthusiastic; feeling thrilled,feeling excited; feeling enthusiastic; feeling thrilled,neutral_centroid,neutral; ordinary; plain; average,cooking,vocabulary,cooking,5,0.4296693801879883,0.12629470229148865,False,False,False,0.4500891983509064,-0.001997056556865573,0.0,1.0,1.0
arctic_embed_l_v2,Snowflake/snowflake-arctic-embed-l-v2.0,,en,food,food,excitement,random,excitement,centroid_phrases,feeling excited; feeling enthusiastic; feeling thrilled,feeling excited; feeling enthusiastic; feeling thrilled,neutral_centroid,neutral; ordinary; plain; average,foodstuffs,vocabulary,foodstuffs,6,0.4291987419128418,0.031227199360728264,False,False,False,0.4500891983509064,-0.001997056556865573,0.0,1.0,1.0
arctic_embed_l_v2,Snowflake/snowflake-arctic-embed-l-v2.0,,en,food,food,excitement,random,excitement,centroid_phrases,feeling excited; feeling enthusiastic; feeling thrilled,feeling excited; feeling enthusiastic; feeling thrilled,neutral_centroid,neutral; ordinary; plain; average,essen,vocabulary,essen,7,0.42726171016693115,-0.010792776010930538,False,False,False,0.4500891983509064,-0.001997056556865573,0.0,1.0,1.0
arctic_embed_l_v2,Snowflake/snowflake-arctic-embed-l-v2.0,,en,food,food,excitement,random,excitement,centroid_phrases,feeling excited; feeling enthusiastic; feeling thrilled,feeling excited; feeling enthusiastic; feeling thrilled,neutral_centroid,neutral; ordinary; plain; average,gastronomy,vocabulary,gastronomy,8,0.42447629570961,0.039528392255306244,False,False,False,0.4500891983509064,-0.001997056556865573,0.0,1.0,1.0
arctic_embed_l_v2,Snowflake/snowflake-arctic-embed-l-v2.0,,en,food,food,excitement,random,excitement,centroid_phrases,feeling excited; feeling enthusiastic; feeling thrilled,feeling excited; feeling enthusiastic; feeling thrilled,neutral_centroid,neutral; ordinary; plain; average,delicacy,vocabulary,delicacy,9,0.416608989238739,-0.03680984675884247,False,False,False,0.4500891983509064,-0.001997056556865573,0.0,1.0,1.0
arctic_embed_l_v2,Snowflake/snowflake-arctic-embed-l-v2.0,,en,food,food,excitement,random,excitement,centroid_phrases,feeling excited; feeling enthusiastic; feeling thrilled,feeling excited; feeling enthusiastic; feeling thrilled,neutral_centroid,neutral; ordinary; plain; average,fruit,vocabulary,fruit,10,0.416098952293396,-0.05486428365111351,False,False,False,0.4500891983509064,-0.001997056556865573,0.0,1.0,1.0
arctic_embed_l_v2,Snowflake/snowflake-arctic-embed-l-v2.0,,en,food,food,excitement,shuffled_emotion,love,centroid_phrases,feeling excited; feeling enthusiastic; feeling thrilled,feeling love; feeling affection; feeling tenderness,neutral_centroid,neutral; ordinary; plain; average,feeling,vocabulary,feeling,1,0.5514835119247437,0.38074618577957153,False,False,False,0.47083935141563416,0.16817378071136774,0.0,1.1414283514022827,1.0
arctic_embed_l_v2,Snowflake/snowflake-arctic-embed-l-v2.0,,en,food,food,excitement,shuffled_emotion,love,centroid_phrases,feeling excited; feeling enthusiastic; feeling thrilled,feeling love; feeling affection; feeling tenderness,neutral_centroid,neutral; ordinary; plain; average,foods,vocabulary,foods,2,0.5127204060554504,0.005970262456685305,False,False,False,0.47083935141563416,0.16817378071136774,0.0,1.1414283514022827,1.0
arctic_embed_l_v2,Snowflake/snowflake-arctic-embed-l-v2.0,,en,food,food,excitement,shuffled_emotion,love,centroid_phrases,feeling excited; feeling enthusiastic; feeling thrilled,feeling love; feeling affection; feeling tenderness,neutral_centroid,neutral; ordinary; plain; average,eating,vocabulary,eating,3,0.5098186731338501,0.19568683207035065,False,False,False,0.47083935141563416,0.16817378071136774,0.0,1.1414283514022827,1.0
arctic_embed_l_v2,Snowflake/snowflake-arctic-embed-l-v2.0,,en,food,food,excitement,shuffled_emotion,love,centroid_phrases,feeling excited; feeling enthusiastic; feeling thrilled,feeling love; feeling affection; feeling tenderness,neutral_centroid,neutral; ordinary; plain; average,feelings,vocabulary,feelings,4,0.5081520080566406,0.29904186725616455,False,False,False,0.47083935141563416,0.16817378071136774,0.0,1.1414283514022827,1.0
arctic_embed_l_v2,Snowflake/snowflake-arctic-embed-l-v2.0,,en,food,food,excitement,shuffled_emotion,love,centroid_phrases,feeling excited; feeling enthusiastic; feeling thrilled,feeling love; feeling affection; feeling tenderness,neutral_centroid,neutral; ordinary; plain; average,cooking,vocabulary,cooking,5,0.48789849877357483,0.12629470229148865,False,False,False,0.47083935141563416,0.16817378071136774,0.0,1.1414283514022827,1.0
arctic_embed_l_v2,Snowflake/snowflake-arctic-embed-l-v2.0,,en,food,food,excitement,shuffled_emotion,love,centroid_phrases,feeling excited; feeling enthusiastic; feeling thrilled,feeling love; feeling affection; feeling tenderness,neutral_centroid,neutral; ordinary; plain; average,feeding,vocabulary,feeding,6,0.46021124720573425,0.12001320719718933,False,False,False,0.47083935141563416,0.16817378071136774,0.0,1.1414283514022827,1.0
arctic_embed_l_v2,Snowflake/snowflake-arctic-embed-l-v2.0,,en,food,food,excitement,shuffled_emotion,love,centroid_phrases,feeling excited; feeling enthusiastic; feeling thrilled,feeling love; feeling affection; feeling tenderness,neutral_centroid,neutral; ordinary; plain; average,feel,vocabulary,feel,7,0.4394739866256714,0.27569204568862915,False,False,False,0.47083935141563416,0.16817378071136774,0.0,1.1414283514022827,1.0
arctic_embed_l_v2,Snowflake/snowflake-arctic-embed-l-v2.0,,en,food,food,excitement,shuffled_emotion,love,centroid_phrases,feeling excited; feeling enthusiastic; feeling thrilled,feeling love; feeling affection; feeling tenderness,neutral_centroid,neutral; ordinary; plain; average,cuisine,vocabulary,cuisine,8,0.415282666683197,-0.054630767554044724,False,False,False,0.47083935141563416,0.16817378071136774,0.0,1.1414283514022827,1.0
arctic_embed_l_v2,Snowflake/snowflake-arctic-embed-l-v2.0,,en,food,food,excitement,shuffled_emotion,love,centroid_phrases,feeling excited; feeling enthusiastic; feeling thrilled,feeling love; feeling affection; feeling tenderness,neutral_centroid,neutral; ordinary; plain; average,loving,vocabulary,loving,9,0.41302764415740967,0.17086610198020935,False,False,False,0.47083935141563416,0.16817378071136774,0.0,1.1414283514022827,1.0
arctic_embed_l_v2,Snowflake/snowflake-arctic-embed-l-v2.0,,en,food,food,excitement,shuffled_emotion,love,centroid_phrases,feeling excited; feeling enthusiastic; feeling thrilled,feeling love; feeling affection; feeling tenderness,neutral_centroid,neutral; ordinary; plain; average,tasting,vocabulary,tasting,10,0.4103248715400696,0.16205736994743347,False,False,False,0.47083935141563416,0.16817378071136774,0.0,1.1414283514022827,1.0
arctic_embed_l_v2,Snowflake/snowflake-arctic-embed-l-v2.0,,en,food,food,love,emotion,love,centroid_phrases,feeling love; feeling affection; feeling tenderness,feeling love; feeling affection; feeling tenderness,neutral_centroid,neutral; ordinary; plain; average,feeling,vocabulary,feeling,1,0.5514835119247437,0.4284493327140808,False,False,False,0.47083935141563416,0.19150506146252155,0.0,1.1414283514022827,1.0
arctic_embed_l_v2,Snowflake/snowflake-arctic-embed-l-v2.0,,en,food,food,love,emotion,love,centroid_phrases,feeling love; feeling affection; feeling tenderness,feeling love; feeling affection; feeling tenderness,neutral_centroid,neutral; ordinary; plain; average,foods,vocabulary,foods,2,0.5127204060554504,-0.038802050054073334,False,False,False,0.47083935141563416,0.19150506146252155,0.0,1.1414283514022827,1.0
arctic_embed_l_v2,Snowflake/snowflake-arctic-embed-l-v2.0,,en,food,food,love,emotion,love,centroid_phrases,feeling love; feeling affection; feeling tenderness,feeling love; feeling affection; feeling tenderness,neutral_centroid,neutral; ordinary; plain; average,eating,vocabulary,eating,3,0.5098186731338501,0.17018935084342957,False,False,False,0.47083935141563416,0.19150506146252155,0.0,1.1414283514022827,1.0
arctic_embed_l_v2,Snowflake/snowflake-arctic-embed-l-v2.0,,en,food,food,love,emotion,love,centroid_phrases,feeling love; feeling affection; feeling tenderness,feeling love; feeling affection; feeling tenderness,neutral_centroid,neutral; ordinary; plain; average,feelings,vocabulary,feelings,4,0.5081520080566406,0.36130285263061523,False,False,False,0.47083935141563416,0.19150506146252155,0.0,1.1414283514022827,1.0
arctic_embed_l_v2,Snowflake/snowflake-arctic-embed-l-v2.0,,en,food,food,love,emotion,love,centroid_phrases,feeling love; feeling affection; feeling tenderness,feeling love; feeling affection; feeling tenderness,neutral_centroid,neutral; ordinary; plain; average,cooking,vocabulary,cooking,5,0.48789849877357483,0.12124934792518616,False,False,False,0.47083935141563416,0.19150506146252155,0.0,1.1414283514022827,1.0
arctic_embed_l_v2,Snowflake/snowflake-arctic-embed-l-v2.0,,en,food,food,love,emotion,love,centroid_phrases,feeling love; feeling affection; feeling tenderness,feeling love; feeling affection; feeling tenderness,neutral_centroid,neutral; ordinary; plain; average,feeding,vocabulary,feeding,6,0.46021124720573425,0.15666718780994415,False,False,False,0.47083935141563416,0.19150506146252155,0.0,1.1414283514022827,1.0
arctic_embed_l_v2,Snowflake/snowflake-arctic-embed-l-v2.0,,en,food,food,love,emotion,love,centroid_phrases,feeling love; feeling affection; feeling tenderness,feeling love; feeling affection; feeling tenderness,neutral_centroid,neutral; ordinary; plain; average,feel,vocabulary,feel,7,0.4394739866256714,0.3007339835166931,False,False,False,0.47083935141563416,0.19150506146252155,0.0,1.1414283514022827,1.0
arctic_embed_l_v2,Snowflake/snowflake-arctic-embed-l-v2.0,,en,food,food,love,emotion,love,centroid_phrases,feeling love; feeling affection; feeling tenderness,feeling love; feeling affection; feeling tenderness,neutral_centroid,neutral; ordinary; plain; average,cuisine,vocabulary,cuisine,8,0.415282666683197,-0.036408547312021255,False,False,False,0.47083935141563416,0.19150506146252155,0.0,1.1414283514022827,1.0
arctic_embed_l_v2,Snowflake/snowflake-arctic-embed-l-v2.0,,en,food,food,love,emotion,love,centroid_phrases,feeling love; feeling affection; feeling tenderness,feeling love; feeling affection; feeling tenderness,neutral_centroid,neutral; ordinary; plain; average,loving,vocabulary,loving,9,0.41302764415740967,0.29701685905456543,False,False,False,0.47083935141563416,0.19150506146252155,0.0,1.1414283514022827,1.0
arctic_embed_l_v2,Snowflake/snowflake-arctic-embed-l-v2.0,,en,food,food,love,emotion,love,centroid_phrases,feeling love; feeling affection; feeling tenderness,feeling love; feeling affection; feeling tenderness,neutral_centroid,neutral; ordinary; plain; average,tasting,vocabulary,tasting,10,0.4103248715400696,0.15465229749679565,False,False,False,0.47083935141563416,0.19150506146252155,0.0,1.1414283514022827,1.0
arctic_embed_l_v2,Snowflake/snowflake-arctic-embed-l-v2.0,,en,food,food,love,identity,love,centroid_phrases,feeling love; feeling affection; feeling tenderness,feeling love; feeling affection; feeling tenderness,neutral_centroid,neutral; ordinary; plain; average,foods,vocabulary,foods,1,0.8107296228408813,-0.038802050054073334,False,False,False,0.6134310185909271,-0.013549986016005277,0.0,0.0,1.0
arctic_embed_l_v2,Snowflake/snowflake-arctic-embed-l-v2.0,,en,food,food,love,identity,love,centroid_phrases,feeling love; feeling affection; feeling tenderness,feeling love; feeling affection; feeling tenderness,neutral_centroid,neutral; ordinary; plain; average,cuisine,vocabulary,cuisine,2,0.6590136289596558,-0.036408547312021255,False,False,False,0.6134310185909271,-0.013549986016005277,0.0,0.0,1.0
arctic_embed_l_v2,Snowflake/snowflake-arctic-embed-l-v2.0,,en,food,food,love,identity,love,centroid_phrases,feeling love; feeling affection; feeling tenderness,feeling love; feeling affection; feeling tenderness,neutral_centroid,neutral; ordinary; plain; average,meal,vocabulary,meal,3,0.602020800113678,-0.11021538078784943,False,False,False,0.6134310185909271,-0.013549986016005277,0.0,0.0,1.0
arctic_embed_l_v2,Snowflake/snowflake-arctic-embed-l-v2.0,,en,food,food,love,identity,love,centroid_phrases,feeling love; feeling affection; feeling tenderness,feeling love; feeling affection; feeling tenderness,neutral_centroid,neutral; ordinary; plain; average,foodstuffs,vocabulary,foodstuffs,4,0.6004464626312256,-0.07961133867502213,False,False,False,0.6134310185909271,-0.013549986016005277,0.0,0.0,1.0
arctic_embed_l_v2,Snowflake/snowflake-arctic-embed-l-v2.0,,en,food,food,love,identity,love,centroid_phrases,feeling love; feeling affection; feeling tenderness,feeling love; feeling affection; feeling tenderness,neutral_centroid,neutral; ordinary; plain; average,cooking,vocabulary,cooking,5,0.5900893807411194,0.12124934792518616,False,False,False,0.6134310185909271,-0.013549986016005277,0.0,0.0,1.0
arctic_embed_l_v2,Snowflake/snowflake-arctic-embed-l-v2.0,,en,food,food,love,identity,love,centroid_phrases,feeling love; feeling affection; feeling tenderness,feeling love; feeling affection; feeling tenderness,neutral_centroid,neutral; ordinary; plain; average,gastronomy,vocabulary,gastronomy,6,0.5880971550941467,-0.013277377001941204,False,False,False,0.6134310185909271,-0.013549986016005277,0.0,0.0,1.0
arctic_embed_l_v2,Snowflake/snowflake-arctic-embed-l-v2.0,,en,food,food,love,identity,love,centroid_phrases,feeling love; feeling affection; feeling tenderness,feeling love; feeling affection; feeling tenderness,neutral_centroid,neutral; ordinary; plain; average,meals,vocabulary,meals,7,0.5750290751457214,-0.0764019712805748,False,False,False,0.6134310185909271,-0.013549986016005277,0.0,0.0,1.0
arctic_embed_l_v2,Snowflake/snowflake-arctic-embed-l-v2.0,,en,food,food,love,identity,love,centroid_phrases,feeling love; feeling affection; feeling tenderness,feeling love; feeling affection; feeling tenderness,neutral_centroid,neutral; ordinary; plain; average,seafood,vocabulary,seafood,8,0.5714126229286194,-0.04923621565103531,False,False,False,0.6134310185909271,-0.013549986016005277,0.0,0.0,1.0
arctic_embed_l_v2,Snowflake/snowflake-arctic-embed-l-v2.0,,en,food,food,love,identity,love,centroid_phrases,feeling love; feeling affection; feeling tenderness,feeling love; feeling affection; feeling tenderness,neutral_centroid,neutral; ordinary; plain; average,essen,vocabulary,essen,9,0.5697272419929504,-0.022985678166151047,False,False,False,0.6134310185909271,-0.013549986016005277,0.0,0.0,1.0
arctic_embed_l_v2,Snowflake/snowflake-arctic-embed-l-v2.0,,en,food,food,love,identity,love,centroid_phrases,feeling love; feeling affection; feeling tenderness,feeling love; feeling affection; feeling tenderness,neutral_centroid,neutral; ordinary; plain; average,eating,vocabulary,eating,10,0.5677441954612732,0.17018935084342957,False,False,False,0.6134310185909271,-0.013549986016005277,0.0,0.0,1.0
arctic_embed_l_v2,Snowflake/snowflake-arctic-embed-l-v2.0,,en,food,food,love,random,love,centroid_phrases,feeling love; feeling affection; feeling tenderness,feeling love; feeling affection; feeling tenderness,neutral_centroid,neutral; ordinary; plain; average,foods,vocabulary,foods,1,0.6043500900268555,-0.038802050054073334,False,False,False,0.45697824358940126,-0.0401567910797894,0.0,0.9999999403953552,1.0
arctic_embed_l_v2,Snowflake/snowflake-arctic-embed-l-v2.0,,en,food,food,love,random,love,centroid_phrases,feeling love; feeling affection; feeling tenderness,feeling love; feeling affection; feeling tenderness,neutral_centroid,neutral; ordinary; plain; average,cuisine,vocabulary,cuisine,2,0.48536795377731323,-0.036408547312021255,False,False,False,0.45697824358940126,-0.0401567910797894,0.0,0.9999999403953552,1.0
arctic_embed_l_v2,Snowflake/snowflake-arctic-embed-l-v2.0,,en,food,food,love,random,love,centroid_phrases,feeling love; feeling affection; feeling tenderness,feeling love; feeling affection; feeling tenderness,neutral_centroid,neutral; ordinary; plain; average,foodstuffs,vocabulary,foodstuffs,3,0.47110944986343384,-0.07961133867502213,False,False,False,0.45697824358940126,-0.0401567910797894,0.0,0.9999999403953552,1.0
arctic_embed_l_v2,Snowflake/snowflake-arctic-embed-l-v2.0,,en,food,food,love,random,love,centroid_phrases,feeling love; feeling affection; feeling tenderness,feeling love; feeling affection; feeling tenderness,neutral_centroid,neutral; ordinary; plain; average,meal,vocabulary,meal,4,0.4394279718399048,-0.11021538078784943,False,False,False,0.45697824358940126,-0.0401567910797894,0.0,0.9999999403953552,1.0
arctic_embed_l_v2,Snowflake/snowflake-arctic-embed-l-v2.0,,en,food,food,love,random,love,centroid_phrases,feeling love; feeling affection; feeling tenderness,feeling love; feeling affection; feeling tenderness,neutral_centroid,neutral; ordinary; plain; average,cooking,vocabulary,cooking,5,0.4360244870185852,0.12124934792518616,False,False,False,0.45697824358940126,-0.0401567910797894,0.0,0.9999999403953552,1.0
arctic_embed_l_v2,Snowflake/snowflake-arctic-embed-l-v2.0,,en,food,food,love,random,love,centroid_phrases,feeling love; feeling affection; feeling tenderness,feeling love; feeling affection; feeling tenderness,neutral_centroid,neutral; ordinary; plain; average,seafood,vocabulary,seafood,6,0.4349488615989685,-0.04923621565103531,False,False,False,0.45697824358940126,-0.0401567910797894,0.0,0.9999999403953552,1.0
arctic_embed_l_v2,Snowflake/snowflake-arctic-embed-l-v2.0,,en,food,food,love,random,love,centroid_phrases,feeling love; feeling affection; feeling tenderness,feeling love; feeling affection; feeling tenderness,neutral_centroid,neutral; ordinary; plain; average,meals,vocabulary,meals,7,0.4348786473274231,-0.0764019712805748,False,False,False,0.45697824358940126,-0.0401567910797894,0.0,0.9999999403953552,1.0
arctic_embed_l_v2,Snowflake/snowflake-arctic-embed-l-v2.0,,en,food,food,love,random,love,centroid_phrases,feeling love; feeling affection; feeling tenderness,feeling love; feeling affection; feeling tenderness,neutral_centroid,neutral; ordinary; plain; average,gastronomy,vocabulary,gastronomy,8,0.42954397201538086,-0.013277377001941204,False,False,False,0.45697824358940126,-0.0401567910797894,0.0,0.9999999403953552,1.0
arctic_embed_l_v2,Snowflake/snowflake-arctic-embed-l-v2.0,,en,food,food,love,random,love,centroid_phrases,feeling love; feeling affection; feeling tenderness,feeling love; feeling affection; feeling tenderness,neutral_centroid,neutral; ordinary; plain; average,foodie,vocabulary,foodie,9,0.4210658073425293,0.013504797592759132,False,False,False,0.45697824358940126,-0.0401567910797894,0.0,0.9999999403953552,1.0
arctic_embed_l_v2,Snowflake/snowflake-arctic-embed-l-v2.0,,en,food,food,love,random,love,centroid_phrases,feeling love; feeling affection; feeling tenderness,feeling love; feeling affection; feeling tenderness,neutral_centroid,neutral; ordinary; plain; average,meat,vocabulary,meat,10,0.41306519508361816,-0.13236917555332184,False,False,False,0.45697824358940126,-0.0401567910797894,0.0,0.9999999403953552,1.0
arctic_embed_l_v2,Snowflake/snowflake-arctic-embed-l-v2.0,,en,food,food,love,shuffled_emotion,positive,centroid_phrases,feeling love; feeling affection; feeling tenderness,feeling positive; feeling pleasant; feeling good,neutral_centroid,neutral; ordinary; plain; average,foods,vocabulary,foods,1,0.5695836544036865,-0.038802050054073334,False,False,False,0.4833902776241302,0.1525415962561965,0.0,1.0207152366638184,0.9999999403953552
arctic_embed_l_v2,Snowflake/snowflake-arctic-embed-l-v2.0,,en,food,food,love,shuffled_emotion,positive,centroid_phrases,feeling love; feeling affection; feeling tenderness,feeling positive; feeling pleasant; feeling good,neutral_centroid,neutral; ordinary; plain; average,feeling,vocabulary,feeling,2,0.550324022769928,0.4284493327140808,False,False,False,0.4833902776241302,0.1525415962561965,0.0,1.0207152366638184,0.9999999403953552
arctic_embed_l_v2,Snowflake/snowflake-arctic-embed-l-v2.0,,en,food,food,love,shuffled_emotion,positive,centroid_phrases,feeling love; feeling affection; feeling tenderness,feeling positive; feeling pleasant; feeling good,neutral_centroid,neutral; ordinary; plain; average,eating,vocabulary,eating,3,0.5377703309059143,0.17018935084342957,False,False,False,0.4833902776241302,0.1525415962561965,0.0,1.0207152366638184,0.9999999403953552
arctic_embed_l_v2,Snowflake/snowflake-arctic-embed-l-v2.0,,en,food,food,love,shuffled_emotion,positive,centroid_phrases,feeling love; feeling affection; feeling tenderness,feeling positive; feeling pleasant; feeling good,neutral_centroid,neutral; ordinary; plain; average,cooking,vocabulary,cooking,4,0.5074992179870605,0.12124934792518616,False,False,False,0.4833902776241302,0.1525415962561965,0.0,1.0207152366638184,0.9999999403953552
arctic_embed_l_v2,Snowflake/snowflake-arctic-embed-l-v2.0,,en,food,food,love,shuffled_emotion,positive,centroid_phrases,feeling love; feeling affection; feeling tenderness,feeling positive; feeling pleasant; feeling good,neutral_centroid,neutral; ordinary; plain; average,feelings,vocabulary,feelings,5,0.4726552963256836,0.36130285263061523,False,False,False,0.4833902776241302,0.1525415962561965,0.0,1.0207152366638184,0.9999999403953552
arctic_embed_l_v2,Snowflake/snowflake-arctic-embed-l-v2.0,,en,food,food,love,shuffled_emotion,positive,centroid_phrases,feeling love; feeling affection; feeling tenderness,feeling positive; feeling pleasant; feeling good,neutral_centroid,neutral; ordinary; plain; average,feeding,vocabulary,feeding,6,0.4534453749656677,0.15666718780994415,False,False,False,0.4833902776241302,0.1525415962561965,0.0,1.0207152366638184,0.9999999403953552
arctic_embed_l_v2,Snowflake/snowflake-arctic-embed-l-v2.0,,en,food,food,love,shuffled_emotion,positive,centroid_phrases,feeling love; feeling affection; feeling tenderness,feeling positive; feeling pleasant; feeling good,neutral_centroid,neutral; ordinary; plain; average,foodie,vocabulary,foodie,7,0.4397228956222534,0.013504797592759132,False,False,False,0.4833902776241302,0.1525415962561965,0.0,1.0207152366638184,0.9999999403953552
arctic_embed_l_v2,Snowflake/snowflake-arctic-embed-l-v2.0,,en,food,food,love,shuffled_emotion,positive,centroid_phrases,feeling love; feeling affection; feeling tenderness,feeling positive; feeling pleasant; feeling good,neutral_centroid,neutral; ordinary; plain; average,cuisine,vocabulary,cuisine,8,0.4391435384750366,-0.036408547312021255,False,False,False,0.4833902776241302,0.1525415962561965,0.0,1.0207152366638184,0.9999999403953552
arctic_embed_l_v2,Snowflake/snowflake-arctic-embed-l-v2.0,,en,food,food,love,shuffled_emotion,positive,centroid_phrases,feeling love; feeling affection; feeling tenderness,feeling positive; feeling pleasant; feeling good,neutral_centroid,neutral; ordinary; plain; average,feel,vocabulary,feel,9,0.43422234058380127,0.3007339835166931,False,False,False,0.4833902776241302,0.1525415962561965,0.0,1.0207152366638184,0.9999999403953552
arctic_embed_l_v2,Snowflake/snowflake-arctic-embed-l-v2.0,,en,food,food,love,shuffled_emotion,positive,centroid_phrases,feeling love; feeling affection; feeling tenderness,feeling positive; feeling pleasant; feeling good,neutral_centroid,neutral; ordinary; plain; average,foodies,vocabulary,foodies,10,0.4295361042022705,0.04852970689535141,False,False,False,0.4833902776241302,0.1525415962561965,0.0,1.0207152366638184,0.9999999403953552
arctic_embed_l_v2,Snowflake/snowflake-arctic-embed-l-v2.0,,en,food,food,positive,emotion,positive,centroid_phrases,feeling positive; feeling pleasant; feeling good,feeling positive; feeling pleasant; feeling good,neutral_centroid,neutral; ordinary; plain; average,foods,vocabulary,foods,1,0.5695836544036865,-0.015923727303743362,False,False,False,0.4833902776241302,0.14483049586415292,0.0,1.0207152366638184,0.9999999403953552
arctic_embed_l_v2,Snowflake/snowflake-arctic-embed-l-v2.0,,en,food,food,positive,emotion,positive,centroid_phrases,feeling positive; feeling pleasant; feeling good,feeling positive; feeling pleasant; feeling good,neutral_centroid,neutral; ordinary; plain; average,feeling,vocabulary,feeling,2,0.550324022769928,0.42113637924194336,False,False,False,0.4833902776241302,0.14483049586415292,0.0,1.0207152366638184,0.9999999403953552
arctic_embed_l_v2,Snowflake/snowflake-arctic-embed-l-v2.0,,en,food,food,positive,emotion,positive,centroid_phrases,feeling positive; feeling pleasant; feeling good,feeling positive; feeling pleasant; feeling good,neutral_centroid,neutral; ordinary; plain; average,eating,vocabulary,eating,3,0.5377703309059143,0.17689822614192963,False,False,False,0.4833902776241302,0.14483049586415292,0.0,1.0207152366638184,0.9999999403953552
arctic_embed_l_v2,Snowflake/snowflake-arctic-embed-l-v2.0,,en,food,food,positive,emotion,positive,centroid_phrases,feeling positive; feeling pleasant; feeling good,feeling positive; feeling pleasant; feeling good,neutral_centroid,neutral; ordinary; plain; average,cooking,vocabulary,cooking,4,0.5074992179870605,0.11196736991405487,False,False,False,0.4833902776241302,0.14483049586415292,0.0,1.0207152366638184,0.9999999403953552
arctic_embed_l_v2,Snowflake/snowflake-arctic-embed-l-v2.0,,en,food,food,positive,emotion,positive,centroid_phrases,feeling positive; feeling pleasant; feeling good,feeling positive; feeling pleasant; feeling good,neutral_centroid,neutral; ordinary; plain; average,feelings,vocabulary,feelings,5,0.4726552963256836,0.3005298376083374,False,False,False,0.4833902776241302,0.14483049586415292,0.0,1.0207152366638184,0.9999999403953552
arctic_embed_l_v2,Snowflake/snowflake-arctic-embed-l-v2.0,,en,food,food,positive,emotion,positive,centroid_phrases,feeling positive; feeling pleasant; feeling good,feeling positive; feeling pleasant; feeling good,neutral_centroid,neutral; ordinary; plain; average,feeding,vocabulary,feeding,6,0.4534453749656677,0.11619540303945541,False,False,False,0.4833902776241302,0.14483049586415292,0.0,1.0207152366638184,0.9999999403953552
arctic_embed_l_v2,Snowflake/snowflake-arctic-embed-l-v2.0,,en,food,food,positive,emotion,positive,centroid_phrases,feeling positive; feeling pleasant; feeling good,feeling positive; feeling pleasant; feeling good,neutral_centroid,neutral; ordinary; plain; average,foodie,vocabulary,foodie,7,0.4397228956222534,0.03929528594017029,False,False,False,0.4833902776241302,0.14483049586415292,0.0,1.0207152366638184,0.9999999403953552
arctic_embed_l_v2,Snowflake/snowflake-arctic-embed-l-v2.0,,en,food,food,positive,emotion,positive,centroid_phrases,feeling positive; feeling pleasant; feeling good,feeling positive; feeling pleasant; feeling good,neutral_centroid,neutral; ordinary; plain; average,cuisine,vocabulary,cuisine,8,0.4391435384750366,-0.052746038883924484,False,False,False,0.4833902776241302,0.14483049586415292,0.0,1.0207152366638184,0.9999999403953552
arctic_embed_l_v2,Snowflake/snowflake-arctic-embed-l-v2.0,,en,food,food,positive,emotion,positive,centroid_phrases,feeling positive; feeling pleasant; feeling good,feeling positive; feeling pleasant; feeling good,neutral_centroid,neutral; ordinary; plain; average,feel,vocabulary,feel,9,0.43422234058380127,0.28103286027908325,False,False,False,0.4833902776241302,0.14483049586415292,0.0,1.0207152366638184,0.9999999403953552
arctic_embed_l_v2,Snowflake/snowflake-arctic-embed-l-v2.0,,en,food,food,positive,emotion,positive,centroid_phrases,feeling positive; feeling pleasant; feeling good,feeling positive; feeling pleasant; feeling good,neutral_centroid,neutral; ordinary; plain; average,foodies,vocabulary,foodies,10,0.4295361042022705,0.06991936266422272,False,False,False,0.4833902776241302,0.14483049586415292,0.0,1.0207152366638184,0.9999999403953552
arctic_embed_l_v2,Snowflake/snowflake-arctic-embed-l-v2.0,,en,food,food,positive,identity,positive,centroid_phrases,feeling positive; feeling pleasant; feeling good,feeling positive; feeling pleasant; feeling good,neutral_centroid,neutral; ordinary; plain; average,foods,vocabulary,foods,1,0.8107296228408813,-0.015923727303743362,False,False,False,0.6134310185909271,-0.011565273255109787,0.0,0.0,1.0
arctic_embed_l_v2,Snowflake/snowflake-arctic-embed-l-v2.0,,en,food,food,positive,identity,positive,centroid_phrases,feeling positive; feeling pleasant; feeling good,feeling positive; feeling pleasant; feeling good,neutral_centroid,neutral; ordinary; plain; average,cuisine,vocabulary,cuisine,2,0.6590136289596558,-0.052746038883924484,False,False,False,0.6134310185909271,-0.011565273255109787,0.0,0.0,1.0
arctic_embed_l_v2,Snowflake/snowflake-arctic-embed-l-v2.0,,en,food,food,positive,identity,positive,centroid_phrases,feeling positive; feeling pleasant; feeling good,feeling positive; feeling pleasant; feeling good,neutral_centroid,neutral; ordinary; plain; average,meal,vocabulary,meal,3,0.602020800113678,-0.10834597051143646,False,False,False,0.6134310185909271,-0.011565273255109787,0.0,0.0,1.0
arctic_embed_l_v2,Snowflake/snowflake-arctic-embed-l-v2.0,,en,food,food,positive,identity,positive,centroid_phrases,feeling positive; feeling pleasant; feeling good,feeling positive; feeling pleasant; feeling good,neutral_centroid,neutral; ordinary; plain; average,foodstuffs,vocabulary,foodstuffs,4,0.6004464626312256,-0.050421133637428284,False,False,False,0.6134310185909271,-0.011565273255109787,0.0,0.0,1.0
arctic_embed_l_v2,Snowflake/snowflake-arctic-embed-l-v2.0,,en,food,food,positive,identity,positive,centroid_phrases,feeling positive; feeling pleasant; feeling good,feeling positive; feeling pleasant; feeling good,neutral_centroid,neutral; ordinary; plain; average,cooking,vocabulary,cooking,5,0.5900893807411194,0.11196736991405487,False,False,False,0.6134310185909271,-0.011565273255109787,0.0,0.0,1.0
arctic_embed_l_v2,Snowflake/snowflake-arctic-embed-l-v2.0,,en,food,food,positive,identity,positive,centroid_phrases,feeling positive; feeling pleasant; feeling good,feeling positive; feeling pleasant; feeling good,neutral_centroid,neutral; ordinary; plain; average,gastronomy,vocabulary,gastronomy,6,0.5880971550941467,-0.025582991540431976,False,False,False,0.6134310185909271,-0.011565273255109787,0.0,0.0,1.0
arctic_embed_l_v2,Snowflake/snowflake-arctic-embed-l-v2.0,,en,food,food,positive,identity,positive,centroid_phrases,feeling positive; feeling pleasant; feeling good,feeling positive; feeling pleasant; feeling good,neutral_centroid,neutral; ordinary; plain; average,meals,vocabulary,meals,7,0.5750290751457214,-0.05140828341245651,False,False,False,0.6134310185909271,-0.011565273255109787,0.0,0.0,1.0
arctic_embed_l_v2,Snowflake/snowflake-arctic-embed-l-v2.0,,en,food,food,positive,identity,positive,centroid_phrases,feeling positive; feeling pleasant; feeling good,feeling positive; feeling pleasant; feeling good,neutral_centroid,neutral; ordinary; plain; average,seafood,vocabulary,seafood,8,0.5714126229286194,-0.04309923201799393,False,False,False,0.6134310185909271,-0.011565273255109787,0.0,0.0,1.0
arctic_embed_l_v2,Snowflake/snowflake-arctic-embed-l-v2.0,,en,food,food,positive,identity,positive,centroid_phrases,feeling positive; feeling pleasant; feeling good,feeling positive; feeling pleasant; feeling good,neutral_centroid,neutral; ordinary; plain; average,essen,vocabulary,essen,9,0.5697272419929504,-0.05699095129966736,False,False,False,0.6134310185909271,-0.011565273255109787,0.0,0.0,1.0
arctic_embed_l_v2,Snowflake/snowflake-arctic-embed-l-v2.0,,en,food,food,positive,identity,positive,centroid_phrases,feeling positive; feeling pleasant; feeling good,feeling positive; feeling pleasant; feeling good,neutral_centroid,neutral; ordinary; plain; average,eating,vocabulary,eating,10,0.5677441954612732,0.17689822614192963,False,False,False,0.6134310185909271,-0.011565273255109787,0.0,0.0,1.0
arctic_embed_l_v2,Snowflake/snowflake-arctic-embed-l-v2.0,,en,food,food,positive,random,positive,centroid_phrases,feeling positive; feeling pleasant; feeling good,feeling positive; feeling pleasant; feeling good,neutral_centroid,neutral; ordinary; plain; average,foods,vocabulary,foods,1,0.5788791179656982,-0.015923727303743362,False,False,False,0.4400398850440979,-0.033455444127321245,0.0,1.0,1.0
arctic_embed_l_v2,Snowflake/snowflake-arctic-embed-l-v2.0,,en,food,food,positive,random,positive,centroid_phrases,feeling positive; feeling pleasant; feeling good,feeling positive; feeling pleasant; feeling good,neutral_centroid,neutral; ordinary; plain; average,cuisine,vocabulary,cuisine,2,0.4883175492286682,-0.052746038883924484,False,False,False,0.4400398850440979,-0.033455444127321245,0.0,1.0,1.0
arctic_embed_l_v2,Snowflake/snowflake-arctic-embed-l-v2.0,,en,food,food,positive,random,positive,centroid_phrases,feeling positive; feeling pleasant; feeling good,feeling positive; feeling pleasant; feeling good,neutral_centroid,neutral; ordinary; plain; average,gastronomy,vocabulary,gastronomy,3,0.4354006350040436,-0.025582991540431976,False,False,False,0.4400398850440979,-0.033455444127321245,0.0,1.0,1.0
arctic_embed_l_v2,Snowflake/snowflake-arctic-embed-l-v2.0,,en,food,food,positive,random,positive,centroid_phrases,feeling positive; feeling pleasant; feeling good,feeling positive; feeling pleasant; feeling good,neutral_centroid,neutral; ordinary; plain; average,cooking,vocabulary,cooking,4,0.42681798338890076,0.11196736991405487,False,False,False,0.4400398850440979,-0.033455444127321245,0.0,1.0,1.0
arctic_embed_l_v2,Snowflake/snowflake-arctic-embed-l-v2.0,,en,food,food,positive,random,positive,centroid_phrases,feeling positive; feeling pleasant; feeling good,feeling positive; feeling pleasant; feeling good,neutral_centroid,neutral; ordinary; plain; average,foodie,vocabulary,foodie,5,0.4245630204677582,0.03929528594017029,False,False,False,0.4400398850440979,-0.033455444127321245,0.0,1.0,1.0
arctic_embed_l_v2,Snowflake/snowflake-arctic-embed-l-v2.0,,en,food,food,positive,random,positive,centroid_phrases,feeling positive; feeling pleasant; feeling good,feeling positive; feeling pleasant; feeling good,neutral_centroid,neutral; ordinary; plain; average,fruit,vocabulary,fruit,6,0.4214889109134674,-0.07379874587059021,False,False,False,0.4400398850440979,-0.033455444127321245,0.0,1.0,1.0
arctic_embed_l_v2,Snowflake/snowflake-arctic-embed-l-v2.0,,en,food,food,positive,random,positive,centroid_phrases,feeling positive; feeling pleasant; feeling good,feeling positive; feeling pleasant; feeling good,neutral_centroid,neutral; ordinary; plain; average,foodstuffs,vocabulary,foodstuffs,7,0.4169415235519409,-0.050421133637428284,False,False,False,0.4400398850440979,-0.033455444127321245,0.0,1.0,1.0
arctic_embed_l_v2,Snowflake/snowflake-arctic-embed-l-v2.0,,en,food,food,positive,random,positive,centroid_phrases,feeling positive; feeling pleasant; feeling good,feeling positive; feeling pleasant; feeling good,neutral_centroid,neutral; ordinary; plain; average,meal,vocabulary,meal,8,0.40574750304222107,-0.10834597051143646,False,False,False,0.4400398850440979,-0.033455444127321245,0.0,1.0,1.0
arctic_embed_l_v2,Snowflake/snowflake-arctic-embed-l-v2.0,,en,food,food,positive,random,positive,centroid_phrases,feeling positive; feeling pleasant; feeling good,feeling positive; feeling pleasant; feeling good,neutral_centroid,neutral; ordinary; plain; average,culinary,vocabulary,culinary,9,0.4035205543041229,-0.09605120867490768,False,False,False,0.4400398850440979,-0.033455444127321245,0.0,1.0,1.0
arctic_embed_l_v2,Snowflake/snowflake-arctic-embed-l-v2.0,,en,food,food,positive,random,positive,centroid_phrases,feeling positive; feeling pleasant; feeling good,feeling positive; feeling pleasant; feeling good,neutral_centroid,neutral; ordinary; plain; average,dinner,vocabulary,dinner,10,0.3987220525741577,-0.06294728070497513,False,False,False,0.4400398850440979,-0.033455444127321245,0.0,1.0,1.0
arctic_embed_l_v2,Snowflake/snowflake-arctic-embed-l-v2.0,,en,food,food,positive,shuffled_emotion,negative,centroid_phrases,feeling positive; feeling pleasant; feeling good,feeling negative; feeling unpleasant; feeling bad,neutral_centroid,neutral; ordinary; plain; average,feeling,vocabulary,feeling,1,0.5415850877761841,0.42113637924194336,False,False,False,0.4630000561475754,0.14561106339097024,0.0,1.0413423776626587,1.0
arctic_embed_l_v2,Snowflake/snowflake-arctic-embed-l-v2.0,,en,food,food,positive,shuffled_emotion,negative,centroid_phrases,feeling positive; feeling pleasant; feeling good,feeling negative; feeling unpleasant; feeling bad,neutral_centroid,neutral; ordinary; plain; average,foods,vocabulary,foods,2,0.527815580368042,-0.015923727303743362,False,False,False,0.4630000561475754,0.14561106339097024,0.0,1.0413423776626587,1.0
arctic_embed_l_v2,Snowflake/snowflake-arctic-embed-l-v2.0,,en,food,food,positive,shuffled_emotion,negative,centroid_phrases,feeling positive; feeling pleasant; feeling good,feeling negative; feeling unpleasant; feeling bad,neutral_centroid,neutral; ordinary; plain; average,eating,vocabulary,eating,3,0.5213891267776489,0.17689822614192963,False,False,False,0.4630000561475754,0.14561106339097024,0.0,1.0413423776626587,1.0
arctic_embed_l_v2,Snowflake/snowflake-arctic-embed-l-v2.0,,en,food,food,positive,shuffled_emotion,negative,centroid_phrases,feeling positive; feeling pleasant; feeling good,feeling negative; feeling unpleasant; feeling bad,neutral_centroid,neutral; ordinary; plain; average,feelings,vocabulary,feelings,4,0.4862731099128723,0.3005298376083374,False,False,False,0.4630000561475754,0.14561106339097024,0.0,1.0413423776626587,1.0
arctic_embed_l_v2,Snowflake/snowflake-arctic-embed-l-v2.0,,en,food,food,positive,shuffled_emotion,negative,centroid_phrases,feeling positive; feeling pleasant; feeling good,feeling negative; feeling unpleasant; feeling bad,neutral_centroid,neutral; ordinary; plain; average,cooking,vocabulary,cooking,5,0.47505852580070496,0.11196736991405487,False,False,False,0.4630000561475754,0.14561106339097024,0.0,1.0413423776626587,1.0
arctic_embed_l_v2,Snowflake/snowflake-arctic-embed-l-v2.0,,en,food,food,positive,shuffled_emotion,negative,centroid_phrases,feeling positive; feeling pleasant; feeling good,feeling negative; feeling unpleasant; feeling bad,neutral_centroid,neutral; ordinary; plain; average,feel,vocabulary,feel,6,0.44269800186157227,0.28103286027908325,False,False,False,0.4630000561475754,0.14561106339097024,0.0,1.0413423776626587,1.0
arctic_embed_l_v2,Snowflake/snowflake-arctic-embed-l-v2.0,,en,food,food,positive,shuffled_emotion,negative,centroid_phrases,feeling positive; feeling pleasant; feeling good,feeling negative; feeling unpleasant; feeling bad,neutral_centroid,neutral; ordinary; plain; average,feeding,vocabulary,feeding,7,0.4195006191730499,0.11619540303945541,False,False,False,0.4630000561475754,0.14561106339097024,0.0,1.0413423776626587,1.0
arctic_embed_l_v2,Snowflake/snowflake-arctic-embed-l-v2.0,,en,food,food,positive,shuffled_emotion,negative,centroid_phrases,feeling positive; feeling pleasant; feeling good,feeling negative; feeling unpleasant; feeling bad,neutral_centroid,neutral; ordinary; plain; average,cuisine,vocabulary,cuisine,8,0.41468748450279236,-0.052746038883924484,False,False,False,0.4630000561475754,0.14561106339097024,0.0,1.0413423776626587,1.0
arctic_embed_l_v2,Snowflake/snowflake-arctic-embed-l-v2.0,,en,food,food,positive,shuffled_emotion,negative,centroid_phrases,feeling positive; feeling pleasant; feeling good,feeling negative; feeling unpleasant; feeling bad,neutral_centroid,neutral; ordinary; plain; average,foodie,vocabulary,foodie,9,0.40227073431015015,0.03929528594017029,False,False,False,0.4630000561475754,0.14561106339097024,0.0,1.0413423776626587,1.0
arctic_embed_l_v2,Snowflake/snowflake-arctic-embed-l-v2.0,,en,food,food,positive,shuffled_emotion,negative,centroid_phrases,feeling positive; feeling pleasant; feeling good,feeling negative; feeling unpleasant; feeling bad,neutral_centroid,neutral; ordinary; plain; average,frying,vocabulary,frying,10,0.3987222909927368,0.07772503793239594,False,False,False,0.4630000561475754,0.14561106339097024,0.0,1.0413423776626587,1.0
arctic_embed_l_v2,Snowflake/snowflake-arctic-embed-l-v2.0,,en,food,food,negative,emotion,negative,centroid_phrases,feeling negative; feeling unpleasant; feeling bad,feeling negative; feeling unpleasant; feeling bad,neutral_centroid,neutral; ordinary; plain; average,feeling,vocabulary,feeling,1,0.5415850877761841,0.43786466121673584,False,False,False,0.4630000561475754,0.15702379867434502,0.0,1.0413423776626587,1.0
arctic_embed_l_v2,Snowflake/snowflake-arctic-embed-l-v2.0,,en,food,food,negative,emotion,negative,centroid_phrases,feeling negative; feeling unpleasant; feeling bad,feeling negative; feeling unpleasant; feeling bad,neutral_centroid,neutral; ordinary; plain; average,foods,vocabulary,foods,2,0.527815580368042,-0.0363110676407814,False,False,False,0.4630000561475754,0.15702379867434502,0.0,1.0413423776626587,1.0
arctic_embed_l_v2,Snowflake/snowflake-arctic-embed-l-v2.0,,en,food,food,negative,emotion,negative,centroid_phrases,feeling negative; feeling unpleasant; feeling bad,feeling negative; feeling unpleasant; feeling bad,neutral_centroid,neutral; ordinary; plain; average,eating,vocabulary,eating,3,0.5213891267776489,0.18819159269332886,False,False,False,0.4630000561475754,0.15702379867434502,0.0,1.0413423776626587,1.0
arctic_embed_l_v2,Snowflake/snowflake-arctic-embed-l-v2.0,,en,food,food,negative,emotion,negative,centroid_phrases,feeling negative; feeling unpleasant; feeling bad,feeling negative; feeling unpleasant; feeling bad,neutral_centroid,neutral; ordinary; plain; average,feelings,vocabulary,feelings,4,0.4862731099128723,0.3518384099006653,False,False,False,0.4630000561475754,0.15702379867434502,0.0,1.0413423776626587,1.0
arctic_embed_l_v2,Snowflake/snowflake-arctic-embed-l-v2.0,,en,food,food,negative,emotion,negative,centroid_phrases,feeling negative; feeling unpleasant; feeling bad,feeling negative; feeling unpleasant; feeling bad,neutral_centroid,neutral; ordinary; plain; average,cooking,vocabulary,cooking,5,0.47505852580070496,0.10303200781345367,False,False,False,0.4630000561475754,0.15702379867434502,0.0,1.0413423776626587,1.0
arctic_embed_l_v2,Snowflake/snowflake-arctic-embed-l-v2.0,,en,food,food,negative,emotion,negative,centroid_phrases,feeling negative; feeling unpleasant; feeling bad,feeling negative; feeling unpleasant; feeling bad,neutral_centroid,neutral; ordinary; plain; average,feel,vocabulary,feel,6,0.44269800186157227,0.32637614011764526,False,False,False,0.4630000561475754,0.15702379867434502,0.0,1.0413423776626587,1.0
arctic_embed_l_v2,Snowflake/snowflake-arctic-embed-l-v2.0,,en,food,food,negative,emotion,negative,centroid_phrases,feeling negative; feeling unpleasant; feeling bad,feeling negative; feeling unpleasant; feeling bad,neutral_centroid,neutral; ordinary; plain; average,feeding,vocabulary,feeding,7,0.4195006191730499,0.1061190664768219,False,False,False,0.4630000561475754,0.15702379867434502,0.0,1.0413423776626587,1.0
arctic_embed_l_v2,Snowflake/snowflake-arctic-embed-l-v2.0,,en,food,food,negative,emotion,negative,centroid_phrases,feeling negative; feeling unpleasant; feeling bad,feeling negative; feeling unpleasant; feeling bad,neutral_centroid,neutral; ordinary; plain; average,cuisine,vocabulary,cuisine,8,0.41468748450279236,-0.046162158250808716,False,False,False,0.4630000561475754,0.15702379867434502,0.0,1.0413423776626587,1.0
arctic_embed_l_v2,Snowflake/snowflake-arctic-embed-l-v2.0,,en,food,food,negative,emotion,negative,centroid_phrases,feeling negative; feeling unpleasant; feeling bad,feeling negative; feeling unpleasant; feeling bad,neutral_centroid,neutral; ordinary; plain; average,foodie,vocabulary,foodie,9,0.40227073431015015,0.026176288723945618,False,False,False,0.4630000561475754,0.15702379867434502,0.0,1.0413423776626587,1.0
arctic_embed_l_v2,Snowflake/snowflake-arctic-embed-l-v2.0,,en,food,food,negative,emotion,negative,centroid_phrases,feeling negative; feeling unpleasant; feeling bad,feeling negative; feeling unpleasant; feeling bad,neutral_centroid,neutral; ordinary; plain; average,frying,vocabulary,frying,10,0.3987222909927368,0.11311304569244385,False,False,False,0.4630000561475754,0.15702379867434502,0.0,1.0413423776626587,1.0
arctic_embed_l_v2,Snowflake/snowflake-arctic-embed-l-v2.0,,en,food,food,negative,identity,negative,centroid_phrases,feeling negative; feeling unpleasant; feeling bad,feeling negative; feeling unpleasant; feeling bad,neutral_centroid,neutral; ordinary; plain; average,foods,vocabulary,foods,1,0.8107296228408813,-0.0363110676407814,False,False,False,0.6134310185909271,-0.01246343944221735,0.0,0.0,1.0
arctic_embed_l_v2,Snowflake/snowflake-arctic-embed-l-v2.0,,en,food,food,negative,identity,negative,centroid_phrases,feeling negative; feeling unpleasant; feeling bad,feeling negative; feeling unpleasant; feeling bad,neutral_centroid,neutral; ordinary; plain; average,cuisine,vocabulary,cuisine,2,0.6590136289596558,-0.046162158250808716,False,False,False,0.6134310185909271,-0.01246343944221735,0.0,0.0,1.0
arctic_embed_l_v2,Snowflake/snowflake-arctic-embed-l-v2.0,,en,food,food,negative,identity,negative,centroid_phrases,feeling negative; feeling unpleasant; feeling bad,feeling negative; feeling unpleasant; feeling bad,neutral_centroid,neutral; ordinary; plain; average,meal,vocabulary,meal,3,0.602020800113678,-0.10948344320058823,False,False,False,0.6134310185909271,-0.01246343944221735,0.0,0.0,1.0
arctic_embed_l_v2,Snowflake/snowflake-arctic-embed-l-v2.0,,en,food,food,negative,identity,negative,centroid_phrases,feeling negative; feeling unpleasant; feeling bad,feeling negative; feeling unpleasant; feeling bad,neutral_centroid,neutral; ordinary; plain; average,foodstuffs,vocabulary,foodstuffs,4,0.6004464626312256,-0.04955779016017914,False,False,False,0.6134310185909271,-0.01246343944221735,0.0,0.0,1.0
arctic_embed_l_v2,Snowflake/snowflake-arctic-embed-l-v2.0,,en,food,food,negative,identity,negative,centroid_phrases,feeling negative; feeling unpleasant; feeling bad,feeling negative; feeling unpleasant; feeling bad,neutral_centroid,neutral; ordinary; plain; average,cooking,vocabulary,cooking,5,0.5900893807411194,0.10303200781345367,False,False,False,0.6134310185909271,-0.01246343944221735,0.0,0.0,1.0
arctic_embed_l_v2,Snowflake/snowflake-arctic-embed-l-v2.0,,en,food,food,negative,identity,negative,centroid_phrases,feeling negative; feeling unpleasant; feeling bad,feeling negative; feeling unpleasant; feeling bad,neutral_centroid,neutral; ordinary; plain; average,gastronomy,vocabulary,gastronomy,6,0.5880971550941467,-0.037603143602609634,False,False,False,0.6134310185909271,-0.01246343944221735,0.0,0.0,1.0
arctic_embed_l_v2,Snowflake/snowflake-arctic-embed-l-v2.0,,en,food,food,negative,identity,negative,centroid_phrases,feeling negative; feeling unpleasant; feeling bad,feeling negative; feeling unpleasant; feeling bad,neutral_centroid,neutral; ordinary; plain; average,meals,vocabulary,meals,7,0.5750290751457214,-0.06933184713125229,False,False,False,0.6134310185909271,-0.01246343944221735,0.0,0.0,1.0
arctic_embed_l_v2,Snowflake/snowflake-arctic-embed-l-v2.0,,en,food,food,negative,identity,negative,centroid_phrases,feeling negative; feeling unpleasant; feeling bad,feeling negative; feeling unpleasant; feeling bad,neutral_centroid,neutral; ordinary; plain; average,seafood,vocabulary,seafood,8,0.5714126229286194,-0.04624299705028534,False,False,False,0.6134310185909271,-0.01246343944221735,0.0,0.0,1.0
arctic_embed_l_v2,Snowflake/snowflake-arctic-embed-l-v2.0,,en,food,food,negative,identity,negative,centroid_phrases,feeling negative; feeling unpleasant; feeling bad,feeling negative; feeling unpleasant; feeling bad,neutral_centroid,neutral; ordinary; plain; average,essen,vocabulary,essen,9,0.5697272419929504,-0.021165547892451286,False,False,False,0.6134310185909271,-0.01246343944221735,0.0,0.0,1.0
arctic_embed_l_v2,Snowflake/snowflake-arctic-embed-l-v2.0,,en,food,food,negative,identity,negative,centroid_phrases,feeling negative; feeling unpleasant; feeling bad,feeling negative; feeling unpleasant; feeling bad,neutral_centroid,neutral; ordinary; plain; average,eating,vocabulary,eating,10,0.5677441954612732,0.18819159269332886,False,False,False,0.6134310185909271,-0.01246343944221735,0.0,0.0,1.0
arctic_embed_l_v2,Snowflake/snowflake-arctic-embed-l-v2.0,,en,food,food,negative,random,negative,centroid_phrases,feeling negative; feeling unpleasant; feeling bad,feeling negative; feeling unpleasant; feeling bad,neutral_centroid,neutral; ordinary; plain; average,foods,vocabulary,foods,1,0.5759744644165039,-0.0363110676407814,False,False,False,0.447317960858345,-0.028033918514847756,0.0,1.0,1.0
arctic_embed_l_v2,Snowflake/snowflake-arctic-embed-l-v2.0,,en,food,food,negative,random,negative,centroid_phrases,feeling negative; feeling unpleasant; feeling bad,feeling negative; feeling unpleasant; feeling bad,neutral_centroid,neutral; ordinary; plain; average,cuisine,vocabulary,cuisine,2,0.45759740471839905,-0.046162158250808716,False,False,False,0.447317960858345,-0.028033918514847756,0.0,1.0,1.0
arctic_embed_l_v2,Snowflake/snowflake-arctic-embed-l-v2.0,,en,food,food,negative,random,negative,centroid_phrases,feeling negative; feeling unpleasant; feeling bad,feeling negative; feeling unpleasant; feeling bad,neutral_centroid,neutral; ordinary; plain; average,foodstuffs,vocabulary,foodstuffs,3,0.4553852081298828,-0.04955779016017914,False,False,False,0.447317960858345,-0.028033918514847756,0.0,1.0,1.0
arctic_embed_l_v2,Snowflake/snowflake-arctic-embed-l-v2.0,,en,food,food,negative,random,negative,centroid_phrases,feeling negative; feeling unpleasant; feeling bad,feeling negative; feeling unpleasant; feeling bad,neutral_centroid,neutral; ordinary; plain; average,meal,vocabulary,meal,4,0.4519723057746887,-0.10948344320058823,False,False,False,0.447317960858345,-0.028033918514847756,0.0,1.0,1.0
arctic_embed_l_v2,Snowflake/snowflake-arctic-embed-l-v2.0,,en,food,food,negative,random,negative,centroid_phrases,feeling negative; feeling unpleasant; feeling bad,feeling negative; feeling unpleasant; feeling bad,neutral_centroid,neutral; ordinary; plain; average,gastronomy,vocabulary,gastronomy,5,0.43528005480766296,-0.037603143602609634,False,False,False,0.447317960858345,-0.028033918514847756,0.0,1.0,1.0
arctic_embed_l_v2,Snowflake/snowflake-arctic-embed-l-v2.0,,en,food,food,negative,random,negative,centroid_phrases,feeling negative; feeling unpleasant; feeling bad,feeling negative; feeling unpleasant; feeling bad,neutral_centroid,neutral; ordinary; plain; average,meals,vocabulary,meals,6,0.43191206455230713,-0.06933184713125229,False,False,False,0.447317960858345,-0.028033918514847756,0.0,1.0,1.0
arctic_embed_l_v2,Snowflake/snowflake-arctic-embed-l-v2.0,,en,food,food,negative,random,negative,centroid_phrases,feeling negative; feeling unpleasant; feeling bad,feeling negative; feeling unpleasant; feeling bad,neutral_centroid,neutral; ordinary; plain; average,cooking,vocabulary,cooking,7,0.42420026659965515,0.10303200781345367,False,False,False,0.447317960858345,-0.028033918514847756,0.0,1.0,1.0
arctic_embed_l_v2,Snowflake/snowflake-arctic-embed-l-v2.0,,en,food,food,negative,random,negative,centroid_phrases,feeling negative; feeling unpleasant; feeling bad,feeling negative; feeling unpleasant; feeling bad,neutral_centroid,neutral; ordinary; plain; average,delicacy,vocabulary,delicacy,8,0.41380104422569275,-0.15676166117191315,False,False,False,0.447317960858345,-0.028033918514847756,0.0,1.0,1.0
arctic_embed_l_v2,Snowflake/snowflake-arctic-embed-l-v2.0,,en,food,food,negative,random,negative,centroid_phrases,feeling negative; feeling unpleasant; feeling bad,feeling negative; feeling unpleasant; feeling bad,neutral_centroid,neutral; ordinary; plain; average,fodder,vocabulary,fodder,9,0.41373851895332336,-0.06635167449712753,False,False,False,0.447317960858345,-0.028033918514847756,0.0,1.0,1.0
arctic_embed_l_v2,Snowflake/snowflake-arctic-embed-l-v2.0,,en,food,food,negative,random,negative,centroid_phrases,feeling negative; feeling unpleasant; feeling bad,feeling negative; feeling unpleasant; feeling bad,neutral_centroid,neutral; ordinary; plain; average,eating,vocabulary,eating,10,0.4133182764053345,0.18819159269332886,False,False,False,0.447317960858345,-0.028033918514847756,0.0,1.0,1.0
arctic_embed_l_v2,Snowflake/snowflake-arctic-embed-l-v2.0,,en,food,food,negative,shuffled_emotion,sadness,centroid_phrases,feeling negative; feeling unpleasant; feeling bad,feeling sad; feeling sorrowful; feeling gloomy,neutral_centroid,neutral; ordinary; plain; average,feeling,vocabulary,feeling,1,0.5192740559577942,0.43786466121673584,False,False,False,0.44773984253406524,0.17472886629402637,0.0,1.0921324491500854,1.0
arctic_embed_l_v2,Snowflake/snowflake-arctic-embed-l-v2.0,,en,food,food,negative,shuffled_emotion,sadness,centroid_phrases,feeling negative; feeling unpleasant; feeling bad,feeling sad; feeling sorrowful; feeling gloomy,neutral_centroid,neutral; ordinary; plain; average,foods,vocabulary,foods,2,0.5145022869110107,-0.0363110676407814,False,False,False,0.44773984253406524,0.17472886629402637,0.0,1.0921324491500854,1.0
arctic_embed_l_v2,Snowflake/snowflake-arctic-embed-l-v2.0,,en,food,food,negative,shuffled_emotion,sadness,centroid_phrases,feeling negative; feeling unpleasant; feeling bad,feeling sad; feeling sorrowful; feeling gloomy,neutral_centroid,neutral; ordinary; plain; average,feelings,vocabulary,feelings,3,0.4814271330833435,0.3518384099006653,False,False,False,0.44773984253406524,0.17472886629402637,0.0,1.0921324491500854,1.0
arctic_embed_l_v2,Snowflake/snowflake-arctic-embed-l-v2.0,,en,food,food,negative,shuffled_emotion,sadness,centroid_phrases,feeling negative; feeling unpleasant; feeling bad,feeling sad; feeling sorrowful; feeling gloomy,neutral_centroid,neutral; ordinary; plain; average,eating,vocabulary,eating,4,0.47825226187705994,0.18819159269332886,False,False,False,0.44773984253406524,0.17472886629402637,0.0,1.0921324491500854,1.0
arctic_embed_l_v2,Snowflake/snowflake-arctic-embed-l-v2.0,,en,food,food,negative,shuffled_emotion,sadness,centroid_phrases,feeling negative; feeling unpleasant; feeling bad,feeling sad; feeling sorrowful; feeling gloomy,neutral_centroid,neutral; ordinary; plain; average,cooking,vocabulary,cooking,5,0.4553287923336029,0.10303200781345367,False,False,False,0.44773984253406524,0.17472886629402637,0.0,1.0921324491500854,1.0
arctic_embed_l_v2,Snowflake/snowflake-arctic-embed-l-v2.0,,en,food,food,negative,shuffled_emotion,sadness,centroid_phrases,feeling negative; feeling unpleasant; feeling bad,feeling sad; feeling sorrowful; feeling gloomy,neutral_centroid,neutral; ordinary; plain; average,feel,vocabulary,feel,6,0.4148201644420624,0.32637614011764526,False,False,False,0.44773984253406524,0.17472886629402637,0.0,1.0921324491500854,1.0
arctic_embed_l_v2,Snowflake/snowflake-arctic-embed-l-v2.0,,en,food,food,negative,shuffled_emotion,sadness,centroid_phrases,feeling negative; feeling unpleasant; feeling bad,feeling sad; feeling sorrowful; feeling gloomy,neutral_centroid,neutral; ordinary; plain; average,foodie,vocabulary,foodie,7,0.41337472200393677,0.026176288723945618,False,False,False,0.44773984253406524,0.17472886629402637,0.0,1.0921324491500854,1.0
arctic_embed_l_v2,Snowflake/snowflake-arctic-embed-l-v2.0,,en,food,food,negative,shuffled_emotion,sadness,centroid_phrases,feeling negative; feeling unpleasant; feeling bad,feeling sad; feeling sorrowful; feeling gloomy,neutral_centroid,neutral; ordinary; plain; average,feeding,vocabulary,feeding,8,0.4061660170555115,0.1061190664768219,False,False,False,0.44773984253406524,0.17472886629402637,0.0,1.0921324491500854,1.0
arctic_embed_l_v2,Snowflake/snowflake-arctic-embed-l-v2.0,,en,food,food,negative,shuffled_emotion,sadness,centroid_phrases,feeling negative; feeling unpleasant; feeling bad,feeling sad; feeling sorrowful; feeling gloomy,neutral_centroid,neutral; ordinary; plain; average,foodies,vocabulary,foodies,9,0.40202590823173523,0.04525844380259514,False,False,False,0.44773984253406524,0.17472886629402637,0.0,1.0921324491500854,1.0
arctic_embed_l_v2,Snowflake/snowflake-arctic-embed-l-v2.0,,en,food,food,negative,shuffled_emotion,sadness,centroid_phrases,feeling negative; feeling unpleasant; feeling bad,feeling sad; feeling sorrowful; feeling gloomy,neutral_centroid,neutral; ordinary; plain; average,sadness,vocabulary,sadness,10,0.39222708344459534,0.19874311983585358,False,False,False,0.44773984253406524,0.17472886629402637,0.0,1.0921324491500854,1.0
arctic_embed_l_v2,Snowflake/snowflake-arctic-embed-l-v2.0,,en,person,person,sadness,emotion,sadness,centroid_phrases,feeling sad; feeling sorrowful; feeling gloomy,feeling sad; feeling sorrowful; feeling gloomy,neutral_centroid,neutral; ordinary; plain; average,feeling,vocabulary,feeling,1,0.581355094909668,0.5944541692733765,False,False,False,0.5018892467021943,0.2520865636412054,0.0,1.0921324491500854,1.0
arctic_embed_l_v2,Snowflake/snowflake-arctic-embed-l-v2.0,,en,person,person,sadness,emotion,sadness,centroid_phrases,feeling sad; feeling sorrowful; feeling gloomy,feeling sad; feeling sorrowful; feeling gloomy,neutral_centroid,neutral; ordinary; plain; average,feelings,vocabulary,feelings,2,0.5410146713256836,0.5340297818183899,False,False,False,0.5018892467021943,0.2520865636412054,0.0,1.0921324491500854,1.0
arctic_embed_l_v2,Snowflake/snowflake-arctic-embed-l-v2.0,,en,person,person,sadness,emotion,sadness,centroid_phrases,feeling sad; feeling sorrowful; feeling gloomy,feeling sad; feeling sorrowful; feeling gloomy,neutral_centroid,neutral; ordinary; plain; average,someone,vocabulary,someone,3,0.5289275646209717,0.08175279200077057,False,False,False,0.5018892467021943,0.2520865636412054,0.0,1.0921324491500854,1.0
arctic_embed_l_v2,Snowflake/snowflake-arctic-embed-l-v2.0,,en,person,person,sadness,emotion,sadness,centroid_phrases,feeling sad; feeling sorrowful; feeling gloomy,feeling sad; feeling sorrowful; feeling gloomy,neutral_centroid,neutral; ordinary; plain; average,people,vocabulary,people,4,0.5162668228149414,0.14953722059726715,False,False,False,0.5018892467021943,0.2520865636412054,0.0,1.0921324491500854,1.0
arctic_embed_l_v2,Snowflake/snowflake-arctic-embed-l-v2.0,,en,person,person,sadness,emotion,sadness,centroid_phrases,feeling sad; feeling sorrowful; feeling gloomy,feeling sad; feeling sorrowful; feeling gloomy,neutral_centroid,neutral; ordinary; plain; average,persona,vocabulary,persona,5,0.4948675036430359,5.043810233473778e-05,False,False,False,0.5018892467021943,0.2520865636412054,0.0,1.0921324491500854,1.0
arctic_embed_l_v2,Snowflake/snowflake-arctic-embed-l-v2.0,,en,person,person,sadness,emotion,sadness,centroid_phrases,feeling sad; feeling sorrowful; feeling gloomy,feeling sad; feeling sorrowful; feeling gloomy,neutral_centroid,neutral; ordinary; plain; average,personhood,vocabulary,personhood,6,0.4846842885017395,0.16450811922550201,False,False,False,0.5018892467021943,0.2520865636412054,0.0,1.0921324491500854,1.0
arctic_embed_l_v2,Snowflake/snowflake-arctic-embed-l-v2.0,,en,person,person,sadness,emotion,sadness,centroid_phrases,feeling sad; feeling sorrowful; feeling gloomy,feeling sad; feeling sorrowful; feeling gloomy,neutral_centroid,neutral; ordinary; plain; average,grieving,vocabulary,grieving,7,0.4775422215461731,0.47418567538261414,False,False,False,0.5018892467021943,0.2520865636412054,0.0,1.0921324491500854,1.0
arctic_embed_l_v2,Snowflake/snowflake-arctic-embed-l-v2.0,,en,person,person,sadness,emotion,sadness,centroid_phrases,feeling sad; feeling sorrowful; feeling gloomy,feeling sad; feeling sorrowful; feeling gloomy,neutral_centroid,neutral; ordinary; plain; average,feel,vocabulary,feel,8,0.4736173152923584,0.47727712988853455,False,False,False,0.5018892467021943,0.2520865636412054,0.0,1.0921324491500854,1.0
arctic_embed_l_v2,Snowflake/snowflake-arctic-embed-l-v2.0,,en,person,person,sadness,emotion,sadness,centroid_phrases,feeling sad; feeling sorrowful; feeling gloomy,feeling sad; feeling sorrowful; feeling gloomy,neutral_centroid,neutral; ordinary; plain; average,personas,vocabulary,personas,9,0.46486371755599976,0.0567750409245491,False,False,False,0.5018892467021943,0.2520865636412054,0.0,1.0921324491500854,1.0
arctic_embed_l_v2,Snowflake/snowflake-arctic-embed-l-v2.0,,en,person,person,sadness,emotion,sadness,centroid_phrases,feeling sad; feeling sorrowful; feeling gloomy,feeling sad; feeling sorrowful; feeling gloomy,neutral_centroid,neutral; ordinary; plain; average,persons,vocabulary,persons,10,0.45575326681137085,-0.011704730801284313,False,False,False,0.5018892467021943,0.2520865636412054,0.0,1.0921324491500854,1.0
arctic_embed_l_v2,Snowflake/snowflake-arctic-embed-l-v2.0,,en,person,person,sadness,identity,sadness,centroid_phrases,feeling sad; feeling sorrowful; feeling gloomy,feeling sad; feeling sorrowful; feeling gloomy,neutral_centroid,neutral; ordinary; plain; average,persona,vocabulary,persona,1,0.8769800662994385,5.043810233473778e-05,False,False,False,0.7516201674938202,0.06152708963491023,0.0,0.0,1.0
arctic_embed_l_v2,Snowflake/snowflake-arctic-embed-l-v2.0,,en,person,person,sadness,identity,sadness,centroid_phrases,feeling sad; feeling sorrowful; feeling gloomy,feeling sad; feeling sorrowful; feeling gloomy,neutral_centroid,neutral; ordinary; plain; average,persons,vocabulary,persons,2,0.8381227254867554,-0.011704730801284313,False,False,False,0.7516201674938202,0.06152708963491023,0.0,0.0,1.0
arctic_embed_l_v2,Snowflake/snowflake-arctic-embed-l-v2.0,,en,person,person,sadness,identity,sadness,centroid_phrases,feeling sad; feeling sorrowful; feeling gloomy,feeling sad; feeling sorrowful; feeling gloomy,neutral_centroid,neutral; ordinary; plain; average,someone,vocabulary,someone,3,0.8327658772468567,0.08175279200077057,False,False,False,0.7516201674938202,0.06152708963491023,0.0,0.0,1.0
arctic_embed_l_v2,Snowflake/snowflake-arctic-embed-l-v2.0,,en,person,person,sadness,identity,sadness,centroid_phrases,feeling sad; feeling sorrowful; feeling gloomy,feeling sad; feeling sorrowful; feeling gloomy,neutral_centroid,neutral; ordinary; plain; average,personas,vocabulary,personas,4,0.7753745913505554,0.0567750409245491,False,False,False,0.7516201674938202,0.06152708963491023,0.0,0.0,1.0
arctic_embed_l_v2,Snowflake/snowflake-arctic-embed-l-v2.0,,en,person,person,sadness,identity,sadness,centroid_phrases,feeling sad; feeling sorrowful; feeling gloomy,feeling sad; feeling sorrowful; feeling gloomy,neutral_centroid,neutral; ordinary; plain; average,people,vocabulary,people,5,0.7420032024383545,0.14953722059726715,False,False,False,0.7516201674938202,0.06152708963491023,0.0,0.0,1.0
arctic_embed_l_v2,Snowflake/snowflake-arctic-embed-l-v2.0,,en,person,person,sadness,identity,sadness,centroid_phrases,feeling sad; feeling sorrowful; feeling gloomy,feeling sad; feeling sorrowful; feeling gloomy,neutral_centroid,neutral; ordinary; plain; average,mensch,vocabulary,mensch,6,0.7180784940719604,0.018722137436270714,False,False,False,0.7516201674938202,0.06152708963491023,0.0,0.0,1.0
arctic_embed_l_v2,Snowflake/snowflake-arctic-embed-l-v2.0,,en,person,person,sadness,identity,sadness,centroid_phrases,feeling sad; feeling sorrowful; feeling gloomy,feeling sad; feeling sorrowful; feeling gloomy,neutral_centroid,neutral; ordinary; plain; average,inhabitant,vocabulary,inhabitant,7,0.6898117661476135,-0.01815911941230297,False,False,False,0.7516201674938202,0.06152708963491023,0.0,0.0,1.0
arctic_embed_l_v2,Snowflake/snowflake-arctic-embed-l-v2.0,,en,person,person,sadness,identity,sadness,centroid_phrases,feeling sad; feeling sorrowful; feeling gloomy,feeling sad; feeling sorrowful; feeling gloomy,neutral_centroid,neutral; ordinary; plain; average,personhood,vocabulary,personhood,8,0.6839118003845215,0.16450811922550201,False,False,False,0.7516201674938202,0.06152708963491023,0.0,0.0,1.0
arctic_embed_l_v2,Snowflake/snowflake-arctic-embed-l-v2.0,,en,person,person,sadness,identity,sadness,centroid_phrases,feeling sad; feeling sorrowful; feeling gloomy,feeling sad; feeling sorrowful; feeling gloomy,neutral_centroid,neutral; ordinary; plain; average,personable,vocabulary,personable,9,0.6835271120071411,0.05121845379471779,False,False,False,0.7516201674938202,0.06152708963491023,0.0,0.0,1.0
arctic_embed_l_v2,Snowflake/snowflake-arctic-embed-l-v2.0,,en,person,person,sadness,identity,sadness,centroid_phrases,feeling sad; feeling sorrowful; feeling gloomy,feeling sad; feeling sorrowful; feeling gloomy,neutral_centroid,neutral; ordinary; plain; average,personality,vocabulary,personality,10,0.6756260395050049,0.12257054448127747,False,False,False,0.7516201674938202,0.06152708963491023,0.0,0.0,1.0
arctic_embed_l_v2,Snowflake/snowflake-arctic-embed-l-v2.0,,en,person,person,sadness,random,sadness,centroid_phrases,feeling sad; feeling sorrowful; feeling gloomy,feeling sad; feeling sorrowful; feeling gloomy,neutral_centroid,neutral; ordinary; plain; average,persona,vocabulary,persona,1,0.6200363039970398,5.043810233473778e-05,False,False,False,0.5356215000152588,0.04083998338319361,0.0,0.9999999403953552,1.0
arctic_embed_l_v2,Snowflake/snowflake-arctic-embed-l-v2.0,,en,person,person,sadness,random,sadness,centroid_phrases,feeling sad; feeling sorrowful; feeling gloomy,feeling sad; feeling sorrowful; feeling gloomy,neutral_centroid,neutral; ordinary; plain; average,someone,vocabulary,someone,2,0.5938750505447388,0.08175279200077057,False,False,False,0.5356215000152588,0.04083998338319361,0.0,0.9999999403953552,1.0
arctic_embed_l_v2,Snowflake/snowflake-arctic-embed-l-v2.0,,en,person,person,sadness,random,sadness,centroid_phrases,feeling sad; feeling sorrowful; feeling gloomy,feeling sad; feeling sorrowful; feeling gloomy,neutral_centroid,neutral; ordinary; plain; average,persons,vocabulary,persons,3,0.5789901614189148,-0.011704730801284313,False,False,False,0.5356215000152588,0.04083998338319361,0.0,0.9999999403953552,1.0
arctic_embed_l_v2,Snowflake/snowflake-arctic-embed-l-v2.0,,en,person,person,sadness,random,sadness,centroid_phrases,feeling sad; feeling sorrowful; feeling gloomy,feeling sad; feeling sorrowful; feeling gloomy,neutral_centroid,neutral; ordinary; plain; average,personas,vocabulary,personas,4,0.5291488766670227,0.0567750409245491,False,False,False,0.5356215000152588,0.04083998338319361,0.0,0.9999999403953552,1.0
arctic_embed_l_v2,Snowflake/snowflake-arctic-embed-l-v2.0,,en,person,person,sadness,random,sadness,centroid_phrases,feeling sad; feeling sorrowful; feeling gloomy,feeling sad; feeling sorrowful; feeling gloomy,neutral_centroid,neutral; ordinary; plain; average,inhabitant,vocabulary,inhabitant,5,0.5166770219802856,-0.01815911941230297,False,False,False,0.5356215000152588,0.04083998338319361,0.0,0.9999999403953552,1.0
arctic_embed_l_v2,Snowflake/snowflake-arctic-embed-l-v2.0,,en,person,person,sadness,random,sadness,centroid_phrases,feeling sad; feeling sorrowful; feeling gloomy,feeling sad; feeling sorrowful; feeling gloomy,neutral_centroid,neutral; ordinary; plain; average,people,vocabulary,people,6,0.5099093914031982,0.14953722059726715,False,False,False,0.5356215000152588,0.04083998338319361,0.0,0.9999999403953552,1.0
arctic_embed_l_v2,Snowflake/snowflake-arctic-embed-l-v2.0,,en,person,person,sadness,random,sadness,centroid_phrases,feeling sad; feeling sorrowful; feeling gloomy,feeling sad; feeling sorrowful; feeling gloomy,neutral_centroid,neutral; ordinary; plain; average,mensch,vocabulary,mensch,7,0.5057689547538757,0.018722137436270714,False,False,False,0.5356215000152588,0.04083998338319361,0.0,0.9999999403953552,1.0
arctic_embed_l_v2,Snowflake/snowflake-arctic-embed-l-v2.0,,en,person,person,sadness,random,sadness,centroid_phrases,feeling sad; feeling sorrowful; feeling gloomy,feeling sad; feeling sorrowful; feeling gloomy,neutral_centroid,neutral; ordinary; plain; average,personhood,vocabulary,personhood,8,0.5038059949874878,0.16450811922550201,False,False,False,0.5356215000152588,0.04083998338319361,0.0,0.9999999403953552,1.0
arctic_embed_l_v2,Snowflake/snowflake-arctic-embed-l-v2.0,,en,person,person,sadness,random,sadness,centroid_phrases,feeling sad; feeling sorrowful; feeling gloomy,feeling sad; feeling sorrowful; feeling gloomy,neutral_centroid,neutral; ordinary; plain; average,noun,vocabulary,noun,9,0.5020983219146729,-0.07334491610527039,False,False,False,0.5356215000152588,0.04083998338319361,0.0,0.9999999403953552,1.0
arctic_embed_l_v2,Snowflake/snowflake-arctic-embed-l-v2.0,,en,person,person,sadness,random,sadness,centroid_phrases,feeling sad; feeling sorrowful; feeling gloomy,feeling sad; feeling sorrowful; feeling gloomy,neutral_centroid,neutral; ordinary; plain; average,oneself,vocabulary,oneself,10,0.49590492248535156,0.0402628518640995,False,False,False,0.5356215000152588,0.04083998338319361,0.0,0.9999999403953552,1.0
arctic_embed_l_v2,Snowflake/snowflake-arctic-embed-l-v2.0,,en,person,person,sadness,shuffled_emotion,disgust,centroid_phrases,feeling sad; feeling sorrowful; feeling gloomy,feeling disgusted; feeling revolted; feeling repulsed,neutral_centroid,neutral; ordinary; plain; average,someone,vocabulary,someone,1,0.5276069045066833,0.08175279200077057,False,False,False,0.49315924346446993,0.19338037841953337,0.0,1.1069309711456299,1.0
arctic_embed_l_v2,Snowflake/snowflake-arctic-embed-l-v2.0,,en,person,person,sadness,shuffled_emotion,disgust,centroid_phrases,feeling sad; feeling sorrowful; feeling gloomy,feeling disgusted; feeling revolted; feeling repulsed,neutral_centroid,neutral; ordinary; plain; average,repulsed,vocabulary,repulsed,2,0.52378249168396,0.1761464625597,False,False,False,0.49315924346446993,0.19338037841953337,0.0,1.1069309711456299,1.0
arctic_embed_l_v2,Snowflake/snowflake-arctic-embed-l-v2.0,,en,person,person,sadness,shuffled_emotion,disgust,centroid_phrases,feeling sad; feeling sorrowful; feeling gloomy,feeling disgusted; feeling revolted; feeling repulsed,neutral_centroid,neutral; ordinary; plain; average,people,vocabulary,people,3,0.5120048522949219,0.14953722059726715,False,False,False,0.49315924346446993,0.19338037841953337,0.0,1.1069309711456299,1.0
arctic_embed_l_v2,Snowflake/snowflake-arctic-embed-l-v2.0,,en,person,person,sadness,shuffled_emotion,disgust,centroid_phrases,feeling sad; feeling sorrowful; feeling gloomy,feeling disgusted; feeling revolted; feeling repulsed,neutral_centroid,neutral; ordinary; plain; average,persona,vocabulary,persona,4,0.5085378885269165,5.043810233473778e-05,False,False,False,0.49315924346446993,0.19338037841953337,0.0,1.1069309711456299,1.0
arctic_embed_l_v2,Snowflake/snowflake-arctic-embed-l-v2.0,,en,person,person,sadness,shuffled_emotion,disgust,centroid_phrases,feeling sad; feeling sorrowful; feeling gloomy,feeling disgusted; feeling revolted; feeling repulsed,neutral_centroid,neutral; ordinary; plain; average,feeling,vocabulary,feeling,5,0.502436637878418,0.5944541692733765,False,False,False,0.49315924346446993,0.19338037841953337,0.0,1.1069309711456299,1.0
arctic_embed_l_v2,Snowflake/snowflake-arctic-embed-l-v2.0,,en,person,person,sadness,shuffled_emotion,disgust,centroid_phrases,feeling sad; feeling sorrowful; feeling gloomy,feeling disgusted; feeling revolted; feeling repulsed,neutral_centroid,neutral; ordinary; plain; average,personhood,vocabulary,personhood,6,0.4899151921272278,0.16450811922550201,False,False,False,0.49315924346446993,0.19338037841953337,0.0,1.1069309711456299,1.0
arctic_embed_l_v2,Snowflake/snowflake-arctic-embed-l-v2.0,,en,person,person,sadness,shuffled_emotion,disgust,centroid_phrases,feeling sad; feeling sorrowful; feeling gloomy,feeling disgusted; feeling revolted; feeling repulsed,neutral_centroid,neutral; ordinary; plain; average,persons,vocabulary,persons,7,0.47523048520088196,-0.011704730801284313,False,False,False,0.49315924346446993,0.19338037841953337,0.0,1.1069309711456299,1.0
arctic_embed_l_v2,Snowflake/snowflake-arctic-embed-l-v2.0,,en,person,person,sadness,shuffled_emotion,disgust,centroid_phrases,feeling sad; feeling sorrowful; feeling gloomy,feeling disgusted; feeling revolted; feeling repulsed,neutral_centroid,neutral; ordinary; plain; average,personas,vocabulary,personas,8,0.4678992033004761,0.0567750409245491,False,False,False,0.49315924346446993,0.19338037841953337,0.0,1.1069309711456299,1.0
arctic_embed_l_v2,Snowflake/snowflake-arctic-embed-l-v2.0,,en,person,person,sadness,shuffled_emotion,disgust,centroid_phrases,feeling sad; feeling sorrowful; feeling gloomy,feeling disgusted; feeling revolted; feeling repulsed,neutral_centroid,neutral; ordinary; plain; average,disgusted,vocabulary,disgusted,9,0.466212660074234,0.1882544904947281,False,False,False,0.49315924346446993,0.19338037841953337,0.0,1.1069309711456299,1.0
arctic_embed_l_v2,Snowflake/snowflake-arctic-embed-l-v2.0,,en,person,person,sadness,shuffled_emotion,disgust,centroid_phrases,feeling sad; feeling sorrowful; feeling gloomy,feeling disgusted; feeling revolted; feeling repulsed,neutral_centroid,neutral; ordinary; plain; average,feelings,vocabulary,feelings,10,0.4579661190509796,0.5340297818183899,False,False,False,0.49315924346446993,0.19338037841953337,0.0,1.1069309711456299,1.0
arctic_embed_l_v2,Snowflake/snowflake-arctic-embed-l-v2.0,,en,person,person,disgust,emotion,disgust,centroid_phrases,feeling disgusted; feeling revolted; feeling repulsed,feeling disgusted; feeling revolted; feeling repulsed,neutral_centroid,neutral; ordinary; plain; average,someone,vocabulary,someone,1,0.5276069045066833,0.07139405608177185,False,False,False,0.49315924346446993,0.20717539498582482,0.0,1.1069309711456299,1.0
arctic_embed_l_v2,Snowflake/snowflake-arctic-embed-l-v2.0,,en,person,person,disgust,emotion,disgust,centroid_phrases,feeling disgusted; feeling revolted; feeling repulsed,feeling disgusted; feeling revolted; feeling repulsed,neutral_centroid,neutral; ordinary; plain; average,repulsed,vocabulary,repulsed,2,0.52378249168396,0.38985416293144226,False,False,False,0.49315924346446993,0.20717539498582482,0.0,1.1069309711456299,1.0
arctic_embed_l_v2,Snowflake/snowflake-arctic-embed-l-v2.0,,en,person,person,disgust,emotion,disgust,centroid_phrases,feeling disgusted; feeling revolted; feeling repulsed,feeling disgusted; feeling revolted; feeling repulsed,neutral_centroid,neutral; ordinary; plain; average,people,vocabulary,people,3,0.5120048522949219,0.13432887196540833,False,False,False,0.49315924346446993,0.20717539498582482,0.0,1.1069309711456299,1.0
arctic_embed_l_v2,Snowflake/snowflake-arctic-embed-l-v2.0,,en,person,person,disgust,emotion,disgust,centroid_phrases,feeling disgusted; feeling revolted; feeling repulsed,feeling disgusted; feeling revolted; feeling repulsed,neutral_centroid,neutral; ordinary; plain; average,persona,vocabulary,persona,4,0.5085378885269165,0.008155482821166515,False,False,False,0.49315924346446993,0.20717539498582482,0.0,1.1069309711456299,1.0
arctic_embed_l_v2,Snowflake/snowflake-arctic-embed-l-v2.0,,en,person,person,disgust,emotion,disgust,centroid_phrases,feeling disgusted; feeling revolted; feeling repulsed,feeling disgusted; feeling revolted; feeling repulsed,neutral_centroid,neutral; ordinary; plain; average,feeling,vocabulary,feeling,5,0.502436637878418,0.48389455676078796,False,False,False,0.49315924346446993,0.20717539498582482,0.0,1.1069309711456299,1.0
arctic_embed_l_v2,Snowflake/snowflake-arctic-embed-l-v2.0,,en,person,person,disgust,emotion,disgust,centroid_phrases,feeling disgusted; feeling revolted; feeling repulsed,feeling disgusted; feeling revolted; feeling repulsed,neutral_centroid,neutral; ordinary; plain; average,personhood,vocabulary,personhood,6,0.4899151921272278,0.15982282161712646,False,False,False,0.49315924346446993,0.20717539498582482,0.0,1.1069309711456299,1.0
arctic_embed_l_v2,Snowflake/snowflake-arctic-embed-l-v2.0,,en,person,person,disgust,emotion,disgust,centroid_phrases,feeling disgusted; feeling revolted; feeling repulsed,feeling disgusted; feeling revolted; feeling repulsed,neutral_centroid,neutral; ordinary; plain; average,persons,vocabulary,persons,7,0.47523048520088196,0.0025693681091070175,False,False,False,0.49315924346446993,0.20717539498582482,0.0,1.1069309711456299,1.0
arctic_embed_l_v2,Snowflake/snowflake-arctic-embed-l-v2.0,,en,person,person,disgust,emotion,disgust,centroid_phrases,feeling disgusted; feeling revolted; feeling repulsed,feeling disgusted; feeling revolted; feeling repulsed,neutral_centroid,neutral; ordinary; plain; average,personas,vocabulary,personas,8,0.4678992033004761,0.05029972642660141,False,False,False,0.49315924346446993,0.20717539498582482,0.0,1.1069309711456299,1.0
arctic_embed_l_v2,Snowflake/snowflake-arctic-embed-l-v2.0,,en,person,person,disgust,emotion,disgust,centroid_phrases,feeling disgusted; feeling revolted; feeling repulsed,feeling disgusted; feeling revolted; feeling repulsed,neutral_centroid,neutral; ordinary; plain; average,disgusted,vocabulary,disgusted,9,0.466212660074234,0.35331833362579346,False,False,False,0.49315924346446993,0.20717539498582482,0.0,1.1069309711456299,1.0
arctic_embed_l_v2,Snowflake/snowflake-arctic-embed-l-v2.0,,en,person,person,disgust,emotion,disgust,centroid_phrases,feeling disgusted; feeling revolted; feeling repulsed,feeling disgusted; feeling revolted; feeling repulsed,neutral_centroid,neutral; ordinary; plain; average,feelings,vocabulary,feelings,10,0.4579661190509796,0.41811656951904297,False,False,False,0.49315924346446993,0.20717539498582482,0.0,1.1069309711456299,1.0
arctic_embed_l_v2,Snowflake/snowflake-arctic-embed-l-v2.0,,en,person,person,disgust,identity,disgust,centroid_phrases,feeling disgusted; feeling revolted; feeling repulsed,feeling disgusted; feeling revolted; feeling repulsed,neutral_centroid,neutral; ordinary; plain; average,persona,vocabulary,persona,1,0.8769800662994385,0.008155482821166515,False,False,False,0.7516201674938202,0.050956195872277024,0.0,0.0,1.0
arctic_embed_l_v2,Snowflake/snowflake-arctic-embed-l-v2.0,,en,person,person,disgust,identity,disgust,centroid_phrases,feeling disgusted; feeling revolted; feeling repulsed,feeling disgusted; feeling revolted; feeling repulsed,neutral_centroid,neutral; ordinary; plain; average,persons,vocabulary,persons,2,0.8381227254867554,0.0025693681091070175,False,False,False,0.7516201674938202,0.050956195872277024,0.0,0.0,1.0
arctic_embed_l_v2,Snowflake/snowflake-arctic-embed-l-v2.0,,en,person,person,disgust,identity,disgust,centroid_phrases,feeling disgusted; feeling revolted; feeling repulsed,feeling disgusted; feeling revolted; feeling repulsed,neutral_centroid,neutral; ordinary; plain; average,someone,vocabulary,someone,3,0.8327658772468567,0.07139405608177185,False,False,False,0.7516201674938202,0.050956195872277024,0.0,0.0,1.0
arctic_embed_l_v2,Snowflake/snowflake-arctic-embed-l-v2.0,,en,person,person,disgust,identity,disgust,centroid_phrases,feeling disgusted; feeling revolted; feeling repulsed,feeling disgusted; feeling revolted; feeling repulsed,neutral_centroid,neutral; ordinary; plain; average,personas,vocabulary,personas,4,0.7753745913505554,0.05029972642660141,False,False,False,0.7516201674938202,0.050956195872277024,0.0,0.0,1.0
arctic_embed_l_v2,Snowflake/snowflake-arctic-embed-l-v2.0,,en,person,person,disgust,identity,disgust,centroid_phrases,feeling disgusted; feeling revolted; feeling repulsed,feeling disgusted; feeling revolted; feeling repulsed,neutral_centroid,neutral; ordinary; plain; average,people,vocabulary,people,5,0.7420032024383545,0.13432887196540833,False,False,False,0.7516201674938202,0.050956195872277024,0.0,0.0,1.0
arctic_embed_l_v2,Snowflake/snowflake-arctic-embed-l-v2.0,,en,person,person,disgust,identity,disgust,centroid_phrases,feeling disgusted; feeling revolted; feeling repulsed,feeling disgusted; feeling revolted; feeling repulsed,neutral_centroid,neutral; ordinary; plain; average,mensch,vocabulary,mensch,6,0.7180784940719604,0.01920737512409687,False,False,False,0.7516201674938202,0.050956195872277024,0.0,0.0,1.0
arctic_embed_l_v2,Snowflake/snowflake-arctic-embed-l-v2.0,,en,person,person,disgust,identity,disgust,centroid_phrases,feeling disgusted; feeling revolted; feeling repulsed,feeling disgusted; feeling revolted; feeling repulsed,neutral_centroid,neutral; ordinary; plain; average,inhabitant,vocabulary,inhabitant,7,0.6898117661476135,-0.03973398357629776,False,False,False,0.7516201674938202,0.050956195872277024,0.0,0.0,1.0
arctic_embed_l_v2,Snowflake/snowflake-arctic-embed-l-v2.0,,en,person,person,disgust,identity,disgust,centroid_phrases,feeling disgusted; feeling revolted; feeling repulsed,feeling disgusted; feeling revolted; feeling repulsed,neutral_centroid,neutral; ordinary; plain; average,personhood,vocabulary,personhood,8,0.6839118003845215,0.15982282161712646,False,False,False,0.7516201674938202,0.050956195872277024,0.0,0.0,1.0
arctic_embed_l_v2,Snowflake/snowflake-arctic-embed-l-v2.0,,en,person,person,disgust,identity,disgust,centroid_phrases,feeling disgusted; feeling revolted; feeling repulsed,feeling disgusted; feeling revolted; feeling repulsed,neutral_centroid,neutral; ordinary; plain; average,personable,vocabulary,personable,9,0.6835271120071411,0.01701980084180832,False,False,False,0.7516201674938202,0.050956195872277024,0.0,0.0,1.0
arctic_embed_l_v2,Snowflake/snowflake-arctic-embed-l-v2.0,,en,person,person,disgust,identity,disgust,centroid_phrases,feeling disgusted; feeling revolted; feeling repulsed,feeling disgusted; feeling revolted; feeling repulsed,neutral_centroid,neutral; ordinary; plain; average,personality,vocabulary,personality,10,0.6756260395050049,0.0864984393119812,False,False,False,0.7516201674938202,0.050956195872277024,0.0,0.0,1.0
arctic_embed_l_v2,Snowflake/snowflake-arctic-embed-l-v2.0,,en,person,person,disgust,random,disgust,centroid_phrases,feeling disgusted; feeling revolted; feeling repulsed,feeling disgusted; feeling revolted; feeling repulsed,neutral_centroid,neutral; ordinary; plain; average,persona,vocabulary,persona,1,0.6326082348823547,0.008155482821166515,False,False,False,0.5404743313789367,0.04896383648738265,0.0,1.0,1.0
arctic_embed_l_v2,Snowflake/snowflake-arctic-embed-l-v2.0,,en,person,person,disgust,random,disgust,centroid_phrases,feeling disgusted; feeling revolted; feeling repulsed,feeling disgusted; feeling revolted; feeling repulsed,neutral_centroid,neutral; ordinary; plain; average,persons,vocabulary,persons,2,0.6094369888305664,0.0025693681091070175,False,False,False,0.5404743313789367,0.04896383648738265,0.0,1.0,1.0
arctic_embed_l_v2,Snowflake/snowflake-arctic-embed-l-v2.0,,en,person,person,disgust,random,disgust,centroid_phrases,feeling disgusted; feeling revolted; feeling repulsed,feeling disgusted; feeling revolted; feeling repulsed,neutral_centroid,neutral; ordinary; plain; average,someone,vocabulary,someone,3,0.586344838142395,0.07139405608177185,False,False,False,0.5404743313789367,0.04896383648738265,0.0,1.0,1.0
arctic_embed_l_v2,Snowflake/snowflake-arctic-embed-l-v2.0,,en,person,person,disgust,random,disgust,centroid_phrases,feeling disgusted; feeling revolted; feeling repulsed,feeling disgusted; feeling revolted; feeling repulsed,neutral_centroid,neutral; ordinary; plain; average,personas,vocabulary,personas,4,0.5517292022705078,0.05029972642660141,False,False,False,0.5404743313789367,0.04896383648738265,0.0,1.0,1.0
arctic_embed_l_v2,Snowflake/snowflake-arctic-embed-l-v2.0,,en,person,person,disgust,random,disgust,centroid_phrases,feeling disgusted; feeling revolted; feeling repulsed,feeling disgusted; feeling revolted; feeling repulsed,neutral_centroid,neutral; ordinary; plain; average,mensch,vocabulary,mensch,5,0.520340621471405,0.01920737512409687,False,False,False,0.5404743313789367,0.04896383648738265,0.0,1.0,1.0
arctic_embed_l_v2,Snowflake/snowflake-arctic-embed-l-v2.0,,en,person,person,disgust,random,disgust,centroid_phrases,feeling disgusted; feeling revolted; feeling repulsed,feeling disgusted; feeling revolted; feeling repulsed,neutral_centroid,neutral; ordinary; plain; average,people,vocabulary,people,6,0.5173275470733643,0.13432887196540833,False,False,False,0.5404743313789367,0.04896383648738265,0.0,1.0,1.0
arctic_embed_l_v2,Snowflake/snowflake-arctic-embed-l-v2.0,,en,person,person,disgust,random,disgust,centroid_phrases,feeling disgusted; feeling revolted; feeling repulsed,feeling disgusted; feeling revolted; feeling repulsed,neutral_centroid,neutral; ordinary; plain; average,personality,vocabulary,personality,7,0.505111038684845,0.0864984393119812,False,False,False,0.5404743313789367,0.04896383648738265,0.0,1.0,1.0
arctic_embed_l_v2,Snowflake/snowflake-arctic-embed-l-v2.0,,en,person,person,disgust,random,disgust,centroid_phrases,feeling disgusted; feeling revolted; feeling repulsed,feeling disgusted; feeling revolted; feeling repulsed,neutral_centroid,neutral; ordinary; plain; average,personhood,vocabulary,personhood,8,0.49482813477516174,0.15982282161712646,False,False,False,0.5404743313789367,0.04896383648738265,0.0,1.0,1.0
arctic_embed_l_v2,Snowflake/snowflake-arctic-embed-l-v2.0,,en,person,person,disgust,random,disgust,centroid_phrases,feeling disgusted; feeling revolted; feeling repulsed,feeling disgusted; feeling revolted; feeling repulsed,neutral_centroid,neutral; ordinary; plain; average,possessor,vocabulary,possessor,9,0.49351900815963745,-0.0029037930071353912,False,False,False,0.5404743313789367,0.04896383648738265,0.0,1.0,1.0
arctic_embed_l_v2,Snowflake/snowflake-arctic-embed-l-v2.0,,en,person,person,disgust,random,disgust,centroid_phrases,feeling disgusted; feeling revolted; feeling repulsed,feeling disgusted; feeling revolted; feeling repulsed,neutral_centroid,neutral; ordinary; plain; average,inhabitant,vocabulary,inhabitant,10,0.49349769949913025,-0.03973398357629776,False,False,False,0.5404743313789367,0.04896383648738265,0.0,1.0,1.0
arctic_embed_l_v2,Snowflake/snowflake-arctic-embed-l-v2.0,,en,person,person,disgust,shuffled_emotion,joy,centroid_phrases,feeling disgusted; feeling revolted; feeling repulsed,feeling joyful; feeling happy; feeling delighted,neutral_centroid,neutral; ordinary; plain; average,someone,vocabulary,someone,1,0.5907195210456848,0.07139405608177185,False,False,False,0.5408421695232392,0.1768874646164477,0.0,1.0387924909591675,1.0
arctic_embed_l_v2,Snowflake/snowflake-arctic-embed-l-v2.0,,en,person,person,disgust,shuffled_emotion,joy,centroid_phrases,feeling disgusted; feeling revolted; feeling repulsed,feeling joyful; feeling happy; feeling delighted,neutral_centroid,neutral; ordinary; plain; average,feeling,vocabulary,feeling,2,0.5749989748001099,0.48389455676078796,False,False,False,0.5408421695232392,0.1768874646164477,0.0,1.0387924909591675,1.0
arctic_embed_l_v2,Snowflake/snowflake-arctic-embed-l-v2.0,,en,person,person,disgust,shuffled_emotion,joy,centroid_phrases,feeling disgusted; feeling revolted; feeling repulsed,feeling joyful; feeling happy; feeling delighted,neutral_centroid,neutral; ordinary; plain; average,people,vocabulary,people,3,0.5606260299682617,0.13432887196540833,False,False,False,0.5408421695232392,0.1768874646164477,0.0,1.0387924909591675,1.0
arctic_embed_l_v2,Snowflake/snowflake-arctic-embed-l-v2.0,,en,person,person,disgust,shuffled_emotion,joy,centroid_phrases,feeling disgusted; feeling revolted; feeling repulsed,feeling joyful; feeling happy; feeling delighted,neutral_centroid,neutral; ordinary; plain; average,persona,vocabulary,persona,4,0.5471470952033997,0.008155482821166515,False,False,False,0.5408421695232392,0.1768874646164477,0.0,1.0387924909591675,1.0
arctic_embed_l_v2,Snowflake/snowflake-arctic-embed-l-v2.0,,en,person,person,disgust,shuffled_emotion,joy,centroid_phrases,feeling disgusted; feeling revolted; feeling repulsed,feeling joyful; feeling happy; feeling delighted,neutral_centroid,neutral; ordinary; plain; average,persons,vocabulary,persons,5,0.5304579138755798,0.0025693681091070175,False,False,False,0.5408421695232392,0.1768874646164477,0.0,1.0387924909591675,1.0
arctic_embed_l_v2,Snowflake/snowflake-arctic-embed-l-v2.0,,en,person,person,disgust,shuffled_emotion,joy,centroid_phrases,feeling disgusted; feeling revolted; feeling repulsed,feeling joyful; feeling happy; feeling delighted,neutral_centroid,neutral; ordinary; plain; average,rejoicing,vocabulary,rejoicing,6,0.5277184247970581,0.24011771380901337,False,False,False,0.5408421695232392,0.1768874646164477,0.0,1.0387924909591675,1.0
arctic_embed_l_v2,Snowflake/snowflake-arctic-embed-l-v2.0,,en,person,person,disgust,shuffled_emotion,joy,centroid_phrases,feeling disgusted; feeling revolted; feeling repulsed,feeling joyful; feeling happy; feeling delighted,neutral_centroid,neutral; ordinary; plain; average,celebrating,vocabulary,celebrating,7,0.5240033864974976,0.1774453967809677,False,False,False,0.5408421695232392,0.1768874646164477,0.0,1.0387924909591675,1.0
arctic_embed_l_v2,Snowflake/snowflake-arctic-embed-l-v2.0,,en,person,person,disgust,shuffled_emotion,joy,centroid_phrases,feeling disgusted; feeling revolted; feeling repulsed,feeling joyful; feeling happy; feeling delighted,neutral_centroid,neutral; ordinary; plain; average,personas,vocabulary,personas,8,0.5232383012771606,0.05029972642660141,False,False,False,0.5408421695232392,0.1768874646164477,0.0,1.0387924909591675,1.0
arctic_embed_l_v2,Snowflake/snowflake-arctic-embed-l-v2.0,,en,person,person,disgust,shuffled_emotion,joy,centroid_phrases,feeling disgusted; feeling revolted; feeling repulsed,feeling joyful; feeling happy; feeling delighted,neutral_centroid,neutral; ordinary; plain; average,feelings,vocabulary,feelings,9,0.5201464891433716,0.41811656951904297,False,False,False,0.5408421695232392,0.1768874646164477,0.0,1.0387924909591675,1.0
arctic_embed_l_v2,Snowflake/snowflake-arctic-embed-l-v2.0,,en,person,person,disgust,shuffled_emotion,joy,centroid_phrases,feeling disgusted; feeling revolted; feeling repulsed,feeling joyful; feeling happy; feeling delighted,neutral_centroid,neutral; ordinary; plain; average,delighted,vocabulary,delighted,10,0.5093655586242676,0.18255290389060974,False,False,False,0.5408421695232392,0.1768874646164477,0.0,1.0387924909591675,1.0
arctic_embed_l_v2,Snowflake/snowflake-arctic-embed-l-v2.0,,en,person,person,joy,emotion,joy,centroid_phrases,feeling joyful; feeling happy; feeling delighted,feeling joyful; feeling happy; feeling delighted,neutral_centroid,neutral; ordinary; plain; average,someone,vocabulary,someone,1,0.5907195210456848,0.0876048356294632,False,False,False,0.5408421695232392,0.2315050246194005,0.0,1.0387924909591675,1.0
arctic_embed_l_v2,Snowflake/snowflake-arctic-embed-l-v2.0,,en,person,person,joy,emotion,joy,centroid_phrases,feeling joyful; feeling happy; feeling delighted,feeling joyful; feeling happy; feeling delighted,neutral_centroid,neutral; ordinary; plain; average,feeling,vocabulary,feeling,2,0.5749989748001099,0.5394588708877563,False,False,False,0.5408421695232392,0.2315050246194005,0.0,1.0387924909591675,1.0
arctic_embed_l_v2,Snowflake/snowflake-arctic-embed-l-v2.0,,en,person,person,joy,emotion,joy,centroid_phrases,feeling joyful; feeling happy; feeling delighted,feeling joyful; feeling happy; feeling delighted,neutral_centroid,neutral; ordinary; plain; average,people,vocabulary,people,3,0.5606260299682617,0.13579301536083221,False,False,False,0.5408421695232392,0.2315050246194005,0.0,1.0387924909591675,1.0
arctic_embed_l_v2,Snowflake/snowflake-arctic-embed-l-v2.0,,en,person,person,joy,emotion,joy,centroid_phrases,feeling joyful; feeling happy; feeling delighted,feeling joyful; feeling happy; feeling delighted,neutral_centroid,neutral; ordinary; plain; average,persona,vocabulary,persona,4,0.5471470952033997,-0.011694397777318954,False,False,False,0.5408421695232392,0.2315050246194005,0.0,1.0387924909591675,1.0
arctic_embed_l_v2,Snowflake/snowflake-arctic-embed-l-v2.0,,en,person,person,joy,emotion,joy,centroid_phrases,feeling joyful; feeling happy; feeling delighted,feeling joyful; feeling happy; feeling delighted,neutral_centroid,neutral; ordinary; plain; average,persons,vocabulary,persons,5,0.5304579138755798,0.003980578854680061,False,False,False,0.5408421695232392,0.2315050246194005,0.0,1.0387924909591675,1.0
arctic_embed_l_v2,Snowflake/snowflake-arctic-embed-l-v2.0,,en,person,person,joy,emotion,joy,centroid_phrases,feeling joyful; feeling happy; feeling delighted,feeling joyful; feeling happy; feeling delighted,neutral_centroid,neutral; ordinary; plain; average,rejoicing,vocabulary,rejoicing,6,0.5277184247970581,0.387706458568573,False,False,False,0.5408421695232392,0.2315050246194005,0.0,1.0387924909591675,1.0
arctic_embed_l_v2,Snowflake/snowflake-arctic-embed-l-v2.0,,en,person,person,joy,emotion,joy,centroid_phrases,feeling joyful; feeling happy; feeling delighted,feeling joyful; feeling happy; feeling delighted,neutral_centroid,neutral; ordinary; plain; average,celebrating,vocabulary,celebrating,7,0.5240033864974976,0.35006529092788696,False,False,False,0.5408421695232392,0.2315050246194005,0.0,1.0387924909591675,1.0
arctic_embed_l_v2,Snowflake/snowflake-arctic-embed-l-v2.0,,en,person,person,joy,emotion,joy,centroid_phrases,feeling joyful; feeling happy; feeling delighted,feeling joyful; feeling happy; feeling delighted,neutral_centroid,neutral; ordinary; plain; average,personas,vocabulary,personas,8,0.5232383012771606,0.05498465523123741,False,False,False,0.5408421695232392,0.2315050246194005,0.0,1.0387924909591675,1.0
arctic_embed_l_v2,Snowflake/snowflake-arctic-embed-l-v2.0,,en,person,person,joy,emotion,joy,centroid_phrases,feeling joyful; feeling happy; feeling delighted,feeling joyful; feeling happy; feeling delighted,neutral_centroid,neutral; ordinary; plain; average,feelings,vocabulary,feelings,9,0.5201464891433716,0.455832839012146,False,False,False,0.5408421695232392,0.2315050246194005,0.0,1.0387924909591675,1.0
arctic_embed_l_v2,Snowflake/snowflake-arctic-embed-l-v2.0,,en,person,person,joy,emotion,joy,centroid_phrases,feeling joyful; feeling happy; feeling delighted,feeling joyful; feeling happy; feeling delighted,neutral_centroid,neutral; ordinary; plain; average,delighted,vocabulary,delighted,10,0.5093655586242676,0.3113180994987488,False,False,False,0.5408421695232392,0.2315050246194005,0.0,1.0387924909591675,1.0
arctic_embed_l_v2,Snowflake/snowflake-arctic-embed-l-v2.0,,en,person,person,joy,identity,joy,centroid_phrases,feeling joyful; feeling happy; feeling delighted,feeling joyful; feeling happy; feeling delighted,neutral_centroid,neutral; ordinary; plain; average,persona,vocabulary,persona,1,0.8769800662994385,-0.011694397777318954,False,False,False,0.7516201674938202,0.0543688508681953,0.0,0.0,1.0
arctic_embed_l_v2,Snowflake/snowflake-arctic-embed-l-v2.0,,en,person,person,joy,identity,joy,centroid_phrases,feeling joyful; feeling happy; feeling delighted,feeling joyful; feeling happy; feeling delighted,neutral_centroid,neutral; ordinary; plain; average,persons,vocabulary,persons,2,0.8381227254867554,0.003980578854680061,False,False,False,0.7516201674938202,0.0543688508681953,0.0,0.0,1.0
arctic_embed_l_v2,Snowflake/snowflake-arctic-embed-l-v2.0,,en,person,person,joy,identity,joy,centroid_phrases,feeling joyful; feeling happy; feeling delighted,feeling joyful; feeling happy; feeling delighted,neutral_centroid,neutral; ordinary; plain; average,someone,vocabulary,someone,3,0.8327658772468567,0.0876048356294632,False,False,False,0.7516201674938202,0.0543688508681953,0.0,0.0,1.0
arctic_embed_l_v2,Snowflake/snowflake-arctic-embed-l-v2.0,,en,person,person,joy,identity,joy,centroid_phrases,feeling joyful; feeling happy; feeling delighted,feeling joyful; feeling happy; feeling delighted,neutral_centroid,neutral; ordinary; plain; average,personas,vocabulary,personas,4,0.7753745913505554,0.05498465523123741,False,False,False,0.7516201674938202,0.0543688508681953,0.0,0.0,1.0
arctic_embed_l_v2,Snowflake/snowflake-arctic-embed-l-v2.0,,en,person,person,joy,identity,joy,centroid_phrases,feeling joyful; feeling happy; feeling delighted,feeling joyful; feeling happy; feeling delighted,neutral_centroid,neutral; ordinary; plain; average,people,vocabulary,people,5,0.7420032024383545,0.13579301536083221,False,False,False,0.7516201674938202,0.0543688508681953,0.0,0.0,1.0
arctic_embed_l_v2,Snowflake/snowflake-arctic-embed-l-v2.0,,en,person,person,joy,identity,joy,centroid_phrases,feeling joyful; feeling happy; feeling delighted,feeling joyful; feeling happy; feeling delighted,neutral_centroid,neutral; ordinary; plain; average,mensch,vocabulary,mensch,6,0.7180784940719604,0.006982635706663132,False,False,False,0.7516201674938202,0.0543688508681953,0.0,0.0,1.0
arctic_embed_l_v2,Snowflake/snowflake-arctic-embed-l-v2.0,,en,person,person,joy,identity,joy,centroid_phrases,feeling joyful; feeling happy; feeling delighted,feeling joyful; feeling happy; feeling delighted,neutral_centroid,neutral; ordinary; plain; average,inhabitant,vocabulary,inhabitant,7,0.6898117661476135,-0.012201781384646893,False,False,False,0.7516201674938202,0.0543688508681953,0.0,0.0,1.0
arctic_embed_l_v2,Snowflake/snowflake-arctic-embed-l-v2.0,,en,person,person,joy,identity,joy,centroid_phrases,feeling joyful; feeling happy; feeling delighted,feeling joyful; feeling happy; feeling delighted,neutral_centroid,neutral; ordinary; plain; average,personhood,vocabulary,personhood,8,0.6839118003845215,0.116207554936409,False,False,False,0.7516201674938202,0.0543688508681953,0.0,0.0,1.0
arctic_embed_l_v2,Snowflake/snowflake-arctic-embed-l-v2.0,,en,person,person,joy,identity,joy,centroid_phrases,feeling joyful; feeling happy; feeling delighted,feeling joyful; feeling happy; feeling delighted,neutral_centroid,neutral; ordinary; plain; average,personable,vocabulary,personable,9,0.6835271120071411,0.07585132122039795,False,False,False,0.7516201674938202,0.0543688508681953,0.0,0.0,1.0
arctic_embed_l_v2,Snowflake/snowflake-arctic-embed-l-v2.0,,en,person,person,joy,identity,joy,centroid_phrases,feeling joyful; feeling happy; feeling delighted,feeling joyful; feeling happy; feeling delighted,neutral_centroid,neutral; ordinary; plain; average,personality,vocabulary,personality,10,0.6756260395050049,0.08618009090423584,False,False,False,0.7516201674938202,0.0543688508681953,0.0,0.0,1.0
arctic_embed_l_v2,Snowflake/snowflake-arctic-embed-l-v2.0,,en,person,person,joy,random,joy,centroid_phrases,feeling joyful; feeling happy; feeling delighted,feeling joyful; feeling happy; feeling delighted,neutral_centroid,neutral; ordinary; plain; average,persona,vocabulary,persona,1,0.6293741464614868,-0.011694397777318954,False,False,False,0.5404056191444397,0.019174819719046353,0.0,1.0,0.9999999403953552
arctic_embed_l_v2,Snowflake/snowflake-arctic-embed-l-v2.0,,en,person,person,joy,random,joy,centroid_phrases,feeling joyful; feeling happy; feeling delighted,feeling joyful; feeling happy; feeling delighted,neutral_centroid,neutral; ordinary; plain; average,persons,vocabulary,persons,2,0.6025614142417908,0.003980578854680061,False,False,False,0.5404056191444397,0.019174819719046353,0.0,1.0,0.9999999403953552
arctic_embed_l_v2,Snowflake/snowflake-arctic-embed-l-v2.0,,en,person,person,joy,random,joy,centroid_phrases,feeling joyful; feeling happy; feeling delighted,feeling joyful; feeling happy; feeling delighted,neutral_centroid,neutral; ordinary; plain; average,someone,vocabulary,someone,3,0.596222996711731,0.0876048356294632,False,False,False,0.5404056191444397,0.019174819719046353,0.0,1.0,0.9999999403953552
arctic_embed_l_v2,Snowflake/snowflake-arctic-embed-l-v2.0,,en,person,person,joy,random,joy,centroid_phrases,feeling joyful; feeling happy; feeling delighted,feeling joyful; feeling happy; feeling delighted,neutral_centroid,neutral; ordinary; plain; average,personas,vocabulary,personas,4,0.5513970851898193,0.05498465523123741,False,False,False,0.5404056191444397,0.019174819719046353,0.0,1.0,0.9999999403953552
arctic_embed_l_v2,Snowflake/snowflake-arctic-embed-l-v2.0,,en,person,person,joy,random,joy,centroid_phrases,feeling joyful; feeling happy; feeling delighted,feeling joyful; feeling happy; feeling delighted,neutral_centroid,neutral; ordinary; plain; average,mensch,vocabulary,mensch,5,0.5346448421478271,0.006982635706663132,False,False,False,0.5404056191444397,0.019174819719046353,0.0,1.0,0.9999999403953552
arctic_embed_l_v2,Snowflake/snowflake-arctic-embed-l-v2.0,,en,person,person,joy,random,joy,centroid_phrases,feeling joyful; feeling happy; feeling delighted,feeling joyful; feeling happy; feeling delighted,neutral_centroid,neutral; ordinary; plain; average,people,vocabulary,people,6,0.5131167769432068,0.13579301536083221,False,False,False,0.5404056191444397,0.019174819719046353,0.0,1.0,0.9999999403953552
arctic_embed_l_v2,Snowflake/snowflake-arctic-embed-l-v2.0,,en,person,person,joy,random,joy,centroid_phrases,feeling joyful; feeling happy; feeling delighted,feeling joyful; feeling happy; feeling delighted,neutral_centroid,neutral; ordinary; plain; average,inhabitant,vocabulary,inhabitant,7,0.513020396232605,-0.012201781384646893,False,False,False,0.5404056191444397,0.019174819719046353,0.0,1.0,0.9999999403953552
arctic_embed_l_v2,Snowflake/snowflake-arctic-embed-l-v2.0,,en,person,person,joy,random,joy,centroid_phrases,feeling joyful; feeling happy; feeling delighted,feeling joyful; feeling happy; feeling delighted,neutral_centroid,neutral; ordinary; plain; average,noun,vocabulary,noun,8,0.49503621459007263,-0.08398415148258209,False,False,False,0.5404056191444397,0.019174819719046353,0.0,1.0,0.9999999403953552
arctic_embed_l_v2,Snowflake/snowflake-arctic-embed-l-v2.0,,en,person,person,joy,random,joy,centroid_phrases,feeling joyful; feeling happy; feeling delighted,feeling joyful; feeling happy; feeling delighted,neutral_centroid,neutral; ordinary; plain; average,pronoun,vocabulary,pronoun,9,0.48616519570350647,-0.06698732823133469,False,False,False,0.5404056191444397,0.019174819719046353,0.0,1.0,0.9999999403953552
arctic_embed_l_v2,Snowflake/snowflake-arctic-embed-l-v2.0,,en,person,person,joy,random,joy,centroid_phrases,feeling joyful; feeling happy; feeling delighted,feeling joyful; feeling happy; feeling delighted,neutral_centroid,neutral; ordinary; plain; average,somebody,vocabulary,somebody,10,0.4825171232223511,0.07727013528347015,False,False,False,0.5404056191444397,0.019174819719046353,0.0,1.0,0.9999999403953552
arctic_embed_l_v2,Snowflake/snowflake-arctic-embed-l-v2.0,,en,person,person,joy,shuffled_emotion,anger,centroid_phrases,feeling joyful; feeling happy; feeling delighted,feeling angry; feeling enraged; feeling irritated,neutral_centroid,neutral; ordinary; plain; average,feeling,vocabulary,feeling,1,0.5472111701965332,0.5394588708877563,False,False,False,0.49834699034690855,0.1844544444233179,0.0,1.099473476409912,1.0
arctic_embed_l_v2,Snowflake/snowflake-arctic-embed-l-v2.0,,en,person,person,joy,shuffled_emotion,anger,centroid_phrases,feeling joyful; feeling happy; feeling delighted,feeling angry; feeling enraged; feeling irritated,neutral_centroid,neutral; ordinary; plain; average,someone,vocabulary,someone,2,0.5381643772125244,0.0876048356294632,False,False,False,0.49834699034690855,0.1844544444233179,0.0,1.099473476409912,1.0
arctic_embed_l_v2,Snowflake/snowflake-arctic-embed-l-v2.0,,en,person,person,joy,shuffled_emotion,anger,centroid_phrases,feeling joyful; feeling happy; feeling delighted,feeling angry; feeling enraged; feeling irritated,neutral_centroid,neutral; ordinary; plain; average,people,vocabulary,people,3,0.5106609463691711,0.13579301536083221,False,False,False,0.49834699034690855,0.1844544444233179,0.0,1.099473476409912,1.0
arctic_embed_l_v2,Snowflake/snowflake-arctic-embed-l-v2.0,,en,person,person,joy,shuffled_emotion,anger,centroid_phrases,feeling joyful; feeling happy; feeling delighted,feeling angry; feeling enraged; feeling irritated,neutral_centroid,neutral; ordinary; plain; average,feelings,vocabulary,feelings,4,0.5045361518859863,0.455832839012146,False,False,False,0.49834699034690855,0.1844544444233179,0.0,1.099473476409912,1.0
arctic_embed_l_v2,Snowflake/snowflake-arctic-embed-l-v2.0,,en,person,person,joy,shuffled_emotion,anger,centroid_phrases,feeling joyful; feeling happy; feeling delighted,feeling angry; feeling enraged; feeling irritated,neutral_centroid,neutral; ordinary; plain; average,enraged,vocabulary,enraged,5,0.5012403130531311,0.13365083932876587,False,False,False,0.49834699034690855,0.1844544444233179,0.0,1.099473476409912,1.0
arctic_embed_l_v2,Snowflake/snowflake-arctic-embed-l-v2.0,,en,person,person,joy,shuffled_emotion,anger,centroid_phrases,feeling joyful; feeling happy; feeling delighted,feeling angry; feeling enraged; feeling irritated,neutral_centroid,neutral; ordinary; plain; average,persona,vocabulary,persona,6,0.495789110660553,-0.011694397777318954,False,False,False,0.49834699034690855,0.1844544444233179,0.0,1.099473476409912,1.0
arctic_embed_l_v2,Snowflake/snowflake-arctic-embed-l-v2.0,,en,person,person,joy,shuffled_emotion,anger,centroid_phrases,feeling joyful; feeling happy; feeling delighted,feeling angry; feeling enraged; feeling irritated,neutral_centroid,neutral; ordinary; plain; average,angry,vocabulary,angry,7,0.47923219203948975,0.12327554821968079,False,False,False,0.49834699034690855,0.1844544444233179,0.0,1.099473476409912,1.0
arctic_embed_l_v2,Snowflake/snowflake-arctic-embed-l-v2.0,,en,person,person,joy,shuffled_emotion,anger,centroid_phrases,feeling joyful; feeling happy; feeling delighted,feeling angry; feeling enraged; feeling irritated,neutral_centroid,neutral; ordinary; plain; average,angered,vocabulary,angered,8,0.47329074144363403,0.13646209239959717,False,False,False,0.49834699034690855,0.1844544444233179,0.0,1.099473476409912,1.0
arctic_embed_l_v2,Snowflake/snowflake-arctic-embed-l-v2.0,,en,person,person,joy,shuffled_emotion,anger,centroid_phrases,feeling joyful; feeling happy; feeling delighted,feeling angry; feeling enraged; feeling irritated,neutral_centroid,neutral; ordinary; plain; average,infuriated,vocabulary,infuriated,9,0.4670723080635071,0.14329418540000916,False,False,False,0.49834699034690855,0.1844544444233179,0.0,1.099473476409912,1.0
arctic_embed_l_v2,Snowflake/snowflake-arctic-embed-l-v2.0,,en,person,person,joy,shuffled_emotion,anger,centroid_phrases,feeling joyful; feeling happy; feeling delighted,feeling angry; feeling enraged; feeling irritated,neutral_centroid,neutral; ordinary; plain; average,anger,vocabulary,anger,10,0.46627259254455566,0.10086661577224731,False,False,False,0.49834699034690855,0.1844544444233179,0.0,1.099473476409912,1.0
arctic_embed_l_v2,Snowflake/snowflake-arctic-embed-l-v2.0,,en,person,person,anger,emotion,anger,centroid_phrases,feeling angry; feeling enraged; feeling irritated,feeling angry; feeling enraged; feeling irritated,neutral_centroid,neutral; ordinary; plain; average,feeling,vocabulary,feeling,1,0.5472111701965332,0.5498647093772888,False,False,False,0.49834699034690855,0.31002917166333643,0.0,1.099473476409912,1.0
arctic_embed_l_v2,Snowflake/snowflake-arctic-embed-l-v2.0,,en,person,person,anger,emotion,anger,centroid_phrases,feeling angry; feeling enraged; feeling irritated,feeling angry; feeling enraged; feeling irritated,neutral_centroid,neutral; ordinary; plain; average,someone,vocabulary,someone,2,0.5381643772125244,0.09265367686748505,False,False,False,0.49834699034690855,0.31002917166333643,0.0,1.099473476409912,1.0
arctic_embed_l_v2,Snowflake/snowflake-arctic-embed-l-v2.0,,en,person,person,anger,emotion,anger,centroid_phrases,feeling angry; feeling enraged; feeling irritated,feeling angry; feeling enraged; feeling irritated,neutral_centroid,neutral; ordinary; plain; average,people,vocabulary,people,3,0.5106609463691711,0.1419002264738083,False,False,False,0.49834699034690855,0.31002917166333643,0.0,1.099473476409912,1.0
arctic_embed_l_v2,Snowflake/snowflake-arctic-embed-l-v2.0,,en,person,person,anger,emotion,anger,centroid_phrases,feeling angry; feeling enraged; feeling irritated,feeling angry; feeling enraged; feeling irritated,neutral_centroid,neutral; ordinary; plain; average,feelings,vocabulary,feelings,4,0.5045361518859863,0.4866599142551422,False,False,False,0.49834699034690855,0.31002917166333643,0.0,1.099473476409912,1.0
arctic_embed_l_v2,Snowflake/snowflake-arctic-embed-l-v2.0,,en,person,person,anger,emotion,anger,centroid_phrases,feeling angry; feeling enraged; feeling irritated,feeling angry; feeling enraged; feeling irritated,neutral_centroid,neutral; ordinary; plain; average,enraged,vocabulary,enraged,5,0.5012403130531311,0.3754536807537079,False,False,False,0.49834699034690855,0.31002917166333643,0.0,1.099473476409912,1.0
arctic_embed_l_v2,Snowflake/snowflake-arctic-embed-l-v2.0,,en,person,person,anger,emotion,anger,centroid_phrases,feeling angry; feeling enraged; feeling irritated,feeling angry; feeling enraged; feeling irritated,neutral_centroid,neutral; ordinary; plain; average,persona,vocabulary,persona,6,0.495789110660553,0.0011265750508755445,False,False,False,0.49834699034690855,0.31002917166333643,0.0,1.099473476409912,1.0
arctic_embed_l_v2,Snowflake/snowflake-arctic-embed-l-v2.0,,en,person,person,anger,emotion,anger,centroid_phrases,feeling angry; feeling enraged; feeling irritated,feeling angry; feeling enraged; feeling irritated,neutral_centroid,neutral; ordinary; plain; average,angry,vocabulary,angry,7,0.47923219203948975,0.396100789308548,False,False,False,0.49834699034690855,0.31002917166333643,0.0,1.099473476409912,1.0
arctic_embed_l_v2,Snowflake/snowflake-arctic-embed-l-v2.0,,en,person,person,anger,emotion,anger,centroid_phrases,feeling angry; feeling enraged; feeling irritated,feeling angry; feeling enraged; feeling irritated,neutral_centroid,neutral; ordinary; plain; average,angered,vocabulary,angered,8,0.47329074144363403,0.39854931831359863,False,False,False,0.49834699034690855,0.31002917166333643,0.0,1.099473476409912,1.0
arctic_embed_l_v2,Snowflake/snowflake-arctic-embed-l-v2.0,,en,person,person,anger,emotion,anger,centroid_phrases,feeling angry; feeling enraged; feeling irritated,feeling angry; feeling enraged; feeling irritated,neutral_centroid,neutral; ordinary; plain; average,infuriated,vocabulary,infuriated,9,0.4670723080635071,0.32734233140945435,False,False,False,0.49834699034690855,0.31002917166333643,0.0,1.099473476409912,1.0
arctic_embed_l_v2,Snowflake/snowflake-arctic-embed-l-v2.0,,en,person,person,anger,emotion,anger,centroid_phrases,feeling angry; feeling enraged; feeling irritated,feeling angry; feeling enraged; feeling irritated,neutral_centroid,neutral; ordinary; plain; average,anger,vocabulary,anger,10,0.46627259254455566,0.3306404948234558,False,False,False,0.49834699034690855,0.31002917166333643,0.0,1.099473476409912,1.0
arctic_embed_l_v2,Snowflake/snowflake-arctic-embed-l-v2.0,,en,person,person,anger,identity,anger,centroid_phrases,feeling angry; feeling enraged; feeling irritated,feeling angry; feeling enraged; feeling irritated,neutral_centroid,neutral; ordinary; plain; average,persona,vocabulary,persona,1,0.8769800662994385,0.0011265750508755445,False,False,False,0.7516201674938202,0.05402435217984021,0.0,0.0,1.0
arctic_embed_l_v2,Snowflake/snowflake-arctic-embed-l-v2.0,,en,person,person,anger,identity,anger,centroid_phrases,feeling angry; feeling enraged; feeling irritated,feeling angry; feeling enraged; feeling irritated,neutral_centroid,neutral; ordinary; plain; average,persons,vocabulary,persons,2,0.8381227254867554,-0.00892638973891735,False,False,False,0.7516201674938202,0.05402435217984021,0.0,0.0,1.0
arctic_embed_l_v2,Snowflake/snowflake-arctic-embed-l-v2.0,,en,person,person,anger,identity,anger,centroid_phrases,feeling angry; feeling enraged; feeling irritated,feeling angry; feeling enraged; feeling irritated,neutral_centroid,neutral; ordinary; plain; average,someone,vocabulary,someone,3,0.8327658772468567,0.09265367686748505,False,False,False,0.7516201674938202,0.05402435217984021,0.0,0.0,1.0
arctic_embed_l_v2,Snowflake/snowflake-arctic-embed-l-v2.0,,en,person,person,anger,identity,anger,centroid_phrases,feeling angry; feeling enraged; feeling irritated,feeling angry; feeling enraged; feeling irritated,neutral_centroid,neutral; ordinary; plain; average,personas,vocabulary,personas,4,0.7753745913505554,0.04726307839155197,False,False,False,0.7516201674938202,0.05402435217984021,0.0,0.0,1.0
arctic_embed_l_v2,Snowflake/snowflake-arctic-embed-l-v2.0,,en,person,person,anger,identity,anger,centroid_phrases,feeling angry; feeling enraged; feeling irritated,feeling angry; feeling enraged; feeling irritated,neutral_centroid,neutral; ordinary; plain; average,people,vocabulary,people,5,0.7420032024383545,0.1419002264738083,False,False,False,0.7516201674938202,0.05402435217984021,0.0,0.0,1.0
arctic_embed_l_v2,Snowflake/snowflake-arctic-embed-l-v2.0,,en,person,person,anger,identity,anger,centroid_phrases,feeling angry; feeling enraged; feeling irritated,feeling angry; feeling enraged; feeling irritated,neutral_centroid,neutral; ordinary; plain; average,mensch,vocabulary,mensch,6,0.7180784940719604,-0.003152165561914444,False,False,False,0.7516201674938202,0.05402435217984021,0.0,0.0,1.0
arctic_embed_l_v2,Snowflake/snowflake-arctic-embed-l-v2.0,,en,person,person,anger,identity,anger,centroid_phrases,feeling angry; feeling enraged; feeling irritated,feeling angry; feeling enraged; feeling irritated,neutral_centroid,neutral; ordinary; plain; average,inhabitant,vocabulary,inhabitant,7,0.6898117661476135,-0.0024148004595190287,False,False,False,0.7516201674938202,0.05402435217984021,0.0,0.0,1.0
arctic_embed_l_v2,Snowflake/snowflake-arctic-embed-l-v2.0,,en,person,person,anger,identity,anger,centroid_phrases,feeling angry; feeling enraged; feeling irritated,feeling angry; feeling enraged; feeling irritated,neutral_centroid,neutral; ordinary; plain; average,personhood,vocabulary,personhood,8,0.6839118003845215,0.12423473596572876,False,False,False,0.7516201674938202,0.05402435217984021,0.0,0.0,1.0
arctic_embed_l_v2,Snowflake/snowflake-arctic-embed-l-v2.0,,en,person,person,anger,identity,anger,centroid_phrases,feeling angry; feeling enraged; feeling irritated,feeling angry; feeling enraged; feeling irritated,neutral_centroid,neutral; ordinary; plain; average,personable,vocabulary,personable,9,0.6835271120071411,0.03065161406993866,False,False,False,0.7516201674938202,0.05402435217984021,0.0,0.0,1.0
arctic_embed_l_v2,Snowflake/snowflake-arctic-embed-l-v2.0,,en,person,person,anger,identity,anger,centroid_phrases,feeling angry; feeling enraged; feeling irritated,feeling angry; feeling enraged; feeling irritated,neutral_centroid,neutral; ordinary; plain; average,personality,vocabulary,personality,10,0.6756260395050049,0.11690697073936462,False,False,False,0.7516201674938202,0.05402435217984021,0.0,0.0,1.0
arctic_embed_l_v2,Snowflake/snowflake-arctic-embed-l-v2.0,,en,person,person,anger,random,anger,centroid_phrases,feeling angry; feeling enraged; feeling irritated,feeling angry; feeling enraged; feeling irritated,neutral_centroid,neutral; ordinary; plain; average,persons,vocabulary,persons,1,0.628858208656311,-0.00892638973891735,False,False,False,0.5522064566612244,0.041156598227098586,0.0,1.0,1.0
arctic_embed_l_v2,Snowflake/snowflake-arctic-embed-l-v2.0,,en,person,person,anger,random,anger,centroid_phrases,feeling angry; feeling enraged; feeling irritated,feeling angry; feeling enraged; feeling irritated,neutral_centroid,neutral; ordinary; plain; average,persona,vocabulary,persona,2,0.6215226054191589,0.0011265750508755445,False,False,False,0.5522064566612244,0.041156598227098586,0.0,1.0,1.0
arctic_embed_l_v2,Snowflake/snowflake-arctic-embed-l-v2.0,,en,person,person,anger,random,anger,centroid_phrases,feeling angry; feeling enraged; feeling irritated,feeling angry; feeling enraged; feeling irritated,neutral_centroid,neutral; ordinary; plain; average,someone,vocabulary,someone,3,0.6047695875167847,0.09265367686748505,False,False,False,0.5522064566612244,0.041156598227098586,0.0,1.0,1.0
arctic_embed_l_v2,Snowflake/snowflake-arctic-embed-l-v2.0,,en,person,person,anger,random,anger,centroid_phrases,feeling angry; feeling enraged; feeling irritated,feeling angry; feeling enraged; feeling irritated,neutral_centroid,neutral; ordinary; plain; average,personas,vocabulary,personas,4,0.5800391435623169,0.04726307839155197,False,False,False,0.5522064566612244,0.041156598227098586,0.0,1.0,1.0
arctic_embed_l_v2,Snowflake/snowflake-arctic-embed-l-v2.0,,en,person,person,anger,random,anger,centroid_phrases,feeling angry; feeling enraged; feeling irritated,feeling angry; feeling enraged; feeling irritated,neutral_centroid,neutral; ordinary; plain; average,people,vocabulary,people,5,0.5536559224128723,0.1419002264738083,False,False,False,0.5522064566612244,0.041156598227098586,0.0,1.0,1.0
arctic_embed_l_v2,Snowflake/snowflake-arctic-embed-l-v2.0,,en,person,person,anger,random,anger,centroid_phrases,feeling angry; feeling enraged; feeling irritated,feeling angry; feeling enraged; feeling irritated,neutral_centroid,neutral; ordinary; plain; average,mensch,vocabulary,mensch,6,0.5133212804794312,-0.003152165561914444,False,False,False,0.5522064566612244,0.041156598227098586,0.0,1.0,1.0
arctic_embed_l_v2,Snowflake/snowflake-arctic-embed-l-v2.0,,en,person,person,anger,random,anger,centroid_phrases,feeling angry; feeling enraged; feeling irritated,feeling angry; feeling enraged; feeling irritated,neutral_centroid,neutral; ordinary; plain; average,inhabitant,vocabulary,inhabitant,7,0.5114238858222961,-0.0024148004595190287,False,False,False,0.5522064566612244,0.041156598227098586,0.0,1.0,1.0
arctic_embed_l_v2,Snowflake/snowflake-arctic-embed-l-v2.0,,en,person,person,anger,random,anger,centroid_phrases,feeling angry; feeling enraged; feeling irritated,feeling angry; feeling enraged; feeling irritated,neutral_centroid,neutral; ordinary; plain; average,peoples,vocabulary,peoples,8,0.5095077157020569,0.13510984182357788,False,False,False,0.5522064566612244,0.041156598227098586,0.0,1.0,1.0
arctic_embed_l_v2,Snowflake/snowflake-arctic-embed-l-v2.0,,en,person,person,anger,random,anger,centroid_phrases,feeling angry; feeling enraged; feeling irritated,feeling angry; feeling enraged; feeling irritated,neutral_centroid,neutral; ordinary; plain; average,appointee,vocabulary,appointee,9,0.5016142725944519,-0.0318426638841629,False,False,False,0.5522064566612244,0.041156598227098586,0.0,1.0,1.0
arctic_embed_l_v2,Snowflake/snowflake-arctic-embed-l-v2.0,,en,person,person,anger,random,anger,centroid_phrases,feeling angry; feeling enraged; feeling irritated,feeling angry; feeling enraged; feeling irritated,neutral_centroid,neutral; ordinary; plain; average,communicator,vocabulary,communicator,10,0.4973519444465637,0.039848603308200836,False,False,False,0.5522064566612244,0.041156598227098586,0.0,1.0,1.0
arctic_embed_l_v2,Snowflake/snowflake-arctic-embed-l-v2.0,,en,person,person,anger,shuffled_emotion,fear,centroid_phrases,feeling angry; feeling enraged; feeling irritated,feeling afraid; feeling anxious; feeling terrified,neutral_centroid,neutral; ordinary; plain; average,feeling,vocabulary,feeling,1,0.5676128268241882,0.5498647093772888,False,False,False,0.5019688129425048,0.24567833642940967,0.0,1.1305880546569824,0.9999999403953552
arctic_embed_l_v2,Snowflake/snowflake-arctic-embed-l-v2.0,,en,person,person,anger,shuffled_emotion,fear,centroid_phrases,feeling angry; feeling enraged; feeling irritated,feeling afraid; feeling anxious; feeling terrified,neutral_centroid,neutral; ordinary; plain; average,someone,vocabulary,someone,2,0.5211159586906433,0.09265367686748505,False,False,False,0.5019688129425048,0.24567833642940967,0.0,1.1305880546569824,0.9999999403953552
arctic_embed_l_v2,Snowflake/snowflake-arctic-embed-l-v2.0,,en,person,person,anger,shuffled_emotion,fear,centroid_phrases,feeling angry; feeling enraged; feeling irritated,feeling afraid; feeling anxious; feeling terrified,neutral_centroid,neutral; ordinary; plain; average,people,vocabulary,people,3,0.520942747592926,0.1419002264738083,False,False,False,0.5019688129425048,0.24567833642940967,0.0,1.1305880546569824,0.9999999403953552
arctic_embed_l_v2,Snowflake/snowflake-arctic-embed-l-v2.0,,en,person,person,anger,shuffled_emotion,fear,centroid_phrases,feeling angry; feeling enraged; feeling irritated,feeling afraid; feeling anxious; feeling terrified,neutral_centroid,neutral; ordinary; plain; average,feelings,vocabulary,feelings,4,0.5091381669044495,0.4866599142551422,False,False,False,0.5019688129425048,0.24567833642940967,0.0,1.1305880546569824,0.9999999403953552
arctic_embed_l_v2,Snowflake/snowflake-arctic-embed-l-v2.0,,en,person,person,anger,shuffled_emotion,fear,centroid_phrases,feeling angry; feeling enraged; feeling irritated,feeling afraid; feeling anxious; feeling terrified,neutral_centroid,neutral; ordinary; plain; average,terrified,vocabulary,terrified,5,0.4998471438884735,0.2942487597465515,False,False,False,0.5019688129425048,0.24567833642940967,0.0,1.1305880546569824,0.9999999403953552
arctic_embed_l_v2,Snowflake/snowflake-arctic-embed-l-v2.0,,en,person,person,anger,shuffled_emotion,fear,centroid_phrases,feeling angry; feeling enraged; feeling irritated,feeling afraid; feeling anxious; feeling terrified,neutral_centroid,neutral; ordinary; plain; average,fearing,vocabulary,fearing,6,0.49119842052459717,0.2840351164340973,False,False,False,0.5019688129425048,0.24567833642940967,0.0,1.1305880546569824,0.9999999403953552
arctic_embed_l_v2,Snowflake/snowflake-arctic-embed-l-v2.0,,en,person,person,anger,shuffled_emotion,fear,centroid_phrases,feeling angry; feeling enraged; feeling irritated,feeling afraid; feeling anxious; feeling terrified,neutral_centroid,neutral; ordinary; plain; average,persona,vocabulary,persona,7,0.4891222417354584,0.0011265750508755445,False,False,False,0.5019688129425048,0.24567833642940967,0.0,1.1305880546569824,0.9999999403953552
arctic_embed_l_v2,Snowflake/snowflake-arctic-embed-l-v2.0,,en,person,person,anger,shuffled_emotion,fear,centroid_phrases,feeling angry; feeling enraged; feeling irritated,feeling afraid; feeling anxious; feeling terrified,neutral_centroid,neutral; ordinary; plain; average,feel,vocabulary,feel,8,0.4777791202068329,0.4347965717315674,False,False,False,0.5019688129425048,0.24567833642940967,0.0,1.1305880546569824,0.9999999403953552
arctic_embed_l_v2,Snowflake/snowflake-arctic-embed-l-v2.0,,en,person,person,anger,shuffled_emotion,fear,centroid_phrases,feeling angry; feeling enraged; feeling irritated,feeling afraid; feeling anxious; feeling terrified,neutral_centroid,neutral; ordinary; plain; average,personas,vocabulary,personas,9,0.47203776240348816,0.04726307839155197,False,False,False,0.5019688129425048,0.24567833642940967,0.0,1.1305880546569824,0.9999999403953552
arctic_embed_l_v2,Snowflake/snowflake-arctic-embed-l-v2.0,,en,person,person,anger,shuffled_emotion,fear,centroid_phrases,feeling angry; feeling enraged; feeling irritated,feeling afraid; feeling anxious; feeling terrified,neutral_centroid,neutral; ordinary; plain; average,personhood,vocabulary,personhood,10,0.4708937406539917,0.12423473596572876,False,False,False,0.5019688129425048,0.24567833642940967,0.0,1.1305880546569824,0.9999999403953552
arctic_embed_l_v2,Snowflake/snowflake-arctic-embed-l-v2.0,,en,person,person,fear,emotion,fear,centroid_phrases,feeling afraid; feeling anxious; feeling terrified,feeling afraid; feeling anxious; feeling terrified,neutral_centroid,neutral; ordinary; plain; average,feeling,vocabulary,feeling,1,0.5676128268241882,0.5701247453689575,False,False,False,0.5019688129425048,0.2863593517336994,0.0,1.1305880546569824,0.9999999403953552
arctic_embed_l_v2,Snowflake/snowflake-arctic-embed-l-v2.0,,en,person,person,fear,emotion,fear,centroid_phrases,feeling afraid; feeling anxious; feeling terrified,feeling afraid; feeling anxious; feeling terrified,neutral_centroid,neutral; ordinary; plain; average,someone,vocabulary,someone,2,0.5211159586906433,0.08024042099714279,False,False,False,0.5019688129425048,0.2863593517336994,0.0,1.1305880546569824,0.9999999403953552
arctic_embed_l_v2,Snowflake/snowflake-arctic-embed-l-v2.0,,en,person,person,fear,emotion,fear,centroid_phrases,feeling afraid; feeling anxious; feeling terrified,feeling afraid; feeling anxious; feeling terrified,neutral_centroid,neutral; ordinary; plain; average,people,vocabulary,people,3,0.520942747592926,0.16031141579151154,False,False,False,0.5019688129425048,0.2863593517336994,0.0,1.1305880546569824,0.9999999403953552
arctic_embed_l_v2,Snowflake/snowflake-arctic-embed-l-v2.0,,en,person,person,fear,emotion,fear,centroid_phrases,feeling afraid; feeling anxious; feeling terrified,feeling afraid; feeling anxious; feeling terrified,neutral_centroid,neutral; ordinary; plain; average,feelings,vocabulary,feelings,4,0.5091381669044495,0.4886013865470886,False,False,False,0.5019688129425048,0.2863593517336994,0.0,1.1305880546569824,0.9999999403953552
arctic_embed_l_v2,Snowflake/snowflake-arctic-embed-l-v2.0,,en,person,person,fear,emotion,fear,centroid_phrases,feeling afraid; feeling anxious; feeling terrified,feeling afraid; feeling anxious; feeling terrified,neutral_centroid,neutral; ordinary; plain; average,terrified,vocabulary,terrified,5,0.4998471438884735,0.4483995735645294,False,False,False,0.5019688129425048,0.2863593517336994,0.0,1.1305880546569824,0.9999999403953552
arctic_embed_l_v2,Snowflake/snowflake-arctic-embed-l-v2.0,,en,person,person,fear,emotion,fear,centroid_phrases,feeling afraid; feeling anxious; feeling terrified,feeling afraid; feeling anxious; feeling terrified,neutral_centroid,neutral; ordinary; plain; average,fearing,vocabulary,fearing,6,0.49119842052459717,0.4148925244808197,False,False,False,0.5019688129425048,0.2863593517336994,0.0,1.1305880546569824,0.9999999403953552
arctic_embed_l_v2,Snowflake/snowflake-arctic-embed-l-v2.0,,en,person,person,fear,emotion,fear,centroid_phrases,feeling afraid; feeling anxious; feeling terrified,feeling afraid; feeling anxious; feeling terrified,neutral_centroid,neutral; ordinary; plain; average,persona,vocabulary,persona,7,0.4891222417354584,0.002662769053131342,False,False,False,0.5019688129425048,0.2863593517336994,0.0,1.1305880546569824,0.9999999403953552
arctic_embed_l_v2,Snowflake/snowflake-arctic-embed-l-v2.0,,en,person,person,fear,emotion,fear,centroid_phrases,feeling afraid; feeling anxious; feeling terrified,feeling afraid; feeling anxious; feeling terrified,neutral_centroid,neutral; ordinary; plain; average,feel,vocabulary,feel,8,0.4777791202068329,0.47485917806625366,False,False,False,0.5019688129425048,0.2863593517336994,0.0,1.1305880546569824,0.9999999403953552
arctic_embed_l_v2,Snowflake/snowflake-arctic-embed-l-v2.0,,en,person,person,fear,emotion,fear,centroid_phrases,feeling afraid; feeling anxious; feeling terrified,feeling afraid; feeling anxious; feeling terrified,neutral_centroid,neutral; ordinary; plain; average,personas,vocabulary,personas,9,0.47203776240348816,0.07198934257030487,False,False,False,0.5019688129425048,0.2863593517336994,0.0,1.1305880546569824,0.9999999403953552
arctic_embed_l_v2,Snowflake/snowflake-arctic-embed-l-v2.0,,en,person,person,fear,emotion,fear,centroid_phrases,feeling afraid; feeling anxious; feeling terrified,feeling afraid; feeling anxious; feeling terrified,neutral_centroid,neutral; ordinary; plain; average,personhood,vocabulary,personhood,10,0.4708937406539917,0.15151216089725494,False,False,False,0.5019688129425048,0.2863593517336994,0.0,1.1305880546569824,0.9999999403953552
arctic_embed_l_v2,Snowflake/snowflake-arctic-embed-l-v2.0,,en,person,person,fear,identity,fear,centroid_phrases,feeling afraid; feeling anxious; feeling terrified,feeling afraid; feeling anxious; feeling terrified,neutral_centroid,neutral; ordinary; plain; average,persona,vocabulary,persona,1,0.8769800662994385,0.002662769053131342,False,False,False,0.7516201674938202,0.0513239671010524,0.0,0.0,1.0
arctic_embed_l_v2,Snowflake/snowflake-arctic-embed-l-v2.0,,en,person,person,fear,identity,fear,centroid_phrases,feeling afraid; feeling anxious; feeling terrified,feeling afraid; feeling anxious; feeling terrified,neutral_centroid,neutral; ordinary; plain; average,persons,vocabulary,persons,2,0.8381227254867554,-0.013159341178834438,False,False,False,0.7516201674938202,0.0513239671010524,0.0,0.0,1.0
arctic_embed_l_v2,Snowflake/snowflake-arctic-embed-l-v2.0,,en,person,person,fear,identity,fear,centroid_phrases,feeling afraid; feeling anxious; feeling terrified,feeling afraid; feeling anxious; feeling terrified,neutral_centroid,neutral; ordinary; plain; average,someone,vocabulary,someone,3,0.8327658772468567,0.08024042099714279,False,False,False,0.7516201674938202,0.0513239671010524,0.0,0.0,1.0
arctic_embed_l_v2,Snowflake/snowflake-arctic-embed-l-v2.0,,en,person,person,fear,identity,fear,centroid_phrases,feeling afraid; feeling anxious; feeling terrified,feeling afraid; feeling anxious; feeling terrified,neutral_centroid,neutral; ordinary; plain; average,personas,vocabulary,personas,4,0.7753745913505554,0.07198934257030487,False,False,False,0.7516201674938202,0.0513239671010524,0.0,0.0,1.0
arctic_embed_l_v2,Snowflake/snowflake-arctic-embed-l-v2.0,,en,person,person,fear,identity,fear,centroid_phrases,feeling afraid; feeling anxious; feeling terrified,feeling afraid; feeling anxious; feeling terrified,neutral_centroid,neutral; ordinary; plain; average,people,vocabulary,people,5,0.7420032024383545,0.16031141579151154,False,False,False,0.7516201674938202,0.0513239671010524,0.0,0.0,1.0
arctic_embed_l_v2,Snowflake/snowflake-arctic-embed-l-v2.0,,en,person,person,fear,identity,fear,centroid_phrases,feeling afraid; feeling anxious; feeling terrified,feeling afraid; feeling anxious; feeling terrified,neutral_centroid,neutral; ordinary; plain; average,mensch,vocabulary,mensch,6,0.7180784940719604,0.0233420692384243,False,False,False,0.7516201674938202,0.0513239671010524,0.0,0.0,1.0
arctic_embed_l_v2,Snowflake/snowflake-arctic-embed-l-v2.0,,en,person,person,fear,identity,fear,centroid_phrases,feeling afraid; feeling anxious; feeling terrified,feeling afraid; feeling anxious; feeling terrified,neutral_centroid,neutral; ordinary; plain; average,inhabitant,vocabulary,inhabitant,7,0.6898117661476135,-0.03712748363614082,False,False,False,0.7516201674938202,0.0513239671010524,0.0,0.0,1.0
arctic_embed_l_v2,Snowflake/snowflake-arctic-embed-l-v2.0,,en,person,person,fear,identity,fear,centroid_phrases,feeling afraid; feeling anxious; feeling terrified,feeling afraid; feeling anxious; feeling terrified,neutral_centroid,neutral; ordinary; plain; average,personhood,vocabulary,personhood,8,0.6839118003845215,0.15151216089725494,False,False,False,0.7516201674938202,0.0513239671010524,0.0,0.0,1.0
arctic_embed_l_v2,Snowflake/snowflake-arctic-embed-l-v2.0,,en,person,person,fear,identity,fear,centroid_phrases,feeling afraid; feeling anxious; feeling terrified,feeling afraid; feeling anxious; feeling terrified,neutral_centroid,neutral; ordinary; plain; average,personable,vocabulary,personable,9,0.6835271120071411,-0.00751135777682066,False,False,False,0.7516201674938202,0.0513239671010524,0.0,0.0,1.0
arctic_embed_l_v2,Snowflake/snowflake-arctic-embed-l-v2.0,,en,person,person,fear,identity,fear,centroid_phrases,feeling afraid; feeling anxious; feeling terrified,feeling afraid; feeling anxious; feeling terrified,neutral_centroid,neutral; ordinary; plain; average,personality,vocabulary,personality,10,0.6756260395050049,0.08097967505455017,False,False,False,0.7516201674938202,0.0513239671010524,0.0,0.0,1.0
arctic_embed_l_v2,Snowflake/snowflake-arctic-embed-l-v2.0,,en,person,person,fear,random,fear,centroid_phrases,feeling afraid; feeling anxious; feeling terrified,feeling afraid; feeling anxious; feeling terrified,neutral_centroid,neutral; ordinary; plain; average,persona,vocabulary,persona,1,0.6174758076667786,0.002662769053131342,False,False,False,0.5370810329914093,0.050737424613907935,0.0,0.9999999403953552,1.0
arctic_embed_l_v2,Snowflake/snowflake-arctic-embed-l-v2.0,,en,person,person,fear,random,fear,centroid_phrases,feeling afraid; feeling anxious; feeling terrified,feeling afraid; feeling anxious; feeling terrified,neutral_centroid,neutral; ordinary; plain; average,someone,vocabulary,someone,2,0.593447208404541,0.08024042099714279,False,False,False,0.5370810329914093,0.050737424613907935,0.0,0.9999999403953552,1.0
arctic_embed_l_v2,Snowflake/snowflake-arctic-embed-l-v2.0,,en,person,person,fear,random,fear,centroid_phrases,feeling afraid; feeling anxious; feeling terrified,feeling afraid; feeling anxious; feeling terrified,neutral_centroid,neutral; ordinary; plain; average,persons,vocabulary,persons,3,0.5778290033340454,-0.013159341178834438,False,False,False,0.5370810329914093,0.050737424613907935,0.0,0.9999999403953552,1.0
arctic_embed_l_v2,Snowflake/snowflake-arctic-embed-l-v2.0,,en,person,person,fear,random,fear,centroid_phrases,feeling afraid; feeling anxious; feeling terrified,feeling afraid; feeling anxious; feeling terrified,neutral_centroid,neutral; ordinary; plain; average,personas,vocabulary,personas,4,0.549209713935852,0.07198934257030487,False,False,False,0.5370810329914093,0.050737424613907935,0.0,0.9999999403953552,1.0
arctic_embed_l_v2,Snowflake/snowflake-arctic-embed-l-v2.0,,en,person,person,fear,random,fear,centroid_phrases,feeling afraid; feeling anxious; feeling terrified,feeling afraid; feeling anxious; feeling terrified,neutral_centroid,neutral; ordinary; plain; average,people,vocabulary,people,5,0.541571319103241,0.16031141579151154,False,False,False,0.5370810329914093,0.050737424613907935,0.0,0.9999999403953552,1.0
arctic_embed_l_v2,Snowflake/snowflake-arctic-embed-l-v2.0,,en,person,person,fear,random,fear,centroid_phrases,feeling afraid; feeling anxious; feeling terrified,feeling afraid; feeling anxious; feeling terrified,neutral_centroid,neutral; ordinary; plain; average,mensch,vocabulary,mensch,6,0.507292628288269,0.0233420692384243,False,False,False,0.5370810329914093,0.050737424613907935,0.0,0.9999999403953552,1.0
arctic_embed_l_v2,Snowflake/snowflake-arctic-embed-l-v2.0,,en,person,person,fear,random,fear,centroid_phrases,feeling afraid; feeling anxious; feeling terrified,feeling afraid; feeling anxious; feeling terrified,neutral_centroid,neutral; ordinary; plain; average,personality,vocabulary,personality,7,0.5063344836235046,0.08097967505455017,False,False,False,0.5370810329914093,0.050737424613907935,0.0,0.9999999403953552,1.0
arctic_embed_l_v2,Snowflake/snowflake-arctic-embed-l-v2.0,,en,person,person,fear,random,fear,centroid_phrases,feeling afraid; feeling anxious; feeling terrified,feeling afraid; feeling anxious; feeling terrified,neutral_centroid,neutral; ordinary; plain; average,personable,vocabulary,personable,8,0.4963850677013397,-0.00751135777682066,False,False,False,0.5370810329914093,0.050737424613907935,0.0,0.9999999403953552,1.0
arctic_embed_l_v2,Snowflake/snowflake-arctic-embed-l-v2.0,,en,person,person,fear,random,fear,centroid_phrases,feeling afraid; feeling anxious; feeling terrified,feeling afraid; feeling anxious; feeling terrified,neutral_centroid,neutral; ordinary; plain; average,inhabitant,vocabulary,inhabitant,9,0.49569812417030334,-0.03712748363614082,False,False,False,0.5370810329914093,0.050737424613907935,0.0,0.9999999403953552,1.0
arctic_embed_l_v2,Snowflake/snowflake-arctic-embed-l-v2.0,,en,person,person,fear,random,fear,centroid_phrases,feeling afraid; feeling anxious; feeling terrified,feeling afraid; feeling anxious; feeling terrified,neutral_centroid,neutral; ordinary; plain; average,peoples,vocabulary,peoples,10,0.48556697368621826,0.14564673602581024,False,False,False,0.5370810329914093,0.050737424613907935,0.0,0.9999999403953552,1.0
arctic_embed_l_v2,Snowflake/snowflake-arctic-embed-l-v2.0,,en,person,person,fear,shuffled_emotion,amusement,centroid_phrases,feeling afraid; feeling anxious; feeling terrified,feeling amused; feeling entertained; feeling playful,neutral_centroid,neutral; ordinary; plain; average,someone,vocabulary,someone,1,0.6231527328491211,0.08024042099714279,False,False,False,0.5580835819244385,0.14293328444473447,0.0,0.9991812705993652,1.0
arctic_embed_l_v2,Snowflake/snowflake-arctic-embed-l-v2.0,,en,person,person,fear,shuffled_emotion,amusement,centroid_phrases,feeling afraid; feeling anxious; feeling terrified,feeling amused; feeling entertained; feeling playful,neutral_centroid,neutral; ordinary; plain; average,persona,vocabulary,persona,2,0.5795600414276123,0.002662769053131342,False,False,False,0.5580835819244385,0.14293328444473447,0.0,0.9991812705993652,1.0
arctic_embed_l_v2,Snowflake/snowflake-arctic-embed-l-v2.0,,en,person,person,fear,shuffled_emotion,amusement,centroid_phrases,feeling afraid; feeling anxious; feeling terrified,feeling amused; feeling entertained; feeling playful,neutral_centroid,neutral; ordinary; plain; average,persons,vocabulary,persons,3,0.5599402189254761,-0.013159341178834438,False,False,False,0.5580835819244385,0.14293328444473447,0.0,0.9991812705993652,1.0
arctic_embed_l_v2,Snowflake/snowflake-arctic-embed-l-v2.0,,en,person,person,fear,shuffled_emotion,amusement,centroid_phrases,feeling afraid; feeling anxious; feeling terrified,feeling amused; feeling entertained; feeling playful,neutral_centroid,neutral; ordinary; plain; average,entertaining,vocabulary,entertaining,4,0.5594182014465332,0.12922266125679016,False,False,False,0.5580835819244385,0.14293328444473447,0.0,0.9991812705993652,1.0
arctic_embed_l_v2,Snowflake/snowflake-arctic-embed-l-v2.0,,en,person,person,fear,shuffled_emotion,amusement,centroid_phrases,feeling afraid; feeling anxious; feeling terrified,feeling amused; feeling entertained; feeling playful,neutral_centroid,neutral; ordinary; plain; average,people,vocabulary,people,5,0.5573574304580688,0.16031141579151154,False,False,False,0.5580835819244385,0.14293328444473447,0.0,0.9991812705993652,1.0
arctic_embed_l_v2,Snowflake/snowflake-arctic-embed-l-v2.0,,en,person,person,fear,shuffled_emotion,amusement,centroid_phrases,feeling afraid; feeling anxious; feeling terrified,feeling amused; feeling entertained; feeling playful,neutral_centroid,neutral; ordinary; plain; average,entertained,vocabulary,entertained,6,0.5484199523925781,0.12784509360790253,False,False,False,0.5580835819244385,0.14293328444473447,0.0,0.9991812705993652,1.0
arctic_embed_l_v2,Snowflake/snowflake-arctic-embed-l-v2.0,,en,person,person,fear,shuffled_emotion,amusement,centroid_phrases,feeling afraid; feeling anxious; feeling terrified,feeling amused; feeling entertained; feeling playful,neutral_centroid,neutral; ordinary; plain; average,entertainer,vocabulary,entertainer,7,0.5453321933746338,0.13148143887519836,False,False,False,0.5580835819244385,0.14293328444473447,0.0,0.9991812705993652,1.0
arctic_embed_l_v2,Snowflake/snowflake-arctic-embed-l-v2.0,,en,person,person,fear,shuffled_emotion,amusement,centroid_phrases,feeling afraid; feeling anxious; feeling terrified,feeling amused; feeling entertained; feeling playful,neutral_centroid,neutral; ordinary; plain; average,feeling,vocabulary,feeling,8,0.5433502197265625,0.5701247453689575,False,False,False,0.5580835819244385,0.14293328444473447,0.0,0.9991812705993652,1.0
arctic_embed_l_v2,Snowflake/snowflake-arctic-embed-l-v2.0,,en,person,person,fear,shuffled_emotion,amusement,centroid_phrases,feeling afraid; feeling anxious; feeling terrified,feeling amused; feeling entertained; feeling playful,neutral_centroid,neutral; ordinary; plain; average,personas,vocabulary,personas,9,0.5343427062034607,0.07198934257030487,False,False,False,0.5580835819244385,0.14293328444473447,0.0,0.9991812705993652,1.0
arctic_embed_l_v2,Snowflake/snowflake-arctic-embed-l-v2.0,,en,person,person,fear,shuffled_emotion,amusement,centroid_phrases,feeling afraid; feeling anxious; feeling terrified,feeling amused; feeling entertained; feeling playful,neutral_centroid,neutral; ordinary; plain; average,amused,vocabulary,amused,10,0.5299621224403381,0.16861429810523987,False,False,False,0.5580835819244385,0.14293328444473447,0.0,0.9991812705993652,1.0
arctic_embed_l_v2,Snowflake/snowflake-arctic-embed-l-v2.0,,en,person,person,amusement,emotion,amusement,centroid_phrases,feeling amused; feeling entertained; feeling playful,feeling amused; feeling entertained; feeling playful,neutral_centroid,neutral; ordinary; plain; average,someone,vocabulary,someone,1,0.6231527328491211,0.09700281918048859,False,False,False,0.5580835819244385,0.1973939117975533,0.0,0.9991812705993652,1.0
arctic_embed_l_v2,Snowflake/snowflake-arctic-embed-l-v2.0,,en,person,person,amusement,emotion,amusement,centroid_phrases,feeling amused; feeling entertained; feeling playful,feeling amused; feeling entertained; feeling playful,neutral_centroid,neutral; ordinary; plain; average,persona,vocabulary,persona,2,0.5795600414276123,-0.006115756928920746,False,False,False,0.5580835819244385,0.1973939117975533,0.0,0.9991812705993652,1.0
arctic_embed_l_v2,Snowflake/snowflake-arctic-embed-l-v2.0,,en,person,person,amusement,emotion,amusement,centroid_phrases,feeling amused; feeling entertained; feeling playful,feeling amused; feeling entertained; feeling playful,neutral_centroid,neutral; ordinary; plain; average,persons,vocabulary,persons,3,0.5599402189254761,0.006278512068092823,False,False,False,0.5580835819244385,0.1973939117975533,0.0,0.9991812705993652,1.0
arctic_embed_l_v2,Snowflake/snowflake-arctic-embed-l-v2.0,,en,person,person,amusement,emotion,amusement,centroid_phrases,feeling amused; feeling entertained; feeling playful,feeling amused; feeling entertained; feeling playful,neutral_centroid,neutral; ordinary; plain; average,entertaining,vocabulary,entertaining,4,0.5594182014465332,0.3260316550731659,False,False,False,0.5580835819244385,0.1973939117975533,0.0,0.9991812705993652,1.0
arctic_embed_l_v2,Snowflake/snowflake-arctic-embed-l-v2.0,,en,person,person,amusement,emotion,amusement,centroid_phrases,feeling amused; feeling entertained; feeling playful,feeling amused; feeling entertained; feeling playful,neutral_centroid,neutral; ordinary; plain; average,people,vocabulary,people,5,0.5573574304580688,0.09898903220891953,False,False,False,0.5580835819244385,0.1973939117975533,0.0,0.9991812705993652,1.0
arctic_embed_l_v2,Snowflake/snowflake-arctic-embed-l-v2.0,,en,person,person,amusement,emotion,amusement,centroid_phrases,feeling amused; feeling entertained; feeling playful,feeling amused; feeling entertained; feeling playful,neutral_centroid,neutral; ordinary; plain; average,entertained,vocabulary,entertained,6,0.5484199523925781,0.3239014446735382,False,False,False,0.5580835819244385,0.1973939117975533,0.0,0.9991812705993652,1.0
arctic_embed_l_v2,Snowflake/snowflake-arctic-embed-l-v2.0,,en,person,person,amusement,emotion,amusement,centroid_phrases,feeling amused; feeling entertained; feeling playful,feeling amused; feeling entertained; feeling playful,neutral_centroid,neutral; ordinary; plain; average,entertainer,vocabulary,entertainer,7,0.5453321933746338,0.2644215226173401,False,False,False,0.5580835819244385,0.1973939117975533,0.0,0.9991812705993652,1.0
arctic_embed_l_v2,Snowflake/snowflake-arctic-embed-l-v2.0,,en,person,person,amusement,emotion,amusement,centroid_phrases,feeling amused; feeling entertained; feeling playful,feeling amused; feeling entertained; feeling playful,neutral_centroid,neutral; ordinary; plain; average,feeling,vocabulary,feeling,8,0.5433502197265625,0.48028501868247986,False,False,False,0.5580835819244385,0.1973939117975533,0.0,0.9991812705993652,1.0
arctic_embed_l_v2,Snowflake/snowflake-arctic-embed-l-v2.0,,en,person,person,amusement,emotion,amusement,centroid_phrases,feeling amused; feeling entertained; feeling playful,feeling amused; feeling entertained; feeling playful,neutral_centroid,neutral; ordinary; plain; average,personas,vocabulary,personas,9,0.5343427062034607,0.03451074659824371,False,False,False,0.5580835819244385,0.1973939117975533,0.0,0.9991812705993652,1.0
arctic_embed_l_v2,Snowflake/snowflake-arctic-embed-l-v2.0,,en,person,person,amusement,emotion,amusement,centroid_phrases,feeling amused; feeling entertained; feeling playful,feeling amused; feeling entertained; feeling playful,neutral_centroid,neutral; ordinary; plain; average,amused,vocabulary,amused,10,0.5299621224403381,0.34863412380218506,False,False,False,0.5580835819244385,0.1973939117975533,0.0,0.9991812705993652,1.0
arctic_embed_l_v2,Snowflake/snowflake-arctic-embed-l-v2.0,,en,person,person,amusement,identity,amusement,centroid_phrases,feeling amused; feeling entertained; feeling playful,feeling amused; feeling entertained; feeling playful,neutral_centroid,neutral; ordinary; plain; average,persona,vocabulary,persona,1,0.8769800662994385,-0.006115756928920746,False,False,False,0.7516201674938202,0.04704084070399404,0.0,0.0,1.0
arctic_embed_l_v2,Snowflake/snowflake-arctic-embed-l-v2.0,,en,person,person,amusement,identity,amusement,centroid_phrases,feeling amused; feeling entertained; feeling playful,feeling amused; feeling entertained; feeling playful,neutral_centroid,neutral; ordinary; plain; average,persons,vocabulary,persons,2,0.8381227254867554,0.006278512068092823,False,False,False,0.7516201674938202,0.04704084070399404,0.0,0.0,1.0
arctic_embed_l_v2,Snowflake/snowflake-arctic-embed-l-v2.0,,en,person,person,amusement,identity,amusement,centroid_phrases,feeling amused; feeling entertained; feeling playful,feeling amused; feeling entertained; feeling playful,neutral_centroid,neutral; ordinary; plain; average,someone,vocabulary,someone,3,0.8327658772468567,0.09700281918048859,False,False,False,0.7516201674938202,0.04704084070399404,0.0,0.0,1.0
arctic_embed_l_v2,Snowflake/snowflake-arctic-embed-l-v2.0,,en,person,person,amusement,identity,amusement,centroid_phrases,feeling amused; feeling entertained; feeling playful,feeling amused; feeling entertained; feeling playful,neutral_centroid,neutral; ordinary; plain; average,personas,vocabulary,personas,4,0.7753745913505554,0.03451074659824371,False,False,False,0.7516201674938202,0.04704084070399404,0.0,0.0,1.0
arctic_embed_l_v2,Snowflake/snowflake-arctic-embed-l-v2.0,,en,person,person,amusement,identity,amusement,centroid_phrases,feeling amused; feeling entertained; feeling playful,feeling amused; feeling entertained; feeling playful,neutral_centroid,neutral; ordinary; plain; average,people,vocabulary,people,5,0.7420032024383545,0.09898903220891953,False,False,False,0.7516201674938202,0.04704084070399404,0.0,0.0,1.0
arctic_embed_l_v2,Snowflake/snowflake-arctic-embed-l-v2.0,,en,person,person,amusement,identity,amusement,centroid_phrases,feeling amused; feeling entertained; feeling playful,feeling amused; feeling entertained; feeling playful,neutral_centroid,neutral; ordinary; plain; average,mensch,vocabulary,mensch,6,0.7180784940719604,-0.032650176435709,False,False,False,0.7516201674938202,0.04704084070399404,0.0,0.0,1.0
arctic_embed_l_v2,Snowflake/snowflake-arctic-embed-l-v2.0,,en,person,person,amusement,identity,amusement,centroid_phrases,feeling amused; feeling entertained; feeling playful,feeling amused; feeling entertained; feeling playful,neutral_centroid,neutral; ordinary; plain; average,inhabitant,vocabulary,inhabitant,7,0.6898117661476135,-0.029996570199728012,False,False,False,0.7516201674938202,0.04704084070399404,0.0,0.0,1.0
arctic_embed_l_v2,Snowflake/snowflake-arctic-embed-l-v2.0,,en,person,person,amusement,identity,amusement,centroid_phrases,feeling amused; feeling entertained; feeling playful,feeling amused; feeling entertained; feeling playful,neutral_centroid,neutral; ordinary; plain; average,personhood,vocabulary,personhood,8,0.6839118003845215,0.09136362373828888,False,False,False,0.7516201674938202,0.04704084070399404,0.0,0.0,1.0
arctic_embed_l_v2,Snowflake/snowflake-arctic-embed-l-v2.0,,en,person,person,amusement,identity,amusement,centroid_phrases,feeling amused; feeling entertained; feeling playful,feeling amused; feeling entertained; feeling playful,neutral_centroid,neutral; ordinary; plain; average,personable,vocabulary,personable,9,0.6835271120071411,0.10587459802627563,False,False,False,0.7516201674938202,0.04704084070399404,0.0,0.0,1.0
arctic_embed_l_v2,Snowflake/snowflake-arctic-embed-l-v2.0,,en,person,person,amusement,identity,amusement,centroid_phrases,feeling amused; feeling entertained; feeling playful,feeling amused; feeling entertained; feeling playful,neutral_centroid,neutral; ordinary; plain; average,personality,vocabulary,personality,10,0.6756260395050049,0.10515157878398895,False,False,False,0.7516201674938202,0.04704084070399404,0.0,0.0,1.0
arctic_embed_l_v2,Snowflake/snowflake-arctic-embed-l-v2.0,,en,person,person,amusement,random,amusement,centroid_phrases,feeling amused; feeling entertained; feeling playful,feeling amused; feeling entertained; feeling playful,neutral_centroid,neutral; ordinary; plain; average,persona,vocabulary,persona,1,0.6152398586273193,-0.006115756928920746,False,False,False,0.5206003487110138,0.0204991131555289,0.0,0.9999999403953552,1.0
arctic_embed_l_v2,Snowflake/snowflake-arctic-embed-l-v2.0,,en,person,person,amusement,random,amusement,centroid_phrases,feeling amused; feeling entertained; feeling playful,feeling amused; feeling entertained; feeling playful,neutral_centroid,neutral; ordinary; plain; average,someone,vocabulary,someone,2,0.5786837339401245,0.09700281918048859,False,False,False,0.5206003487110138,0.0204991131555289,0.0,0.9999999403953552,1.0
arctic_embed_l_v2,Snowflake/snowflake-arctic-embed-l-v2.0,,en,person,person,amusement,random,amusement,centroid_phrases,feeling amused; feeling entertained; feeling playful,feeling amused; feeling entertained; feeling playful,neutral_centroid,neutral; ordinary; plain; average,persons,vocabulary,persons,3,0.5647536516189575,0.006278512068092823,False,False,False,0.5206003487110138,0.0204991131555289,0.0,0.9999999403953552,1.0
arctic_embed_l_v2,Snowflake/snowflake-arctic-embed-l-v2.0,,en,person,person,amusement,random,amusement,centroid_phrases,feeling amused; feeling entertained; feeling playful,feeling amused; feeling entertained; feeling playful,neutral_centroid,neutral; ordinary; plain; average,personas,vocabulary,personas,4,0.5156980156898499,0.03451074659824371,False,False,False,0.5206003487110138,0.0204991131555289,0.0,0.9999999403953552,1.0
arctic_embed_l_v2,Snowflake/snowflake-arctic-embed-l-v2.0,,en,person,person,amusement,random,amusement,centroid_phrases,feeling amused; feeling entertained; feeling playful,feeling amused; feeling entertained; feeling playful,neutral_centroid,neutral; ordinary; plain; average,mensch,vocabulary,mensch,5,0.5124790072441101,-0.032650176435709,False,False,False,0.5206003487110138,0.0204991131555289,0.0,0.9999999403953552,1.0
arctic_embed_l_v2,Snowflake/snowflake-arctic-embed-l-v2.0,,en,person,person,amusement,random,amusement,centroid_phrases,feeling amused; feeling entertained; feeling playful,feeling amused; feeling entertained; feeling playful,neutral_centroid,neutral; ordinary; plain; average,inhabitant,vocabulary,inhabitant,6,0.4965554475784302,-0.029996570199728012,False,False,False,0.5206003487110138,0.0204991131555289,0.0,0.9999999403953552,1.0
arctic_embed_l_v2,Snowflake/snowflake-arctic-embed-l-v2.0,,en,person,person,amusement,random,amusement,centroid_phrases,feeling amused; feeling entertained; feeling playful,feeling amused; feeling entertained; feeling playful,neutral_centroid,neutral; ordinary; plain; average,communicator,vocabulary,communicator,7,0.48570963740348816,0.014927792362868786,False,False,False,0.5206003487110138,0.0204991131555289,0.0,0.9999999403953552,1.0
arctic_embed_l_v2,Snowflake/snowflake-arctic-embed-l-v2.0,,en,person,person,amusement,random,amusement,centroid_phrases,feeling amused; feeling entertained; feeling playful,feeling amused; feeling entertained; feeling playful,neutral_centroid,neutral; ordinary; plain; average,people,vocabulary,people,8,0.48310238122940063,0.09898903220891953,False,False,False,0.5206003487110138,0.0204991131555289,0.0,0.9999999403953552,1.0
arctic_embed_l_v2,Snowflake/snowflake-arctic-embed-l-v2.0,,en,person,person,amusement,random,amusement,centroid_phrases,feeling amused; feeling entertained; feeling playful,feeling amused; feeling entertained; feeling playful,neutral_centroid,neutral; ordinary; plain; average,man,vocabulary,man,9,0.47816002368927,5.361391231417656e-05,False,False,False,0.5206003487110138,0.0204991131555289,0.0,0.9999999403953552,1.0
arctic_embed_l_v2,Snowflake/snowflake-arctic-embed-l-v2.0,,en,person,person,amusement,random,amusement,centroid_phrases,feeling amused; feeling entertained; feeling playful,feeling amused; feeling entertained; feeling playful,neutral_centroid,neutral; ordinary; plain; average,physicist,vocabulary,physicist,10,0.4756217300891876,0.021991118788719177,False,False,False,0.5206003487110138,0.0204991131555289,0.0,0.9999999403953552,1.0
arctic_embed_l_v2,Snowflake/snowflake-arctic-embed-l-v2.0,,en,person,person,amusement,shuffled_emotion,excitement,centroid_phrases,feeling amused; feeling entertained; feeling playful,feeling excited; feeling enthusiastic; feeling thrilled,neutral_centroid,neutral; ordinary; plain; average,someone,vocabulary,someone,1,0.6444692611694336,0.09700281918048859,False,False,False,0.5711333096027374,0.1715759945102036,0.0,0.9951712489128113,0.9999998807907104
arctic_embed_l_v2,Snowflake/snowflake-arctic-embed-l-v2.0,,en,person,person,amusement,shuffled_emotion,excitement,centroid_phrases,feeling amused; feeling entertained; feeling playful,feeling excited; feeling enthusiastic; feeling thrilled,neutral_centroid,neutral; ordinary; plain; average,people,vocabulary,people,2,0.5778443217277527,0.09898903220891953,False,False,False,0.5711333096027374,0.1715759945102036,0.0,0.9951712489128113,0.9999998807907104
arctic_embed_l_v2,Snowflake/snowflake-arctic-embed-l-v2.0,,en,person,person,amusement,shuffled_emotion,excitement,centroid_phrases,feeling amused; feeling entertained; feeling playful,feeling excited; feeling enthusiastic; feeling thrilled,neutral_centroid,neutral; ordinary; plain; average,enthusiastic,vocabulary,enthusiastic,3,0.5742217302322388,0.18527433276176453,False,False,False,0.5711333096027374,0.1715759945102036,0.0,0.9951712489128113,0.9999998807907104
arctic_embed_l_v2,Snowflake/snowflake-arctic-embed-l-v2.0,,en,person,person,amusement,shuffled_emotion,excitement,centroid_phrases,feeling amused; feeling entertained; feeling playful,feeling excited; feeling enthusiastic; feeling thrilled,neutral_centroid,neutral; ordinary; plain; average,excitedly,vocabulary,excitedly,4,0.5692154169082642,0.2954285740852356,False,False,False,0.5711333096027374,0.1715759945102036,0.0,0.9951712489128113,0.9999998807907104
arctic_embed_l_v2,Snowflake/snowflake-arctic-embed-l-v2.0,,en,person,person,amusement,shuffled_emotion,excitement,centroid_phrases,feeling amused; feeling entertained; feeling playful,feeling excited; feeling enthusiastic; feeling thrilled,neutral_centroid,neutral; ordinary; plain; average,enthusiasm,vocabulary,enthusiasm,5,0.5625934600830078,0.19601227343082428,False,False,False,0.5711333096027374,0.1715759945102036,0.0,0.9951712489128113,0.9999998807907104
arctic_embed_l_v2,Snowflake/snowflake-arctic-embed-l-v2.0,,en,person,person,amusement,shuffled_emotion,excitement,centroid_phrases,feeling amused; feeling entertained; feeling playful,feeling excited; feeling enthusiastic; feeling thrilled,neutral_centroid,neutral; ordinary; plain; average,persona,vocabulary,persona,6,0.562544584274292,-0.006115756928920746,False,False,False,0.5711333096027374,0.1715759945102036,0.0,0.9951712489128113,0.9999998807907104
arctic_embed_l_v2,Snowflake/snowflake-arctic-embed-l-v2.0,,en,person,person,amusement,shuffled_emotion,excitement,centroid_phrases,feeling amused; feeling entertained; feeling playful,feeling excited; feeling enthusiastic; feeling thrilled,neutral_centroid,neutral; ordinary; plain; average,persons,vocabulary,persons,7,0.5623068809509277,0.006278512068092823,False,False,False,0.5711333096027374,0.1715759945102036,0.0,0.9951712489128113,0.9999998807907104
arctic_embed_l_v2,Snowflake/snowflake-arctic-embed-l-v2.0,,en,person,person,amusement,shuffled_emotion,excitement,centroid_phrases,feeling amused; feeling entertained; feeling playful,feeling excited; feeling enthusiastic; feeling thrilled,neutral_centroid,neutral; ordinary; plain; average,enthusiast,vocabulary,enthusiast,8,0.5582578778266907,0.1415763944387436,False,False,False,0.5711333096027374,0.1715759945102036,0.0,0.9951712489128113,0.9999998807907104
arctic_embed_l_v2,Snowflake/snowflake-arctic-embed-l-v2.0,,en,person,person,amusement,shuffled_emotion,excitement,centroid_phrases,feeling amused; feeling entertained; feeling playful,feeling excited; feeling enthusiastic; feeling thrilled,neutral_centroid,neutral; ordinary; plain; average,enthusiastically,vocabulary,enthusiastically,9,0.5507194995880127,0.22102874517440796,False,False,False,0.5711333096027374,0.1715759945102036,0.0,0.9951712489128113,0.9999998807907104
arctic_embed_l_v2,Snowflake/snowflake-arctic-embed-l-v2.0,,en,person,person,amusement,shuffled_emotion,excitement,centroid_phrases,feeling amused; feeling entertained; feeling playful,feeling excited; feeling enthusiastic; feeling thrilled,neutral_centroid,neutral; ordinary; plain; average,feeling,vocabulary,feeling,10,0.5491600632667542,0.48028501868247986,False,False,False,0.5711333096027374,0.1715759945102036,0.0,0.9951712489128113,0.9999998807907104
arctic_embed_l_v2,Snowflake/snowflake-arctic-embed-l-v2.0,,en,person,person,excitement,emotion,excitement,centroid_phrases,feeling excited; feeling enthusiastic; feeling thrilled,feeling excited; feeling enthusiastic; feeling thrilled,neutral_centroid,neutral; ordinary; plain; average,someone,vocabulary,someone,1,0.6444692611694336,0.1266716867685318,False,False,False,0.5711333096027374,0.22388150375336408,0.0,0.9951712489128113,0.9999998807907104
arctic_embed_l_v2,Snowflake/snowflake-arctic-embed-l-v2.0,,en,person,person,excitement,emotion,excitement,centroid_phrases,feeling excited; feeling enthusiastic; feeling thrilled,feeling excited; feeling enthusiastic; feeling thrilled,neutral_centroid,neutral; ordinary; plain; average,people,vocabulary,people,2,0.5778443217277527,0.12795805931091309,False,False,False,0.5711333096027374,0.22388150375336408,0.0,0.9951712489128113,0.9999998807907104
arctic_embed_l_v2,Snowflake/snowflake-arctic-embed-l-v2.0,,en,person,person,excitement,emotion,excitement,centroid_phrases,feeling excited; feeling enthusiastic; feeling thrilled,feeling excited; feeling enthusiastic; feeling thrilled,neutral_centroid,neutral; ordinary; plain; average,enthusiastic,vocabulary,enthusiastic,3,0.5742217302322388,0.28378617763519287,False,False,False,0.5711333096027374,0.22388150375336408,0.0,0.9951712489128113,0.9999998807907104
arctic_embed_l_v2,Snowflake/snowflake-arctic-embed-l-v2.0,,en,person,person,excitement,emotion,excitement,centroid_phrases,feeling excited; feeling enthusiastic; feeling thrilled,feeling excited; feeling enthusiastic; feeling thrilled,neutral_centroid,neutral; ordinary; plain; average,excitedly,vocabulary,excitedly,4,0.5692154169082642,0.390308678150177,False,False,False,0.5711333096027374,0.22388150375336408,0.0,0.9951712489128113,0.9999998807907104
arctic_embed_l_v2,Snowflake/snowflake-arctic-embed-l-v2.0,,en,person,person,excitement,emotion,excitement,centroid_phrases,feeling excited; feeling enthusiastic; feeling thrilled,feeling excited; feeling enthusiastic; feeling thrilled,neutral_centroid,neutral; ordinary; plain; average,enthusiasm,vocabulary,enthusiasm,5,0.5625934600830078,0.3073626160621643,False,False,False,0.5711333096027374,0.22388150375336408,0.0,0.9951712489128113,0.9999998807907104
arctic_embed_l_v2,Snowflake/snowflake-arctic-embed-l-v2.0,,en,person,person,excitement,emotion,excitement,centroid_phrases,feeling excited; feeling enthusiastic; feeling thrilled,feeling excited; feeling enthusiastic; feeling thrilled,neutral_centroid,neutral; ordinary; plain; average,persona,vocabulary,persona,6,0.562544584274292,-0.028322234749794006,False,False,False,0.5711333096027374,0.22388150375336408,0.0,0.9951712489128113,0.9999998807907104
arctic_embed_l_v2,Snowflake/snowflake-arctic-embed-l-v2.0,,en,person,person,excitement,emotion,excitement,centroid_phrases,feeling excited; feeling enthusiastic; feeling thrilled,feeling excited; feeling enthusiastic; feeling thrilled,neutral_centroid,neutral; ordinary; plain; average,persons,vocabulary,persons,7,0.5623068809509277,0.010402856394648552,False,False,False,0.5711333096027374,0.22388150375336408,0.0,0.9951712489128113,0.9999998807907104
arctic_embed_l_v2,Snowflake/snowflake-arctic-embed-l-v2.0,,en,person,person,excitement,emotion,excitement,centroid_phrases,feeling excited; feeling enthusiastic; feeling thrilled,feeling excited; feeling enthusiastic; feeling thrilled,neutral_centroid,neutral; ordinary; plain; average,enthusiast,vocabulary,enthusiast,8,0.5582578778266907,0.21854105591773987,False,False,False,0.5711333096027374,0.22388150375336408,0.0,0.9951712489128113,0.9999998807907104
arctic_embed_l_v2,Snowflake/snowflake-arctic-embed-l-v2.0,,en,person,person,excitement,emotion,excitement,centroid_phrases,feeling excited; feeling enthusiastic; feeling thrilled,feeling excited; feeling enthusiastic; feeling thrilled,neutral_centroid,neutral; ordinary; plain; average,enthusiastically,vocabulary,enthusiastically,9,0.5507194995880127,0.31103599071502686,False,False,False,0.5711333096027374,0.22388150375336408,0.0,0.9951712489128113,0.9999998807907104
arctic_embed_l_v2,Snowflake/snowflake-arctic-embed-l-v2.0,,en,person,person,excitement,emotion,excitement,centroid_phrases,feeling excited; feeling enthusiastic; feeling thrilled,feeling excited; feeling enthusiastic; feeling thrilled,neutral_centroid,neutral; ordinary; plain; average,feeling,vocabulary,feeling,10,0.5491600632667542,0.4910701513290405,False,False,False,0.5711333096027374,0.22388150375336408,0.0,0.9951712489128113,0.9999998807907104
arctic_embed_l_v2,Snowflake/snowflake-arctic-embed-l-v2.0,,en,person,person,excitement,identity,excitement,centroid_phrases,feeling excited; feeling enthusiastic; feeling thrilled,feeling excited; feeling enthusiastic; feeling thrilled,neutral_centroid,neutral; ordinary; plain; average,persona,vocabulary,persona,1,0.8769800662994385,-0.028322234749794006,False,False,False,0.7516201674938202,0.05053257020190358,0.0,0.0,1.0
arctic_embed_l_v2,Snowflake/snowflake-arctic-embed-l-v2.0,,en,person,person,excitement,identity,excitement,centroid_phrases,feeling excited; feeling enthusiastic; feeling thrilled,feeling excited; feeling enthusiastic; feeling thrilled,neutral_centroid,neutral; ordinary; plain; average,persons,vocabulary,persons,2,0.8381227254867554,0.010402856394648552,False,False,False,0.7516201674938202,0.05053257020190358,0.0,0.0,1.0
arctic_embed_l_v2,Snowflake/snowflake-arctic-embed-l-v2.0,,en,person,person,excitement,identity,excitement,centroid_phrases,feeling excited; feeling enthusiastic; feeling thrilled,feeling excited; feeling enthusiastic; feeling thrilled,neutral_centroid,neutral; ordinary; plain; average,someone,vocabulary,someone,3,0.8327658772468567,0.1266716867685318,False,False,False,0.7516201674938202,0.05053257020190358,0.0,0.0,1.0
arctic_embed_l_v2,Snowflake/snowflake-arctic-embed-l-v2.0,,en,person,person,excitement,identity,excitement,centroid_phrases,feeling excited; feeling enthusiastic; feeling thrilled,feeling excited; feeling enthusiastic; feeling thrilled,neutral_centroid,neutral; ordinary; plain; average,personas,vocabulary,personas,4,0.7753745913505554,0.03704134002327919,False,False,False,0.7516201674938202,0.05053257020190358,0.0,0.0,1.0
arctic_embed_l_v2,Snowflake/snowflake-arctic-embed-l-v2.0,,en,person,person,excitement,identity,excitement,centroid_phrases,feeling excited; feeling enthusiastic; feeling thrilled,feeling excited; feeling enthusiastic; feeling thrilled,neutral_centroid,neutral; ordinary; plain; average,people,vocabulary,people,5,0.7420032024383545,0.12795805931091309,False,False,False,0.7516201674938202,0.05053257020190358,0.0,0.0,1.0
arctic_embed_l_v2,Snowflake/snowflake-arctic-embed-l-v2.0,,en,person,person,excitement,identity,excitement,centroid_phrases,feeling excited; feeling enthusiastic; feeling thrilled,feeling excited; feeling enthusiastic; feeling thrilled,neutral_centroid,neutral; ordinary; plain; average,mensch,vocabulary,mensch,6,0.7180784940719604,-0.018402401357889175,False,False,False,0.7516201674938202,0.05053257020190358,0.0,0.0,1.0
arctic_embed_l_v2,Snowflake/snowflake-arctic-embed-l-v2.0,,en,person,person,excitement,identity,excitement,centroid_phrases,feeling excited; feeling enthusiastic; feeling thrilled,feeling excited; feeling enthusiastic; feeling thrilled,neutral_centroid,neutral; ordinary; plain; average,inhabitant,vocabulary,inhabitant,7,0.6898117661476135,0.0013661449775099754,False,False,False,0.7516201674938202,0.05053257020190358,0.0,0.0,1.0
arctic_embed_l_v2,Snowflake/snowflake-arctic-embed-l-v2.0,,en,person,person,excitement,identity,excitement,centroid_phrases,feeling excited; feeling enthusiastic; feeling thrilled,feeling excited; feeling enthusiastic; feeling thrilled,neutral_centroid,neutral; ordinary; plain; average,personhood,vocabulary,personhood,8,0.6839118003845215,0.08971338719129562,False,False,False,0.7516201674938202,0.05053257020190358,0.0,0.0,1.0
arctic_embed_l_v2,Snowflake/snowflake-arctic-embed-l-v2.0,,en,person,person,excitement,identity,excitement,centroid_phrases,feeling excited; feeling enthusiastic; feeling thrilled,feeling excited; feeling enthusiastic; feeling thrilled,neutral_centroid,neutral; ordinary; plain; average,personable,vocabulary,personable,9,0.6835271120071411,0.07208804786205292,False,False,False,0.7516201674938202,0.05053257020190358,0.0,0.0,1.0
arctic_embed_l_v2,Snowflake/snowflake-arctic-embed-l-v2.0,,en,person,person,excitement,identity,excitement,centroid_phrases,feeling excited; feeling enthusiastic; feeling thrilled,feeling excited; feeling enthusiastic; feeling thrilled,neutral_centroid,neutral; ordinary; plain; average,personality,vocabulary,personality,10,0.6756260395050049,0.08680881559848785,False,False,False,0.7516201674938202,0.05053257020190358,0.0,0.0,1.0
arctic_embed_l_v2,Snowflake/snowflake-arctic-embed-l-v2.0,,en,person,person,excitement,random,excitement,centroid_phrases,feeling excited; feeling enthusiastic; feeling thrilled,feeling excited; feeling enthusiastic; feeling thrilled,neutral_centroid,neutral; ordinary; plain; average,someone,vocabulary,someone,1,0.5941658020019531,0.1266716867685318,False,False,False,0.5231440097093583,0.05680179800838232,0.0,1.0,1.0
arctic_embed_l_v2,Snowflake/snowflake-arctic-embed-l-v2.0,,en,person,person,excitement,random,excitement,centroid_phrases,feeling excited; feeling enthusiastic; feeling thrilled,feeling excited; feeling enthusiastic; feeling thrilled,neutral_centroid,neutral; ordinary; plain; average,persona,vocabulary,persona,2,0.5895205736160278,-0.028322234749794006,False,False,False,0.5231440097093583,0.05680179800838232,0.0,1.0,1.0
arctic_embed_l_v2,Snowflake/snowflake-arctic-embed-l-v2.0,,en,person,person,excitement,random,excitement,centroid_phrases,feeling excited; feeling enthusiastic; feeling thrilled,feeling excited; feeling enthusiastic; feeling thrilled,neutral_centroid,neutral; ordinary; plain; average,persons,vocabulary,persons,3,0.5677838921546936,0.010402856394648552,False,False,False,0.5231440097093583,0.05680179800838232,0.0,1.0,1.0
arctic_embed_l_v2,Snowflake/snowflake-arctic-embed-l-v2.0,,en,person,person,excitement,random,excitement,centroid_phrases,feeling excited; feeling enthusiastic; feeling thrilled,feeling excited; feeling enthusiastic; feeling thrilled,neutral_centroid,neutral; ordinary; plain; average,personas,vocabulary,personas,4,0.5316119194030762,0.03704134002327919,False,False,False,0.5231440097093583,0.05680179800838232,0.0,1.0,1.0
arctic_embed_l_v2,Snowflake/snowflake-arctic-embed-l-v2.0,,en,person,person,excitement,random,excitement,centroid_phrases,feeling excited; feeling enthusiastic; feeling thrilled,feeling excited; feeling enthusiastic; feeling thrilled,neutral_centroid,neutral; ordinary; plain; average,people,vocabulary,people,5,0.5261309742927551,0.12795805931091309,False,False,False,0.5231440097093583,0.05680179800838232,0.0,1.0,1.0
arctic_embed_l_v2,Snowflake/snowflake-arctic-embed-l-v2.0,,en,person,person,excitement,random,excitement,centroid_phrases,feeling excited; feeling enthusiastic; feeling thrilled,feeling excited; feeling enthusiastic; feeling thrilled,neutral_centroid,neutral; ordinary; plain; average,mensch,vocabulary,mensch,6,0.5019780397415161,-0.018402401357889175,False,False,False,0.5231440097093583,0.05680179800838232,0.0,1.0,1.0
arctic_embed_l_v2,Snowflake/snowflake-arctic-embed-l-v2.0,,en,person,person,excitement,random,excitement,centroid_phrases,feeling excited; feeling enthusiastic; feeling thrilled,feeling excited; feeling enthusiastic; feeling thrilled,neutral_centroid,neutral; ordinary; plain; average,somebody,vocabulary,somebody,7,0.49516355991363525,0.10994862765073776,False,False,False,0.5231440097093583,0.05680179800838232,0.0,1.0,1.0
arctic_embed_l_v2,Snowflake/snowflake-arctic-embed-l-v2.0,,en,person,person,excitement,random,excitement,centroid_phrases,feeling excited; feeling enthusiastic; feeling thrilled,feeling excited; feeling enthusiastic; feeling thrilled,neutral_centroid,neutral; ordinary; plain; average,personality,vocabulary,personality,8,0.4800463616847992,0.08680881559848785,False,False,False,0.5231440097093583,0.05680179800838232,0.0,1.0,1.0
arctic_embed_l_v2,Snowflake/snowflake-arctic-embed-l-v2.0,,en,person,person,excitement,random,excitement,centroid_phrases,feeling excited; feeling enthusiastic; feeling thrilled,feeling excited; feeling enthusiastic; feeling thrilled,neutral_centroid,neutral; ordinary; plain; average,personhood,vocabulary,personhood,9,0.4737129509449005,0.08971338719129562,False,False,False,0.5231440097093583,0.05680179800838232,0.0,1.0,1.0
arctic_embed_l_v2,Snowflake/snowflake-arctic-embed-l-v2.0,,en,person,person,excitement,random,excitement,centroid_phrases,feeling excited; feeling enthusiastic; feeling thrilled,feeling excited; feeling enthusiastic; feeling thrilled,neutral_centroid,neutral; ordinary; plain; average,individuals,vocabulary,individuals,10,0.4713260233402252,0.02619784325361252,False,False,False,0.5231440097093583,0.05680179800838232,0.0,1.0,1.0
arctic_embed_l_v2,Snowflake/snowflake-arctic-embed-l-v2.0,,en,person,person,excitement,shuffled_emotion,love,centroid_phrases,feeling excited; feeling enthusiastic; feeling thrilled,feeling love; feeling affection; feeling tenderness,neutral_centroid,neutral; ordinary; plain; average,feeling,vocabulary,feeling,1,0.6074978113174438,0.4910701513290405,False,False,False,0.5145350933074951,0.21709939278662205,0.0,1.1414283514022827,1.0
arctic_embed_l_v2,Snowflake/snowflake-arctic-embed-l-v2.0,,en,person,person,excitement,shuffled_emotion,love,centroid_phrases,feeling excited; feeling enthusiastic; feeling thrilled,feeling love; feeling affection; feeling tenderness,neutral_centroid,neutral; ordinary; plain; average,feelings,vocabulary,feelings,2,0.5617090463638306,0.40936580300331116,False,False,False,0.5145350933074951,0.21709939278662205,0.0,1.1414283514022827,1.0
arctic_embed_l_v2,Snowflake/snowflake-arctic-embed-l-v2.0,,en,person,person,excitement,shuffled_emotion,love,centroid_phrases,feeling excited; feeling enthusiastic; feeling thrilled,feeling love; feeling affection; feeling tenderness,neutral_centroid,neutral; ordinary; plain; average,someone,vocabulary,someone,3,0.5231626629829407,0.1266716867685318,False,False,False,0.5145350933074951,0.21709939278662205,0.0,1.1414283514022827,1.0
arctic_embed_l_v2,Snowflake/snowflake-arctic-embed-l-v2.0,,en,person,person,excitement,shuffled_emotion,love,centroid_phrases,feeling excited; feeling enthusiastic; feeling thrilled,feeling love; feeling affection; feeling tenderness,neutral_centroid,neutral; ordinary; plain; average,persona,vocabulary,persona,4,0.5172973871231079,-0.028322234749794006,False,False,False,0.5145350933074951,0.21709939278662205,0.0,1.1414283514022827,1.0
arctic_embed_l_v2,Snowflake/snowflake-arctic-embed-l-v2.0,,en,person,person,excitement,shuffled_emotion,love,centroid_phrases,feeling excited; feeling enthusiastic; feeling thrilled,feeling love; feeling affection; feeling tenderness,neutral_centroid,neutral; ordinary; plain; average,people,vocabulary,people,5,0.5029419660568237,0.12795805931091309,False,False,False,0.5145350933074951,0.21709939278662205,0.0,1.1414283514022827,1.0
arctic_embed_l_v2,Snowflake/snowflake-arctic-embed-l-v2.0,,en,person,person,excitement,shuffled_emotion,love,centroid_phrases,feeling excited; feeling enthusiastic; feeling thrilled,feeling love; feeling affection; feeling tenderness,neutral_centroid,neutral; ordinary; plain; average,feel,vocabulary,feel,6,0.49282658100128174,0.38601598143577576,False,False,False,0.5145350933074951,0.21709939278662205,0.0,1.1414283514022827,1.0
arctic_embed_l_v2,Snowflake/snowflake-arctic-embed-l-v2.0,,en,person,person,excitement,shuffled_emotion,love,centroid_phrases,feeling excited; feeling enthusiastic; feeling thrilled,feeling love; feeling affection; feeling tenderness,neutral_centroid,neutral; ordinary; plain; average,personas,vocabulary,personas,7,0.49130815267562866,0.03704134002327919,False,False,False,0.5145350933074951,0.21709939278662205,0.0,1.1414283514022827,1.0
arctic_embed_l_v2,Snowflake/snowflake-arctic-embed-l-v2.0,,en,person,person,excitement,shuffled_emotion,love,centroid_phrases,feeling excited; feeling enthusiastic; feeling thrilled,feeling love; feeling affection; feeling tenderness,neutral_centroid,neutral; ordinary; plain; average,loving,vocabulary,loving,8,0.48885607719421387,0.28119006752967834,False,False,False,0.5145350933074951,0.21709939278662205,0.0,1.1414283514022827,1.0
arctic_embed_l_v2,Snowflake/snowflake-arctic-embed-l-v2.0,,en,person,person,excitement,shuffled_emotion,love,centroid_phrases,feeling excited; feeling enthusiastic; feeling thrilled,feeling love; feeling affection; feeling tenderness,neutral_centroid,neutral; ordinary; plain; average,affection,vocabulary,affection,9,0.48101934790611267,0.12103153765201569,False,False,False,0.5145350933074951,0.21709939278662205,0.0,1.1414283514022827,1.0
arctic_embed_l_v2,Snowflake/snowflake-arctic-embed-l-v2.0,,en,person,person,excitement,shuffled_emotion,love,centroid_phrases,feeling excited; feeling enthusiastic; feeling thrilled,feeling love; feeling affection; feeling tenderness,neutral_centroid,neutral; ordinary; plain; average,tenderness,vocabulary,tenderness,10,0.4787319004535675,0.21897153556346893,False,False,False,0.5145350933074951,0.21709939278662205,0.0,1.1414283514022827,1.0
arctic_embed_l_v2,Snowflake/snowflake-arctic-embed-l-v2.0,,en,person,person,love,emotion,love,centroid_phrases,feeling love; feeling affection; feeling tenderness,feeling love; feeling affection; feeling tenderness,neutral_centroid,neutral; ordinary; plain; average,feeling,vocabulary,feeling,1,0.6074978113174438,0.5976458787918091,False,False,False,0.5145350933074951,0.3021028170362115,0.0,1.1414283514022827,1.0
arctic_embed_l_v2,Snowflake/snowflake-arctic-embed-l-v2.0,,en,person,person,love,emotion,love,centroid_phrases,feeling love; feeling affection; feeling tenderness,feeling love; feeling affection; feeling tenderness,neutral_centroid,neutral; ordinary; plain; average,feelings,vocabulary,feelings,2,0.5617090463638306,0.5304993987083435,False,False,False,0.5145350933074951,0.3021028170362115,0.0,1.1414283514022827,1.0
arctic_embed_l_v2,Snowflake/snowflake-arctic-embed-l-v2.0,,en,person,person,love,emotion,love,centroid_phrases,feeling love; feeling affection; feeling tenderness,feeling love; feeling affection; feeling tenderness,neutral_centroid,neutral; ordinary; plain; average,someone,vocabulary,someone,3,0.5231626629829407,0.06457344442605972,False,False,False,0.5145350933074951,0.3021028170362115,0.0,1.1414283514022827,1.0
arctic_embed_l_v2,Snowflake/snowflake-arctic-embed-l-v2.0,,en,person,person,love,emotion,love,centroid_phrases,feeling love; feeling affection; feeling tenderness,feeling love; feeling affection; feeling tenderness,neutral_centroid,neutral; ordinary; plain; average,persona,vocabulary,persona,4,0.5172973871231079,0.01865898258984089,False,False,False,0.5145350933074951,0.3021028170362115,0.0,1.1414283514022827,1.0
arctic_embed_l_v2,Snowflake/snowflake-arctic-embed-l-v2.0,,en,person,person,love,emotion,love,centroid_phrases,feeling love; feeling affection; feeling tenderness,feeling love; feeling affection; feeling tenderness,neutral_centroid,neutral; ordinary; plain; average,people,vocabulary,people,5,0.5029419660568237,0.11934182047843933,False,False,False,0.5145350933074951,0.3021028170362115,0.0,1.1414283514022827,1.0
arctic_embed_l_v2,Snowflake/snowflake-arctic-embed-l-v2.0,,en,person,person,love,emotion,love,centroid_phrases,feeling love; feeling affection; feeling tenderness,feeling love; feeling affection; feeling tenderness,neutral_centroid,neutral; ordinary; plain; average,feel,vocabulary,feel,6,0.49282658100128174,0.4699305295944214,False,False,False,0.5145350933074951,0.3021028170362115,0.0,1.1414283514022827,1.0
arctic_embed_l_v2,Snowflake/snowflake-arctic-embed-l-v2.0,,en,person,person,love,emotion,love,centroid_phrases,feeling love; feeling affection; feeling tenderness,feeling love; feeling affection; feeling tenderness,neutral_centroid,neutral; ordinary; plain; average,personas,vocabulary,personas,7,0.49130815267562866,0.07586647570133209,False,False,False,0.5145350933074951,0.3021028170362115,0.0,1.1414283514022827,1.0
arctic_embed_l_v2,Snowflake/snowflake-arctic-embed-l-v2.0,,en,person,person,love,emotion,love,centroid_phrases,feeling love; feeling affection; feeling tenderness,feeling love; feeling affection; feeling tenderness,neutral_centroid,neutral; ordinary; plain; average,loving,vocabulary,loving,8,0.48885607719421387,0.4662134051322937,False,False,False,0.5145350933074951,0.3021028170362115,0.0,1.1414283514022827,1.0
arctic_embed_l_v2,Snowflake/snowflake-arctic-embed-l-v2.0,,en,person,person,love,emotion,love,centroid_phrases,feeling love; feeling affection; feeling tenderness,feeling love; feeling affection; feeling tenderness,neutral_centroid,neutral; ordinary; plain; average,affection,vocabulary,affection,9,0.48101934790611267,0.2579914331436157,False,False,False,0.5145350933074951,0.3021028170362115,0.0,1.1414283514022827,1.0
arctic_embed_l_v2,Snowflake/snowflake-arctic-embed-l-v2.0,,en,person,person,love,emotion,love,centroid_phrases,feeling love; feeling affection; feeling tenderness,feeling love; feeling affection; feeling tenderness,neutral_centroid,neutral; ordinary; plain; average,tenderness,vocabulary,tenderness,10,0.4787319004535675,0.4203068017959595,False,False,False,0.5145350933074951,0.3021028170362115,0.0,1.1414283514022827,1.0
arctic_embed_l_v2,Snowflake/snowflake-arctic-embed-l-v2.0,,en,person,person,love,identity,love,centroid_phrases,feeling love; feeling affection; feeling tenderness,feeling love; feeling affection; feeling tenderness,neutral_centroid,neutral; ordinary; plain; average,persona,vocabulary,persona,1,0.8769800662994385,0.01865898258984089,False,False,False,0.7516201674938202,0.04180764853954315,0.0,0.0,1.0
arctic_embed_l_v2,Snowflake/snowflake-arctic-embed-l-v2.0,,en,person,person,love,identity,love,centroid_phrases,feeling love; feeling affection; feeling tenderness,feeling love; feeling affection; feeling tenderness,neutral_centroid,neutral; ordinary; plain; average,persons,vocabulary,persons,2,0.8381227254867554,-0.01620490476489067,False,False,False,0.7516201674938202,0.04180764853954315,0.0,0.0,1.0
arctic_embed_l_v2,Snowflake/snowflake-arctic-embed-l-v2.0,,en,person,person,love,identity,love,centroid_phrases,feeling love; feeling affection; feeling tenderness,feeling love; feeling affection; feeling tenderness,neutral_centroid,neutral; ordinary; plain; average,someone,vocabulary,someone,3,0.8327658772468567,0.06457344442605972,False,False,False,0.7516201674938202,0.04180764853954315,0.0,0.0,1.0
arctic_embed_l_v2,Snowflake/snowflake-arctic-embed-l-v2.0,,en,person,person,love,identity,love,centroid_phrases,feeling love; feeling affection; feeling tenderness,feeling love; feeling affection; feeling tenderness,neutral_centroid,neutral; ordinary; plain; average,personas,vocabulary,personas,4,0.7753745913505554,0.07586647570133209,False,False,False,0.7516201674938202,0.04180764853954315,0.0,0.0,1.0
arctic_embed_l_v2,Snowflake/snowflake-arctic-embed-l-v2.0,,en,person,person,love,identity,love,centroid_phrases,feeling love; feeling affection; feeling tenderness,feeling love; feeling affection; feeling tenderness,neutral_centroid,neutral; ordinary; plain; average,people,vocabulary,people,5,0.7420032024383545,0.11934182047843933,False,False,False,0.7516201674938202,0.04180764853954315,0.0,0.0,1.0
arctic_embed_l_v2,Snowflake/snowflake-arctic-embed-l-v2.0,,en,person,person,love,identity,love,centroid_phrases,feeling love; feeling affection; feeling tenderness,feeling love; feeling affection; feeling tenderness,neutral_centroid,neutral; ordinary; plain; average,mensch,vocabulary,mensch,6,0.7180784940719604,-0.008046920411288738,False,False,False,0.7516201674938202,0.04180764853954315,0.0,0.0,1.0
arctic_embed_l_v2,Snowflake/snowflake-arctic-embed-l-v2.0,,en,person,person,love,identity,love,centroid_phrases,feeling love; feeling affection; feeling tenderness,feeling love; feeling affection; feeling tenderness,neutral_centroid,neutral; ordinary; plain; average,inhabitant,vocabulary,inhabitant,7,0.6898117661476135,-0.07017423212528229,False,False,False,0.7516201674938202,0.04180764853954315,0.0,0.0,1.0
arctic_embed_l_v2,Snowflake/snowflake-arctic-embed-l-v2.0,,en,person,person,love,identity,love,centroid_phrases,feeling love; feeling affection; feeling tenderness,feeling love; feeling affection; feeling tenderness,neutral_centroid,neutral; ordinary; plain; average,personhood,vocabulary,personhood,8,0.6839118003845215,0.13455146551132202,False,False,False,0.7516201674938202,0.04180764853954315,0.0,0.0,1.0
arctic_embed_l_v2,Snowflake/snowflake-arctic-embed-l-v2.0,,en,person,person,love,identity,love,centroid_phrases,feeling love; feeling affection; feeling tenderness,feeling love; feeling affection; feeling tenderness,neutral_centroid,neutral; ordinary; plain; average,personable,vocabulary,personable,9,0.6835271120071411,0.013048824854195118,False,False,False,0.7516201674938202,0.04180764853954315,0.0,0.0,1.0
arctic_embed_l_v2,Snowflake/snowflake-arctic-embed-l-v2.0,,en,person,person,love,identity,love,centroid_phrases,feeling love; feeling affection; feeling tenderness,feeling love; feeling affection; feeling tenderness,neutral_centroid,neutral; ordinary; plain; average,personality,vocabulary,personality,10,0.6756260395050049,0.08646152913570404,False,False,False,0.7516201674938202,0.04180764853954315,0.0,0.0,1.0
arctic_embed_l_v2,Snowflake/snowflake-arctic-embed-l-v2.0,,en,person,person,love,random,love,centroid_phrases,feeling love; feeling affection; feeling tenderness,feeling love; feeling affection; feeling tenderness,neutral_centroid,neutral; ordinary; plain; average,persona,vocabulary,persona,1,0.5904620885848999,0.01865898258984089,False,False,False,0.5108932435512543,0.04180764853954315,0.0,1.0,0.9999999403953552
arctic_embed_l_v2,Snowflake/snowflake-arctic-embed-l-v2.0,,en,person,person,love,random,love,centroid_phrases,feeling love; feeling affection; feeling tenderness,feeling love; feeling affection; feeling tenderness,neutral_centroid,neutral; ordinary; plain; average,someone,vocabulary,someone,2,0.5667192935943604,0.06457344442605972,False,False,False,0.5108932435512543,0.04180764853954315,0.0,1.0,0.9999999403953552
arctic_embed_l_v2,Snowflake/snowflake-arctic-embed-l-v2.0,,en,person,person,love,random,love,centroid_phrases,feeling love; feeling affection; feeling tenderness,feeling love; feeling affection; feeling tenderness,neutral_centroid,neutral; ordinary; plain; average,persons,vocabulary,persons,3,0.5574719905853271,-0.01620490476489067,False,False,False,0.5108932435512543,0.04180764853954315,0.0,1.0,0.9999999403953552
arctic_embed_l_v2,Snowflake/snowflake-arctic-embed-l-v2.0,,en,person,person,love,random,love,centroid_phrases,feeling love; feeling affection; feeling tenderness,feeling love; feeling affection; feeling tenderness,neutral_centroid,neutral; ordinary; plain; average,personas,vocabulary,personas,4,0.5268990993499756,0.07586647570133209,False,False,False,0.5108932435512543,0.04180764853954315,0.0,1.0,0.9999999403953552
arctic_embed_l_v2,Snowflake/snowflake-arctic-embed-l-v2.0,,en,person,person,love,random,love,centroid_phrases,feeling love; feeling affection; feeling tenderness,feeling love; feeling affection; feeling tenderness,neutral_centroid,neutral; ordinary; plain; average,people,vocabulary,people,5,0.5181386470794678,0.11934182047843933,False,False,False,0.5108932435512543,0.04180764853954315,0.0,1.0,0.9999999403953552
arctic_embed_l_v2,Snowflake/snowflake-arctic-embed-l-v2.0,,en,person,person,love,random,love,centroid_phrases,feeling love; feeling affection; feeling tenderness,feeling love; feeling affection; feeling tenderness,neutral_centroid,neutral; ordinary; plain; average,personable,vocabulary,personable,6,0.47560685873031616,0.013048824854195118,False,False,False,0.5108932435512543,0.04180764853954315,0.0,1.0,0.9999999403953552
arctic_embed_l_v2,Snowflake/snowflake-arctic-embed-l-v2.0,,en,person,person,love,random,love,centroid_phrases,feeling love; feeling affection; feeling tenderness,feeling love; feeling affection; feeling tenderness,neutral_centroid,neutral; ordinary; plain; average,personality,vocabulary,personality,7,0.47254976630210876,0.08646152913570404,False,False,False,0.5108932435512543,0.04180764853954315,0.0,1.0,0.9999999403953552
arctic_embed_l_v2,Snowflake/snowflake-arctic-embed-l-v2.0,,en,person,person,love,random,love,centroid_phrases,feeling love; feeling affection; feeling tenderness,feeling love; feeling affection; feeling tenderness,neutral_centroid,neutral; ordinary; plain; average,mensch,vocabulary,mensch,8,0.4722558856010437,-0.008046920411288738,False,False,False,0.5108932435512543,0.04180764853954315,0.0,1.0,0.9999999403953552
arctic_embed_l_v2,Snowflake/snowflake-arctic-embed-l-v2.0,,en,person,person,love,random,love,centroid_phrases,feeling love; feeling affection; feeling tenderness,feeling love; feeling affection; feeling tenderness,neutral_centroid,neutral; ordinary; plain; average,personhood,vocabulary,personhood,9,0.4677557647228241,0.13455146551132202,False,False,False,0.5108932435512543,0.04180764853954315,0.0,1.0,0.9999999403953552
arctic_embed_l_v2,Snowflake/snowflake-arctic-embed-l-v2.0,,en,person,person,love,random,love,centroid_phrases,feeling love; feeling affection; feeling tenderness,feeling love; feeling affection; feeling tenderness,neutral_centroid,neutral; ordinary; plain; average,inhabitant,vocabulary,inhabitant,10,0.46107304096221924,-0.07017423212528229,False,False,False,0.5108932435512543,0.04180764853954315,0.0,1.0,0.9999999403953552
arctic_embed_l_v2,Snowflake/snowflake-arctic-embed-l-v2.0,,en,person,person,love,shuffled_emotion,positive,centroid_phrases,feeling love; feeling affection; feeling tenderness,feeling positive; feeling pleasant; feeling good,neutral_centroid,neutral; ordinary; plain; average,feeling,vocabulary,feeling,1,0.6042539477348328,0.5976458787918091,False,False,False,0.532489436864853,0.2021501375362277,0.0,1.0207152366638184,1.0
arctic_embed_l_v2,Snowflake/snowflake-arctic-embed-l-v2.0,,en,person,person,love,shuffled_emotion,positive,centroid_phrases,feeling love; feeling affection; feeling tenderness,feeling positive; feeling pleasant; feeling good,neutral_centroid,neutral; ordinary; plain; average,someone,vocabulary,someone,2,0.562409520149231,0.06457344442605972,False,False,False,0.532489436864853,0.2021501375362277,0.0,1.0207152366638184,1.0
arctic_embed_l_v2,Snowflake/snowflake-arctic-embed-l-v2.0,,en,person,person,love,shuffled_emotion,positive,centroid_phrases,feeling love; feeling affection; feeling tenderness,feeling positive; feeling pleasant; feeling good,neutral_centroid,neutral; ordinary; plain; average,people,vocabulary,people,3,0.5579667091369629,0.11934182047843933,False,False,False,0.532489436864853,0.2021501375362277,0.0,1.0207152366638184,1.0
arctic_embed_l_v2,Snowflake/snowflake-arctic-embed-l-v2.0,,en,person,person,love,shuffled_emotion,positive,centroid_phrases,feeling love; feeling affection; feeling tenderness,feeling positive; feeling pleasant; feeling good,neutral_centroid,neutral; ordinary; plain; average,persona,vocabulary,persona,4,0.5538692474365234,0.01865898258984089,False,False,False,0.532489436864853,0.2021501375362277,0.0,1.0207152366638184,1.0
arctic_embed_l_v2,Snowflake/snowflake-arctic-embed-l-v2.0,,en,person,person,love,shuffled_emotion,positive,centroid_phrases,feeling love; feeling affection; feeling tenderness,feeling positive; feeling pleasant; feeling good,neutral_centroid,neutral; ordinary; plain; average,personas,vocabulary,personas,5,0.5350570678710938,0.07586647570133209,False,False,False,0.532489436864853,0.2021501375362277,0.0,1.0207152366638184,1.0
arctic_embed_l_v2,Snowflake/snowflake-arctic-embed-l-v2.0,,en,person,person,love,shuffled_emotion,positive,centroid_phrases,feeling love; feeling affection; feeling tenderness,feeling positive; feeling pleasant; feeling good,neutral_centroid,neutral; ordinary; plain; average,persons,vocabulary,persons,6,0.522770881652832,-0.01620490476489067,False,False,False,0.532489436864853,0.2021501375362277,0.0,1.0207152366638184,1.0
arctic_embed_l_v2,Snowflake/snowflake-arctic-embed-l-v2.0,,en,person,person,love,shuffled_emotion,positive,centroid_phrases,feeling love; feeling affection; feeling tenderness,feeling positive; feeling pleasant; feeling good,neutral_centroid,neutral; ordinary; plain; average,feelings,vocabulary,feelings,7,0.5212709903717041,0.5304993987083435,False,False,False,0.532489436864853,0.2021501375362277,0.0,1.0207152366638184,1.0
arctic_embed_l_v2,Snowflake/snowflake-arctic-embed-l-v2.0,,en,person,person,love,shuffled_emotion,positive,centroid_phrases,feeling love; feeling affection; feeling tenderness,feeling positive; feeling pleasant; feeling good,neutral_centroid,neutral; ordinary; plain; average,experiencing,vocabulary,experiencing,8,0.49315425753593445,0.30324405431747437,False,False,False,0.532489436864853,0.2021501375362277,0.0,1.0207152366638184,1.0
arctic_embed_l_v2,Snowflake/snowflake-arctic-embed-l-v2.0,,en,person,person,love,shuffled_emotion,positive,centroid_phrases,feeling love; feeling affection; feeling tenderness,feeling positive; feeling pleasant; feeling good,neutral_centroid,neutral; ordinary; plain; average,celebrating,vocabulary,celebrating,9,0.48711225390434265,0.24141469597816467,False,False,False,0.532489436864853,0.2021501375362277,0.0,1.0207152366638184,1.0
arctic_embed_l_v2,Snowflake/snowflake-arctic-embed-l-v2.0,,en,person,person,love,shuffled_emotion,positive,centroid_phrases,feeling love; feeling affection; feeling tenderness,feeling positive; feeling pleasant; feeling good,neutral_centroid,neutral; ordinary; plain; average,personality,vocabulary,personality,10,0.487029492855072,0.08646152913570404,False,False,False,0.532489436864853,0.2021501375362277,0.0,1.0207152366638184,1.0
arctic_embed_l_v2,Snowflake/snowflake-arctic-embed-l-v2.0,,en,person,person,positive,emotion,positive,centroid_phrases,feeling positive; feeling pleasant; feeling good,feeling positive; feeling pleasant; feeling good,neutral_centroid,neutral; ordinary; plain; average,feeling,vocabulary,feeling,1,0.6042539477348328,0.5853481292724609,False,False,False,0.532489436864853,0.19939394649118186,0.0,1.0207152366638184,1.0
arctic_embed_l_v2,Snowflake/snowflake-arctic-embed-l-v2.0,,en,person,person,positive,emotion,positive,centroid_phrases,feeling positive; feeling pleasant; feeling good,feeling positive; feeling pleasant; feeling good,neutral_centroid,neutral; ordinary; plain; average,someone,vocabulary,someone,2,0.562409520149231,0.05010464787483215,False,False,False,0.532489436864853,0.19939394649118186,0.0,1.0207152366638184,1.0
arctic_embed_l_v2,Snowflake/snowflake-arctic-embed-l-v2.0,,en,person,person,positive,emotion,positive,centroid_phrases,feeling positive; feeling pleasant; feeling good,feeling positive; feeling pleasant; feeling good,neutral_centroid,neutral; ordinary; plain; average,people,vocabulary,people,3,0.5579667091369629,0.13323304057121277,False,False,False,0.532489436864853,0.19939394649118186,0.0,1.0207152366638184,1.0
arctic_embed_l_v2,Snowflake/snowflake-arctic-embed-l-v2.0,,en,person,person,positive,emotion,positive,centroid_phrases,feeling positive; feeling pleasant; feeling good,feeling positive; feeling pleasant; feeling good,neutral_centroid,neutral; ordinary; plain; average,persona,vocabulary,persona,4,0.5538692474365234,-0.0043464768677949905,False,False,False,0.532489436864853,0.19939394649118186,0.0,1.0207152366638184,1.0
arctic_embed_l_v2,Snowflake/snowflake-arctic-embed-l-v2.0,,en,person,person,positive,emotion,positive,centroid_phrases,feeling positive; feeling pleasant; feeling good,feeling positive; feeling pleasant; feeling good,neutral_centroid,neutral; ordinary; plain; average,personas,vocabulary,personas,5,0.5350570678710938,0.07067062705755234,False,False,False,0.532489436864853,0.19939394649118186,0.0,1.0207152366638184,1.0
arctic_embed_l_v2,Snowflake/snowflake-arctic-embed-l-v2.0,,en,person,person,positive,emotion,positive,centroid_phrases,feeling positive; feeling pleasant; feeling good,feeling positive; feeling pleasant; feeling good,neutral_centroid,neutral; ordinary; plain; average,persons,vocabulary,persons,6,0.522770881652832,-0.006822012364864349,False,False,False,0.532489436864853,0.19939394649118186,0.0,1.0207152366638184,1.0
arctic_embed_l_v2,Snowflake/snowflake-arctic-embed-l-v2.0,,en,person,person,positive,emotion,positive,centroid_phrases,feeling positive; feeling pleasant; feeling good,feeling positive; feeling pleasant; feeling good,neutral_centroid,neutral; ordinary; plain; average,feelings,vocabulary,feelings,7,0.5212709903717041,0.464741587638855,False,False,False,0.532489436864853,0.19939394649118186,0.0,1.0207152366638184,1.0
arctic_embed_l_v2,Snowflake/snowflake-arctic-embed-l-v2.0,,en,person,person,positive,emotion,positive,centroid_phrases,feeling positive; feeling pleasant; feeling good,feeling positive; feeling pleasant; feeling good,neutral_centroid,neutral; ordinary; plain; average,experiencing,vocabulary,experiencing,8,0.49315425753593445,0.28777503967285156,False,False,False,0.532489436864853,0.19939394649118186,0.0,1.0207152366638184,1.0
arctic_embed_l_v2,Snowflake/snowflake-arctic-embed-l-v2.0,,en,person,person,positive,emotion,positive,centroid_phrases,feeling positive; feeling pleasant; feeling good,feeling positive; feeling pleasant; feeling good,neutral_centroid,neutral; ordinary; plain; average,celebrating,vocabulary,celebrating,9,0.48711225390434265,0.3074556589126587,False,False,False,0.532489436864853,0.19939394649118186,0.0,1.0207152366638184,1.0
arctic_embed_l_v2,Snowflake/snowflake-arctic-embed-l-v2.0,,en,person,person,positive,emotion,positive,centroid_phrases,feeling positive; feeling pleasant; feeling good,feeling positive; feeling pleasant; feeling good,neutral_centroid,neutral; ordinary; plain; average,personality,vocabulary,personality,10,0.487029492855072,0.10577922314405441,False,False,False,0.532489436864853,0.19939394649118186,0.0,1.0207152366638184,1.0
arctic_embed_l_v2,Snowflake/snowflake-arctic-embed-l-v2.0,,en,person,person,positive,identity,positive,centroid_phrases,feeling positive; feeling pleasant; feeling good,feeling positive; feeling pleasant; feeling good,neutral_centroid,neutral; ordinary; plain; average,persona,vocabulary,persona,1,0.8769800662994385,-0.0043464768677949905,False,False,False,0.7516201674938202,0.04515021871775389,0.0,0.0,1.0
arctic_embed_l_v2,Snowflake/snowflake-arctic-embed-l-v2.0,,en,person,person,positive,identity,positive,centroid_phrases,feeling positive; feeling pleasant; feeling good,feeling positive; feeling pleasant; feeling good,neutral_centroid,neutral; ordinary; plain; average,persons,vocabulary,persons,2,0.8381227254867554,-0.006822012364864349,False,False,False,0.7516201674938202,0.04515021871775389,0.0,0.0,1.0
arctic_embed_l_v2,Snowflake/snowflake-arctic-embed-l-v2.0,,en,person,person,positive,identity,positive,centroid_phrases,feeling positive; feeling pleasant; feeling good,feeling positive; feeling pleasant; feeling good,neutral_centroid,neutral; ordinary; plain; average,someone,vocabulary,someone,3,0.8327658772468567,0.05010464787483215,False,False,False,0.7516201674938202,0.04515021871775389,0.0,0.0,1.0
arctic_embed_l_v2,Snowflake/snowflake-arctic-embed-l-v2.0,,en,person,person,positive,identity,positive,centroid_phrases,feeling positive; feeling pleasant; feeling good,feeling positive; feeling pleasant; feeling good,neutral_centroid,neutral; ordinary; plain; average,personas,vocabulary,personas,4,0.7753745913505554,0.07067062705755234,False,False,False,0.7516201674938202,0.04515021871775389,0.0,0.0,1.0
arctic_embed_l_v2,Snowflake/snowflake-arctic-embed-l-v2.0,,en,person,person,positive,identity,positive,centroid_phrases,feeling positive; feeling pleasant; feeling good,feeling positive; feeling pleasant; feeling good,neutral_centroid,neutral; ordinary; plain; average,people,vocabulary,people,5,0.7420032024383545,0.13323304057121277,False,False,False,0.7516201674938202,0.04515021871775389,0.0,0.0,1.0
arctic_embed_l_v2,Snowflake/snowflake-arctic-embed-l-v2.0,,en,person,person,positive,identity,positive,centroid_phrases,feeling positive; feeling pleasant; feeling good,feeling positive; feeling pleasant; feeling good,neutral_centroid,neutral; ordinary; plain; average,mensch,vocabulary,mensch,6,0.7180784940719604,-0.016723699867725372,False,False,False,0.7516201674938202,0.04515021871775389,0.0,0.0,1.0
arctic_embed_l_v2,Snowflake/snowflake-arctic-embed-l-v2.0,,en,person,person,positive,identity,positive,centroid_phrases,feeling positive; feeling pleasant; feeling good,feeling positive; feeling pleasant; feeling good,neutral_centroid,neutral; ordinary; plain; average,inhabitant,vocabulary,inhabitant,7,0.6898117661476135,-0.04600183665752411,False,False,False,0.7516201674938202,0.04515021871775389,0.0,0.0,1.0
arctic_embed_l_v2,Snowflake/snowflake-arctic-embed-l-v2.0,,en,person,person,positive,identity,positive,centroid_phrases,feeling positive; feeling pleasant; feeling good,feeling positive; feeling pleasant; feeling good,neutral_centroid,neutral; ordinary; plain; average,personhood,vocabulary,personhood,8,0.6839118003845215,0.09499752521514893,False,False,False,0.7516201674938202,0.04515021871775389,0.0,0.0,1.0
arctic_embed_l_v2,Snowflake/snowflake-arctic-embed-l-v2.0,,en,person,person,positive,identity,positive,centroid_phrases,feeling positive; feeling pleasant; feeling good,feeling positive; feeling pleasant; feeling good,neutral_centroid,neutral; ordinary; plain; average,personable,vocabulary,personable,9,0.6835271120071411,0.0706111490726471,False,False,False,0.7516201674938202,0.04515021871775389,0.0,0.0,1.0
arctic_embed_l_v2,Snowflake/snowflake-arctic-embed-l-v2.0,,en,person,person,positive,identity,positive,centroid_phrases,feeling positive; feeling pleasant; feeling good,feeling positive; feeling pleasant; feeling good,neutral_centroid,neutral; ordinary; plain; average,personality,vocabulary,personality,10,0.6756260395050049,0.10577922314405441,False,False,False,0.7516201674938202,0.04515021871775389,0.0,0.0,1.0
arctic_embed_l_v2,Snowflake/snowflake-arctic-embed-l-v2.0,,en,person,person,positive,random,positive,centroid_phrases,feeling positive; feeling pleasant; feeling good,feeling positive; feeling pleasant; feeling good,neutral_centroid,neutral; ordinary; plain; average,persona,vocabulary,persona,1,0.6199175119400024,-0.0043464768677949905,False,False,False,0.5372920840978622,0.022180039063096048,0.0,1.0,1.0
arctic_embed_l_v2,Snowflake/snowflake-arctic-embed-l-v2.0,,en,person,person,positive,random,positive,centroid_phrases,feeling positive; feeling pleasant; feeling good,feeling positive; feeling pleasant; feeling good,neutral_centroid,neutral; ordinary; plain; average,someone,vocabulary,someone,2,0.5982896089553833,0.05010464787483215,False,False,False,0.5372920840978622,0.022180039063096048,0.0,1.0,1.0
arctic_embed_l_v2,Snowflake/snowflake-arctic-embed-l-v2.0,,en,person,person,positive,random,positive,centroid_phrases,feeling positive; feeling pleasant; feeling good,feeling positive; feeling pleasant; feeling good,neutral_centroid,neutral; ordinary; plain; average,persons,vocabulary,persons,3,0.5808872580528259,-0.006822012364864349,False,False,False,0.5372920840978622,0.022180039063096048,0.0,1.0,1.0
arctic_embed_l_v2,Snowflake/snowflake-arctic-embed-l-v2.0,,en,person,person,positive,random,positive,centroid_phrases,feeling positive; feeling pleasant; feeling good,feeling positive; feeling pleasant; feeling good,neutral_centroid,neutral; ordinary; plain; average,personas,vocabulary,personas,4,0.5762937068939209,0.07067062705755234,False,False,False,0.5372920840978622,0.022180039063096048,0.0,1.0,1.0
arctic_embed_l_v2,Snowflake/snowflake-arctic-embed-l-v2.0,,en,person,person,positive,random,positive,centroid_phrases,feeling positive; feeling pleasant; feeling good,feeling positive; feeling pleasant; feeling good,neutral_centroid,neutral; ordinary; plain; average,people,vocabulary,people,5,0.5545793771743774,0.13323304057121277,False,False,False,0.5372920840978622,0.022180039063096048,0.0,1.0,1.0
arctic_embed_l_v2,Snowflake/snowflake-arctic-embed-l-v2.0,,en,person,person,positive,random,positive,centroid_phrases,feeling positive; feeling pleasant; feeling good,feeling positive; feeling pleasant; feeling good,neutral_centroid,neutral; ordinary; plain; average,mensch,vocabulary,mensch,6,0.5061330795288086,-0.016723699867725372,False,False,False,0.5372920840978622,0.022180039063096048,0.0,1.0,1.0
arctic_embed_l_v2,Snowflake/snowflake-arctic-embed-l-v2.0,,en,person,person,positive,random,positive,centroid_phrases,feeling positive; feeling pleasant; feeling good,feeling positive; feeling pleasant; feeling good,neutral_centroid,neutral; ordinary; plain; average,individuals,vocabulary,individuals,7,0.48823249340057373,-0.01567842997610569,False,False,False,0.5372920840978622,0.022180039063096048,0.0,1.0,1.0
arctic_embed_l_v2,Snowflake/snowflake-arctic-embed-l-v2.0,,en,person,person,positive,random,positive,centroid_phrases,feeling positive; feeling pleasant; feeling good,feeling positive; feeling pleasant; feeling good,neutral_centroid,neutral; ordinary; plain; average,inhabitant,vocabulary,inhabitant,8,0.48647186160087585,-0.04600183665752411,False,False,False,0.5372920840978622,0.022180039063096048,0.0,1.0,1.0
arctic_embed_l_v2,Snowflake/snowflake-arctic-embed-l-v2.0,,en,person,person,positive,random,positive,centroid_phrases,feeling positive; feeling pleasant; feeling good,feeling positive; feeling pleasant; feeling good,neutral_centroid,neutral; ordinary; plain; average,somebody,vocabulary,somebody,9,0.4838762879371643,0.04738079756498337,False,False,False,0.5372920840978622,0.022180039063096048,0.0,1.0,1.0
arctic_embed_l_v2,Snowflake/snowflake-arctic-embed-l-v2.0,,en,person,person,positive,random,positive,centroid_phrases,feeling positive; feeling pleasant; feeling good,feeling positive; feeling pleasant; feeling good,neutral_centroid,neutral; ordinary; plain; average,possessor,vocabulary,possessor,10,0.47823965549468994,0.009983733296394348,False,False,False,0.5372920840978622,0.022180039063096048,0.0,1.0,1.0
arctic_embed_l_v2,Snowflake/snowflake-arctic-embed-l-v2.0,,en,person,person,positive,shuffled_emotion,negative,centroid_phrases,feeling positive; feeling pleasant; feeling good,feeling negative; feeling unpleasant; feeling bad,neutral_centroid,neutral; ordinary; plain; average,feeling,vocabulary,feeling,1,0.5991396903991699,0.5853481292724609,False,False,False,0.510824191570282,0.21209467183798553,0.0,1.0413423776626587,1.0
arctic_embed_l_v2,Snowflake/snowflake-arctic-embed-l-v2.0,,en,person,person,positive,shuffled_emotion,negative,centroid_phrases,feeling positive; feeling pleasant; feeling good,feeling negative; feeling unpleasant; feeling bad,neutral_centroid,neutral; ordinary; plain; average,someone,vocabulary,someone,2,0.5549755096435547,0.05010464787483215,False,False,False,0.510824191570282,0.21209467183798553,0.0,1.0413423776626587,1.0
arctic_embed_l_v2,Snowflake/snowflake-arctic-embed-l-v2.0,,en,person,person,positive,shuffled_emotion,negative,centroid_phrases,feeling positive; feeling pleasant; feeling good,feeling negative; feeling unpleasant; feeling bad,neutral_centroid,neutral; ordinary; plain; average,feelings,vocabulary,feelings,3,0.5401318073272705,0.464741587638855,False,False,False,0.510824191570282,0.21209467183798553,0.0,1.0413423776626587,1.0
arctic_embed_l_v2,Snowflake/snowflake-arctic-embed-l-v2.0,,en,person,person,positive,shuffled_emotion,negative,centroid_phrases,feeling positive; feeling pleasant; feeling good,feeling negative; feeling unpleasant; feeling bad,neutral_centroid,neutral; ordinary; plain; average,persona,vocabulary,persona,4,0.5123867988586426,-0.0043464768677949905,False,False,False,0.510824191570282,0.21209467183798553,0.0,1.0413423776626587,1.0
arctic_embed_l_v2,Snowflake/snowflake-arctic-embed-l-v2.0,,en,person,person,positive,shuffled_emotion,negative,centroid_phrases,feeling positive; feeling pleasant; feeling good,feeling negative; feeling unpleasant; feeling bad,neutral_centroid,neutral; ordinary; plain; average,people,vocabulary,people,5,0.5105563402175903,0.13323304057121277,False,False,False,0.510824191570282,0.21209467183798553,0.0,1.0413423776626587,1.0
arctic_embed_l_v2,Snowflake/snowflake-arctic-embed-l-v2.0,,en,person,person,positive,shuffled_emotion,negative,centroid_phrases,feeling positive; feeling pleasant; feeling good,feeling negative; feeling unpleasant; feeling bad,neutral_centroid,neutral; ordinary; plain; average,feel,vocabulary,feel,6,0.49899938702583313,0.44524461030960083,False,False,False,0.510824191570282,0.21209467183798553,0.0,1.0413423776626587,1.0
arctic_embed_l_v2,Snowflake/snowflake-arctic-embed-l-v2.0,,en,person,person,positive,shuffled_emotion,negative,centroid_phrases,feeling positive; feeling pleasant; feeling good,feeling negative; feeling unpleasant; feeling bad,neutral_centroid,neutral; ordinary; plain; average,persons,vocabulary,persons,7,0.4834766685962677,-0.006822012364864349,False,False,False,0.510824191570282,0.21209467183798553,0.0,1.0413423776626587,1.0
arctic_embed_l_v2,Snowflake/snowflake-arctic-embed-l-v2.0,,en,person,person,positive,shuffled_emotion,negative,centroid_phrases,feeling positive; feeling pleasant; feeling good,feeling negative; feeling unpleasant; feeling bad,neutral_centroid,neutral; ordinary; plain; average,experiencing,vocabulary,experiencing,8,0.48271530866622925,0.28777503967285156,False,False,False,0.510824191570282,0.21209467183798553,0.0,1.0413423776626587,1.0
arctic_embed_l_v2,Snowflake/snowflake-arctic-embed-l-v2.0,,en,person,person,positive,shuffled_emotion,negative,centroid_phrases,feeling positive; feeling pleasant; feeling good,feeling negative; feeling unpleasant; feeling bad,neutral_centroid,neutral; ordinary; plain; average,personas,vocabulary,personas,9,0.46474188566207886,0.07067062705755234,False,False,False,0.510824191570282,0.21209467183798553,0.0,1.0413423776626587,1.0
arctic_embed_l_v2,Snowflake/snowflake-arctic-embed-l-v2.0,,en,person,person,positive,shuffled_emotion,negative,centroid_phrases,feeling positive; feeling pleasant; feeling good,feeling negative; feeling unpleasant; feeling bad,neutral_centroid,neutral; ordinary; plain; average,personhood,vocabulary,personhood,10,0.46111851930618286,0.09499752521514893,False,False,False,0.510824191570282,0.21209467183798553,0.0,1.0413423776626587,1.0
arctic_embed_l_v2,Snowflake/snowflake-arctic-embed-l-v2.0,,en,person,person,negative,emotion,negative,centroid_phrases,feeling negative; feeling unpleasant; feeling bad,feeling negative; feeling unpleasant; feeling bad,neutral_centroid,neutral; ordinary; plain; average,feeling,vocabulary,feeling,1,0.5991396903991699,0.6065361499786377,False,False,False,0.510824191570282,0.22225871738046407,0.0,1.0413423776626587,1.0
arctic_embed_l_v2,Snowflake/snowflake-arctic-embed-l-v2.0,,en,person,person,negative,emotion,negative,centroid_phrases,feeling negative; feeling unpleasant; feeling bad,feeling negative; feeling unpleasant; feeling bad,neutral_centroid,neutral; ordinary; plain; average,someone,vocabulary,someone,2,0.5549755096435547,0.08009282499551773,False,False,False,0.510824191570282,0.22225871738046407,0.0,1.0413423776626587,1.0
arctic_embed_l_v2,Snowflake/snowflake-arctic-embed-l-v2.0,,en,person,person,negative,emotion,negative,centroid_phrases,feeling negative; feeling unpleasant; feeling bad,feeling negative; feeling unpleasant; feeling bad,neutral_centroid,neutral; ordinary; plain; average,feelings,vocabulary,feelings,3,0.5401318073272705,0.5205098390579224,False,False,False,0.510824191570282,0.22225871738046407,0.0,1.0413423776626587,1.0
arctic_embed_l_v2,Snowflake/snowflake-arctic-embed-l-v2.0,,en,person,person,negative,emotion,negative,centroid_phrases,feeling negative; feeling unpleasant; feeling bad,feeling negative; feeling unpleasant; feeling bad,neutral_centroid,neutral; ordinary; plain; average,persona,vocabulary,persona,4,0.5123867988586426,-0.01566997542977333,False,False,False,0.510824191570282,0.22225871738046407,0.0,1.0413423776626587,1.0
arctic_embed_l_v2,Snowflake/snowflake-arctic-embed-l-v2.0,,en,person,person,negative,emotion,negative,centroid_phrases,feeling negative; feeling unpleasant; feeling bad,feeling negative; feeling unpleasant; feeling bad,neutral_centroid,neutral; ordinary; plain; average,people,vocabulary,people,5,0.5105563402175903,0.1116572692990303,False,False,False,0.510824191570282,0.22225871738046407,0.0,1.0413423776626587,1.0
arctic_embed_l_v2,Snowflake/snowflake-arctic-embed-l-v2.0,,en,person,person,negative,emotion,negative,centroid_phrases,feeling negative; feeling unpleasant; feeling bad,feeling negative; feeling unpleasant; feeling bad,neutral_centroid,neutral; ordinary; plain; average,feel,vocabulary,feel,6,0.49899938702583313,0.49504756927490234,False,False,False,0.510824191570282,0.22225871738046407,0.0,1.0413423776626587,1.0
arctic_embed_l_v2,Snowflake/snowflake-arctic-embed-l-v2.0,,en,person,person,negative,emotion,negative,centroid_phrases,feeling negative; feeling unpleasant; feeling bad,feeling negative; feeling unpleasant; feeling bad,neutral_centroid,neutral; ordinary; plain; average,persons,vocabulary,persons,7,0.4834766685962677,-0.01453910581767559,False,False,False,0.510824191570282,0.22225871738046407,0.0,1.0413423776626587,1.0
arctic_embed_l_v2,Snowflake/snowflake-arctic-embed-l-v2.0,,en,person,person,negative,emotion,negative,centroid_phrases,feeling negative; feeling unpleasant; feeling bad,feeling negative; feeling unpleasant; feeling bad,neutral_centroid,neutral; ordinary; plain; average,experiencing,vocabulary,experiencing,8,0.48271530866622925,0.31111717224121094,False,False,False,0.510824191570282,0.22225871738046407,0.0,1.0413423776626587,1.0
arctic_embed_l_v2,Snowflake/snowflake-arctic-embed-l-v2.0,,en,person,person,negative,emotion,negative,centroid_phrases,feeling negative; feeling unpleasant; feeling bad,feeling negative; feeling unpleasant; feeling bad,neutral_centroid,neutral; ordinary; plain; average,personas,vocabulary,personas,9,0.46474188566207886,0.022269368171691895,False,False,False,0.510824191570282,0.22225871738046407,0.0,1.0413423776626587,1.0
arctic_embed_l_v2,Snowflake/snowflake-arctic-embed-l-v2.0,,en,person,person,negative,emotion,negative,centroid_phrases,feeling negative; feeling unpleasant; feeling bad,feeling negative; feeling unpleasant; feeling bad,neutral_centroid,neutral; ordinary; plain; average,personhood,vocabulary,personhood,10,0.46111851930618286,0.10556606203317642,False,False,False,0.510824191570282,0.22225871738046407,0.0,1.0413423776626587,1.0
arctic_embed_l_v2,Snowflake/snowflake-arctic-embed-l-v2.0,,en,person,person,negative,identity,negative,centroid_phrases,feeling negative; feeling unpleasant; feeling bad,feeling negative; feeling unpleasant; feeling bad,neutral_centroid,neutral; ordinary; plain; average,persona,vocabulary,persona,1,0.8769800662994385,-0.01566997542977333,False,False,False,0.7516201674938202,0.042282216250896454,0.0,0.0,1.0
arctic_embed_l_v2,Snowflake/snowflake-arctic-embed-l-v2.0,,en,person,person,negative,identity,negative,centroid_phrases,feeling negative; feeling unpleasant; feeling bad,feeling negative; feeling unpleasant; feeling bad,neutral_centroid,neutral; ordinary; plain; average,persons,vocabulary,persons,2,0.8381227254867554,-0.01453910581767559,False,False,False,0.7516201674938202,0.042282216250896454,0.0,0.0,1.0
arctic_embed_l_v2,Snowflake/snowflake-arctic-embed-l-v2.0,,en,person,person,negative,identity,negative,centroid_phrases,feeling negative; feeling unpleasant; feeling bad,feeling negative; feeling unpleasant; feeling bad,neutral_centroid,neutral; ordinary; plain; average,someone,vocabulary,someone,3,0.8327658772468567,0.08009282499551773,False,False,False,0.7516201674938202,0.042282216250896454,0.0,0.0,1.0
arctic_embed_l_v2,Snowflake/snowflake-arctic-embed-l-v2.0,,en,person,person,negative,identity,negative,centroid_phrases,feeling negative; feeling unpleasant; feeling bad,feeling negative; feeling unpleasant; feeling bad,neutral_centroid,neutral; ordinary; plain; average,personas,vocabulary,personas,4,0.7753745913505554,0.022269368171691895,False,False,False,0.7516201674938202,0.042282216250896454,0.0,0.0,1.0
arctic_embed_l_v2,Snowflake/snowflake-arctic-embed-l-v2.0,,en,person,person,negative,identity,negative,centroid_phrases,feeling negative; feeling unpleasant; feeling bad,feeling negative; feeling unpleasant; feeling bad,neutral_centroid,neutral; ordinary; plain; average,people,vocabulary,people,5,0.7420032024383545,0.1116572692990303,False,False,False,0.7516201674938202,0.042282216250896454,0.0,0.0,1.0
arctic_embed_l_v2,Snowflake/snowflake-arctic-embed-l-v2.0,,en,person,person,negative,identity,negative,centroid_phrases,feeling negative; feeling unpleasant; feeling bad,feeling negative; feeling unpleasant; feeling bad,neutral_centroid,neutral; ordinary; plain; average,mensch,vocabulary,mensch,6,0.7180784940719604,0.020390013232827187,False,False,False,0.7516201674938202,0.042282216250896454,0.0,0.0,1.0
arctic_embed_l_v2,Snowflake/snowflake-arctic-embed-l-v2.0,,en,person,person,negative,identity,negative,centroid_phrases,feeling negative; feeling unpleasant; feeling bad,feeling negative; feeling unpleasant; feeling bad,neutral_centroid,neutral; ordinary; plain; average,inhabitant,vocabulary,inhabitant,7,0.6898117661476135,-0.028417225927114487,False,False,False,0.7516201674938202,0.042282216250896454,0.0,0.0,1.0
arctic_embed_l_v2,Snowflake/snowflake-arctic-embed-l-v2.0,,en,person,person,negative,identity,negative,centroid_phrases,feeling negative; feeling unpleasant; feeling bad,feeling negative; feeling unpleasant; feeling bad,neutral_centroid,neutral; ordinary; plain; average,personhood,vocabulary,personhood,8,0.6839118003845215,0.10556606203317642,False,False,False,0.7516201674938202,0.042282216250896454,0.0,0.0,1.0
arctic_embed_l_v2,Snowflake/snowflake-arctic-embed-l-v2.0,,en,person,person,negative,identity,negative,centroid_phrases,feeling negative; feeling unpleasant; feeling bad,feeling negative; feeling unpleasant; feeling bad,neutral_centroid,neutral; ordinary; plain; average,personable,vocabulary,personable,9,0.6835271120071411,0.028058376163244247,False,False,False,0.7516201674938202,0.042282216250896454,0.0,0.0,1.0
arctic_embed_l_v2,Snowflake/snowflake-arctic-embed-l-v2.0,,en,person,person,negative,identity,negative,centroid_phrases,feeling negative; feeling unpleasant; feeling bad,feeling negative; feeling unpleasant; feeling bad,neutral_centroid,neutral; ordinary; plain; average,personality,vocabulary,personality,10,0.6756260395050049,0.11341455578804016,False,False,False,0.7516201674938202,0.042282216250896454,0.0,0.0,1.0
arctic_embed_l_v2,Snowflake/snowflake-arctic-embed-l-v2.0,,en,person,person,negative,random,negative,centroid_phrases,feeling negative; feeling unpleasant; feeling bad,feeling negative; feeling unpleasant; feeling bad,neutral_centroid,neutral; ordinary; plain; average,persona,vocabulary,persona,1,0.6228859424591064,-0.01566997542977333,False,False,False,0.5266668051481247,0.03565937839448452,0.0,1.0,1.0
arctic_embed_l_v2,Snowflake/snowflake-arctic-embed-l-v2.0,,en,person,person,negative,random,negative,centroid_phrases,feeling negative; feeling unpleasant; feeling bad,feeling negative; feeling unpleasant; feeling bad,neutral_centroid,neutral; ordinary; plain; average,someone,vocabulary,someone,2,0.594790518283844,0.08009282499551773,False,False,False,0.5266668051481247,0.03565937839448452,0.0,1.0,1.0
arctic_embed_l_v2,Snowflake/snowflake-arctic-embed-l-v2.0,,en,person,person,negative,random,negative,centroid_phrases,feeling negative; feeling unpleasant; feeling bad,feeling negative; feeling unpleasant; feeling bad,neutral_centroid,neutral; ordinary; plain; average,persons,vocabulary,persons,3,0.5581645965576172,-0.01453910581767559,False,False,False,0.5266668051481247,0.03565937839448452,0.0,1.0,1.0
arctic_embed_l_v2,Snowflake/snowflake-arctic-embed-l-v2.0,,en,person,person,negative,random,negative,centroid_phrases,feeling negative; feeling unpleasant; feeling bad,feeling negative; feeling unpleasant; feeling bad,neutral_centroid,neutral; ordinary; plain; average,personas,vocabulary,personas,4,0.5149706602096558,0.022269368171691895,False,False,False,0.5266668051481247,0.03565937839448452,0.0,1.0,1.0
arctic_embed_l_v2,Snowflake/snowflake-arctic-embed-l-v2.0,,en,person,person,negative,random,negative,centroid_phrases,feeling negative; feeling unpleasant; feeling bad,feeling negative; feeling unpleasant; feeling bad,neutral_centroid,neutral; ordinary; plain; average,people,vocabulary,people,5,0.5114727020263672,0.1116572692990303,False,False,False,0.5266668051481247,0.03565937839448452,0.0,1.0,1.0
arctic_embed_l_v2,Snowflake/snowflake-arctic-embed-l-v2.0,,en,person,person,negative,random,negative,centroid_phrases,feeling negative; feeling unpleasant; feeling bad,feeling negative; feeling unpleasant; feeling bad,neutral_centroid,neutral; ordinary; plain; average,somebody,vocabulary,somebody,6,0.502831220626831,0.08655259013175964,False,False,False,0.5266668051481247,0.03565937839448452,0.0,1.0,1.0
arctic_embed_l_v2,Snowflake/snowflake-arctic-embed-l-v2.0,,en,person,person,negative,random,negative,centroid_phrases,feeling negative; feeling unpleasant; feeling bad,feeling negative; feeling unpleasant; feeling bad,neutral_centroid,neutral; ordinary; plain; average,personhood,vocabulary,personhood,7,0.5015023946762085,0.10556606203317642,False,False,False,0.5266668051481247,0.03565937839448452,0.0,1.0,1.0
arctic_embed_l_v2,Snowflake/snowflake-arctic-embed-l-v2.0,,en,person,person,negative,random,negative,centroid_phrases,feeling negative; feeling unpleasant; feeling bad,feeling negative; feeling unpleasant; feeling bad,neutral_centroid,neutral; ordinary; plain; average,mensch,vocabulary,mensch,8,0.491743803024292,0.020390013232827187,False,False,False,0.5266668051481247,0.03565937839448452,0.0,1.0,1.0
arctic_embed_l_v2,Snowflake/snowflake-arctic-embed-l-v2.0,,en,person,person,negative,random,negative,centroid_phrases,feeling negative; feeling unpleasant; feeling bad,feeling negative; feeling unpleasant; feeling bad,neutral_centroid,neutral; ordinary; plain; average,individual,vocabulary,individual,9,0.48705196380615234,-0.06778363883495331,False,False,False,0.5266668051481247,0.03565937839448452,0.0,1.0,1.0
arctic_embed_l_v2,Snowflake/snowflake-arctic-embed-l-v2.0,,en,person,person,negative,random,negative,centroid_phrases,feeling negative; feeling unpleasant; feeling bad,feeling negative; feeling unpleasant; feeling bad,neutral_centroid,neutral; ordinary; plain; average,personable,vocabulary,personable,10,0.4812542498111725,0.028058376163244247,False,False,False,0.5266668051481247,0.03565937839448452,0.0,1.0,1.0
arctic_embed_l_v2,Snowflake/snowflake-arctic-embed-l-v2.0,,en,person,person,negative,shuffled_emotion,sadness,centroid_phrases,feeling negative; feeling unpleasant; feeling bad,feeling sad; feeling sorrowful; feeling gloomy,neutral_centroid,neutral; ordinary; plain; average,feeling,vocabulary,feeling,1,0.581355094909668,0.6065361499786377,False,False,False,0.5018892467021943,0.227199331484735,0.0,1.0921324491500854,1.0
arctic_embed_l_v2,Snowflake/snowflake-arctic-embed-l-v2.0,,en,person,person,negative,shuffled_emotion,sadness,centroid_phrases,feeling negative; feeling unpleasant; feeling bad,feeling sad; feeling sorrowful; feeling gloomy,neutral_centroid,neutral; ordinary; plain; average,feelings,vocabulary,feelings,2,0.5410146713256836,0.5205098390579224,False,False,False,0.5018892467021943,0.227199331484735,0.0,1.0921324491500854,1.0
arctic_embed_l_v2,Snowflake/snowflake-arctic-embed-l-v2.0,,en,person,person,negative,shuffled_emotion,sadness,centroid_phrases,feeling negative; feeling unpleasant; feeling bad,feeling sad; feeling sorrowful; feeling gloomy,neutral_centroid,neutral; ordinary; plain; average,someone,vocabulary,someone,3,0.5289275646209717,0.08009282499551773,False,False,False,0.5018892467021943,0.227199331484735,0.0,1.0921324491500854,1.0
arctic_embed_l_v2,Snowflake/snowflake-arctic-embed-l-v2.0,,en,person,person,negative,shuffled_emotion,sadness,centroid_phrases,feeling negative; feeling unpleasant; feeling bad,feeling sad; feeling sorrowful; feeling gloomy,neutral_centroid,neutral; ordinary; plain; average,people,vocabulary,people,4,0.5162668228149414,0.1116572692990303,False,False,False,0.5018892467021943,0.227199331484735,0.0,1.0921324491500854,1.0
arctic_embed_l_v2,Snowflake/snowflake-arctic-embed-l-v2.0,,en,person,person,negative,shuffled_emotion,sadness,centroid_phrases,feeling negative; feeling unpleasant; feeling bad,feeling sad; feeling sorrowful; feeling gloomy,neutral_centroid,neutral; ordinary; plain; average,persona,vocabulary,persona,5,0.4948675036430359,-0.01566997542977333,False,False,False,0.5018892467021943,0.227199331484735,0.0,1.0921324491500854,1.0
arctic_embed_l_v2,Snowflake/snowflake-arctic-embed-l-v2.0,,en,person,person,negative,shuffled_emotion,sadness,centroid_phrases,feeling negative; feeling unpleasant; feeling bad,feeling sad; feeling sorrowful; feeling gloomy,neutral_centroid,neutral; ordinary; plain; average,personhood,vocabulary,personhood,6,0.4846842885017395,0.10556606203317642,False,False,False,0.5018892467021943,0.227199331484735,0.0,1.0921324491500854,1.0
arctic_embed_l_v2,Snowflake/snowflake-arctic-embed-l-v2.0,,en,person,person,negative,shuffled_emotion,sadness,centroid_phrases,feeling negative; feeling unpleasant; feeling bad,feeling sad; feeling sorrowful; feeling gloomy,neutral_centroid,neutral; ordinary; plain; average,grieving,vocabulary,grieving,7,0.4775422215461731,0.3605233132839203,False,False,False,0.5018892467021943,0.227199331484735,0.0,1.0921324491500854,1.0
arctic_embed_l_v2,Snowflake/snowflake-arctic-embed-l-v2.0,,en,person,person,negative,shuffled_emotion,sadness,centroid_phrases,feeling negative; feeling unpleasant; feeling bad,feeling sad; feeling sorrowful; feeling gloomy,neutral_centroid,neutral; ordinary; plain; average,feel,vocabulary,feel,8,0.4736173152923584,0.49504756927490234,False,False,False,0.5018892467021943,0.227199331484735,0.0,1.0921324491500854,1.0
arctic_embed_l_v2,Snowflake/snowflake-arctic-embed-l-v2.0,,en,person,person,negative,shuffled_emotion,sadness,centroid_phrases,feeling negative; feeling unpleasant; feeling bad,feeling sad; feeling sorrowful; feeling gloomy,neutral_centroid,neutral; ordinary; plain; average,personas,vocabulary,personas,9,0.46486371755599976,0.022269368171691895,False,False,False,0.5018892467021943,0.227199331484735,0.0,1.0921324491500854,1.0
arctic_embed_l_v2,Snowflake/snowflake-arctic-embed-l-v2.0,,en,person,person,negative,shuffled_emotion,sadness,centroid_phrases,feeling negative; feeling unpleasant; feeling bad,feeling sad; feeling sorrowful; feeling gloomy,neutral_centroid,neutral; ordinary; plain; average,persons,vocabulary,persons,10,0.45575326681137085,-0.01453910581767559,False,False,False,0.5018892467021943,0.227199331484735,0.0,1.0921324491500854,1.0
arctic_embed_l_v2,Snowflake/snowflake-arctic-embed-l-v2.0,,en,object,object,sadness,emotion,sadness,centroid_phrases,feeling sad; feeling sorrowful; feeling gloomy,feeling sad; feeling sorrowful; feeling gloomy,neutral_centroid,neutral; ordinary; plain; average,feeling,vocabulary,feeling,1,0.5017866492271423,0.634575605392456,False,False,False,0.4383994579315186,0.41575524397194386,0.0,1.0921324491500854,1.0
arctic_embed_l_v2,Snowflake/snowflake-arctic-embed-l-v2.0,,en,object,object,sadness,emotion,sadness,centroid_phrases,feeling sad; feeling sorrowful; feeling gloomy,feeling sad; feeling sorrowful; feeling gloomy,neutral_centroid,neutral; ordinary; plain; average,objects,vocabulary,objects,2,0.48890581727027893,0.029045630246400833,False,False,False,0.4383994579315186,0.41575524397194386,0.0,1.0921324491500854,1.0
arctic_embed_l_v2,Snowflake/snowflake-arctic-embed-l-v2.0,,en,object,object,sadness,emotion,sadness,centroid_phrases,feeling sad; feeling sorrowful; feeling gloomy,feeling sad; feeling sorrowful; feeling gloomy,neutral_centroid,neutral; ordinary; plain; average,feelings,vocabulary,feelings,3,0.47722721099853516,0.5741511583328247,False,False,False,0.4383994579315186,0.41575524397194386,0.0,1.0921324491500854,1.0
arctic_embed_l_v2,Snowflake/snowflake-arctic-embed-l-v2.0,,en,object,object,sadness,emotion,sadness,centroid_phrases,feeling sad; feeling sorrowful; feeling gloomy,feeling sad; feeling sorrowful; feeling gloomy,neutral_centroid,neutral; ordinary; plain; average,sorrowful,vocabulary,sorrowful,4,0.4253219962120056,0.4181356430053711,False,False,False,0.4383994579315186,0.41575524397194386,0.0,1.0921324491500854,1.0
arctic_embed_l_v2,Snowflake/snowflake-arctic-embed-l-v2.0,,en,object,object,sadness,emotion,sadness,centroid_phrases,feeling sad; feeling sorrowful; feeling gloomy,feeling sad; feeling sorrowful; feeling gloomy,neutral_centroid,neutral; ordinary; plain; average,objectification,vocabulary,objectification,5,0.42509180307388306,0.19814807176589966,False,False,False,0.4383994579315186,0.41575524397194386,0.0,1.0921324491500854,1.0
arctic_embed_l_v2,Snowflake/snowflake-arctic-embed-l-v2.0,,en,object,object,sadness,emotion,sadness,centroid_phrases,feeling sad; feeling sorrowful; feeling gloomy,feeling sad; feeling sorrowful; feeling gloomy,neutral_centroid,neutral; ordinary; plain; average,sadness,vocabulary,sadness,6,0.4239063262939453,0.49679112434387207,False,False,False,0.4383994579315186,0.41575524397194386,0.0,1.0921324491500854,1.0
arctic_embed_l_v2,Snowflake/snowflake-arctic-embed-l-v2.0,,en,object,object,sadness,emotion,sadness,centroid_phrases,feeling sad; feeling sorrowful; feeling gloomy,feeling sad; feeling sorrowful; feeling gloomy,neutral_centroid,neutral; ordinary; plain; average,sorrow,vocabulary,sorrow,7,0.42139673233032227,0.4128124713897705,False,False,False,0.4383994579315186,0.41575524397194386,0.0,1.0921324491500854,1.0
arctic_embed_l_v2,Snowflake/snowflake-arctic-embed-l-v2.0,,en,object,object,sadness,emotion,sadness,centroid_phrases,feeling sad; feeling sorrowful; feeling gloomy,feeling sad; feeling sorrowful; feeling gloomy,neutral_centroid,neutral; ordinary; plain; average,sobbing,vocabulary,sobbing,8,0.40767771005630493,0.47286441922187805,False,False,False,0.4383994579315186,0.41575524397194386,0.0,1.0921324491500854,1.0
arctic_embed_l_v2,Snowflake/snowflake-arctic-embed-l-v2.0,,en,object,object,sadness,emotion,sadness,centroid_phrases,feeling sad; feeling sorrowful; feeling gloomy,feeling sad; feeling sorrowful; feeling gloomy,neutral_centroid,neutral; ordinary; plain; average,feel,vocabulary,feel,9,0.40747079253196716,0.5173985362052917,False,False,False,0.4383994579315186,0.41575524397194386,0.0,1.0921324491500854,1.0
arctic_embed_l_v2,Snowflake/snowflake-arctic-embed-l-v2.0,,en,object,object,sadness,emotion,sadness,centroid_phrases,feeling sad; feeling sorrowful; feeling gloomy,feeling sad; feeling sorrowful; feeling gloomy,neutral_centroid,neutral; ordinary; plain; average,sorrows,vocabulary,sorrows,10,0.4052095413208008,0.40362977981567383,False,False,False,0.4383994579315186,0.41575524397194386,0.0,1.0921324491500854,1.0
arctic_embed_l_v2,Snowflake/snowflake-arctic-embed-l-v2.0,,en,object,object,sadness,identity,sadness,centroid_phrases,feeling sad; feeling sorrowful; feeling gloomy,feeling sad; feeling sorrowful; feeling gloomy,neutral_centroid,neutral; ordinary; plain; average,objects,vocabulary,objects,1,0.8648344278335571,0.029045630246400833,False,False,False,0.6321749150753021,0.06956684775650501,0.0,0.0,1.0
arctic_embed_l_v2,Snowflake/snowflake-arctic-embed-l-v2.0,,en,object,object,sadness,identity,sadness,centroid_phrases,feeling sad; feeling sorrowful; feeling gloomy,feeling sad; feeling sorrowful; feeling gloomy,neutral_centroid,neutral; ordinary; plain; average,obj,vocabulary,obj,2,0.6921373009681702,0.043150003999471664,False,False,False,0.6321749150753021,0.06956684775650501,0.0,0.0,1.0
arctic_embed_l_v2,Snowflake/snowflake-arctic-embed-l-v2.0,,en,object,object,sadness,identity,sadness,centroid_phrases,feeling sad; feeling sorrowful; feeling gloomy,feeling sad; feeling sorrowful; feeling gloomy,neutral_centroid,neutral; ordinary; plain; average,objection,vocabulary,objection,3,0.6195494532585144,0.048967279493808746,False,False,False,0.6321749150753021,0.06956684775650501,0.0,0.0,1.0
arctic_embed_l_v2,Snowflake/snowflake-arctic-embed-l-v2.0,,en,object,object,sadness,identity,sadness,centroid_phrases,feeling sad; feeling sorrowful; feeling gloomy,feeling sad; feeling sorrowful; feeling gloomy,neutral_centroid,neutral; ordinary; plain; average,objectivity,vocabulary,objectivity,4,0.6126412153244019,0.0643046647310257,False,False,False,0.6321749150753021,0.06956684775650501,0.0,0.0,1.0
arctic_embed_l_v2,Snowflake/snowflake-arctic-embed-l-v2.0,,en,object,object,sadness,identity,sadness,centroid_phrases,feeling sad; feeling sorrowful; feeling gloomy,feeling sad; feeling sorrowful; feeling gloomy,neutral_centroid,neutral; ordinary; plain; average,objectification,vocabulary,objectification,5,0.5979549288749695,0.19814807176589966,False,False,False,0.6321749150753021,0.06956684775650501,0.0,0.0,1.0
arctic_embed_l_v2,Snowflake/snowflake-arctic-embed-l-v2.0,,en,object,object,sadness,identity,sadness,centroid_phrases,feeling sad; feeling sorrowful; feeling gloomy,feeling sad; feeling sorrowful; feeling gloomy,neutral_centroid,neutral; ordinary; plain; average,thing,vocabulary,thing,6,0.595016598701477,0.12661774456501007,False,False,False,0.6321749150753021,0.06956684775650501,0.0,0.0,1.0
arctic_embed_l_v2,Snowflake/snowflake-arctic-embed-l-v2.0,,en,object,object,sadness,identity,sadness,centroid_phrases,feeling sad; feeling sorrowful; feeling gloomy,feeling sad; feeling sorrowful; feeling gloomy,neutral_centroid,neutral; ordinary; plain; average,objecting,vocabulary,objecting,7,0.5918096303939819,0.16534382104873657,False,False,False,0.6321749150753021,0.06956684775650501,0.0,0.0,1.0
arctic_embed_l_v2,Snowflake/snowflake-arctic-embed-l-v2.0,,en,object,object,sadness,identity,sadness,centroid_phrases,feeling sad; feeling sorrowful; feeling gloomy,feeling sad; feeling sorrowful; feeling gloomy,neutral_centroid,neutral; ordinary; plain; average,person,vocabulary,person,8,0.5889228582382202,0.040121398866176605,False,False,False,0.6321749150753021,0.06956684775650501,0.0,0.0,1.0
arctic_embed_l_v2,Snowflake/snowflake-arctic-embed-l-v2.0,,en,object,object,sadness,identity,sadness,centroid_phrases,feeling sad; feeling sorrowful; feeling gloomy,feeling sad; feeling sorrowful; feeling gloomy,neutral_centroid,neutral; ordinary; plain; average,arrow,vocabulary,arrow,9,0.5819923877716064,-0.039355576038360596,False,False,False,0.6321749150753021,0.06956684775650501,0.0,0.0,1.0
arctic_embed_l_v2,Snowflake/snowflake-arctic-embed-l-v2.0,,en,object,object,sadness,identity,sadness,centroid_phrases,feeling sad; feeling sorrowful; feeling gloomy,feeling sad; feeling sorrowful; feeling gloomy,neutral_centroid,neutral; ordinary; plain; average,item,vocabulary,item,10,0.5768903493881226,0.019325438886880875,False,False,False,0.6321749150753021,0.06956684775650501,0.0,0.0,1.0
arctic_embed_l_v2,Snowflake/snowflake-arctic-embed-l-v2.0,,en,object,object,sadness,random,sadness,centroid_phrases,feeling sad; feeling sorrowful; feeling gloomy,feeling sad; feeling sorrowful; feeling gloomy,neutral_centroid,neutral; ordinary; plain; average,objects,vocabulary,objects,1,0.6011252999305725,0.029045630246400833,False,False,False,0.4402298957109451,0.04188116397708654,0.0,1.0,1.0
arctic_embed_l_v2,Snowflake/snowflake-arctic-embed-l-v2.0,,en,object,object,sadness,random,sadness,centroid_phrases,feeling sad; feeling sorrowful; feeling gloomy,feeling sad; feeling sorrowful; feeling gloomy,neutral_centroid,neutral; ordinary; plain; average,obj,vocabulary,obj,2,0.4916391670703888,0.043150003999471664,False,False,False,0.4402298957109451,0.04188116397708654,0.0,1.0,1.0
arctic_embed_l_v2,Snowflake/snowflake-arctic-embed-l-v2.0,,en,object,object,sadness,random,sadness,centroid_phrases,feeling sad; feeling sorrowful; feeling gloomy,feeling sad; feeling sorrowful; feeling gloomy,neutral_centroid,neutral; ordinary; plain; average,objectivity,vocabulary,objectivity,3,0.4380546808242798,0.0643046647310257,False,False,False,0.4402298957109451,0.04188116397708654,0.0,1.0,1.0
arctic_embed_l_v2,Snowflake/snowflake-arctic-embed-l-v2.0,,en,object,object,sadness,random,sadness,centroid_phrases,feeling sad; feeling sorrowful; feeling gloomy,feeling sad; feeling sorrowful; feeling gloomy,neutral_centroid,neutral; ordinary; plain; average,objection,vocabulary,objection,4,0.42682620882987976,0.048967279493808746,False,False,False,0.4402298957109451,0.04188116397708654,0.0,1.0,1.0
arctic_embed_l_v2,Snowflake/snowflake-arctic-embed-l-v2.0,,en,object,object,sadness,random,sadness,centroid_phrases,feeling sad; feeling sorrowful; feeling gloomy,feeling sad; feeling sorrowful; feeling gloomy,neutral_centroid,neutral; ordinary; plain; average,arrow,vocabulary,arrow,5,0.4129156470298767,-0.039355576038360596,False,False,False,0.4402298957109451,0.04188116397708654,0.0,1.0,1.0
arctic_embed_l_v2,Snowflake/snowflake-arctic-embed-l-v2.0,,en,object,object,sadness,random,sadness,centroid_phrases,feeling sad; feeling sorrowful; feeling gloomy,feeling sad; feeling sorrowful; feeling gloomy,neutral_centroid,neutral; ordinary; plain; average,objecting,vocabulary,objecting,6,0.41154569387435913,0.16534382104873657,False,False,False,0.4402298957109451,0.04188116397708654,0.0,1.0,1.0
arctic_embed_l_v2,Snowflake/snowflake-arctic-embed-l-v2.0,,en,object,object,sadness,random,sadness,centroid_phrases,feeling sad; feeling sorrowful; feeling gloomy,feeling sad; feeling sorrowful; feeling gloomy,neutral_centroid,neutral; ordinary; plain; average,thing,vocabulary,thing,7,0.4073479473590851,0.12661774456501007,False,False,False,0.4402298957109451,0.04188116397708654,0.0,1.0,1.0
arctic_embed_l_v2,Snowflake/snowflake-arctic-embed-l-v2.0,,en,object,object,sadness,random,sadness,centroid_phrases,feeling sad; feeling sorrowful; feeling gloomy,feeling sad; feeling sorrowful; feeling gloomy,neutral_centroid,neutral; ordinary; plain; average,person,vocabulary,person,8,0.40559643507003784,0.040121398866176605,False,False,False,0.4402298957109451,0.04188116397708654,0.0,1.0,1.0
arctic_embed_l_v2,Snowflake/snowflake-arctic-embed-l-v2.0,,en,object,object,sadness,random,sadness,centroid_phrases,feeling sad; feeling sorrowful; feeling gloomy,feeling sad; feeling sorrowful; feeling gloomy,neutral_centroid,neutral; ordinary; plain; average,apparatus,vocabulary,apparatus,9,0.40399497747421265,-0.04455084726214409,False,False,False,0.4402298957109451,0.04188116397708654,0.0,1.0,1.0
arctic_embed_l_v2,Snowflake/snowflake-arctic-embed-l-v2.0,,en,object,object,sadness,random,sadness,centroid_phrases,feeling sad; feeling sorrowful; feeling gloomy,feeling sad; feeling sorrowful; feeling gloomy,neutral_centroid,neutral; ordinary; plain; average,sphere,vocabulary,sphere,10,0.40325289964675903,-0.014832479879260063,False,False,False,0.4402298957109451,0.04188116397708654,0.0,1.0,1.0
arctic_embed_l_v2,Snowflake/snowflake-arctic-embed-l-v2.0,,en,object,object,sadness,shuffled_emotion,disgust,centroid_phrases,feeling sad; feeling sorrowful; feeling gloomy,feeling disgusted; feeling revolted; feeling repulsed,neutral_centroid,neutral; ordinary; plain; average,objects,vocabulary,objects,1,0.48566630482673645,0.029045630246400833,False,False,False,0.43582782745361326,0.23267362155020238,0.0,1.1069309711456299,1.0
arctic_embed_l_v2,Snowflake/snowflake-arctic-embed-l-v2.0,,en,object,object,sadness,shuffled_emotion,disgust,centroid_phrases,feeling sad; feeling sorrowful; feeling gloomy,feeling disgusted; feeling revolted; feeling repulsed,neutral_centroid,neutral; ordinary; plain; average,repulsed,vocabulary,repulsed,2,0.4747161865234375,0.21626786887645721,False,False,False,0.43582782745361326,0.23267362155020238,0.0,1.1069309711456299,1.0
arctic_embed_l_v2,Snowflake/snowflake-arctic-embed-l-v2.0,,en,object,object,sadness,shuffled_emotion,disgust,centroid_phrases,feeling sad; feeling sorrowful; feeling gloomy,feeling disgusted; feeling revolted; feeling repulsed,neutral_centroid,neutral; ordinary; plain; average,objectification,vocabulary,objectification,3,0.45596402883529663,0.19814807176589966,False,False,False,0.43582782745361326,0.23267362155020238,0.0,1.1069309711456299,1.0
arctic_embed_l_v2,Snowflake/snowflake-arctic-embed-l-v2.0,,en,object,object,sadness,shuffled_emotion,disgust,centroid_phrases,feeling sad; feeling sorrowful; feeling gloomy,feeling disgusted; feeling revolted; feeling repulsed,neutral_centroid,neutral; ordinary; plain; average,disgusted,vocabulary,disgusted,4,0.4331834316253662,0.2283758819103241,False,False,False,0.43582782745361326,0.23267362155020238,0.0,1.1069309711456299,1.0
arctic_embed_l_v2,Snowflake/snowflake-arctic-embed-l-v2.0,,en,object,object,sadness,shuffled_emotion,disgust,centroid_phrases,feeling sad; feeling sorrowful; feeling gloomy,feeling disgusted; feeling revolted; feeling repulsed,neutral_centroid,neutral; ordinary; plain; average,obsessed,vocabulary,obsessed,5,0.4310905337333679,0.2451089322566986,False,False,False,0.43582782745361326,0.23267362155020238,0.0,1.1069309711456299,1.0
arctic_embed_l_v2,Snowflake/snowflake-arctic-embed-l-v2.0,,en,object,object,sadness,shuffled_emotion,disgust,centroid_phrases,feeling sad; feeling sorrowful; feeling gloomy,feeling disgusted; feeling revolted; feeling repulsed,neutral_centroid,neutral; ordinary; plain; average,objecting,vocabulary,objecting,6,0.42404431104660034,0.16534382104873657,False,False,False,0.43582782745361326,0.23267362155020238,0.0,1.1069309711456299,1.0
arctic_embed_l_v2,Snowflake/snowflake-arctic-embed-l-v2.0,,en,object,object,sadness,shuffled_emotion,disgust,centroid_phrases,feeling sad; feeling sorrowful; feeling gloomy,feeling disgusted; feeling revolted; feeling repulsed,neutral_centroid,neutral; ordinary; plain; average,disgust,vocabulary,disgust,7,0.42361724376678467,0.2768704295158386,False,False,False,0.43582782745361326,0.23267362155020238,0.0,1.1069309711456299,1.0
arctic_embed_l_v2,Snowflake/snowflake-arctic-embed-l-v2.0,,en,object,object,sadness,shuffled_emotion,disgust,centroid_phrases,feeling sad; feeling sorrowful; feeling gloomy,feeling disgusted; feeling revolted; feeling repulsed,neutral_centroid,neutral; ordinary; plain; average,feeling,vocabulary,feeling,8,0.419674277305603,0.634575605392456,False,False,False,0.43582782745361326,0.23267362155020238,0.0,1.1069309711456299,1.0
arctic_embed_l_v2,Snowflake/snowflake-arctic-embed-l-v2.0,,en,object,object,sadness,shuffled_emotion,disgust,centroid_phrases,feeling sad; feeling sorrowful; feeling gloomy,feeling disgusted; feeling revolted; feeling repulsed,neutral_centroid,neutral; ordinary; plain; average,obsession,vocabulary,obsession,9,0.4075268507003784,0.2679159641265869,False,False,False,0.43582782745361326,0.23267362155020238,0.0,1.1069309711456299,1.0
arctic_embed_l_v2,Snowflake/snowflake-arctic-embed-l-v2.0,,en,object,object,sadness,shuffled_emotion,disgust,centroid_phrases,feeling sad; feeling sorrowful; feeling gloomy,feeling disgusted; feeling revolted; feeling repulsed,neutral_centroid,neutral; ordinary; plain; average,objected,vocabulary,objected,10,0.40279510617256165,0.06508401036262512,False,False,False,0.43582782745361326,0.23267362155020238,0.0,1.1069309711456299,1.0
arctic_embed_l_v2,Snowflake/snowflake-arctic-embed-l-v2.0,,en,object,object,disgust,emotion,disgust,centroid_phrases,feeling disgusted; feeling revolted; feeling repulsed,feeling disgusted; feeling revolted; feeling repulsed,neutral_centroid,neutral; ordinary; plain; average,objects,vocabulary,objects,1,0.48566630482673645,0.00975729152560234,False,False,False,0.43582782745361326,0.2885680016130209,0.0,1.1069309711456299,1.0
arctic_embed_l_v2,Snowflake/snowflake-arctic-embed-l-v2.0,,en,object,object,disgust,emotion,disgust,centroid_phrases,feeling disgusted; feeling revolted; feeling repulsed,feeling disgusted; feeling revolted; feeling repulsed,neutral_centroid,neutral; ordinary; plain; average,repulsed,vocabulary,repulsed,2,0.4747161865234375,0.4189782440662384,False,False,False,0.43582782745361326,0.2885680016130209,0.0,1.1069309711456299,1.0
arctic_embed_l_v2,Snowflake/snowflake-arctic-embed-l-v2.0,,en,object,object,disgust,emotion,disgust,centroid_phrases,feeling disgusted; feeling revolted; feeling repulsed,feeling disgusted; feeling revolted; feeling repulsed,neutral_centroid,neutral; ordinary; plain; average,objectification,vocabulary,objectification,3,0.45596402883529663,0.21521568298339844,False,False,False,0.43582782745361326,0.2885680016130209,0.0,1.1069309711456299,1.0
arctic_embed_l_v2,Snowflake/snowflake-arctic-embed-l-v2.0,,en,object,object,disgust,emotion,disgust,centroid_phrases,feeling disgusted; feeling revolted; feeling repulsed,feeling disgusted; feeling revolted; feeling repulsed,neutral_centroid,neutral; ordinary; plain; average,disgusted,vocabulary,disgusted,4,0.4331834316253662,0.3824423849582672,False,False,False,0.43582782745361326,0.2885680016130209,0.0,1.1069309711456299,1.0
arctic_embed_l_v2,Snowflake/snowflake-arctic-embed-l-v2.0,,en,object,object,disgust,emotion,disgust,centroid_phrases,feeling disgusted; feeling revolted; feeling repulsed,feeling disgusted; feeling revolted; feeling repulsed,neutral_centroid,neutral; ordinary; plain; average,obsessed,vocabulary,obsessed,5,0.4310905337333679,0.305693119764328,False,False,False,0.43582782745361326,0.2885680016130209,0.0,1.1069309711456299,1.0
arctic_embed_l_v2,Snowflake/snowflake-arctic-embed-l-v2.0,,en,object,object,disgust,emotion,disgust,centroid_phrases,feeling disgusted; feeling revolted; feeling repulsed,feeling disgusted; feeling revolted; feeling repulsed,neutral_centroid,neutral; ordinary; plain; average,objecting,vocabulary,objecting,6,0.42404431104660034,0.1824665069580078,False,False,False,0.43582782745361326,0.2885680016130209,0.0,1.1069309711456299,1.0
arctic_embed_l_v2,Snowflake/snowflake-arctic-embed-l-v2.0,,en,object,object,disgust,emotion,disgust,centroid_phrases,feeling disgusted; feeling revolted; feeling repulsed,feeling disgusted; feeling revolted; feeling repulsed,neutral_centroid,neutral; ordinary; plain; average,disgust,vocabulary,disgust,7,0.42361724376678467,0.40687254071235657,False,False,False,0.43582782745361326,0.2885680016130209,0.0,1.1069309711456299,1.0
arctic_embed_l_v2,Snowflake/snowflake-arctic-embed-l-v2.0,,en,object,object,disgust,emotion,disgust,centroid_phrases,feeling disgusted; feeling revolted; feeling repulsed,feeling disgusted; feeling revolted; feeling repulsed,neutral_centroid,neutral; ordinary; plain; average,feeling,vocabulary,feeling,8,0.419674277305603,0.5130186080932617,False,False,False,0.43582782745361326,0.2885680016130209,0.0,1.1069309711456299,1.0
arctic_embed_l_v2,Snowflake/snowflake-arctic-embed-l-v2.0,,en,object,object,disgust,emotion,disgust,centroid_phrases,feeling disgusted; feeling revolted; feeling repulsed,feeling disgusted; feeling revolted; feeling repulsed,neutral_centroid,neutral; ordinary; plain; average,obsession,vocabulary,obsession,9,0.4075268507003784,0.26975393295288086,False,False,False,0.43582782745361326,0.2885680016130209,0.0,1.1069309711456299,1.0
arctic_embed_l_v2,Snowflake/snowflake-arctic-embed-l-v2.0,,en,object,object,disgust,emotion,disgust,centroid_phrases,feeling disgusted; feeling revolted; feeling repulsed,feeling disgusted; feeling revolted; feeling repulsed,neutral_centroid,neutral; ordinary; plain; average,objected,vocabulary,objected,10,0.40279510617256165,0.18148170411586761,False,False,False,0.43582782745361326,0.2885680016130209,0.0,1.1069309711456299,1.0
arctic_embed_l_v2,Snowflake/snowflake-arctic-embed-l-v2.0,,en,object,object,disgust,identity,disgust,centroid_phrases,feeling disgusted; feeling revolted; feeling repulsed,feeling disgusted; feeling revolted; feeling repulsed,neutral_centroid,neutral; ordinary; plain; average,objects,vocabulary,objects,1,0.8648344278335571,0.00975729152560234,False,False,False,0.6321749150753021,0.048180335015058515,0.0,0.0,1.0
arctic_embed_l_v2,Snowflake/snowflake-arctic-embed-l-v2.0,,en,object,object,disgust,identity,disgust,centroid_phrases,feeling disgusted; feeling revolted; feeling repulsed,feeling disgusted; feeling revolted; feeling repulsed,neutral_centroid,neutral; ordinary; plain; average,obj,vocabulary,obj,2,0.6921373009681702,-0.006307139992713928,False,False,False,0.6321749150753021,0.048180335015058515,0.0,0.0,1.0
arctic_embed_l_v2,Snowflake/snowflake-arctic-embed-l-v2.0,,en,object,object,disgust,identity,disgust,centroid_phrases,feeling disgusted; feeling revolted; feeling repulsed,feeling disgusted; feeling revolted; feeling repulsed,neutral_centroid,neutral; ordinary; plain; average,objection,vocabulary,objection,3,0.6195494532585144,0.052958469837903976,False,False,False,0.6321749150753021,0.048180335015058515,0.0,0.0,1.0
arctic_embed_l_v2,Snowflake/snowflake-arctic-embed-l-v2.0,,en,object,object,disgust,identity,disgust,centroid_phrases,feeling disgusted; feeling revolted; feeling repulsed,feeling disgusted; feeling revolted; feeling repulsed,neutral_centroid,neutral; ordinary; plain; average,objectivity,vocabulary,objectivity,4,0.6126412153244019,0.023014605045318604,False,False,False,0.6321749150753021,0.048180335015058515,0.0,0.0,1.0
arctic_embed_l_v2,Snowflake/snowflake-arctic-embed-l-v2.0,,en,object,object,disgust,identity,disgust,centroid_phrases,feeling disgusted; feeling revolted; feeling repulsed,feeling disgusted; feeling revolted; feeling repulsed,neutral_centroid,neutral; ordinary; plain; average,objectification,vocabulary,objectification,5,0.5979549288749695,0.21521568298339844,False,False,False,0.6321749150753021,0.048180335015058515,0.0,0.0,1.0
arctic_embed_l_v2,Snowflake/snowflake-arctic-embed-l-v2.0,,en,object,object,disgust,identity,disgust,centroid_phrases,feeling disgusted; feeling revolted; feeling repulsed,feeling disgusted; feeling revolted; feeling repulsed,neutral_centroid,neutral; ordinary; plain; average,thing,vocabulary,thing,6,0.595016598701477,0.10317585617303848,False,False,False,0.6321749150753021,0.048180335015058515,0.0,0.0,1.0
arctic_embed_l_v2,Snowflake/snowflake-arctic-embed-l-v2.0,,en,object,object,disgust,identity,disgust,centroid_phrases,feeling disgusted; feeling revolted; feeling repulsed,feeling disgusted; feeling revolted; feeling repulsed,neutral_centroid,neutral; ordinary; plain; average,objecting,vocabulary,objecting,7,0.5918096303939819,0.1824665069580078,False,False,False,0.6321749150753021,0.048180335015058515,0.0,0.0,1.0
arctic_embed_l_v2,Snowflake/snowflake-arctic-embed-l-v2.0,,en,object,object,disgust,identity,disgust,centroid_phrases,feeling disgusted; feeling revolted; feeling repulsed,feeling disgusted; feeling revolted; feeling repulsed,neutral_centroid,neutral; ordinary; plain; average,person,vocabulary,person,8,0.5889228582382202,0.029124077409505844,False,False,False,0.6321749150753021,0.048180335015058515,0.0,0.0,1.0
arctic_embed_l_v2,Snowflake/snowflake-arctic-embed-l-v2.0,,en,object,object,disgust,identity,disgust,centroid_phrases,feeling disgusted; feeling revolted; feeling repulsed,feeling disgusted; feeling revolted; feeling repulsed,neutral_centroid,neutral; ordinary; plain; average,arrow,vocabulary,arrow,9,0.5819923877716064,-0.10317254066467285,False,False,False,0.6321749150753021,0.048180335015058515,0.0,0.0,1.0
arctic_embed_l_v2,Snowflake/snowflake-arctic-embed-l-v2.0,,en,object,object,disgust,identity,disgust,centroid_phrases,feeling disgusted; feeling revolted; feeling repulsed,feeling disgusted; feeling revolted; feeling repulsed,neutral_centroid,neutral; ordinary; plain; average,item,vocabulary,item,10,0.5768903493881226,-0.024429459124803543,False,False,False,0.6321749150753021,0.048180335015058515,0.0,0.0,1.0
arctic_embed_l_v2,Snowflake/snowflake-arctic-embed-l-v2.0,,en,object,object,disgust,random,disgust,centroid_phrases,feeling disgusted; feeling revolted; feeling repulsed,feeling disgusted; feeling revolted; feeling repulsed,neutral_centroid,neutral; ordinary; plain; average,objects,vocabulary,objects,1,0.6304576992988586,0.00975729152560234,False,False,False,0.4606058031320572,0.05754053704440594,0.0,0.9999999403953552,1.0
arctic_embed_l_v2,Snowflake/snowflake-arctic-embed-l-v2.0,,en,object,object,disgust,random,disgust,centroid_phrases,feeling disgusted; feeling revolted; feeling repulsed,feeling disgusted; feeling revolted; feeling repulsed,neutral_centroid,neutral; ordinary; plain; average,obj,vocabulary,obj,2,0.48522552847862244,-0.006307139992713928,False,False,False,0.4606058031320572,0.05754053704440594,0.0,0.9999999403953552,1.0
arctic_embed_l_v2,Snowflake/snowflake-arctic-embed-l-v2.0,,en,object,object,disgust,random,disgust,centroid_phrases,feeling disgusted; feeling revolted; feeling repulsed,feeling disgusted; feeling revolted; feeling repulsed,neutral_centroid,neutral; ordinary; plain; average,objectivity,vocabulary,objectivity,3,0.45772722363471985,0.023014605045318604,False,False,False,0.4606058031320572,0.05754053704440594,0.0,0.9999999403953552,1.0
arctic_embed_l_v2,Snowflake/snowflake-arctic-embed-l-v2.0,,en,object,object,disgust,random,disgust,centroid_phrases,feeling disgusted; feeling revolted; feeling repulsed,feeling disgusted; feeling revolted; feeling repulsed,neutral_centroid,neutral; ordinary; plain; average,thing,vocabulary,thing,4,0.4495602250099182,0.10317585617303848,False,False,False,0.4606058031320572,0.05754053704440594,0.0,0.9999999403953552,1.0
arctic_embed_l_v2,Snowflake/snowflake-arctic-embed-l-v2.0,,en,object,object,disgust,random,disgust,centroid_phrases,feeling disgusted; feeling revolted; feeling repulsed,feeling disgusted; feeling revolted; feeling repulsed,neutral_centroid,neutral; ordinary; plain; average,objection,vocabulary,objection,5,0.44760751724243164,0.052958469837903976,False,False,False,0.4606058031320572,0.05754053704440594,0.0,0.9999999403953552,1.0
arctic_embed_l_v2,Snowflake/snowflake-arctic-embed-l-v2.0,,en,object,object,disgust,random,disgust,centroid_phrases,feeling disgusted; feeling revolted; feeling repulsed,feeling disgusted; feeling revolted; feeling repulsed,neutral_centroid,neutral; ordinary; plain; average,person,vocabulary,person,6,0.433816134929657,0.029124077409505844,False,False,False,0.4606058031320572,0.05754053704440594,0.0,0.9999999403953552,1.0
arctic_embed_l_v2,Snowflake/snowflake-arctic-embed-l-v2.0,,en,object,object,disgust,random,disgust,centroid_phrases,feeling disgusted; feeling revolted; feeling repulsed,feeling disgusted; feeling revolted; feeling repulsed,neutral_centroid,neutral; ordinary; plain; average,objecting,vocabulary,objecting,7,0.4310991168022156,0.1824665069580078,False,False,False,0.4606058031320572,0.05754053704440594,0.0,0.9999999403953552,1.0
arctic_embed_l_v2,Snowflake/snowflake-arctic-embed-l-v2.0,,en,object,object,disgust,random,disgust,centroid_phrases,feeling disgusted; feeling revolted; feeling repulsed,feeling disgusted; feeling revolted; feeling repulsed,neutral_centroid,neutral; ordinary; plain; average,arrow,vocabulary,arrow,8,0.4294144809246063,-0.10317254066467285,False,False,False,0.4606058031320572,0.05754053704440594,0.0,0.9999999403953552,1.0
arctic_embed_l_v2,Snowflake/snowflake-arctic-embed-l-v2.0,,en,object,object,disgust,random,disgust,centroid_phrases,feeling disgusted; feeling revolted; feeling repulsed,feeling disgusted; feeling revolted; feeling repulsed,neutral_centroid,neutral; ordinary; plain; average,objectification,vocabulary,objectification,9,0.42196205258369446,0.21521568298339844,False,False,False,0.4606058031320572,0.05754053704440594,0.0,0.9999999403953552,1.0
arctic_embed_l_v2,Snowflake/snowflake-arctic-embed-l-v2.0,,en,object,object,disgust,random,disgust,centroid_phrases,feeling disgusted; feeling revolted; feeling repulsed,feeling disgusted; feeling revolted; feeling repulsed,neutral_centroid,neutral; ordinary; plain; average,thingy,vocabulary,thingy,10,0.4191880524158478,0.06917256116867065,False,False,False,0.4606058031320572,0.05754053704440594,0.0,0.9999999403953552,1.0
arctic_embed_l_v2,Snowflake/snowflake-arctic-embed-l-v2.0,,en,object,object,disgust,shuffled_emotion,joy,centroid_phrases,feeling disgusted; feeling revolted; feeling repulsed,feeling joyful; feeling happy; feeling delighted,neutral_centroid,neutral; ordinary; plain; average,objects,vocabulary,objects,1,0.5480349063873291,0.00975729152560234,False,False,False,0.46722993850708006,0.23649576716125012,0.0,1.0387924909591675,1.0
arctic_embed_l_v2,Snowflake/snowflake-arctic-embed-l-v2.0,,en,object,object,disgust,shuffled_emotion,joy,centroid_phrases,feeling disgusted; feeling revolted; feeling repulsed,feeling joyful; feeling happy; feeling delighted,neutral_centroid,neutral; ordinary; plain; average,feeling,vocabulary,feeling,2,0.5033688545227051,0.5130186080932617,False,False,False,0.46722993850708006,0.23649576716125012,0.0,1.0387924909591675,1.0
arctic_embed_l_v2,Snowflake/snowflake-arctic-embed-l-v2.0,,en,object,object,disgust,shuffled_emotion,joy,centroid_phrases,feeling disgusted; feeling revolted; feeling repulsed,feeling joyful; feeling happy; feeling delighted,neutral_centroid,neutral; ordinary; plain; average,delighted,vocabulary,delighted,3,0.4711371660232544,0.2116769701242447,False,False,False,0.46722993850708006,0.23649576716125012,0.0,1.0387924909591675,1.0
arctic_embed_l_v2,Snowflake/snowflake-arctic-embed-l-v2.0,,en,object,object,disgust,shuffled_emotion,joy,centroid_phrases,feeling disgusted; feeling revolted; feeling repulsed,feeling joyful; feeling happy; feeling delighted,neutral_centroid,neutral; ordinary; plain; average,feelings,vocabulary,feelings,4,0.4630584716796875,0.4472406506538391,False,False,False,0.46722993850708006,0.23649576716125012,0.0,1.0387924909591675,1.0
arctic_embed_l_v2,Snowflake/snowflake-arctic-embed-l-v2.0,,en,object,object,disgust,shuffled_emotion,joy,centroid_phrases,feeling disgusted; feeling revolted; feeling repulsed,feeling joyful; feeling happy; feeling delighted,neutral_centroid,neutral; ordinary; plain; average,overjoyed,vocabulary,overjoyed,5,0.4596034288406372,0.20580622553825378,False,False,False,0.46722993850708006,0.23649576716125012,0.0,1.0387924909591675,1.0
arctic_embed_l_v2,Snowflake/snowflake-arctic-embed-l-v2.0,,en,object,object,disgust,shuffled_emotion,joy,centroid_phrases,feeling disgusted; feeling revolted; feeling repulsed,feeling joyful; feeling happy; feeling delighted,neutral_centroid,neutral; ordinary; plain; average,rejoicing,vocabulary,rejoicing,6,0.4559122323989868,0.2692417800426483,False,False,False,0.46722993850708006,0.23649576716125012,0.0,1.0387924909591675,1.0
arctic_embed_l_v2,Snowflake/snowflake-arctic-embed-l-v2.0,,en,object,object,disgust,shuffled_emotion,joy,centroid_phrases,feeling disgusted; feeling revolted; feeling repulsed,feeling joyful; feeling happy; feeling delighted,neutral_centroid,neutral; ordinary; plain; average,embodying,vocabulary,embodying,7,0.45203930139541626,0.20628070831298828,False,False,False,0.46722993850708006,0.23649576716125012,0.0,1.0387924909591675,1.0
arctic_embed_l_v2,Snowflake/snowflake-arctic-embed-l-v2.0,,en,object,object,disgust,shuffled_emotion,joy,centroid_phrases,feeling disgusted; feeling revolted; feeling repulsed,feeling joyful; feeling happy; feeling delighted,neutral_centroid,neutral; ordinary; plain; average,joyful,vocabulary,joyful,8,0.4472157955169678,0.11272935569286346,False,False,False,0.46722993850708006,0.23649576716125012,0.0,1.0387924909591675,1.0
arctic_embed_l_v2,Snowflake/snowflake-arctic-embed-l-v2.0,,en,object,object,disgust,shuffled_emotion,joy,centroid_phrases,feeling disgusted; feeling revolted; feeling repulsed,feeling joyful; feeling happy; feeling delighted,neutral_centroid,neutral; ordinary; plain; average,objectification,vocabulary,objectification,9,0.4374275803565979,0.21521568298339844,False,False,False,0.46722993850708006,0.23649576716125012,0.0,1.0387924909591675,1.0
arctic_embed_l_v2,Snowflake/snowflake-arctic-embed-l-v2.0,,en,object,object,disgust,shuffled_emotion,joy,centroid_phrases,feeling disgusted; feeling revolted; feeling repulsed,feeling joyful; feeling happy; feeling delighted,neutral_centroid,neutral; ordinary; plain; average,delight,vocabulary,delight,10,0.43450164794921875,0.173990398645401,False,False,False,0.46722993850708006,0.23649576716125012,0.0,1.0387924909591675,1.0
arctic_embed_l_v2,Snowflake/snowflake-arctic-embed-l-v2.0,,en,object,object,joy,emotion,joy,centroid_phrases,feeling joyful; feeling happy; feeling delighted,feeling joyful; feeling happy; feeling delighted,neutral_centroid,neutral; ordinary; plain; average,objects,vocabulary,objects,1,0.5480349063873291,0.03861268609762192,False,False,False,0.46722993850708006,0.3541308633983135,0.0,1.0387924909591675,1.0
arctic_embed_l_v2,Snowflake/snowflake-arctic-embed-l-v2.0,,en,object,object,joy,emotion,joy,centroid_phrases,feeling joyful; feeling happy; feeling delighted,feeling joyful; feeling happy; feeling delighted,neutral_centroid,neutral; ordinary; plain; average,feeling,vocabulary,feeling,2,0.5033688545227051,0.6032494306564331,False,False,False,0.46722993850708006,0.3541308633983135,0.0,1.0387924909591675,1.0
arctic_embed_l_v2,Snowflake/snowflake-arctic-embed-l-v2.0,,en,object,object,joy,emotion,joy,centroid_phrases,feeling joyful; feeling happy; feeling delighted,feeling joyful; feeling happy; feeling delighted,neutral_centroid,neutral; ordinary; plain; average,delighted,vocabulary,delighted,3,0.4711371660232544,0.37510862946510315,False,False,False,0.46722993850708006,0.3541308633983135,0.0,1.0387924909591675,1.0
arctic_embed_l_v2,Snowflake/snowflake-arctic-embed-l-v2.0,,en,object,object,joy,emotion,joy,centroid_phrases,feeling joyful; feeling happy; feeling delighted,feeling joyful; feeling happy; feeling delighted,neutral_centroid,neutral; ordinary; plain; average,feelings,vocabulary,feelings,4,0.4630584716796875,0.5196233987808228,False,False,False,0.46722993850708006,0.3541308633983135,0.0,1.0387924909591675,1.0
arctic_embed_l_v2,Snowflake/snowflake-arctic-embed-l-v2.0,,en,object,object,joy,emotion,joy,centroid_phrases,feeling joyful; feeling happy; feeling delighted,feeling joyful; feeling happy; feeling delighted,neutral_centroid,neutral; ordinary; plain; average,overjoyed,vocabulary,overjoyed,5,0.4596034288406372,0.36327439546585083,False,False,False,0.46722993850708006,0.3541308633983135,0.0,1.0387924909591675,1.0
arctic_embed_l_v2,Snowflake/snowflake-arctic-embed-l-v2.0,,en,object,object,joy,emotion,joy,centroid_phrases,feeling joyful; feeling happy; feeling delighted,feeling joyful; feeling happy; feeling delighted,neutral_centroid,neutral; ordinary; plain; average,rejoicing,vocabulary,rejoicing,6,0.4559122323989868,0.451496958732605,False,False,False,0.46722993850708006,0.3541308633983135,0.0,1.0387924909591675,1.0
arctic_embed_l_v2,Snowflake/snowflake-arctic-embed-l-v2.0,,en,object,object,joy,emotion,joy,centroid_phrases,feeling joyful; feeling happy; feeling delighted,feeling joyful; feeling happy; feeling delighted,neutral_centroid,neutral; ordinary; plain; average,embodying,vocabulary,embodying,7,0.45203930139541626,0.26643112301826477,False,False,False,0.46722993850708006,0.3541308633983135,0.0,1.0387924909591675,1.0
arctic_embed_l_v2,Snowflake/snowflake-arctic-embed-l-v2.0,,en,object,object,joy,emotion,joy,centroid_phrases,feeling joyful; feeling happy; feeling delighted,feeling joyful; feeling happy; feeling delighted,neutral_centroid,neutral; ordinary; plain; average,joyful,vocabulary,joyful,8,0.4472157955169678,0.4207187592983246,False,False,False,0.46722993850708006,0.3541308633983135,0.0,1.0387924909591675,1.0
arctic_embed_l_v2,Snowflake/snowflake-arctic-embed-l-v2.0,,en,object,object,joy,emotion,joy,centroid_phrases,feeling joyful; feeling happy; feeling delighted,feeling joyful; feeling happy; feeling delighted,neutral_centroid,neutral; ordinary; plain; average,objectification,vocabulary,objectification,9,0.4374275803565979,0.15681689977645874,False,False,False,0.46722993850708006,0.3541308633983135,0.0,1.0387924909591675,1.0
arctic_embed_l_v2,Snowflake/snowflake-arctic-embed-l-v2.0,,en,object,object,joy,emotion,joy,centroid_phrases,feeling joyful; feeling happy; feeling delighted,feeling joyful; feeling happy; feeling delighted,neutral_centroid,neutral; ordinary; plain; average,delight,vocabulary,delight,10,0.43450164794921875,0.3459763526916504,False,False,False,0.46722993850708006,0.3541308633983135,0.0,1.0387924909591675,1.0
arctic_embed_l_v2,Snowflake/snowflake-arctic-embed-l-v2.0,,en,object,object,joy,identity,joy,centroid_phrases,feeling joyful; feeling happy; feeling delighted,feeling joyful; feeling happy; feeling delighted,neutral_centroid,neutral; ordinary; plain; average,objects,vocabulary,objects,1,0.8648344278335571,0.03861268609762192,False,False,False,0.6321749150753021,0.06142522869631648,0.0,0.0,1.0
arctic_embed_l_v2,Snowflake/snowflake-arctic-embed-l-v2.0,,en,object,object,joy,identity,joy,centroid_phrases,feeling joyful; feeling happy; feeling delighted,feeling joyful; feeling happy; feeling delighted,neutral_centroid,neutral; ordinary; plain; average,obj,vocabulary,obj,2,0.6921373009681702,0.030891314148902893,False,False,False,0.6321749150753021,0.06142522869631648,0.0,0.0,1.0
arctic_embed_l_v2,Snowflake/snowflake-arctic-embed-l-v2.0,,en,object,object,joy,identity,joy,centroid_phrases,feeling joyful; feeling happy; feeling delighted,feeling joyful; feeling happy; feeling delighted,neutral_centroid,neutral; ordinary; plain; average,objection,vocabulary,objection,3,0.6195494532585144,0.0026404941454529762,False,False,False,0.6321749150753021,0.06142522869631648,0.0,0.0,1.0
arctic_embed_l_v2,Snowflake/snowflake-arctic-embed-l-v2.0,,en,object,object,joy,identity,joy,centroid_phrases,feeling joyful; feeling happy; feeling delighted,feeling joyful; feeling happy; feeling delighted,neutral_centroid,neutral; ordinary; plain; average,objectivity,vocabulary,objectivity,4,0.6126412153244019,0.0550152026116848,False,False,False,0.6321749150753021,0.06142522869631648,0.0,0.0,1.0
arctic_embed_l_v2,Snowflake/snowflake-arctic-embed-l-v2.0,,en,object,object,joy,identity,joy,centroid_phrases,feeling joyful; feeling happy; feeling delighted,feeling joyful; feeling happy; feeling delighted,neutral_centroid,neutral; ordinary; plain; average,objectification,vocabulary,objectification,5,0.5979549288749695,0.15681689977645874,False,False,False,0.6321749150753021,0.06142522869631648,0.0,0.0,1.0
arctic_embed_l_v2,Snowflake/snowflake-arctic-embed-l-v2.0,,en,object,object,joy,identity,joy,centroid_phrases,feeling joyful; feeling happy; feeling delighted,feeling joyful; feeling happy; feeling delighted,neutral_centroid,neutral; ordinary; plain; average,thing,vocabulary,thing,6,0.595016598701477,0.134484201669693,False,False,False,0.6321749150753021,0.06142522869631648,0.0,0.0,1.0
arctic_embed_l_v2,Snowflake/snowflake-arctic-embed-l-v2.0,,en,object,object,joy,identity,joy,centroid_phrases,feeling joyful; feeling happy; feeling delighted,feeling joyful; feeling happy; feeling delighted,neutral_centroid,neutral; ordinary; plain; average,objecting,vocabulary,objecting,7,0.5918096303939819,0.12269052863121033,False,False,False,0.6321749150753021,0.06142522869631648,0.0,0.0,1.0
arctic_embed_l_v2,Snowflake/snowflake-arctic-embed-l-v2.0,,en,object,object,joy,identity,joy,centroid_phrases,feeling joyful; feeling happy; feeling delighted,feeling joyful; feeling happy; feeling delighted,neutral_centroid,neutral; ordinary; plain; average,person,vocabulary,person,8,0.5889228582382202,0.06379053741693497,False,False,False,0.6321749150753021,0.06142522869631648,0.0,0.0,1.0
arctic_embed_l_v2,Snowflake/snowflake-arctic-embed-l-v2.0,,en,object,object,joy,identity,joy,centroid_phrases,feeling joyful; feeling happy; feeling delighted,feeling joyful; feeling happy; feeling delighted,neutral_centroid,neutral; ordinary; plain; average,arrow,vocabulary,arrow,9,0.5819923877716064,-0.015642838552594185,False,False,False,0.6321749150753021,0.06142522869631648,0.0,0.0,1.0
arctic_embed_l_v2,Snowflake/snowflake-arctic-embed-l-v2.0,,en,object,object,joy,identity,joy,centroid_phrases,feeling joyful; feeling happy; feeling delighted,feeling joyful; feeling happy; feeling delighted,neutral_centroid,neutral; ordinary; plain; average,item,vocabulary,item,10,0.5768903493881226,0.024953261017799377,False,False,False,0.6321749150753021,0.06142522869631648,0.0,0.0,1.0
arctic_embed_l_v2,Snowflake/snowflake-arctic-embed-l-v2.0,,en,object,object,joy,random,joy,centroid_phrases,feeling joyful; feeling happy; feeling delighted,feeling joyful; feeling happy; feeling delighted,neutral_centroid,neutral; ordinary; plain; average,objects,vocabulary,objects,1,0.6071327328681946,0.03861268609762192,False,False,False,0.4654513120651245,0.04133004080504179,0.0,1.0000001192092896,0.9999999403953552
arctic_embed_l_v2,Snowflake/snowflake-arctic-embed-l-v2.0,,en,object,object,joy,random,joy,centroid_phrases,feeling joyful; feeling happy; feeling delighted,feeling joyful; feeling happy; feeling delighted,neutral_centroid,neutral; ordinary; plain; average,obj,vocabulary,obj,2,0.5054985880851746,0.030891314148902893,False,False,False,0.4654513120651245,0.04133004080504179,0.0,1.0000001192092896,0.9999999403953552
arctic_embed_l_v2,Snowflake/snowflake-arctic-embed-l-v2.0,,en,object,object,joy,random,joy,centroid_phrases,feeling joyful; feeling happy; feeling delighted,feeling joyful; feeling happy; feeling delighted,neutral_centroid,neutral; ordinary; plain; average,objectivity,vocabulary,objectivity,3,0.4708358943462372,0.0550152026116848,False,False,False,0.4654513120651245,0.04133004080504179,0.0,1.0000001192092896,0.9999999403953552
arctic_embed_l_v2,Snowflake/snowflake-arctic-embed-l-v2.0,,en,object,object,joy,random,joy,centroid_phrases,feeling joyful; feeling happy; feeling delighted,feeling joyful; feeling happy; feeling delighted,neutral_centroid,neutral; ordinary; plain; average,objection,vocabulary,objection,4,0.4564359784126282,0.0026404941454529762,False,False,False,0.4654513120651245,0.04133004080504179,0.0,1.0000001192092896,0.9999999403953552
arctic_embed_l_v2,Snowflake/snowflake-arctic-embed-l-v2.0,,en,object,object,joy,random,joy,centroid_phrases,feeling joyful; feeling happy; feeling delighted,feeling joyful; feeling happy; feeling delighted,neutral_centroid,neutral; ordinary; plain; average,objectification,vocabulary,objectification,5,0.4381956458091736,0.15681689977645874,False,False,False,0.4654513120651245,0.04133004080504179,0.0,1.0000001192092896,0.9999999403953552
arctic_embed_l_v2,Snowflake/snowflake-arctic-embed-l-v2.0,,en,object,object,joy,random,joy,centroid_phrases,feeling joyful; feeling happy; feeling delighted,feeling joyful; feeling happy; feeling delighted,neutral_centroid,neutral; ordinary; plain; average,arrow,vocabulary,arrow,6,0.43750929832458496,-0.015642838552594185,False,False,False,0.4654513120651245,0.04133004080504179,0.0,1.0000001192092896,0.9999999403953552
arctic_embed_l_v2,Snowflake/snowflake-arctic-embed-l-v2.0,,en,object,object,joy,random,joy,centroid_phrases,feeling joyful; feeling happy; feeling delighted,feeling joyful; feeling happy; feeling delighted,neutral_centroid,neutral; ordinary; plain; average,fig,vocabulary,fig,7,0.43493545055389404,0.038389839231967926,False,False,False,0.4654513120651245,0.04133004080504179,0.0,1.0000001192092896,0.9999999403953552
arctic_embed_l_v2,Snowflake/snowflake-arctic-embed-l-v2.0,,en,object,object,joy,random,joy,centroid_phrases,feeling joyful; feeling happy; feeling delighted,feeling joyful; feeling happy; feeling delighted,neutral_centroid,neutral; ordinary; plain; average,instrument,vocabulary,instrument,8,0.4347454309463501,0.05015437304973602,False,False,False,0.4654513120651245,0.04133004080504179,0.0,1.0000001192092896,0.9999999403953552
arctic_embed_l_v2,Snowflake/snowflake-arctic-embed-l-v2.0,,en,object,object,joy,random,joy,centroid_phrases,feeling joyful; feeling happy; feeling delighted,feeling joyful; feeling happy; feeling delighted,neutral_centroid,neutral; ordinary; plain; average,attachment,vocabulary,attachment,9,0.43463435769081116,0.05583282560110092,False,False,False,0.4654513120651245,0.04133004080504179,0.0,1.0000001192092896,0.9999999403953552
arctic_embed_l_v2,Snowflake/snowflake-arctic-embed-l-v2.0,,en,object,object,joy,random,joy,centroid_phrases,feeling joyful; feeling happy; feeling delighted,feeling joyful; feeling happy; feeling delighted,neutral_centroid,neutral; ordinary; plain; average,sphere,vocabulary,sphere,10,0.4345897436141968,0.0005896119400858879,False,False,False,0.4654513120651245,0.04133004080504179,0.0,1.0000001192092896,0.9999999403953552
arctic_embed_l_v2,Snowflake/snowflake-arctic-embed-l-v2.0,,en,object,object,joy,shuffled_emotion,anger,centroid_phrases,feeling joyful; feeling happy; feeling delighted,feeling angry; feeling enraged; feeling irritated,neutral_centroid,neutral; ordinary; plain; average,objects,vocabulary,objects,1,0.48589277267456055,0.03861268609762192,False,False,False,0.4374584048986435,0.24005802646279334,0.0,1.099473476409912,1.0
arctic_embed_l_v2,Snowflake/snowflake-arctic-embed-l-v2.0,,en,object,object,joy,shuffled_emotion,anger,centroid_phrases,feeling joyful; feeling happy; feeling delighted,feeling angry; feeling enraged; feeling irritated,neutral_centroid,neutral; ordinary; plain; average,feeling,vocabulary,feeling,2,0.4636633098125458,0.6032494306564331,False,False,False,0.4374584048986435,0.24005802646279334,0.0,1.099473476409912,1.0
arctic_embed_l_v2,Snowflake/snowflake-arctic-embed-l-v2.0,,en,object,object,joy,shuffled_emotion,anger,centroid_phrases,feeling joyful; feeling happy; feeling delighted,feeling angry; feeling enraged; feeling irritated,neutral_centroid,neutral; ordinary; plain; average,enraged,vocabulary,enraged,3,0.4451366662979126,0.19744139909744263,False,False,False,0.4374584048986435,0.24005802646279334,0.0,1.099473476409912,1.0
arctic_embed_l_v2,Snowflake/snowflake-arctic-embed-l-v2.0,,en,object,object,joy,shuffled_emotion,anger,centroid_phrases,feeling joyful; feeling happy; feeling delighted,feeling angry; feeling enraged; feeling irritated,neutral_centroid,neutral; ordinary; plain; average,feelings,vocabulary,feelings,4,0.43680453300476074,0.5196233987808228,False,False,False,0.4374584048986435,0.24005802646279334,0.0,1.099473476409912,1.0
arctic_embed_l_v2,Snowflake/snowflake-arctic-embed-l-v2.0,,en,object,object,joy,shuffled_emotion,anger,centroid_phrases,feeling joyful; feeling happy; feeling delighted,feeling angry; feeling enraged; feeling irritated,neutral_centroid,neutral; ordinary; plain; average,angry,vocabulary,angry,5,0.43298429250717163,0.18706607818603516,False,False,False,0.4374584048986435,0.24005802646279334,0.0,1.099473476409912,1.0
arctic_embed_l_v2,Snowflake/snowflake-arctic-embed-l-v2.0,,en,object,object,joy,shuffled_emotion,anger,centroid_phrases,feeling joyful; feeling happy; feeling delighted,feeling angry; feeling enraged; feeling irritated,neutral_centroid,neutral; ordinary; plain; average,objecting,vocabulary,objecting,6,0.43204206228256226,0.12269052863121033,False,False,False,0.4374584048986435,0.24005802646279334,0.0,1.099473476409912,1.0
arctic_embed_l_v2,Snowflake/snowflake-arctic-embed-l-v2.0,,en,object,object,joy,shuffled_emotion,anger,centroid_phrases,feeling joyful; feeling happy; feeling delighted,feeling angry; feeling enraged; feeling irritated,neutral_centroid,neutral; ordinary; plain; average,objectification,vocabulary,objectification,7,0.42985814809799194,0.15681689977645874,False,False,False,0.4374584048986435,0.24005802646279334,0.0,1.099473476409912,1.0
arctic_embed_l_v2,Snowflake/snowflake-arctic-embed-l-v2.0,,en,object,object,joy,shuffled_emotion,anger,centroid_phrases,feeling joyful; feeling happy; feeling delighted,feeling angry; feeling enraged; feeling irritated,neutral_centroid,neutral; ordinary; plain; average,anger,vocabulary,anger,8,0.42122942209243774,0.16465716063976288,False,False,False,0.4374584048986435,0.24005802646279334,0.0,1.099473476409912,1.0
arctic_embed_l_v2,Snowflake/snowflake-arctic-embed-l-v2.0,,en,object,object,joy,shuffled_emotion,anger,centroid_phrases,feeling joyful; feeling happy; feeling delighted,feeling angry; feeling enraged; feeling irritated,neutral_centroid,neutral; ordinary; plain; average,angered,vocabulary,angered,9,0.4170359969139099,0.20025262236595154,False,False,False,0.4374584048986435,0.24005802646279334,0.0,1.099473476409912,1.0
arctic_embed_l_v2,Snowflake/snowflake-arctic-embed-l-v2.0,,en,object,object,joy,shuffled_emotion,anger,centroid_phrases,feeling joyful; feeling happy; feeling delighted,feeling angry; feeling enraged; feeling irritated,neutral_centroid,neutral; ordinary; plain; average,irked,vocabulary,irked,10,0.4099368453025818,0.21017006039619446,False,False,False,0.4374584048986435,0.24005802646279334,0.0,1.099473476409912,1.0
arctic_embed_l_v2,Snowflake/snowflake-arctic-embed-l-v2.0,,en,object,object,anger,emotion,anger,centroid_phrases,feeling angry; feeling enraged; feeling irritated,feeling angry; feeling enraged; feeling irritated,neutral_centroid,neutral; ordinary; plain; average,objects,vocabulary,objects,1,0.48589277267456055,0.017819950357079506,False,False,False,0.4374584048986435,0.35171142760664226,0.0,1.099473476409912,1.0
arctic_embed_l_v2,Snowflake/snowflake-arctic-embed-l-v2.0,,en,object,object,anger,emotion,anger,centroid_phrases,feeling angry; feeling enraged; feeling irritated,feeling angry; feeling enraged; feeling irritated,neutral_centroid,neutral; ordinary; plain; average,feeling,vocabulary,feeling,2,0.4636633098125458,0.5777683258056641,False,False,False,0.4374584048986435,0.35171142760664226,0.0,1.099473476409912,1.0
arctic_embed_l_v2,Snowflake/snowflake-arctic-embed-l-v2.0,,en,object,object,anger,emotion,anger,centroid_phrases,feeling angry; feeling enraged; feeling irritated,feeling angry; feeling enraged; feeling irritated,neutral_centroid,neutral; ordinary; plain; average,enraged,vocabulary,enraged,3,0.4451366662979126,0.40335726737976074,False,False,False,0.4374584048986435,0.35171142760664226,0.0,1.099473476409912,1.0
arctic_embed_l_v2,Snowflake/snowflake-arctic-embed-l-v2.0,,en,object,object,anger,emotion,anger,centroid_phrases,feeling angry; feeling enraged; feeling irritated,feeling angry; feeling enraged; feeling irritated,neutral_centroid,neutral; ordinary; plain; average,feelings,vocabulary,feelings,4,0.43680453300476074,0.5145635008811951,False,False,False,0.4374584048986435,0.35171142760664226,0.0,1.099473476409912,1.0
arctic_embed_l_v2,Snowflake/snowflake-arctic-embed-l-v2.0,,en,object,object,anger,emotion,anger,centroid_phrases,feeling angry; feeling enraged; feeling irritated,feeling angry; feeling enraged; feeling irritated,neutral_centroid,neutral; ordinary; plain; average,angry,vocabulary,angry,5,0.43298429250717163,0.42400437593460083,False,False,False,0.4374584048986435,0.35171142760664226,0.0,1.099473476409912,1.0
arctic_embed_l_v2,Snowflake/snowflake-arctic-embed-l-v2.0,,en,object,object,anger,emotion,anger,centroid_phrases,feeling angry; feeling enraged; feeling irritated,feeling angry; feeling enraged; feeling irritated,neutral_centroid,neutral; ordinary; plain; average,objecting,vocabulary,objecting,6,0.43204206228256226,0.20207259058952332,False,False,False,0.4374584048986435,0.35171142760664226,0.0,1.099473476409912,1.0
arctic_embed_l_v2,Snowflake/snowflake-arctic-embed-l-v2.0,,en,object,object,anger,emotion,anger,centroid_phrases,feeling angry; feeling enraged; feeling irritated,feeling angry; feeling enraged; feeling irritated,neutral_centroid,neutral; ordinary; plain; average,objectification,vocabulary,objectification,7,0.42985814809799194,0.19388486444950104,False,False,False,0.4374584048986435,0.35171142760664226,0.0,1.099473476409912,1.0
arctic_embed_l_v2,Snowflake/snowflake-arctic-embed-l-v2.0,,en,object,object,anger,emotion,anger,centroid_phrases,feeling angry; feeling enraged; feeling irritated,feeling angry; feeling enraged; feeling irritated,neutral_centroid,neutral; ordinary; plain; average,anger,vocabulary,anger,8,0.42122942209243774,0.35854408144950867,False,False,False,0.4374584048986435,0.35171142760664226,0.0,1.099473476409912,1.0
arctic_embed_l_v2,Snowflake/snowflake-arctic-embed-l-v2.0,,en,object,object,anger,emotion,anger,centroid_phrases,feeling angry; feeling enraged; feeling irritated,feeling angry; feeling enraged; feeling irritated,neutral_centroid,neutral; ordinary; plain; average,angered,vocabulary,angered,9,0.4170359969139099,0.4264529049396515,False,False,False,0.4374584048986435,0.35171142760664226,0.0,1.099473476409912,1.0
arctic_embed_l_v2,Snowflake/snowflake-arctic-embed-l-v2.0,,en,object,object,anger,emotion,anger,centroid_phrases,feeling angry; feeling enraged; feeling irritated,feeling angry; feeling enraged; feeling irritated,neutral_centroid,neutral; ordinary; plain; average,irked,vocabulary,irked,10,0.4099368453025818,0.39864641427993774,False,False,False,0.4374584048986435,0.35171142760664226,0.0,1.099473476409912,1.0
arctic_embed_l_v2,Snowflake/snowflake-arctic-embed-l-v2.0,,en,object,object,anger,identity,anger,centroid_phrases,feeling angry; feeling enraged; feeling irritated,feeling angry; feeling enraged; feeling irritated,neutral_centroid,neutral; ordinary; plain; average,objects,vocabulary,objects,1,0.8648344278335571,0.017819950357079506,False,False,False,0.6321749150753021,0.0659909339621663,0.0,0.0,1.0
arctic_embed_l_v2,Snowflake/snowflake-arctic-embed-l-v2.0,,en,object,object,anger,identity,anger,centroid_phrases,feeling angry; feeling enraged; feeling irritated,feeling angry; feeling enraged; feeling irritated,neutral_centroid,neutral; ordinary; plain; average,obj,vocabulary,obj,2,0.6921373009681702,0.008231012150645256,False,False,False,0.6321749150753021,0.0659909339621663,0.0,0.0,1.0
arctic_embed_l_v2,Snowflake/snowflake-arctic-embed-l-v2.0,,en,object,object,anger,identity,anger,centroid_phrases,feeling angry; feeling enraged; feeling irritated,feeling angry; feeling enraged; feeling irritated,neutral_centroid,neutral; ordinary; plain; average,objection,vocabulary,objection,3,0.6195494532585144,0.057250916957855225,False,False,False,0.6321749150753021,0.0659909339621663,0.0,0.0,1.0
arctic_embed_l_v2,Snowflake/snowflake-arctic-embed-l-v2.0,,en,object,object,anger,identity,anger,centroid_phrases,feeling angry; feeling enraged; feeling irritated,feeling angry; feeling enraged; feeling irritated,neutral_centroid,neutral; ordinary; plain; average,objectivity,vocabulary,objectivity,4,0.6126412153244019,0.043259672820568085,False,False,False,0.6321749150753021,0.0659909339621663,0.0,0.0,1.0
arctic_embed_l_v2,Snowflake/snowflake-arctic-embed-l-v2.0,,en,object,object,anger,identity,anger,centroid_phrases,feeling angry; feeling enraged; feeling irritated,feeling angry; feeling enraged; feeling irritated,neutral_centroid,neutral; ordinary; plain; average,objectification,vocabulary,objectification,5,0.5979549288749695,0.19388486444950104,False,False,False,0.6321749150753021,0.0659909339621663,0.0,0.0,1.0
arctic_embed_l_v2,Snowflake/snowflake-arctic-embed-l-v2.0,,en,object,object,anger,identity,anger,centroid_phrases,feeling angry; feeling enraged; feeling irritated,feeling angry; feeling enraged; feeling irritated,neutral_centroid,neutral; ordinary; plain; average,thing,vocabulary,thing,6,0.595016598701477,0.13278955221176147,False,False,False,0.6321749150753021,0.0659909339621663,0.0,0.0,1.0
arctic_embed_l_v2,Snowflake/snowflake-arctic-embed-l-v2.0,,en,object,object,anger,identity,anger,centroid_phrases,feeling angry; feeling enraged; feeling irritated,feeling angry; feeling enraged; feeling irritated,neutral_centroid,neutral; ordinary; plain; average,objecting,vocabulary,objecting,7,0.5918096303939819,0.20207259058952332,False,False,False,0.6321749150753021,0.0659909339621663,0.0,0.0,1.0
arctic_embed_l_v2,Snowflake/snowflake-arctic-embed-l-v2.0,,en,object,object,anger,identity,anger,centroid_phrases,feeling angry; feeling enraged; feeling irritated,feeling angry; feeling enraged; feeling irritated,neutral_centroid,neutral; ordinary; plain; average,person,vocabulary,person,8,0.5889228582382202,0.027903584763407707,False,False,False,0.6321749150753021,0.0659909339621663,0.0,0.0,1.0
arctic_embed_l_v2,Snowflake/snowflake-arctic-embed-l-v2.0,,en,object,object,anger,identity,anger,centroid_phrases,feeling angry; feeling enraged; feeling irritated,feeling angry; feeling enraged; feeling irritated,neutral_centroid,neutral; ordinary; plain; average,arrow,vocabulary,arrow,9,0.5819923877716064,-0.03779098391532898,False,False,False,0.6321749150753021,0.0659909339621663,0.0,0.0,1.0
arctic_embed_l_v2,Snowflake/snowflake-arctic-embed-l-v2.0,,en,object,object,anger,identity,anger,centroid_phrases,feeling angry; feeling enraged; feeling irritated,feeling angry; feeling enraged; feeling irritated,neutral_centroid,neutral; ordinary; plain; average,item,vocabulary,item,10,0.5768903493881226,0.014488179236650467,False,False,False,0.6321749150753021,0.0659909339621663,0.0,0.0,1.0
arctic_embed_l_v2,Snowflake/snowflake-arctic-embed-l-v2.0,,en,object,object,anger,random,anger,centroid_phrases,feeling angry; feeling enraged; feeling irritated,feeling angry; feeling enraged; feeling irritated,neutral_centroid,neutral; ordinary; plain; average,objects,vocabulary,objects,1,0.6090821027755737,0.017819950357079506,False,False,False,0.43687936663627625,0.04701568824239075,0.0,1.0,1.0
arctic_embed_l_v2,Snowflake/snowflake-arctic-embed-l-v2.0,,en,object,object,anger,random,anger,centroid_phrases,feeling angry; feeling enraged; feeling irritated,feeling angry; feeling enraged; feeling irritated,neutral_centroid,neutral; ordinary; plain; average,obj,vocabulary,obj,2,0.47999924421310425,0.008231012150645256,False,False,False,0.43687936663627625,0.04701568824239075,0.0,1.0,1.0
arctic_embed_l_v2,Snowflake/snowflake-arctic-embed-l-v2.0,,en,object,object,anger,random,anger,centroid_phrases,feeling angry; feeling enraged; feeling irritated,feeling angry; feeling enraged; feeling irritated,neutral_centroid,neutral; ordinary; plain; average,objection,vocabulary,objection,3,0.43680649995803833,0.057250916957855225,False,False,False,0.43687936663627625,0.04701568824239075,0.0,1.0,1.0
arctic_embed_l_v2,Snowflake/snowflake-arctic-embed-l-v2.0,,en,object,object,anger,random,anger,centroid_phrases,feeling angry; feeling enraged; feeling irritated,feeling angry; feeling enraged; feeling irritated,neutral_centroid,neutral; ordinary; plain; average,objectivity,vocabulary,objectivity,4,0.4276127517223358,0.043259672820568085,False,False,False,0.43687936663627625,0.04701568824239075,0.0,1.0,1.0
arctic_embed_l_v2,Snowflake/snowflake-arctic-embed-l-v2.0,,en,object,object,anger,random,anger,centroid_phrases,feeling angry; feeling enraged; feeling irritated,feeling angry; feeling enraged; feeling irritated,neutral_centroid,neutral; ordinary; plain; average,objectification,vocabulary,objectification,5,0.4193163812160492,0.19388486444950104,False,False,False,0.43687936663627625,0.04701568824239075,0.0,1.0,1.0
arctic_embed_l_v2,Snowflake/snowflake-arctic-embed-l-v2.0,,en,object,object,anger,random,anger,centroid_phrases,feeling angry; feeling enraged; feeling irritated,feeling angry; feeling enraged; feeling irritated,neutral_centroid,neutral; ordinary; plain; average,objecting,vocabulary,objecting,6,0.40647125244140625,0.20207259058952332,False,False,False,0.43687936663627625,0.04701568824239075,0.0,1.0,1.0
arctic_embed_l_v2,Snowflake/snowflake-arctic-embed-l-v2.0,,en,object,object,anger,random,anger,centroid_phrases,feeling angry; feeling enraged; feeling irritated,feeling angry; feeling enraged; feeling irritated,neutral_centroid,neutral; ordinary; plain; average,obstacle,vocabulary,obstacle,7,0.4053592085838318,-0.006076912861317396,False,False,False,0.43687936663627625,0.04701568824239075,0.0,1.0,1.0
arctic_embed_l_v2,Snowflake/snowflake-arctic-embed-l-v2.0,,en,object,object,anger,random,anger,centroid_phrases,feeling angry; feeling enraged; feeling irritated,feeling angry; feeling enraged; feeling irritated,neutral_centroid,neutral; ordinary; plain; average,arrow,vocabulary,arrow,8,0.3969993591308594,-0.03779098391532898,False,False,False,0.43687936663627625,0.04701568824239075,0.0,1.0,1.0
arctic_embed_l_v2,Snowflake/snowflake-arctic-embed-l-v2.0,,en,object,object,anger,random,anger,centroid_phrases,feeling angry; feeling enraged; feeling irritated,feeling angry; feeling enraged; feeling irritated,neutral_centroid,neutral; ordinary; plain; average,oeuvre,vocabulary,oeuvre,9,0.3938720226287842,0.01005643978714943,False,False,False,0.43687936663627625,0.04701568824239075,0.0,1.0,1.0
arctic_embed_l_v2,Snowflake/snowflake-arctic-embed-l-v2.0,,en,object,object,anger,random,anger,centroid_phrases,feeling angry; feeling enraged; feeling irritated,feeling angry; feeling enraged; feeling irritated,neutral_centroid,neutral; ordinary; plain; average,objective,vocabulary,objective,10,0.39327484369277954,-0.01855066791176796,False,False,False,0.43687936663627625,0.04701568824239075,0.0,1.0,1.0
arctic_embed_l_v2,Snowflake/snowflake-arctic-embed-l-v2.0,,en,object,object,anger,shuffled_emotion,fear,centroid_phrases,feeling angry; feeling enraged; feeling irritated,feeling afraid; feeling anxious; feeling terrified,neutral_centroid,neutral; ordinary; plain; average,feeling,vocabulary,feeling,1,0.49316972494125366,0.5777683258056641,False,False,False,0.4449475944042206,0.33494856003671886,0.0,1.1305880546569824,1.0
arctic_embed_l_v2,Snowflake/snowflake-arctic-embed-l-v2.0,,en,object,object,anger,shuffled_emotion,fear,centroid_phrases,feeling angry; feeling enraged; feeling irritated,feeling afraid; feeling anxious; feeling terrified,neutral_centroid,neutral; ordinary; plain; average,objects,vocabulary,objects,2,0.47947919368743896,0.017819950357079506,False,False,False,0.4449475944042206,0.33494856003671886,0.0,1.1305880546569824,1.0
arctic_embed_l_v2,Snowflake/snowflake-arctic-embed-l-v2.0,,en,object,object,anger,shuffled_emotion,fear,centroid_phrases,feeling angry; feeling enraged; feeling irritated,feeling afraid; feeling anxious; feeling terrified,neutral_centroid,neutral; ordinary; plain; average,terrified,vocabulary,terrified,3,0.45219630002975464,0.32215234637260437,False,False,False,0.4449475944042206,0.33494856003671886,0.0,1.1305880546569824,1.0
arctic_embed_l_v2,Snowflake/snowflake-arctic-embed-l-v2.0,,en,object,object,anger,shuffled_emotion,fear,centroid_phrases,feeling angry; feeling enraged; feeling irritated,feeling afraid; feeling anxious; feeling terrified,neutral_centroid,neutral; ordinary; plain; average,feelings,vocabulary,feelings,4,0.44928163290023804,0.5145635008811951,False,False,False,0.4449475944042206,0.33494856003671886,0.0,1.1305880546569824,1.0
arctic_embed_l_v2,Snowflake/snowflake-arctic-embed-l-v2.0,,en,object,object,anger,shuffled_emotion,fear,centroid_phrases,feeling angry; feeling enraged; feeling irritated,feeling afraid; feeling anxious; feeling terrified,neutral_centroid,neutral; ordinary; plain; average,fear,vocabulary,fear,5,0.4392765462398529,0.3362204432487488,False,False,False,0.4449475944042206,0.33494856003671886,0.0,1.1305880546569824,1.0
arctic_embed_l_v2,Snowflake/snowflake-arctic-embed-l-v2.0,,en,object,object,anger,shuffled_emotion,fear,centroid_phrases,feeling angry; feeling enraged; feeling irritated,feeling afraid; feeling anxious; feeling terrified,neutral_centroid,neutral; ordinary; plain; average,scared,vocabulary,scared,6,0.4366135001182556,0.38028404116630554,False,False,False,0.4449475944042206,0.33494856003671886,0.0,1.1305880546569824,1.0
arctic_embed_l_v2,Snowflake/snowflake-arctic-embed-l-v2.0,,en,object,object,anger,shuffled_emotion,fear,centroid_phrases,feeling angry; feeling enraged; feeling irritated,feeling afraid; feeling anxious; feeling terrified,neutral_centroid,neutral; ordinary; plain; average,objectification,vocabulary,objectification,7,0.4357267916202545,0.19388486444950104,False,False,False,0.4449475944042206,0.33494856003671886,0.0,1.1305880546569824,1.0
arctic_embed_l_v2,Snowflake/snowflake-arctic-embed-l-v2.0,,en,object,object,anger,shuffled_emotion,fear,centroid_phrases,feeling angry; feeling enraged; feeling irritated,feeling afraid; feeling anxious; feeling terrified,neutral_centroid,neutral; ordinary; plain; average,fearing,vocabulary,fearing,8,0.4261751174926758,0.31193870306015015,False,False,False,0.4449475944042206,0.33494856003671886,0.0,1.1305880546569824,1.0
arctic_embed_l_v2,Snowflake/snowflake-arctic-embed-l-v2.0,,en,object,object,anger,shuffled_emotion,fear,centroid_phrases,feeling angry; feeling enraged; feeling irritated,feeling afraid; feeling anxious; feeling terrified,neutral_centroid,neutral; ordinary; plain; average,phobia,vocabulary,phobia,9,0.42122775316238403,0.23215323686599731,False,False,False,0.4449475944042206,0.33494856003671886,0.0,1.1305880546569824,1.0
arctic_embed_l_v2,Snowflake/snowflake-arctic-embed-l-v2.0,,en,object,object,anger,shuffled_emotion,fear,centroid_phrases,feeling angry; feeling enraged; feeling irritated,feeling afraid; feeling anxious; feeling terrified,neutral_centroid,neutral; ordinary; plain; average,feel,vocabulary,feel,10,0.41632938385009766,0.4627001881599426,False,False,False,0.4449475944042206,0.33494856003671886,0.0,1.1305880546569824,1.0
arctic_embed_l_v2,Snowflake/snowflake-arctic-embed-l-v2.0,,en,object,object,fear,emotion,fear,centroid_phrases,feeling afraid; feeling anxious; feeling terrified,feeling afraid; feeling anxious; feeling terrified,neutral_centroid,neutral; ordinary; plain; average,feeling,vocabulary,feeling,1,0.49316972494125366,0.6200754642486572,False,False,False,0.4449475944042206,0.4408313576132059,0.0,1.1305880546569824,1.0
arctic_embed_l_v2,Snowflake/snowflake-arctic-embed-l-v2.0,,en,object,object,fear,emotion,fear,centroid_phrases,feeling afraid; feeling anxious; feeling terrified,feeling afraid; feeling anxious; feeling terrified,neutral_centroid,neutral; ordinary; plain; average,objects,vocabulary,objects,2,0.47947919368743896,0.03386593237519264,False,False,False,0.4449475944042206,0.4408313576132059,0.0,1.1305880546569824,1.0
arctic_embed_l_v2,Snowflake/snowflake-arctic-embed-l-v2.0,,en,object,object,fear,emotion,fear,centroid_phrases,feeling afraid; feeling anxious; feeling terrified,feeling afraid; feeling anxious; feeling terrified,neutral_centroid,neutral; ordinary; plain; average,terrified,vocabulary,terrified,3,0.45219630002975464,0.4983502924442291,False,False,False,0.4449475944042206,0.4408313576132059,0.0,1.1305880546569824,1.0
arctic_embed_l_v2,Snowflake/snowflake-arctic-embed-l-v2.0,,en,object,object,fear,emotion,fear,centroid_phrases,feeling afraid; feeling anxious; feeling terrified,feeling afraid; feeling anxious; feeling terrified,neutral_centroid,neutral; ordinary; plain; average,feelings,vocabulary,feelings,4,0.44928163290023804,0.5385520458221436,False,False,False,0.4449475944042206,0.4408313576132059,0.0,1.1305880546569824,1.0
arctic_embed_l_v2,Snowflake/snowflake-arctic-embed-l-v2.0,,en,object,object,fear,emotion,fear,centroid_phrases,feeling afraid; feeling anxious; feeling terrified,feeling afraid; feeling anxious; feeling terrified,neutral_centroid,neutral; ordinary; plain; average,fear,vocabulary,fear,5,0.4392765462398529,0.5365865230560303,False,False,False,0.4449475944042206,0.4408313576132059,0.0,1.1305880546569824,1.0
arctic_embed_l_v2,Snowflake/snowflake-arctic-embed-l-v2.0,,en,object,object,fear,emotion,fear,centroid_phrases,feeling afraid; feeling anxious; feeling terrified,feeling afraid; feeling anxious; feeling terrified,neutral_centroid,neutral; ordinary; plain; average,scared,vocabulary,scared,6,0.4366135001182556,0.5350242853164673,False,False,False,0.4449475944042206,0.4408313576132059,0.0,1.1305880546569824,1.0
arctic_embed_l_v2,Snowflake/snowflake-arctic-embed-l-v2.0,,en,object,object,fear,emotion,fear,centroid_phrases,feeling afraid; feeling anxious; feeling terrified,feeling afraid; feeling anxious; feeling terrified,neutral_centroid,neutral; ordinary; plain; average,objectification,vocabulary,objectification,7,0.4357267916202545,0.2189430296421051,False,False,False,0.4449475944042206,0.4408313576132059,0.0,1.1305880546569824,1.0
arctic_embed_l_v2,Snowflake/snowflake-arctic-embed-l-v2.0,,en,object,object,fear,emotion,fear,centroid_phrases,feeling afraid; feeling anxious; feeling terrified,feeling afraid; feeling anxious; feeling terrified,neutral_centroid,neutral; ordinary; plain; average,fearing,vocabulary,fearing,8,0.4261751174926758,0.464843213558197,False,False,False,0.4449475944042206,0.4408313576132059,0.0,1.1305880546569824,1.0
arctic_embed_l_v2,Snowflake/snowflake-arctic-embed-l-v2.0,,en,object,object,fear,emotion,fear,centroid_phrases,feeling afraid; feeling anxious; feeling terrified,feeling afraid; feeling anxious; feeling terrified,neutral_centroid,neutral; ordinary; plain; average,phobia,vocabulary,phobia,9,0.42122775316238403,0.4372628331184387,False,False,False,0.4449475944042206,0.4408313576132059,0.0,1.1305880546569824,1.0
arctic_embed_l_v2,Snowflake/snowflake-arctic-embed-l-v2.0,,en,object,object,fear,emotion,fear,centroid_phrases,feeling afraid; feeling anxious; feeling terrified,feeling afraid; feeling anxious; feeling terrified,neutral_centroid,neutral; ordinary; plain; average,feel,vocabulary,feel,10,0.41632938385009766,0.5248099565505981,False,False,False,0.4449475944042206,0.4408313576132059,0.0,1.1305880546569824,1.0
arctic_embed_l_v2,Snowflake/snowflake-arctic-embed-l-v2.0,,en,object,object,fear,identity,fear,centroid_phrases,feeling afraid; feeling anxious; feeling terrified,feeling afraid; feeling anxious; feeling terrified,neutral_centroid,neutral; ordinary; plain; average,objects,vocabulary,objects,1,0.8648344278335571,0.03386593237519264,False,False,False,0.6321749150753021,0.0724647156894207,0.0,0.0,1.0
arctic_embed_l_v2,Snowflake/snowflake-arctic-embed-l-v2.0,,en,object,object,fear,identity,fear,centroid_phrases,feeling afraid; feeling anxious; feeling terrified,feeling afraid; feeling anxious; feeling terrified,neutral_centroid,neutral; ordinary; plain; average,obj,vocabulary,obj,2,0.6921373009681702,0.022567490115761757,False,False,False,0.6321749150753021,0.0724647156894207,0.0,0.0,1.0
arctic_embed_l_v2,Snowflake/snowflake-arctic-embed-l-v2.0,,en,object,object,fear,identity,fear,centroid_phrases,feeling afraid; feeling anxious; feeling terrified,feeling afraid; feeling anxious; feeling terrified,neutral_centroid,neutral; ordinary; plain; average,objection,vocabulary,objection,3,0.6195494532585144,0.05325612425804138,False,False,False,0.6321749150753021,0.0724647156894207,0.0,0.0,1.0
arctic_embed_l_v2,Snowflake/snowflake-arctic-embed-l-v2.0,,en,object,object,fear,identity,fear,centroid_phrases,feeling afraid; feeling anxious; feeling terrified,feeling afraid; feeling anxious; feeling terrified,neutral_centroid,neutral; ordinary; plain; average,objectivity,vocabulary,objectivity,4,0.6126412153244019,0.03768962621688843,False,False,False,0.6321749150753021,0.0724647156894207,0.0,0.0,1.0
arctic_embed_l_v2,Snowflake/snowflake-arctic-embed-l-v2.0,,en,object,object,fear,identity,fear,centroid_phrases,feeling afraid; feeling anxious; feeling terrified,feeling afraid; feeling anxious; feeling terrified,neutral_centroid,neutral; ordinary; plain; average,objectification,vocabulary,objectification,5,0.5979549288749695,0.2189430296421051,False,False,False,0.6321749150753021,0.0724647156894207,0.0,0.0,1.0
arctic_embed_l_v2,Snowflake/snowflake-arctic-embed-l-v2.0,,en,object,object,fear,identity,fear,centroid_phrases,feeling afraid; feeling anxious; feeling terrified,feeling afraid; feeling anxious; feeling terrified,neutral_centroid,neutral; ordinary; plain; average,thing,vocabulary,thing,6,0.595016598701477,0.17182180285453796,False,False,False,0.6321749150753021,0.0724647156894207,0.0,0.0,1.0
arctic_embed_l_v2,Snowflake/snowflake-arctic-embed-l-v2.0,,en,object,object,fear,identity,fear,centroid_phrases,feeling afraid; feeling anxious; feeling terrified,feeling afraid; feeling anxious; feeling terrified,neutral_centroid,neutral; ordinary; plain; average,objecting,vocabulary,objecting,7,0.5918096303939819,0.19139760732650757,False,False,False,0.6321749150753021,0.0724647156894207,0.0,0.0,1.0
arctic_embed_l_v2,Snowflake/snowflake-arctic-embed-l-v2.0,,en,object,object,fear,identity,fear,centroid_phrases,feeling afraid; feeling anxious; feeling terrified,feeling afraid; feeling anxious; feeling terrified,neutral_centroid,neutral; ordinary; plain; average,person,vocabulary,person,8,0.5889228582382202,0.04995071887969971,False,False,False,0.6321749150753021,0.0724647156894207,0.0,0.0,1.0
arctic_embed_l_v2,Snowflake/snowflake-arctic-embed-l-v2.0,,en,object,object,fear,identity,fear,centroid_phrases,feeling afraid; feeling anxious; feeling terrified,feeling afraid; feeling anxious; feeling terrified,neutral_centroid,neutral; ordinary; plain; average,arrow,vocabulary,arrow,9,0.5819923877716064,-0.06458574533462524,False,False,False,0.6321749150753021,0.0724647156894207,0.0,0.0,1.0
arctic_embed_l_v2,Snowflake/snowflake-arctic-embed-l-v2.0,,en,object,object,fear,identity,fear,centroid_phrases,feeling afraid; feeling anxious; feeling terrified,feeling afraid; feeling anxious; feeling terrified,neutral_centroid,neutral; ordinary; plain; average,item,vocabulary,item,10,0.5768903493881226,0.009740570560097694,False,False,False,0.6321749150753021,0.0724647156894207,0.0,0.0,1.0
arctic_embed_l_v2,Snowflake/snowflake-arctic-embed-l-v2.0,,en,object,object,fear,random,fear,centroid_phrases,feeling afraid; feeling anxious; feeling terrified,feeling afraid; feeling anxious; feeling terrified,neutral_centroid,neutral; ordinary; plain; average,objects,vocabulary,objects,1,0.6086552143096924,0.03386593237519264,False,False,False,0.4621709257364273,0.03133661132305861,0.0,1.0,0.9999999403953552
arctic_embed_l_v2,Snowflake/snowflake-arctic-embed-l-v2.0,,en,object,object,fear,random,fear,centroid_phrases,feeling afraid; feeling anxious; feeling terrified,feeling afraid; feeling anxious; feeling terrified,neutral_centroid,neutral; ordinary; plain; average,obj,vocabulary,obj,2,0.5140063762664795,0.022567490115761757,False,False,False,0.4621709257364273,0.03133661132305861,0.0,1.0,0.9999999403953552
arctic_embed_l_v2,Snowflake/snowflake-arctic-embed-l-v2.0,,en,object,object,fear,random,fear,centroid_phrases,feeling afraid; feeling anxious; feeling terrified,feeling afraid; feeling anxious; feeling terrified,neutral_centroid,neutral; ordinary; plain; average,objection,vocabulary,objection,3,0.45777809619903564,0.05325612425804138,False,False,False,0.4621709257364273,0.03133661132305861,0.0,1.0,0.9999999403953552
arctic_embed_l_v2,Snowflake/snowflake-arctic-embed-l-v2.0,,en,object,object,fear,random,fear,centroid_phrases,feeling afraid; feeling anxious; feeling terrified,feeling afraid; feeling anxious; feeling terrified,neutral_centroid,neutral; ordinary; plain; average,arrow,vocabulary,arrow,4,0.4397744834423065,-0.06458574533462524,False,False,False,0.4621709257364273,0.03133661132305861,0.0,1.0,0.9999999403953552
arctic_embed_l_v2,Snowflake/snowflake-arctic-embed-l-v2.0,,en,object,object,fear,random,fear,centroid_phrases,feeling afraid; feeling anxious; feeling terrified,feeling afraid; feeling anxious; feeling terrified,neutral_centroid,neutral; ordinary; plain; average,thing,vocabulary,thing,5,0.4341917335987091,0.17182180285453796,False,False,False,0.4621709257364273,0.03133661132305861,0.0,1.0,0.9999999403953552
arctic_embed_l_v2,Snowflake/snowflake-arctic-embed-l-v2.0,,en,object,object,fear,random,fear,centroid_phrases,feeling afraid; feeling anxious; feeling terrified,feeling afraid; feeling anxious; feeling terrified,neutral_centroid,neutral; ordinary; plain; average,noun,vocabulary,noun,6,0.4340231716632843,-0.0726647898554802,False,False,False,0.4621709257364273,0.03133661132305861,0.0,1.0,0.9999999403953552
arctic_embed_l_v2,Snowflake/snowflake-arctic-embed-l-v2.0,,en,object,object,fear,random,fear,centroid_phrases,feeling afraid; feeling anxious; feeling terrified,feeling afraid; feeling anxious; feeling terrified,neutral_centroid,neutral; ordinary; plain; average,apparatus,vocabulary,apparatus,7,0.43387341499328613,-0.04610390216112137,False,False,False,0.4621709257364273,0.03133661132305861,0.0,1.0,0.9999999403953552
arctic_embed_l_v2,Snowflake/snowflake-arctic-embed-l-v2.0,,en,object,object,fear,random,fear,centroid_phrases,feeling afraid; feeling anxious; feeling terrified,feeling afraid; feeling anxious; feeling terrified,neutral_centroid,neutral; ordinary; plain; average,person,vocabulary,person,8,0.4338054656982422,0.04995071887969971,False,False,False,0.4621709257364273,0.03133661132305861,0.0,1.0,0.9999999403953552
arctic_embed_l_v2,Snowflake/snowflake-arctic-embed-l-v2.0,,en,object,object,fear,random,fear,centroid_phrases,feeling afraid; feeling anxious; feeling terrified,feeling afraid; feeling anxious; feeling terrified,neutral_centroid,neutral; ordinary; plain; average,organism,vocabulary,organism,9,0.43345963954925537,0.08575338125228882,False,False,False,0.4621709257364273,0.03133661132305861,0.0,1.0,0.9999999403953552
arctic_embed_l_v2,Snowflake/snowflake-arctic-embed-l-v2.0,,en,object,object,fear,random,fear,centroid_phrases,feeling afraid; feeling anxious; feeling terrified,feeling afraid; feeling anxious; feeling terrified,neutral_centroid,neutral; ordinary; plain; average,morpheus,vocabulary,morpheus,10,0.43214166164398193,0.07950510084629059,False,False,False,0.4621709257364273,0.03133661132305861,0.0,1.0,0.9999999403953552
arctic_embed_l_v2,Snowflake/snowflake-arctic-embed-l-v2.0,,en,object,object,fear,shuffled_emotion,amusement,centroid_phrases,feeling afraid; feeling anxious; feeling terrified,feeling amused; feeling entertained; feeling playful,neutral_centroid,neutral; ordinary; plain; average,objects,vocabulary,objects,1,0.5852038860321045,0.03386593237519264,False,False,False,0.48960802853107455,0.22947101183235646,0.0,0.9991812705993652,0.9999999403953552
arctic_embed_l_v2,Snowflake/snowflake-arctic-embed-l-v2.0,,en,object,object,fear,shuffled_emotion,amusement,centroid_phrases,feeling afraid; feeling anxious; feeling terrified,feeling amused; feeling entertained; feeling playful,neutral_centroid,neutral; ordinary; plain; average,embodying,vocabulary,embodying,2,0.4954237639904022,0.24561500549316406,False,False,False,0.48960802853107455,0.22947101183235646,0.0,0.9991812705993652,0.9999999403953552
arctic_embed_l_v2,Snowflake/snowflake-arctic-embed-l-v2.0,,en,object,object,fear,shuffled_emotion,amusement,centroid_phrases,feeling afraid; feeling anxious; feeling terrified,feeling amused; feeling entertained; feeling playful,neutral_centroid,neutral; ordinary; plain; average,entertaining,vocabulary,entertaining,3,0.4954037070274353,0.17917338013648987,False,False,False,0.48960802853107455,0.22947101183235646,0.0,0.9991812705993652,0.9999999403953552
arctic_embed_l_v2,Snowflake/snowflake-arctic-embed-l-v2.0,,en,object,object,fear,shuffled_emotion,amusement,centroid_phrases,feeling afraid; feeling anxious; feeling terrified,feeling amused; feeling entertained; feeling playful,neutral_centroid,neutral; ordinary; plain; average,entertained,vocabulary,entertained,4,0.48381128907203674,0.17779579758644104,False,False,False,0.48960802853107455,0.22947101183235646,0.0,0.9991812705993652,0.9999999403953552
arctic_embed_l_v2,Snowflake/snowflake-arctic-embed-l-v2.0,,en,object,object,fear,shuffled_emotion,amusement,centroid_phrases,feeling afraid; feeling anxious; feeling terrified,feeling amused; feeling entertained; feeling playful,neutral_centroid,neutral; ordinary; plain; average,amusing,vocabulary,amusing,5,0.4779199957847595,0.12975190579891205,False,False,False,0.48960802853107455,0.22947101183235646,0.0,0.9991812705993652,0.9999999403953552
arctic_embed_l_v2,Snowflake/snowflake-arctic-embed-l-v2.0,,en,object,object,fear,shuffled_emotion,amusement,centroid_phrases,feeling afraid; feeling anxious; feeling terrified,feeling amused; feeling entertained; feeling playful,neutral_centroid,neutral; ordinary; plain; average,amused,vocabulary,amused,6,0.4768192172050476,0.21856501698493958,False,False,False,0.48960802853107455,0.22947101183235646,0.0,0.9991812705993652,0.9999999403953552
arctic_embed_l_v2,Snowflake/snowflake-arctic-embed-l-v2.0,,en,object,object,fear,shuffled_emotion,amusement,centroid_phrases,feeling afraid; feeling anxious; feeling terrified,feeling amused; feeling entertained; feeling playful,neutral_centroid,neutral; ordinary; plain; average,fascinated,vocabulary,fascinated,7,0.47325125336647034,0.22938349843025208,False,False,False,0.48960802853107455,0.22947101183235646,0.0,0.9991812705993652,0.9999999403953552
arctic_embed_l_v2,Snowflake/snowflake-arctic-embed-l-v2.0,,en,object,object,fear,shuffled_emotion,amusement,centroid_phrases,feeling afraid; feeling anxious; feeling terrified,feeling amused; feeling entertained; feeling playful,neutral_centroid,neutral; ordinary; plain; average,obsessing,vocabulary,obsessing,8,0.47131776809692383,0.29195770621299744,False,False,False,0.48960802853107455,0.22947101183235646,0.0,0.9991812705993652,0.9999999403953552
arctic_embed_l_v2,Snowflake/snowflake-arctic-embed-l-v2.0,,en,object,object,fear,shuffled_emotion,amusement,centroid_phrases,feeling afraid; feeling anxious; feeling terrified,feeling amused; feeling entertained; feeling playful,neutral_centroid,neutral; ordinary; plain; average,feeling,vocabulary,feeling,9,0.47122225165367126,0.6200754642486572,False,False,False,0.48960802853107455,0.22947101183235646,0.0,0.9991812705993652,0.9999999403953552
arctic_embed_l_v2,Snowflake/snowflake-arctic-embed-l-v2.0,,en,object,object,fear,shuffled_emotion,amusement,centroid_phrases,feeling afraid; feeling anxious; feeling terrified,feeling amused; feeling entertained; feeling playful,neutral_centroid,neutral; ordinary; plain; average,arousing,vocabulary,arousing,10,0.4657071530818939,0.16852641105651855,False,False,False,0.48960802853107455,0.22947101183235646,0.0,0.9991812705993652,0.9999999403953552
arctic_embed_l_v2,Snowflake/snowflake-arctic-embed-l-v2.0,,en,object,object,amusement,emotion,amusement,centroid_phrases,feeling amused; feeling entertained; feeling playful,feeling amused; feeling entertained; feeling playful,neutral_centroid,neutral; ordinary; plain; average,objects,vocabulary,objects,1,0.5852038860321045,0.05235538259148598,False,False,False,0.48960802853107455,0.3448074612766504,0.0,0.9991812705993652,0.9999999403953552
arctic_embed_l_v2,Snowflake/snowflake-arctic-embed-l-v2.0,,en,object,object,amusement,emotion,amusement,centroid_phrases,feeling amused; feeling entertained; feeling playful,feeling amused; feeling entertained; feeling playful,neutral_centroid,neutral; ordinary; plain; average,embodying,vocabulary,embodying,2,0.4954237639904022,0.2978300452232361,False,False,False,0.48960802853107455,0.3448074612766504,0.0,0.9991812705993652,0.9999999403953552
arctic_embed_l_v2,Snowflake/snowflake-arctic-embed-l-v2.0,,en,object,object,amusement,emotion,amusement,centroid_phrases,feeling amused; feeling entertained; feeling playful,feeling amused; feeling entertained; feeling playful,neutral_centroid,neutral; ordinary; plain; average,entertaining,vocabulary,entertaining,3,0.4954037070274353,0.3954121470451355,False,False,False,0.48960802853107455,0.3448074612766504,0.0,0.9991812705993652,0.9999999403953552
arctic_embed_l_v2,Snowflake/snowflake-arctic-embed-l-v2.0,,en,object,object,amusement,emotion,amusement,centroid_phrases,feeling amused; feeling entertained; feeling playful,feeling amused; feeling entertained; feeling playful,neutral_centroid,neutral; ordinary; plain; average,entertained,vocabulary,entertained,4,0.48381128907203674,0.3932819366455078,False,False,False,0.48960802853107455,0.3448074612766504,0.0,0.9991812705993652,0.9999999403953552
arctic_embed_l_v2,Snowflake/snowflake-arctic-embed-l-v2.0,,en,object,object,amusement,emotion,amusement,centroid_phrases,feeling amused; feeling entertained; feeling playful,feeling amused; feeling entertained; feeling playful,neutral_centroid,neutral; ordinary; plain; average,amusing,vocabulary,amusing,5,0.4779199957847595,0.36480289697647095,False,False,False,0.48960802853107455,0.3448074612766504,0.0,0.9991812705993652,0.9999999403953552
arctic_embed_l_v2,Snowflake/snowflake-arctic-embed-l-v2.0,,en,object,object,amusement,emotion,amusement,centroid_phrases,feeling amused; feeling entertained; feeling playful,feeling amused; feeling entertained; feeling playful,neutral_centroid,neutral; ordinary; plain; average,amused,vocabulary,amused,6,0.4768192172050476,0.41801461577415466,False,False,False,0.48960802853107455,0.3448074612766504,0.0,0.9991812705993652,0.9999999403953552
arctic_embed_l_v2,Snowflake/snowflake-arctic-embed-l-v2.0,,en,object,object,amusement,emotion,amusement,centroid_phrases,feeling amused; feeling entertained; feeling playful,feeling amused; feeling entertained; feeling playful,neutral_centroid,neutral; ordinary; plain; average,fascinated,vocabulary,fascinated,7,0.47325125336647034,0.3504860997200012,False,False,False,0.48960802853107455,0.3448074612766504,0.0,0.9991812705993652,0.9999999403953552
arctic_embed_l_v2,Snowflake/snowflake-arctic-embed-l-v2.0,,en,object,object,amusement,emotion,amusement,centroid_phrases,feeling amused; feeling entertained; feeling playful,feeling amused; feeling entertained; feeling playful,neutral_centroid,neutral; ordinary; plain; average,obsessing,vocabulary,obsessing,8,0.47131776809692383,0.3099953830242157,False,False,False,0.48960802853107455,0.3448074612766504,0.0,0.9991812705993652,0.9999999403953552
arctic_embed_l_v2,Snowflake/snowflake-arctic-embed-l-v2.0,,en,object,object,amusement,emotion,amusement,centroid_phrases,feeling amused; feeling entertained; feeling playful,feeling amused; feeling entertained; feeling playful,neutral_centroid,neutral; ordinary; plain; average,feeling,vocabulary,feeling,9,0.47122225165367126,0.5496654510498047,False,False,False,0.48960802853107455,0.3448074612766504,0.0,0.9991812705993652,0.9999999403953552
arctic_embed_l_v2,Snowflake/snowflake-arctic-embed-l-v2.0,,en,object,object,amusement,emotion,amusement,centroid_phrases,feeling amused; feeling entertained; feeling playful,feeling amused; feeling entertained; feeling playful,neutral_centroid,neutral; ordinary; plain; average,arousing,vocabulary,arousing,10,0.4657071530818939,0.3162306547164917,False,False,False,0.48960802853107455,0.3448074612766504,0.0,0.9991812705993652,0.9999999403953552
arctic_embed_l_v2,Snowflake/snowflake-arctic-embed-l-v2.0,,en,object,object,amusement,identity,amusement,centroid_phrases,feeling amused; feeling entertained; feeling playful,feeling amused; feeling entertained; feeling playful,neutral_centroid,neutral; ordinary; plain; average,objects,vocabulary,objects,1,0.8648344278335571,0.05235538259148598,False,False,False,0.6321749150753021,0.059956724662333725,0.0,0.0,1.0
arctic_embed_l_v2,Snowflake/snowflake-arctic-embed-l-v2.0,,en,object,object,amusement,identity,amusement,centroid_phrases,feeling amused; feeling entertained; feeling playful,feeling amused; feeling entertained; feeling playful,neutral_centroid,neutral; ordinary; plain; average,obj,vocabulary,obj,2,0.6921373009681702,-0.006334785372018814,False,False,False,0.6321749150753021,0.059956724662333725,0.0,0.0,1.0
arctic_embed_l_v2,Snowflake/snowflake-arctic-embed-l-v2.0,,en,object,object,amusement,identity,amusement,centroid_phrases,feeling amused; feeling entertained; feeling playful,feeling amused; feeling entertained; feeling playful,neutral_centroid,neutral; ordinary; plain; average,objection,vocabulary,objection,3,0.6195494532585144,0.007023897022008896,False,False,False,0.6321749150753021,0.059956724662333725,0.0,0.0,1.0
arctic_embed_l_v2,Snowflake/snowflake-arctic-embed-l-v2.0,,en,object,object,amusement,identity,amusement,centroid_phrases,feeling amused; feeling entertained; feeling playful,feeling amused; feeling entertained; feeling playful,neutral_centroid,neutral; ordinary; plain; average,objectivity,vocabulary,objectivity,4,0.6126412153244019,0.00649640429764986,False,False,False,0.6321749150753021,0.059956724662333725,0.0,0.0,1.0
arctic_embed_l_v2,Snowflake/snowflake-arctic-embed-l-v2.0,,en,object,object,amusement,identity,amusement,centroid_phrases,feeling amused; feeling entertained; feeling playful,feeling amused; feeling entertained; feeling playful,neutral_centroid,neutral; ordinary; plain; average,objectification,vocabulary,objectification,5,0.5979549288749695,0.1493746042251587,False,False,False,0.6321749150753021,0.059956724662333725,0.0,0.0,1.0
arctic_embed_l_v2,Snowflake/snowflake-arctic-embed-l-v2.0,,en,object,object,amusement,identity,amusement,centroid_phrases,feeling amused; feeling entertained; feeling playful,feeling amused; feeling entertained; feeling playful,neutral_centroid,neutral; ordinary; plain; average,thing,vocabulary,thing,6,0.595016598701477,0.13995280861854553,False,False,False,0.6321749150753021,0.059956724662333725,0.0,0.0,1.0
arctic_embed_l_v2,Snowflake/snowflake-arctic-embed-l-v2.0,,en,object,object,amusement,identity,amusement,centroid_phrases,feeling amused; feeling entertained; feeling playful,feeling amused; feeling entertained; feeling playful,neutral_centroid,neutral; ordinary; plain; average,objecting,vocabulary,objecting,7,0.5918096303939819,0.14545460045337677,False,False,False,0.6321749150753021,0.059956724662333725,0.0,0.0,1.0
arctic_embed_l_v2,Snowflake/snowflake-arctic-embed-l-v2.0,,en,object,object,amusement,identity,amusement,centroid_phrases,feeling amused; feeling entertained; feeling playful,feeling amused; feeling entertained; feeling playful,neutral_centroid,neutral; ordinary; plain; average,person,vocabulary,person,8,0.5889228582382202,0.0693804919719696,False,False,False,0.6321749150753021,0.059956724662333725,0.0,0.0,1.0
arctic_embed_l_v2,Snowflake/snowflake-arctic-embed-l-v2.0,,en,object,object,amusement,identity,amusement,centroid_phrases,feeling amused; feeling entertained; feeling playful,feeling amused; feeling entertained; feeling playful,neutral_centroid,neutral; ordinary; plain; average,arrow,vocabulary,arrow,9,0.5819923877716064,-0.01682213321328163,False,False,False,0.6321749150753021,0.059956724662333725,0.0,0.0,1.0
arctic_embed_l_v2,Snowflake/snowflake-arctic-embed-l-v2.0,,en,object,object,amusement,identity,amusement,centroid_phrases,feeling amused; feeling entertained; feeling playful,feeling amused; feeling entertained; feeling playful,neutral_centroid,neutral; ordinary; plain; average,item,vocabulary,item,10,0.5768903493881226,0.05268597602844238,False,False,False,0.6321749150753021,0.059956724662333725,0.0,0.0,1.0
arctic_embed_l_v2,Snowflake/snowflake-arctic-embed-l-v2.0,,en,object,object,amusement,random,amusement,centroid_phrases,feeling amused; feeling entertained; feeling playful,feeling amused; feeling entertained; feeling playful,neutral_centroid,neutral; ordinary; plain; average,objects,vocabulary,objects,1,0.5719120502471924,0.05235538259148598,False,False,False,0.42266830801963806,0.06210698736831546,0.0,0.9999999403953552,1.0
arctic_embed_l_v2,Snowflake/snowflake-arctic-embed-l-v2.0,,en,object,object,amusement,random,amusement,centroid_phrases,feeling amused; feeling entertained; feeling playful,feeling amused; feeling entertained; feeling playful,neutral_centroid,neutral; ordinary; plain; average,obj,vocabulary,obj,2,0.4804820120334625,-0.006334785372018814,False,False,False,0.42266830801963806,0.06210698736831546,0.0,0.9999999403953552,1.0
arctic_embed_l_v2,Snowflake/snowflake-arctic-embed-l-v2.0,,en,object,object,amusement,random,amusement,centroid_phrases,feeling amused; feeling entertained; feeling playful,feeling amused; feeling entertained; feeling playful,neutral_centroid,neutral; ordinary; plain; average,objection,vocabulary,objection,3,0.41677600145339966,0.007023897022008896,False,False,False,0.42266830801963806,0.06210698736831546,0.0,0.9999999403953552,1.0
arctic_embed_l_v2,Snowflake/snowflake-arctic-embed-l-v2.0,,en,object,object,amusement,random,amusement,centroid_phrases,feeling amused; feeling entertained; feeling playful,feeling amused; feeling entertained; feeling playful,neutral_centroid,neutral; ordinary; plain; average,objectivity,vocabulary,objectivity,4,0.4068368673324585,0.00649640429764986,False,False,False,0.42266830801963806,0.06210698736831546,0.0,0.9999999403953552,1.0
arctic_embed_l_v2,Snowflake/snowflake-arctic-embed-l-v2.0,,en,object,object,amusement,random,amusement,centroid_phrases,feeling amused; feeling entertained; feeling playful,feeling amused; feeling entertained; feeling playful,neutral_centroid,neutral; ordinary; plain; average,thing,vocabulary,thing,5,0.40165939927101135,0.13995280861854553,False,False,False,0.42266830801963806,0.06210698736831546,0.0,0.9999999403953552,1.0
arctic_embed_l_v2,Snowflake/snowflake-arctic-embed-l-v2.0,,en,object,object,amusement,random,amusement,centroid_phrases,feeling amused; feeling entertained; feeling playful,feeling amused; feeling entertained; feeling playful,neutral_centroid,neutral; ordinary; plain; average,objecting,vocabulary,objecting,6,0.40150725841522217,0.14545460045337677,False,False,False,0.42266830801963806,0.06210698736831546,0.0,0.9999999403953552,1.0
arctic_embed_l_v2,Snowflake/snowflake-arctic-embed-l-v2.0,,en,object,object,amusement,random,amusement,centroid_phrases,feeling amused; feeling entertained; feeling playful,feeling amused; feeling entertained; feeling playful,neutral_centroid,neutral; ordinary; plain; average,person,vocabulary,person,7,0.3903175890445709,0.0693804919719696,False,False,False,0.42266830801963806,0.06210698736831546,0.0,0.9999999403953552,1.0
arctic_embed_l_v2,Snowflake/snowflake-arctic-embed-l-v2.0,,en,object,object,amusement,random,amusement,centroid_phrases,feeling amused; feeling entertained; feeling playful,feeling amused; feeling entertained; feeling playful,neutral_centroid,neutral; ordinary; plain; average,thingy,vocabulary,thingy,8,0.39030566811561584,0.1507435441017151,False,False,False,0.42266830801963806,0.06210698736831546,0.0,0.9999999403953552,1.0
arctic_embed_l_v2,Snowflake/snowflake-arctic-embed-l-v2.0,,en,object,object,amusement,random,amusement,centroid_phrases,feeling amused; feeling entertained; feeling playful,feeling amused; feeling entertained; feeling playful,neutral_centroid,neutral; ordinary; plain; average,obstacle,vocabulary,obstacle,9,0.3881903290748596,0.00942528061568737,False,False,False,0.42266830801963806,0.06210698736831546,0.0,0.9999999403953552,1.0
arctic_embed_l_v2,Snowflake/snowflake-arctic-embed-l-v2.0,,en,object,object,amusement,random,amusement,centroid_phrases,feeling amused; feeling entertained; feeling playful,feeling amused; feeling entertained; feeling playful,neutral_centroid,neutral; ordinary; plain; average,projectile,vocabulary,projectile,10,0.37869590520858765,0.0465722493827343,False,False,False,0.42266830801963806,0.06210698736831546,0.0,0.9999999403953552,1.0
arctic_embed_l_v2,Snowflake/snowflake-arctic-embed-l-v2.0,,en,object,object,amusement,shuffled_emotion,excitement,centroid_phrases,feeling amused; feeling entertained; feeling playful,feeling excited; feeling enthusiastic; feeling thrilled,neutral_centroid,neutral; ordinary; plain; average,objects,vocabulary,objects,1,0.5830256342887878,0.05235538259148598,False,False,False,0.5026494473218918,0.3126879516988993,0.0,0.9951712489128113,1.0
arctic_embed_l_v2,Snowflake/snowflake-arctic-embed-l-v2.0,,en,object,object,amusement,shuffled_emotion,excitement,centroid_phrases,feeling amused; feeling entertained; feeling playful,feeling excited; feeling enthusiastic; feeling thrilled,neutral_centroid,neutral; ordinary; plain; average,overjoyed,vocabulary,overjoyed,2,0.5094255208969116,0.330713152885437,False,False,False,0.5026494473218918,0.3126879516988993,0.0,0.9951712489128113,1.0
arctic_embed_l_v2,Snowflake/snowflake-arctic-embed-l-v2.0,,en,object,object,amusement,shuffled_emotion,excitement,centroid_phrases,feeling amused; feeling entertained; feeling playful,feeling excited; feeling enthusiastic; feeling thrilled,neutral_centroid,neutral; ordinary; plain; average,excitedly,vocabulary,excitedly,3,0.5069097280502319,0.3648090660572052,False,False,False,0.5026494473218918,0.3126879516988993,0.0,0.9951712489128113,1.0
arctic_embed_l_v2,Snowflake/snowflake-arctic-embed-l-v2.0,,en,object,object,amusement,shuffled_emotion,excitement,centroid_phrases,feeling amused; feeling entertained; feeling playful,feeling excited; feeling enthusiastic; feeling thrilled,neutral_centroid,neutral; ordinary; plain; average,enthusiasm,vocabulary,enthusiasm,4,0.5006211996078491,0.2653927505016327,False,False,False,0.5026494473218918,0.3126879516988993,0.0,0.9951712489128113,1.0
arctic_embed_l_v2,Snowflake/snowflake-arctic-embed-l-v2.0,,en,object,object,amusement,shuffled_emotion,excitement,centroid_phrases,feeling amused; feeling entertained; feeling playful,feeling excited; feeling enthusiastic; feeling thrilled,neutral_centroid,neutral; ordinary; plain; average,excitation,vocabulary,excitation,5,0.49459800124168396,0.29344576597213745,False,False,False,0.5026494473218918,0.3126879516988993,0.0,0.9951712489128113,1.0
arctic_embed_l_v2,Snowflake/snowflake-arctic-embed-l-v2.0,,en,object,object,amusement,shuffled_emotion,excitement,centroid_phrases,feeling amused; feeling entertained; feeling playful,feeling excited; feeling enthusiastic; feeling thrilled,neutral_centroid,neutral; ordinary; plain; average,embodying,vocabulary,embodying,6,0.4942689836025238,0.2978300452232361,False,False,False,0.5026494473218918,0.3126879516988993,0.0,0.9951712489128113,1.0
arctic_embed_l_v2,Snowflake/snowflake-arctic-embed-l-v2.0,,en,object,object,amusement,shuffled_emotion,excitement,centroid_phrases,feeling amused; feeling entertained; feeling playful,feeling excited; feeling enthusiastic; feeling thrilled,neutral_centroid,neutral; ordinary; plain; average,fascinated,vocabulary,fascinated,7,0.48922982811927795,0.3504860997200012,False,False,False,0.5026494473218918,0.3126879516988993,0.0,0.9951712489128113,1.0
arctic_embed_l_v2,Snowflake/snowflake-arctic-embed-l-v2.0,,en,object,object,amusement,shuffled_emotion,excitement,centroid_phrases,feeling amused; feeling entertained; feeling playful,feeling excited; feeling enthusiastic; feeling thrilled,neutral_centroid,neutral; ordinary; plain; average,intrigued,vocabulary,intrigued,8,0.4861796200275421,0.3233790099620819,False,False,False,0.5026494473218918,0.3126879516988993,0.0,0.9951712489128113,1.0
arctic_embed_l_v2,Snowflake/snowflake-arctic-embed-l-v2.0,,en,object,object,amusement,shuffled_emotion,excitement,centroid_phrases,feeling amused; feeling entertained; feeling playful,feeling excited; feeling enthusiastic; feeling thrilled,neutral_centroid,neutral; ordinary; plain; average,delighted,vocabulary,delighted,9,0.48290783166885376,0.29880279302597046,False,False,False,0.5026494473218918,0.3126879516988993,0.0,0.9951712489128113,1.0
arctic_embed_l_v2,Snowflake/snowflake-arctic-embed-l-v2.0,,en,object,object,amusement,shuffled_emotion,excitement,centroid_phrases,feeling amused; feeling entertained; feeling playful,feeling excited; feeling enthusiastic; feeling thrilled,neutral_centroid,neutral; ordinary; plain; average,feeling,vocabulary,feeling,10,0.47932812571525574,0.5496654510498047,False,False,False,0.5026494473218918,0.3126879516988993,0.0,0.9951712489128113,1.0
arctic_embed_l_v2,Snowflake/snowflake-arctic-embed-l-v2.0,,en,object,object,excitement,emotion,excitement,centroid_phrases,feeling excited; feeling enthusiastic; feeling thrilled,feeling excited; feeling enthusiastic; feeling thrilled,neutral_centroid,neutral; ordinary; plain; average,objects,vocabulary,objects,1,0.5830256342887878,0.05475042387843132,False,False,False,0.5026494473218918,0.36838704757392404,0.0,0.9951712489128113,1.0
arctic_embed_l_v2,Snowflake/snowflake-arctic-embed-l-v2.0,,en,object,object,excitement,emotion,excitement,centroid_phrases,feeling excited; feeling enthusiastic; feeling thrilled,feeling excited; feeling enthusiastic; feeling thrilled,neutral_centroid,neutral; ordinary; plain; average,overjoyed,vocabulary,overjoyed,2,0.5094255208969116,0.41442710161209106,False,False,False,0.5026494473218918,0.36838704757392404,0.0,0.9951712489128113,1.0
arctic_embed_l_v2,Snowflake/snowflake-arctic-embed-l-v2.0,,en,object,object,excitement,emotion,excitement,centroid_phrases,feeling excited; feeling enthusiastic; feeling thrilled,feeling excited; feeling enthusiastic; feeling thrilled,neutral_centroid,neutral; ordinary; plain; average,excitedly,vocabulary,excitedly,3,0.5069097280502319,0.4680303931236267,False,False,False,0.5026494473218918,0.36838704757392404,0.0,0.9951712489128113,1.0
arctic_embed_l_v2,Snowflake/snowflake-arctic-embed-l-v2.0,,en,object,object,excitement,emotion,excitement,centroid_phrases,feeling excited; feeling enthusiastic; feeling thrilled,feeling excited; feeling enthusiastic; feeling thrilled,neutral_centroid,neutral; ordinary; plain; average,enthusiasm,vocabulary,enthusiasm,4,0.5006211996078491,0.385084331035614,False,False,False,0.5026494473218918,0.36838704757392404,0.0,0.9951712489128113,1.0
arctic_embed_l_v2,Snowflake/snowflake-arctic-embed-l-v2.0,,en,object,object,excitement,emotion,excitement,centroid_phrases,feeling excited; feeling enthusiastic; feeling thrilled,feeling excited; feeling enthusiastic; feeling thrilled,neutral_centroid,neutral; ordinary; plain; average,excitation,vocabulary,excitation,5,0.49459800124168396,0.37092989683151245,False,False,False,0.5026494473218918,0.36838704757392404,0.0,0.9951712489128113,1.0
arctic_embed_l_v2,Snowflake/snowflake-arctic-embed-l-v2.0,,en,object,object,excitement,emotion,excitement,centroid_phrases,feeling excited; feeling enthusiastic; feeling thrilled,feeling excited; feeling enthusiastic; feeling thrilled,neutral_centroid,neutral; ordinary; plain; average,embodying,vocabulary,embodying,6,0.4942689836025238,0.30368220806121826,False,False,False,0.5026494473218918,0.36838704757392404,0.0,0.9951712489128113,1.0
arctic_embed_l_v2,Snowflake/snowflake-arctic-embed-l-v2.0,,en,object,object,excitement,emotion,excitement,centroid_phrases,feeling excited; feeling enthusiastic; feeling thrilled,feeling excited; feeling enthusiastic; feeling thrilled,neutral_centroid,neutral; ordinary; plain; average,fascinated,vocabulary,fascinated,7,0.48922982811927795,0.37894314527511597,False,False,False,0.5026494473218918,0.36838704757392404,0.0,0.9951712489128113,1.0
arctic_embed_l_v2,Snowflake/snowflake-arctic-embed-l-v2.0,,en,object,object,excitement,emotion,excitement,centroid_phrases,feeling excited; feeling enthusiastic; feeling thrilled,feeling excited; feeling enthusiastic; feeling thrilled,neutral_centroid,neutral; ordinary; plain; average,intrigued,vocabulary,intrigued,8,0.4861796200275421,0.3617682456970215,False,False,False,0.5026494473218918,0.36838704757392404,0.0,0.9951712489128113,1.0
arctic_embed_l_v2,Snowflake/snowflake-arctic-embed-l-v2.0,,en,object,object,excitement,emotion,excitement,centroid_phrases,feeling excited; feeling enthusiastic; feeling thrilled,feeling excited; feeling enthusiastic; feeling thrilled,neutral_centroid,neutral; ordinary; plain; average,delighted,vocabulary,delighted,9,0.48290783166885376,0.37746286392211914,False,False,False,0.5026494473218918,0.36838704757392404,0.0,0.9951712489128113,1.0
arctic_embed_l_v2,Snowflake/snowflake-arctic-embed-l-v2.0,,en,object,object,excitement,emotion,excitement,centroid_phrases,feeling excited; feeling enthusiastic; feeling thrilled,feeling excited; feeling enthusiastic; feeling thrilled,neutral_centroid,neutral; ordinary; plain; average,feeling,vocabulary,feeling,10,0.47932812571525574,0.5687918663024902,False,False,False,0.5026494473218918,0.36838704757392404,0.0,0.9951712489128113,1.0
arctic_embed_l_v2,Snowflake/snowflake-arctic-embed-l-v2.0,,en,object,object,excitement,identity,excitement,centroid_phrases,feeling excited; feeling enthusiastic; feeling thrilled,feeling excited; feeling enthusiastic; feeling thrilled,neutral_centroid,neutral; ordinary; plain; average,objects,vocabulary,objects,1,0.8648344278335571,0.05475042387843132,False,False,False,0.6321749150753021,0.08677033204585313,0.0,0.0,1.0
arctic_embed_l_v2,Snowflake/snowflake-arctic-embed-l-v2.0,,en,object,object,excitement,identity,excitement,centroid_phrases,feeling excited; feeling enthusiastic; feeling thrilled,feeling excited; feeling enthusiastic; feeling thrilled,neutral_centroid,neutral; ordinary; plain; average,obj,vocabulary,obj,2,0.6921373009681702,0.017665380612015724,False,False,False,0.6321749150753021,0.08677033204585313,0.0,0.0,1.0
arctic_embed_l_v2,Snowflake/snowflake-arctic-embed-l-v2.0,,en,object,object,excitement,identity,excitement,centroid_phrases,feeling excited; feeling enthusiastic; feeling thrilled,feeling excited; feeling enthusiastic; feeling thrilled,neutral_centroid,neutral; ordinary; plain; average,objection,vocabulary,objection,3,0.6195494532585144,0.05862436071038246,False,False,False,0.6321749150753021,0.08677033204585313,0.0,0.0,1.0
arctic_embed_l_v2,Snowflake/snowflake-arctic-embed-l-v2.0,,en,object,object,excitement,identity,excitement,centroid_phrases,feeling excited; feeling enthusiastic; feeling thrilled,feeling excited; feeling enthusiastic; feeling thrilled,neutral_centroid,neutral; ordinary; plain; average,objectivity,vocabulary,objectivity,4,0.6126412153244019,0.06977396458387375,False,False,False,0.6321749150753021,0.08677033204585313,0.0,0.0,1.0
arctic_embed_l_v2,Snowflake/snowflake-arctic-embed-l-v2.0,,en,object,object,excitement,identity,excitement,centroid_phrases,feeling excited; feeling enthusiastic; feeling thrilled,feeling excited; feeling enthusiastic; feeling thrilled,neutral_centroid,neutral; ordinary; plain; average,objectification,vocabulary,objectification,5,0.5979549288749695,0.14984430372714996,False,False,False,0.6321749150753021,0.08677033204585313,0.0,0.0,1.0
arctic_embed_l_v2,Snowflake/snowflake-arctic-embed-l-v2.0,,en,object,object,excitement,identity,excitement,centroid_phrases,feeling excited; feeling enthusiastic; feeling thrilled,feeling excited; feeling enthusiastic; feeling thrilled,neutral_centroid,neutral; ordinary; plain; average,thing,vocabulary,thing,6,0.595016598701477,0.17988434433937073,False,False,False,0.6321749150753021,0.08677033204585313,0.0,0.0,1.0
arctic_embed_l_v2,Snowflake/snowflake-arctic-embed-l-v2.0,,en,object,object,excitement,identity,excitement,centroid_phrases,feeling excited; feeling enthusiastic; feeling thrilled,feeling excited; feeling enthusiastic; feeling thrilled,neutral_centroid,neutral; ordinary; plain; average,objecting,vocabulary,objecting,7,0.5918096303939819,0.16757017374038696,False,False,False,0.6321749150753021,0.08677033204585313,0.0,0.0,1.0
arctic_embed_l_v2,Snowflake/snowflake-arctic-embed-l-v2.0,,en,object,object,excitement,identity,excitement,centroid_phrases,feeling excited; feeling enthusiastic; feeling thrilled,feeling excited; feeling enthusiastic; feeling thrilled,neutral_centroid,neutral; ordinary; plain; average,person,vocabulary,person,8,0.5889228582382202,0.07772171497344971,False,False,False,0.6321749150753021,0.08677033204585313,0.0,0.0,1.0
arctic_embed_l_v2,Snowflake/snowflake-arctic-embed-l-v2.0,,en,object,object,excitement,identity,excitement,centroid_phrases,feeling excited; feeling enthusiastic; feeling thrilled,feeling excited; feeling enthusiastic; feeling thrilled,neutral_centroid,neutral; ordinary; plain; average,arrow,vocabulary,arrow,9,0.5819923877716064,0.03109755367040634,False,False,False,0.6321749150753021,0.08677033204585313,0.0,0.0,1.0
arctic_embed_l_v2,Snowflake/snowflake-arctic-embed-l-v2.0,,en,object,object,excitement,identity,excitement,centroid_phrases,feeling excited; feeling enthusiastic; feeling thrilled,feeling excited; feeling enthusiastic; feeling thrilled,neutral_centroid,neutral; ordinary; plain; average,item,vocabulary,item,10,0.5768903493881226,0.06077110022306442,False,False,False,0.6321749150753021,0.08677033204585313,0.0,0.0,1.0
arctic_embed_l_v2,Snowflake/snowflake-arctic-embed-l-v2.0,,en,object,object,excitement,random,excitement,centroid_phrases,feeling excited; feeling enthusiastic; feeling thrilled,feeling excited; feeling enthusiastic; feeling thrilled,neutral_centroid,neutral; ordinary; plain; average,objects,vocabulary,objects,1,0.6026305556297302,0.05475042387843132,False,False,False,0.45123078525066374,0.08431213442236185,0.0,1.0,1.0
arctic_embed_l_v2,Snowflake/snowflake-arctic-embed-l-v2.0,,en,object,object,excitement,random,excitement,centroid_phrases,feeling excited; feeling enthusiastic; feeling thrilled,feeling excited; feeling enthusiastic; feeling thrilled,neutral_centroid,neutral; ordinary; plain; average,obj,vocabulary,obj,2,0.4996267557144165,0.017665380612015724,False,False,False,0.45123078525066374,0.08431213442236185,0.0,1.0,1.0
arctic_embed_l_v2,Snowflake/snowflake-arctic-embed-l-v2.0,,en,object,object,excitement,random,excitement,centroid_phrases,feeling excited; feeling enthusiastic; feeling thrilled,feeling excited; feeling enthusiastic; feeling thrilled,neutral_centroid,neutral; ordinary; plain; average,objectivity,vocabulary,objectivity,3,0.44818568229675293,0.06977396458387375,False,False,False,0.45123078525066374,0.08431213442236185,0.0,1.0,1.0
arctic_embed_l_v2,Snowflake/snowflake-arctic-embed-l-v2.0,,en,object,object,excitement,random,excitement,centroid_phrases,feeling excited; feeling enthusiastic; feeling thrilled,feeling excited; feeling enthusiastic; feeling thrilled,neutral_centroid,neutral; ordinary; plain; average,objection,vocabulary,objection,4,0.4385411739349365,0.05862436071038246,False,False,False,0.45123078525066374,0.08431213442236185,0.0,1.0,1.0
arctic_embed_l_v2,Snowflake/snowflake-arctic-embed-l-v2.0,,en,object,object,excitement,random,excitement,centroid_phrases,feeling excited; feeling enthusiastic; feeling thrilled,feeling excited; feeling enthusiastic; feeling thrilled,neutral_centroid,neutral; ordinary; plain; average,objectification,vocabulary,objectification,5,0.43610507249832153,0.14984430372714996,False,False,False,0.45123078525066374,0.08431213442236185,0.0,1.0,1.0
arctic_embed_l_v2,Snowflake/snowflake-arctic-embed-l-v2.0,,en,object,object,excitement,random,excitement,centroid_phrases,feeling excited; feeling enthusiastic; feeling thrilled,feeling excited; feeling enthusiastic; feeling thrilled,neutral_centroid,neutral; ordinary; plain; average,person,vocabulary,person,6,0.42624199390411377,0.07772171497344971,False,False,False,0.45123078525066374,0.08431213442236185,0.0,1.0,1.0
arctic_embed_l_v2,Snowflake/snowflake-arctic-embed-l-v2.0,,en,object,object,excitement,random,excitement,centroid_phrases,feeling excited; feeling enthusiastic; feeling thrilled,feeling excited; feeling enthusiastic; feeling thrilled,neutral_centroid,neutral; ordinary; plain; average,objecting,vocabulary,objecting,7,0.42414045333862305,0.16757017374038696,False,False,False,0.45123078525066374,0.08431213442236185,0.0,1.0,1.0
arctic_embed_l_v2,Snowflake/snowflake-arctic-embed-l-v2.0,,en,object,object,excitement,random,excitement,centroid_phrases,feeling excited; feeling enthusiastic; feeling thrilled,feeling excited; feeling enthusiastic; feeling thrilled,neutral_centroid,neutral; ordinary; plain; average,objected,vocabulary,objected,8,0.4164644181728363,0.08732423186302185,False,False,False,0.45123078525066374,0.08431213442236185,0.0,1.0,1.0
arctic_embed_l_v2,Snowflake/snowflake-arctic-embed-l-v2.0,,en,object,object,excitement,random,excitement,centroid_phrases,feeling excited; feeling enthusiastic; feeling thrilled,feeling excited; feeling enthusiastic; feeling thrilled,neutral_centroid,neutral; ordinary; plain; average,item,vocabulary,item,9,0.41085582971572876,0.06077110022306442,False,False,False,0.45123078525066374,0.08431213442236185,0.0,1.0,1.0
arctic_embed_l_v2,Snowflake/snowflake-arctic-embed-l-v2.0,,en,object,object,excitement,random,excitement,centroid_phrases,feeling excited; feeling enthusiastic; feeling thrilled,feeling excited; feeling enthusiastic; feeling thrilled,neutral_centroid,neutral; ordinary; plain; average,attachment,vocabulary,attachment,10,0.409515917301178,0.09907568991184235,False,False,False,0.45123078525066374,0.08431213442236185,0.0,1.0,1.0
arctic_embed_l_v2,Snowflake/snowflake-arctic-embed-l-v2.0,,en,object,object,excitement,shuffled_emotion,love,centroid_phrases,feeling excited; feeling enthusiastic; feeling thrilled,feeling love; feeling affection; feeling tenderness,neutral_centroid,neutral; ordinary; plain; average,feeling,vocabulary,feeling,1,0.5311847925186157,0.5687918663024902,False,False,False,0.4536163479089737,0.34122115932404995,0.0,1.1414283514022827,1.0
arctic_embed_l_v2,Snowflake/snowflake-arctic-embed-l-v2.0,,en,object,object,excitement,shuffled_emotion,love,centroid_phrases,feeling excited; feeling enthusiastic; feeling thrilled,feeling love; feeling affection; feeling tenderness,neutral_centroid,neutral; ordinary; plain; average,feelings,vocabulary,feelings,2,0.5002745389938354,0.48708751797676086,False,False,False,0.4536163479089737,0.34122115932404995,0.0,1.1414283514022827,1.0
arctic_embed_l_v2,Snowflake/snowflake-arctic-embed-l-v2.0,,en,object,object,excitement,shuffled_emotion,love,centroid_phrases,feeling excited; feeling enthusiastic; feeling thrilled,feeling love; feeling affection; feeling tenderness,neutral_centroid,neutral; ordinary; plain; average,objects,vocabulary,objects,3,0.48574361205101013,0.05475042387843132,False,False,False,0.4536163479089737,0.34122115932404995,0.0,1.1414283514022827,1.0
arctic_embed_l_v2,Snowflake/snowflake-arctic-embed-l-v2.0,,en,object,object,excitement,shuffled_emotion,love,centroid_phrases,feeling excited; feeling enthusiastic; feeling thrilled,feeling love; feeling affection; feeling tenderness,neutral_centroid,neutral; ordinary; plain; average,tenderness,vocabulary,tenderness,4,0.45201629400253296,0.29669326543807983,False,False,False,0.4536163479089737,0.34122115932404995,0.0,1.1414283514022827,1.0
arctic_embed_l_v2,Snowflake/snowflake-arctic-embed-l-v2.0,,en,object,object,excitement,shuffled_emotion,love,centroid_phrases,feeling excited; feeling enthusiastic; feeling thrilled,feeling love; feeling affection; feeling tenderness,neutral_centroid,neutral; ordinary; plain; average,affection,vocabulary,affection,5,0.4441686272621155,0.1987532526254654,False,False,False,0.4536163479089737,0.34122115932404995,0.0,1.1414283514022827,1.0
arctic_embed_l_v2,Snowflake/snowflake-arctic-embed-l-v2.0,,en,object,object,excitement,shuffled_emotion,love,centroid_phrases,feeling excited; feeling enthusiastic; feeling thrilled,feeling love; feeling affection; feeling tenderness,neutral_centroid,neutral; ordinary; plain; average,loving,vocabulary,loving,6,0.43166571855545044,0.35891178250312805,False,False,False,0.4536163479089737,0.34122115932404995,0.0,1.1414283514022827,1.0
arctic_embed_l_v2,Snowflake/snowflake-arctic-embed-l-v2.0,,en,object,object,excitement,shuffled_emotion,love,centroid_phrases,feeling excited; feeling enthusiastic; feeling thrilled,feeling love; feeling affection; feeling tenderness,neutral_centroid,neutral; ordinary; plain; average,feel,vocabulary,feel,7,0.42936527729034424,0.46373772621154785,False,False,False,0.4536163479089737,0.34122115932404995,0.0,1.1414283514022827,1.0
arctic_embed_l_v2,Snowflake/snowflake-arctic-embed-l-v2.0,,en,object,object,excitement,shuffled_emotion,love,centroid_phrases,feeling excited; feeling enthusiastic; feeling thrilled,feeling love; feeling affection; feeling tenderness,neutral_centroid,neutral; ordinary; plain; average,sensations,vocabulary,sensations,8,0.42239680886268616,0.32951706647872925,False,False,False,0.4536163479089737,0.34122115932404995,0.0,1.1414283514022827,1.0
arctic_embed_l_v2,Snowflake/snowflake-arctic-embed-l-v2.0,,en,object,object,excitement,shuffled_emotion,love,centroid_phrases,feeling excited; feeling enthusiastic; feeling thrilled,feeling love; feeling affection; feeling tenderness,neutral_centroid,neutral; ordinary; plain; average,embodying,vocabulary,embodying,9,0.4214779734611511,0.30368220806121826,False,False,False,0.4536163479089737,0.34122115932404995,0.0,1.1414283514022827,1.0
arctic_embed_l_v2,Snowflake/snowflake-arctic-embed-l-v2.0,,en,object,object,excitement,shuffled_emotion,love,centroid_phrases,feeling excited; feeling enthusiastic; feeling thrilled,feeling love; feeling affection; feeling tenderness,neutral_centroid,neutral; ordinary; plain; average,emotion,vocabulary,emotion,10,0.41786983609199524,0.35028648376464844,False,False,False,0.4536163479089737,0.34122115932404995,0.0,1.1414283514022827,1.0
arctic_embed_l_v2,Snowflake/snowflake-arctic-embed-l-v2.0,,en,object,object,love,emotion,love,centroid_phrases,feeling love; feeling affection; feeling tenderness,feeling love; feeling affection; feeling tenderness,neutral_centroid,neutral; ordinary; plain; average,feeling,vocabulary,feeling,1,0.5311847925186157,0.6327657699584961,False,False,False,0.4536163479089737,0.39872044809162616,0.0,1.1414283514022827,1.0
arctic_embed_l_v2,Snowflake/snowflake-arctic-embed-l-v2.0,,en,object,object,love,emotion,love,centroid_phrases,feeling love; feeling affection; feeling tenderness,feeling love; feeling affection; feeling tenderness,neutral_centroid,neutral; ordinary; plain; average,feelings,vocabulary,feelings,2,0.5002745389938354,0.5656193494796753,False,False,False,0.4536163479089737,0.39872044809162616,0.0,1.1414283514022827,1.0
arctic_embed_l_v2,Snowflake/snowflake-arctic-embed-l-v2.0,,en,object,object,love,emotion,love,centroid_phrases,feeling love; feeling affection; feeling tenderness,feeling love; feeling affection; feeling tenderness,neutral_centroid,neutral; ordinary; plain; average,objects,vocabulary,objects,3,0.48574361205101013,0.013461191207170486,False,False,False,0.4536163479089737,0.39872044809162616,0.0,1.1414283514022827,1.0
arctic_embed_l_v2,Snowflake/snowflake-arctic-embed-l-v2.0,,en,object,object,love,emotion,love,centroid_phrases,feeling love; feeling affection; feeling tenderness,feeling love; feeling affection; feeling tenderness,neutral_centroid,neutral; ordinary; plain; average,tenderness,vocabulary,tenderness,4,0.45201629400253296,0.45542672276496887,False,False,False,0.4536163479089737,0.39872044809162616,0.0,1.1414283514022827,1.0
arctic_embed_l_v2,Snowflake/snowflake-arctic-embed-l-v2.0,,en,object,object,love,emotion,love,centroid_phrases,feeling love; feeling affection; feeling tenderness,feeling love; feeling affection; feeling tenderness,neutral_centroid,neutral; ordinary; plain; average,affection,vocabulary,affection,5,0.4441686272621155,0.2931113541126251,False,False,False,0.4536163479089737,0.39872044809162616,0.0,1.1414283514022827,1.0
arctic_embed_l_v2,Snowflake/snowflake-arctic-embed-l-v2.0,,en,object,object,love,emotion,love,centroid_phrases,feeling love; feeling affection; feeling tenderness,feeling love; feeling affection; feeling tenderness,neutral_centroid,neutral; ordinary; plain; average,loving,vocabulary,loving,6,0.43166571855545044,0.5013333559036255,False,False,False,0.4536163479089737,0.39872044809162616,0.0,1.1414283514022827,1.0
arctic_embed_l_v2,Snowflake/snowflake-arctic-embed-l-v2.0,,en,object,object,love,emotion,love,centroid_phrases,feeling love; feeling affection; feeling tenderness,feeling love; feeling affection; feeling tenderness,neutral_centroid,neutral; ordinary; plain; average,feel,vocabulary,feel,7,0.42936527729034424,0.5050504803657532,False,False,False,0.4536163479089737,0.39872044809162616,0.0,1.1414283514022827,1.0
arctic_embed_l_v2,Snowflake/snowflake-arctic-embed-l-v2.0,,en,object,object,love,emotion,love,centroid_phrases,feeling love; feeling affection; feeling tenderness,feeling love; feeling affection; feeling tenderness,neutral_centroid,neutral; ordinary; plain; average,sensations,vocabulary,sensations,8,0.42239680886268616,0.35874050855636597,False,False,False,0.4536163479089737,0.39872044809162616,0.0,1.1414283514022827,1.0
arctic_embed_l_v2,Snowflake/snowflake-arctic-embed-l-v2.0,,en,object,object,love,emotion,love,centroid_phrases,feeling love; feeling affection; feeling tenderness,feeling love; feeling affection; feeling tenderness,neutral_centroid,neutral; ordinary; plain; average,embodying,vocabulary,embodying,9,0.4214779734611511,0.2533312439918518,False,False,False,0.4536163479089737,0.39872044809162616,0.0,1.1414283514022827,1.0
arctic_embed_l_v2,Snowflake/snowflake-arctic-embed-l-v2.0,,en,object,object,love,emotion,love,centroid_phrases,feeling love; feeling affection; feeling tenderness,feeling love; feeling affection; feeling tenderness,neutral_centroid,neutral; ordinary; plain; average,emotion,vocabulary,emotion,10,0.41786983609199524,0.40836450457572937,False,False,False,0.4536163479089737,0.39872044809162616,0.0,1.1414283514022827,1.0
arctic_embed_l_v2,Snowflake/snowflake-arctic-embed-l-v2.0,,en,object,object,love,identity,love,centroid_phrases,feeling love; feeling affection; feeling tenderness,feeling love; feeling affection; feeling tenderness,neutral_centroid,neutral; ordinary; plain; average,objects,vocabulary,objects,1,0.8648344278335571,0.013461191207170486,False,False,False,0.6321749150753021,0.04389938041567802,0.0,0.0,1.0
arctic_embed_l_v2,Snowflake/snowflake-arctic-embed-l-v2.0,,en,object,object,love,identity,love,centroid_phrases,feeling love; feeling affection; feeling tenderness,feeling love; feeling affection; feeling tenderness,neutral_centroid,neutral; ordinary; plain; average,obj,vocabulary,obj,2,0.6921373009681702,0.012220066040754318,False,False,False,0.6321749150753021,0.04389938041567802,0.0,0.0,1.0
arctic_embed_l_v2,Snowflake/snowflake-arctic-embed-l-v2.0,,en,object,object,love,identity,love,centroid_phrases,feeling love; feeling affection; feeling tenderness,feeling love; feeling affection; feeling tenderness,neutral_centroid,neutral; ordinary; plain; average,objection,vocabulary,objection,3,0.6195494532585144,0.019411981105804443,False,False,False,0.6321749150753021,0.04389938041567802,0.0,0.0,1.0
arctic_embed_l_v2,Snowflake/snowflake-arctic-embed-l-v2.0,,en,object,object,love,identity,love,centroid_phrases,feeling love; feeling affection; feeling tenderness,feeling love; feeling affection; feeling tenderness,neutral_centroid,neutral; ordinary; plain; average,objectivity,vocabulary,objectivity,4,0.6126412153244019,0.022687211632728577,False,False,False,0.6321749150753021,0.04389938041567802,0.0,0.0,1.0
arctic_embed_l_v2,Snowflake/snowflake-arctic-embed-l-v2.0,,en,object,object,love,identity,love,centroid_phrases,feeling love; feeling affection; feeling tenderness,feeling love; feeling affection; feeling tenderness,neutral_centroid,neutral; ordinary; plain; average,objectification,vocabulary,objectification,5,0.5979549288749695,0.14803378283977509,False,False,False,0.6321749150753021,0.04389938041567802,0.0,0.0,1.0
arctic_embed_l_v2,Snowflake/snowflake-arctic-embed-l-v2.0,,en,object,object,love,identity,love,centroid_phrases,feeling love; feeling affection; feeling tenderness,feeling love; feeling affection; feeling tenderness,neutral_centroid,neutral; ordinary; plain; average,thing,vocabulary,thing,6,0.595016598701477,0.12928897142410278,False,False,False,0.6321749150753021,0.04389938041567802,0.0,0.0,1.0
arctic_embed_l_v2,Snowflake/snowflake-arctic-embed-l-v2.0,,en,object,object,love,identity,love,centroid_phrases,feeling love; feeling affection; feeling tenderness,feeling love; feeling affection; feeling tenderness,neutral_centroid,neutral; ordinary; plain; average,objecting,vocabulary,objecting,7,0.5918096303939819,0.10872703790664673,False,False,False,0.6321749150753021,0.04389938041567802,0.0,0.0,1.0
arctic_embed_l_v2,Snowflake/snowflake-arctic-embed-l-v2.0,,en,object,object,love,identity,love,centroid_phrases,feeling love; feeling affection; feeling tenderness,feeling love; feeling affection; feeling tenderness,neutral_centroid,neutral; ordinary; plain; average,person,vocabulary,person,8,0.5889228582382202,0.03511993959546089,False,False,False,0.6321749150753021,0.04389938041567802,0.0,0.0,1.0
arctic_embed_l_v2,Snowflake/snowflake-arctic-embed-l-v2.0,,en,object,object,love,identity,love,centroid_phrases,feeling love; feeling affection; feeling tenderness,feeling love; feeling affection; feeling tenderness,neutral_centroid,neutral; ordinary; plain; average,arrow,vocabulary,arrow,9,0.5819923877716064,-0.06478376686573029,False,False,False,0.6321749150753021,0.04389938041567802,0.0,0.0,1.0
arctic_embed_l_v2,Snowflake/snowflake-arctic-embed-l-v2.0,,en,object,object,love,identity,love,centroid_phrases,feeling love; feeling affection; feeling tenderness,feeling love; feeling affection; feeling tenderness,neutral_centroid,neutral; ordinary; plain; average,item,vocabulary,item,10,0.5768903493881226,0.014827389270067215,False,False,False,0.6321749150753021,0.04389938041567802,0.0,0.0,1.0
arctic_embed_l_v2,Snowflake/snowflake-arctic-embed-l-v2.0,,en,object,object,love,random,love,centroid_phrases,feeling love; feeling affection; feeling tenderness,feeling love; feeling affection; feeling tenderness,neutral_centroid,neutral; ordinary; plain; average,objects,vocabulary,objects,1,0.6077302694320679,0.013461191207170486,False,False,False,0.4343833714723587,0.02739308513700962,0.0,1.0,1.0
arctic_embed_l_v2,Snowflake/snowflake-arctic-embed-l-v2.0,,en,object,object,love,random,love,centroid_phrases,feeling love; feeling affection; feeling tenderness,feeling love; feeling affection; feeling tenderness,neutral_centroid,neutral; ordinary; plain; average,obj,vocabulary,obj,2,0.4762894809246063,0.012220066040754318,False,False,False,0.4343833714723587,0.02739308513700962,0.0,1.0,1.0
arctic_embed_l_v2,Snowflake/snowflake-arctic-embed-l-v2.0,,en,object,object,love,random,love,centroid_phrases,feeling love; feeling affection; feeling tenderness,feeling love; feeling affection; feeling tenderness,neutral_centroid,neutral; ordinary; plain; average,objection,vocabulary,objection,3,0.43156924843788147,0.019411981105804443,False,False,False,0.4343833714723587,0.02739308513700962,0.0,1.0,1.0
arctic_embed_l_v2,Snowflake/snowflake-arctic-embed-l-v2.0,,en,object,object,love,random,love,centroid_phrases,feeling love; feeling affection; feeling tenderness,feeling love; feeling affection; feeling tenderness,neutral_centroid,neutral; ordinary; plain; average,objectivity,vocabulary,objectivity,4,0.4247731566429138,0.022687211632728577,False,False,False,0.4343833714723587,0.02739308513700962,0.0,1.0,1.0
arctic_embed_l_v2,Snowflake/snowflake-arctic-embed-l-v2.0,,en,object,object,love,random,love,centroid_phrases,feeling love; feeling affection; feeling tenderness,feeling love; feeling affection; feeling tenderness,neutral_centroid,neutral; ordinary; plain; average,objecting,vocabulary,objecting,5,0.41236403584480286,0.10872703790664673,False,False,False,0.4343833714723587,0.02739308513700962,0.0,1.0,1.0
arctic_embed_l_v2,Snowflake/snowflake-arctic-embed-l-v2.0,,en,object,object,love,random,love,centroid_phrases,feeling love; feeling affection; feeling tenderness,feeling love; feeling affection; feeling tenderness,neutral_centroid,neutral; ordinary; plain; average,person,vocabulary,person,6,0.4004144072532654,0.03511993959546089,False,False,False,0.4343833714723587,0.02739308513700962,0.0,1.0,1.0
arctic_embed_l_v2,Snowflake/snowflake-arctic-embed-l-v2.0,,en,object,object,love,random,love,centroid_phrases,feeling love; feeling affection; feeling tenderness,feeling love; feeling affection; feeling tenderness,neutral_centroid,neutral; ordinary; plain; average,thing,vocabulary,thing,7,0.399863600730896,0.12928897142410278,False,False,False,0.4343833714723587,0.02739308513700962,0.0,1.0,1.0
arctic_embed_l_v2,Snowflake/snowflake-arctic-embed-l-v2.0,,en,object,object,love,random,love,centroid_phrases,feeling love; feeling affection; feeling tenderness,feeling love; feeling affection; feeling tenderness,neutral_centroid,neutral; ordinary; plain; average,arrow,vocabulary,arrow,8,0.39942097663879395,-0.06478376686573029,False,False,False,0.4343833714723587,0.02739308513700962,0.0,1.0,1.0
arctic_embed_l_v2,Snowflake/snowflake-arctic-embed-l-v2.0,,en,object,object,love,random,love,centroid_phrases,feeling love; feeling affection; feeling tenderness,feeling love; feeling affection; feeling tenderness,neutral_centroid,neutral; ordinary; plain; average,sphere,vocabulary,sphere,9,0.3964257836341858,-0.01597398892045021,False,False,False,0.4343833714723587,0.02739308513700962,0.0,1.0,1.0
arctic_embed_l_v2,Snowflake/snowflake-arctic-embed-l-v2.0,,en,object,object,love,random,love,centroid_phrases,feeling love; feeling affection; feeling tenderness,feeling love; feeling affection; feeling tenderness,neutral_centroid,neutral; ordinary; plain; average,projectile,vocabulary,projectile,10,0.3949827551841736,0.013772208243608475,False,False,False,0.4343833714723587,0.02739308513700962,0.0,1.0,1.0
arctic_embed_l_v2,Snowflake/snowflake-arctic-embed-l-v2.0,,en,object,object,love,shuffled_emotion,positive,centroid_phrases,feeling love; feeling affection; feeling tenderness,feeling positive; feeling pleasant; feeling good,neutral_centroid,neutral; ordinary; plain; average,feeling,vocabulary,feeling,1,0.5401499271392822,0.6327657699584961,False,False,False,0.4537047117948532,0.33609700240194795,0.0,1.0207152366638184,1.0
arctic_embed_l_v2,Snowflake/snowflake-arctic-embed-l-v2.0,,en,object,object,love,shuffled_emotion,positive,centroid_phrases,feeling love; feeling affection; feeling tenderness,feeling positive; feeling pleasant; feeling good,neutral_centroid,neutral; ordinary; plain; average,objects,vocabulary,objects,2,0.5386908054351807,0.013461191207170486,False,False,False,0.4537047117948532,0.33609700240194795,0.0,1.0207152366638184,1.0
arctic_embed_l_v2,Snowflake/snowflake-arctic-embed-l-v2.0,,en,object,object,love,shuffled_emotion,positive,centroid_phrases,feeling love; feeling affection; feeling tenderness,feeling positive; feeling pleasant; feeling good,neutral_centroid,neutral; ordinary; plain; average,feelings,vocabulary,feelings,3,0.46987107396125793,0.5656193494796753,False,False,False,0.4537047117948532,0.33609700240194795,0.0,1.0207152366638184,1.0
arctic_embed_l_v2,Snowflake/snowflake-arctic-embed-l-v2.0,,en,object,object,love,shuffled_emotion,positive,centroid_phrases,feeling love; feeling affection; feeling tenderness,feeling positive; feeling pleasant; feeling good,neutral_centroid,neutral; ordinary; plain; average,thing,vocabulary,thing,4,0.43772047758102417,0.12928897142410278,False,False,False,0.4537047117948532,0.33609700240194795,0.0,1.0207152366638184,1.0
arctic_embed_l_v2,Snowflake/snowflake-arctic-embed-l-v2.0,,en,object,object,love,shuffled_emotion,positive,centroid_phrases,feeling love; feeling affection; feeling tenderness,feeling positive; feeling pleasant; feeling good,neutral_centroid,neutral; ordinary; plain; average,feel,vocabulary,feel,5,0.43204155564308167,0.5050504803657532,False,False,False,0.4537047117948532,0.33609700240194795,0.0,1.0207152366638184,1.0
arctic_embed_l_v2,Snowflake/snowflake-arctic-embed-l-v2.0,,en,object,object,love,shuffled_emotion,positive,centroid_phrases,feeling love; feeling affection; feeling tenderness,feeling positive; feeling pleasant; feeling good,neutral_centroid,neutral; ordinary; plain; average,embodying,vocabulary,embodying,6,0.43163082003593445,0.2533312439918518,False,False,False,0.4537047117948532,0.33609700240194795,0.0,1.0207152366638184,1.0
arctic_embed_l_v2,Snowflake/snowflake-arctic-embed-l-v2.0,,en,object,object,love,shuffled_emotion,positive,centroid_phrases,feeling love; feeling affection; feeling tenderness,feeling positive; feeling pleasant; feeling good,neutral_centroid,neutral; ordinary; plain; average,feels,vocabulary,feels,7,0.4246326684951782,0.3694932758808136,False,False,False,0.4537047117948532,0.33609700240194795,0.0,1.0207152366638184,1.0
arctic_embed_l_v2,Snowflake/snowflake-arctic-embed-l-v2.0,,en,object,object,love,shuffled_emotion,positive,centroid_phrases,feeling love; feeling affection; feeling tenderness,feeling positive; feeling pleasant; feeling good,neutral_centroid,neutral; ordinary; plain; average,perceiving,vocabulary,perceiving,8,0.42435747385025024,0.23421768844127655,False,False,False,0.4537047117948532,0.33609700240194795,0.0,1.0207152366638184,1.0
arctic_embed_l_v2,Snowflake/snowflake-arctic-embed-l-v2.0,,en,object,object,love,shuffled_emotion,positive,centroid_phrases,feeling love; feeling affection; feeling tenderness,feeling positive; feeling pleasant; feeling good,neutral_centroid,neutral; ordinary; plain; average,sensations,vocabulary,sensations,9,0.42018455266952515,0.35874050855636597,False,False,False,0.4537047117948532,0.33609700240194795,0.0,1.0207152366638184,1.0
arctic_embed_l_v2,Snowflake/snowflake-arctic-embed-l-v2.0,,en,object,object,love,shuffled_emotion,positive,centroid_phrases,feeling love; feeling affection; feeling tenderness,feeling positive; feeling pleasant; feeling good,neutral_centroid,neutral; ordinary; plain; average,vibrating,vocabulary,vibrating,10,0.4177677631378174,0.299001544713974,False,False,False,0.4537047117948532,0.33609700240194795,0.0,1.0207152366638184,1.0
arctic_embed_l_v2,Snowflake/snowflake-arctic-embed-l-v2.0,,en,object,object,positive,emotion,positive,centroid_phrases,feeling positive; feeling pleasant; feeling good,feeling positive; feeling pleasant; feeling good,neutral_centroid,neutral; ordinary; plain; average,feeling,vocabulary,feeling,1,0.5401499271392822,0.6716817617416382,False,False,False,0.4537047117948532,0.36803018413484095,0.0,1.0207152366638184,1.0
arctic_embed_l_v2,Snowflake/snowflake-arctic-embed-l-v2.0,,en,object,object,positive,emotion,positive,centroid_phrases,feeling positive; feeling pleasant; feeling good,feeling positive; feeling pleasant; feeling good,neutral_centroid,neutral; ordinary; plain; average,objects,vocabulary,objects,2,0.5386908054351807,0.03823375329375267,False,False,False,0.4537047117948532,0.36803018413484095,0.0,1.0207152366638184,1.0
arctic_embed_l_v2,Snowflake/snowflake-arctic-embed-l-v2.0,,en,object,object,positive,emotion,positive,centroid_phrases,feeling positive; feeling pleasant; feeling good,feeling positive; feeling pleasant; feeling good,neutral_centroid,neutral; ordinary; plain; average,feelings,vocabulary,feelings,3,0.46987107396125793,0.5510752201080322,False,False,False,0.4537047117948532,0.36803018413484095,0.0,1.0207152366638184,1.0
arctic_embed_l_v2,Snowflake/snowflake-arctic-embed-l-v2.0,,en,object,object,positive,emotion,positive,centroid_phrases,feeling positive; feeling pleasant; feeling good,feeling positive; feeling pleasant; feeling good,neutral_centroid,neutral; ordinary; plain; average,thing,vocabulary,thing,4,0.43772047758102417,0.17765852808952332,False,False,False,0.4537047117948532,0.36803018413484095,0.0,1.0207152366638184,1.0
arctic_embed_l_v2,Snowflake/snowflake-arctic-embed-l-v2.0,,en,object,object,positive,emotion,positive,centroid_phrases,feeling positive; feeling pleasant; feeling good,feeling positive; feeling pleasant; feeling good,neutral_centroid,neutral; ordinary; plain; average,feel,vocabulary,feel,5,0.43204155564308167,0.5315781831741333,False,False,False,0.4537047117948532,0.36803018413484095,0.0,1.0207152366638184,1.0
arctic_embed_l_v2,Snowflake/snowflake-arctic-embed-l-v2.0,,en,object,object,positive,emotion,positive,centroid_phrases,feeling positive; feeling pleasant; feeling good,feeling positive; feeling pleasant; feeling good,neutral_centroid,neutral; ordinary; plain; average,embodying,vocabulary,embodying,6,0.43163082003593445,0.26015275716781616,False,False,False,0.4537047117948532,0.36803018413484095,0.0,1.0207152366638184,1.0
arctic_embed_l_v2,Snowflake/snowflake-arctic-embed-l-v2.0,,en,object,object,positive,emotion,positive,centroid_phrases,feeling positive; feeling pleasant; feeling good,feeling positive; feeling pleasant; feeling good,neutral_centroid,neutral; ordinary; plain; average,feels,vocabulary,feels,7,0.4246326684951782,0.4064655601978302,False,False,False,0.4537047117948532,0.36803018413484095,0.0,1.0207152366638184,1.0
arctic_embed_l_v2,Snowflake/snowflake-arctic-embed-l-v2.0,,en,object,object,positive,emotion,positive,centroid_phrases,feeling positive; feeling pleasant; feeling good,feeling positive; feeling pleasant; feeling good,neutral_centroid,neutral; ordinary; plain; average,perceiving,vocabulary,perceiving,8,0.42435747385025024,0.3123179078102112,False,False,False,0.4537047117948532,0.36803018413484095,0.0,1.0207152366638184,1.0
arctic_embed_l_v2,Snowflake/snowflake-arctic-embed-l-v2.0,,en,object,object,positive,emotion,positive,centroid_phrases,feeling positive; feeling pleasant; feeling good,feeling positive; feeling pleasant; feeling good,neutral_centroid,neutral; ordinary; plain; average,sensations,vocabulary,sensations,9,0.42018455266952515,0.36263567209243774,False,False,False,0.4537047117948532,0.36803018413484095,0.0,1.0207152366638184,1.0
arctic_embed_l_v2,Snowflake/snowflake-arctic-embed-l-v2.0,,en,object,object,positive,emotion,positive,centroid_phrases,feeling positive; feeling pleasant; feeling good,feeling positive; feeling pleasant; feeling good,neutral_centroid,neutral; ordinary; plain; average,vibrating,vocabulary,vibrating,10,0.4177677631378174,0.36850249767303467,False,False,False,0.4537047117948532,0.36803018413484095,0.0,1.0207152366638184,1.0
arctic_embed_l_v2,Snowflake/snowflake-arctic-embed-l-v2.0,,en,object,object,positive,identity,positive,centroid_phrases,feeling positive; feeling pleasant; feeling good,feeling positive; feeling pleasant; feeling good,neutral_centroid,neutral; ordinary; plain; average,objects,vocabulary,objects,1,0.8648344278335571,0.03823375329375267,False,False,False,0.6321749150753021,0.06830013543367386,0.0,0.0,1.0
arctic_embed_l_v2,Snowflake/snowflake-arctic-embed-l-v2.0,,en,object,object,positive,identity,positive,centroid_phrases,feeling positive; feeling pleasant; feeling good,feeling positive; feeling pleasant; feeling good,neutral_centroid,neutral; ordinary; plain; average,obj,vocabulary,obj,2,0.6921373009681702,0.018755359575152397,False,False,False,0.6321749150753021,0.06830013543367386,0.0,0.0,1.0
arctic_embed_l_v2,Snowflake/snowflake-arctic-embed-l-v2.0,,en,object,object,positive,identity,positive,centroid_phrases,feeling positive; feeling pleasant; feeling good,feeling positive; feeling pleasant; feeling good,neutral_centroid,neutral; ordinary; plain; average,objection,vocabulary,objection,3,0.6195494532585144,0.016207976266741753,False,False,False,0.6321749150753021,0.06830013543367386,0.0,0.0,1.0
arctic_embed_l_v2,Snowflake/snowflake-arctic-embed-l-v2.0,,en,object,object,positive,identity,positive,centroid_phrases,feeling positive; feeling pleasant; feeling good,feeling positive; feeling pleasant; feeling good,neutral_centroid,neutral; ordinary; plain; average,objectivity,vocabulary,objectivity,4,0.6126412153244019,0.0607786551117897,False,False,False,0.6321749150753021,0.06830013543367386,0.0,0.0,1.0
arctic_embed_l_v2,Snowflake/snowflake-arctic-embed-l-v2.0,,en,object,object,positive,identity,positive,centroid_phrases,feeling positive; feeling pleasant; feeling good,feeling positive; feeling pleasant; feeling good,neutral_centroid,neutral; ordinary; plain; average,objectification,vocabulary,objectification,5,0.5979549288749695,0.13362829387187958,False,False,False,0.6321749150753021,0.06830013543367386,0.0,0.0,1.0
arctic_embed_l_v2,Snowflake/snowflake-arctic-embed-l-v2.0,,en,object,object,positive,identity,positive,centroid_phrases,feeling positive; feeling pleasant; feeling good,feeling positive; feeling pleasant; feeling good,neutral_centroid,neutral; ordinary; plain; average,thing,vocabulary,thing,6,0.595016598701477,0.17765852808952332,False,False,False,0.6321749150753021,0.06830013543367386,0.0,0.0,1.0
arctic_embed_l_v2,Snowflake/snowflake-arctic-embed-l-v2.0,,en,object,object,positive,identity,positive,centroid_phrases,feeling positive; feeling pleasant; feeling good,feeling positive; feeling pleasant; feeling good,neutral_centroid,neutral; ordinary; plain; average,objecting,vocabulary,objecting,7,0.5918096303939819,0.14490413665771484,False,False,False,0.6321749150753021,0.06830013543367386,0.0,0.0,1.0
arctic_embed_l_v2,Snowflake/snowflake-arctic-embed-l-v2.0,,en,object,object,positive,identity,positive,centroid_phrases,feeling positive; feeling pleasant; feeling good,feeling positive; feeling pleasant; feeling good,neutral_centroid,neutral; ordinary; plain; average,person,vocabulary,person,8,0.5889228582382202,0.08633363246917725,False,False,False,0.6321749150753021,0.06830013543367386,0.0,0.0,1.0
arctic_embed_l_v2,Snowflake/snowflake-arctic-embed-l-v2.0,,en,object,object,positive,identity,positive,centroid_phrases,feeling positive; feeling pleasant; feeling good,feeling positive; feeling pleasant; feeling good,neutral_centroid,neutral; ordinary; plain; average,arrow,vocabulary,arrow,9,0.5819923877716064,-0.035818397998809814,False,False,False,0.6321749150753021,0.06830013543367386,0.0,0.0,1.0
arctic_embed_l_v2,Snowflake/snowflake-arctic-embed-l-v2.0,,en,object,object,positive,identity,positive,centroid_phrases,feeling positive; feeling pleasant; feeling good,feeling positive; feeling pleasant; feeling good,neutral_centroid,neutral; ordinary; plain; average,item,vocabulary,item,10,0.5768903493881226,0.042319416999816895,False,False,False,0.6321749150753021,0.06830013543367386,0.0,0.0,1.0
arctic_embed_l_v2,Snowflake/snowflake-arctic-embed-l-v2.0,,en,object,object,positive,random,positive,centroid_phrases,feeling positive; feeling pleasant; feeling good,feeling positive; feeling pleasant; feeling good,neutral_centroid,neutral; ordinary; plain; average,objects,vocabulary,objects,1,0.6293685436248779,0.03823375329375267,False,False,False,0.4520634710788727,0.085366490483284,0.0,1.0000001192092896,1.0
arctic_embed_l_v2,Snowflake/snowflake-arctic-embed-l-v2.0,,en,object,object,positive,random,positive,centroid_phrases,feeling positive; feeling pleasant; feeling good,feeling positive; feeling pleasant; feeling good,neutral_centroid,neutral; ordinary; plain; average,obj,vocabulary,obj,2,0.4913610517978668,0.018755359575152397,False,False,False,0.4520634710788727,0.085366490483284,0.0,1.0000001192092896,1.0
arctic_embed_l_v2,Snowflake/snowflake-arctic-embed-l-v2.0,,en,object,object,positive,random,positive,centroid_phrases,feeling positive; feeling pleasant; feeling good,feeling positive; feeling pleasant; feeling good,neutral_centroid,neutral; ordinary; plain; average,thing,vocabulary,thing,3,0.4452553689479828,0.17765852808952332,False,False,False,0.4520634710788727,0.085366490483284,0.0,1.0000001192092896,1.0
arctic_embed_l_v2,Snowflake/snowflake-arctic-embed-l-v2.0,,en,object,object,positive,random,positive,centroid_phrases,feeling positive; feeling pleasant; feeling good,feeling positive; feeling pleasant; feeling good,neutral_centroid,neutral; ordinary; plain; average,objectivity,vocabulary,objectivity,4,0.43334871530532837,0.0607786551117897,False,False,False,0.4520634710788727,0.085366490483284,0.0,1.0000001192092896,1.0
arctic_embed_l_v2,Snowflake/snowflake-arctic-embed-l-v2.0,,en,object,object,positive,random,positive,centroid_phrases,feeling positive; feeling pleasant; feeling good,feeling positive; feeling pleasant; feeling good,neutral_centroid,neutral; ordinary; plain; average,thingy,vocabulary,thingy,5,0.4291178584098816,0.13484515249729156,False,False,False,0.4520634710788727,0.085366490483284,0.0,1.0000001192092896,1.0
arctic_embed_l_v2,Snowflake/snowflake-arctic-embed-l-v2.0,,en,object,object,positive,random,positive,centroid_phrases,feeling positive; feeling pleasant; feeling good,feeling positive; feeling pleasant; feeling good,neutral_centroid,neutral; ordinary; plain; average,objectification,vocabulary,objectification,6,0.42415863275527954,0.13362829387187958,False,False,False,0.4520634710788727,0.085366490483284,0.0,1.0000001192092896,1.0
arctic_embed_l_v2,Snowflake/snowflake-arctic-embed-l-v2.0,,en,object,object,positive,random,positive,centroid_phrases,feeling positive; feeling pleasant; feeling good,feeling positive; feeling pleasant; feeling good,neutral_centroid,neutral; ordinary; plain; average,item,vocabulary,item,7,0.4225592613220215,0.042319416999816895,False,False,False,0.4520634710788727,0.085366490483284,0.0,1.0000001192092896,1.0
arctic_embed_l_v2,Snowflake/snowflake-arctic-embed-l-v2.0,,en,object,object,positive,random,positive,centroid_phrases,feeling positive; feeling pleasant; feeling good,feeling positive; feeling pleasant; feeling good,neutral_centroid,neutral; ordinary; plain; average,objection,vocabulary,objection,8,0.4219922423362732,0.016207976266741753,False,False,False,0.4520634710788727,0.085366490483284,0.0,1.0000001192092896,1.0
arctic_embed_l_v2,Snowflake/snowflake-arctic-embed-l-v2.0,,en,object,object,positive,random,positive,centroid_phrases,feeling positive; feeling pleasant; feeling good,feeling positive; feeling pleasant; feeling good,neutral_centroid,neutral; ordinary; plain; average,objecting,vocabulary,objecting,9,0.42068958282470703,0.14490413665771484,False,False,False,0.4520634710788727,0.085366490483284,0.0,1.0000001192092896,1.0
arctic_embed_l_v2,Snowflake/snowflake-arctic-embed-l-v2.0,,en,object,object,positive,random,positive,centroid_phrases,feeling positive; feeling pleasant; feeling good,feeling positive; feeling pleasant; feeling good,neutral_centroid,neutral; ordinary; plain; average,person,vocabulary,person,10,0.40278345346450806,0.08633363246917725,False,False,False,0.4520634710788727,0.085366490483284,0.0,1.0000001192092896,1.0
arctic_embed_l_v2,Snowflake/snowflake-arctic-embed-l-v2.0,,en,object,object,positive,shuffled_emotion,negative,centroid_phrases,feeling positive; feeling pleasant; feeling good,feeling negative; feeling unpleasant; feeling bad,neutral_centroid,neutral; ordinary; plain; average,feeling,vocabulary,feeling,1,0.5249279737472534,0.6716817617416382,False,False,False,0.4480030655860901,0.33992399983108046,0.0,1.0413423776626587,1.0
arctic_embed_l_v2,Snowflake/snowflake-arctic-embed-l-v2.0,,en,object,object,positive,shuffled_emotion,negative,centroid_phrases,feeling positive; feeling pleasant; feeling good,feeling negative; feeling unpleasant; feeling bad,neutral_centroid,neutral; ordinary; plain; average,objects,vocabulary,objects,2,0.5083685517311096,0.03823375329375267,False,False,False,0.4480030655860901,0.33992399983108046,0.0,1.0413423776626587,1.0
arctic_embed_l_v2,Snowflake/snowflake-arctic-embed-l-v2.0,,en,object,object,positive,shuffled_emotion,negative,centroid_phrases,feeling positive; feeling pleasant; feeling good,feeling negative; feeling unpleasant; feeling bad,neutral_centroid,neutral; ordinary; plain; average,feelings,vocabulary,feelings,3,0.48092931509017944,0.5510752201080322,False,False,False,0.4480030655860901,0.33992399983108046,0.0,1.0413423776626587,1.0
arctic_embed_l_v2,Snowflake/snowflake-arctic-embed-l-v2.0,,en,object,object,positive,shuffled_emotion,negative,centroid_phrases,feeling positive; feeling pleasant; feeling good,feeling negative; feeling unpleasant; feeling bad,neutral_centroid,neutral; ordinary; plain; average,objectification,vocabulary,objectification,4,0.4509764313697815,0.13362829387187958,False,False,False,0.4480030655860901,0.33992399983108046,0.0,1.0413423776626587,1.0
arctic_embed_l_v2,Snowflake/snowflake-arctic-embed-l-v2.0,,en,object,object,positive,shuffled_emotion,negative,centroid_phrases,feeling positive; feeling pleasant; feeling good,feeling negative; feeling unpleasant; feeling bad,neutral_centroid,neutral; ordinary; plain; average,objecting,vocabulary,objecting,5,0.4502880871295929,0.14490413665771484,False,False,False,0.4480030655860901,0.33992399983108046,0.0,1.0413423776626587,1.0
arctic_embed_l_v2,Snowflake/snowflake-arctic-embed-l-v2.0,,en,object,object,positive,shuffled_emotion,negative,centroid_phrases,feeling positive; feeling pleasant; feeling good,feeling negative; feeling unpleasant; feeling bad,neutral_centroid,neutral; ordinary; plain; average,feel,vocabulary,feel,6,0.437600314617157,0.5315781831741333,False,False,False,0.4480030655860901,0.33992399983108046,0.0,1.0413423776626587,1.0
arctic_embed_l_v2,Snowflake/snowflake-arctic-embed-l-v2.0,,en,object,object,positive,shuffled_emotion,negative,centroid_phrases,feeling positive; feeling pleasant; feeling good,feeling negative; feeling unpleasant; feeling bad,neutral_centroid,neutral; ordinary; plain; average,feels,vocabulary,feels,7,0.4142938256263733,0.4064655601978302,False,False,False,0.4480030655860901,0.33992399983108046,0.0,1.0413423776626587,1.0
arctic_embed_l_v2,Snowflake/snowflake-arctic-embed-l-v2.0,,en,object,object,positive,shuffled_emotion,negative,centroid_phrases,feeling positive; feeling pleasant; feeling good,feeling negative; feeling unpleasant; feeling bad,neutral_centroid,neutral; ordinary; plain; average,smelling,vocabulary,smelling,8,0.40500572323799133,0.410732626914978,False,False,False,0.4480030655860901,0.33992399983108046,0.0,1.0413423776626587,1.0
arctic_embed_l_v2,Snowflake/snowflake-arctic-embed-l-v2.0,,en,object,object,positive,shuffled_emotion,negative,centroid_phrases,feeling positive; feeling pleasant; feeling good,feeling negative; feeling unpleasant; feeling bad,neutral_centroid,neutral; ordinary; plain; average,discomfort,vocabulary,discomfort,9,0.4041460156440735,0.333281934261322,False,False,False,0.4480030655860901,0.33992399983108046,0.0,1.0413423776626587,1.0
arctic_embed_l_v2,Snowflake/snowflake-arctic-embed-l-v2.0,,en,object,object,positive,shuffled_emotion,negative,centroid_phrases,feeling positive; feeling pleasant; feeling good,feeling negative; feeling unpleasant; feeling bad,neutral_centroid,neutral; ordinary; plain; average,thing,vocabulary,thing,10,0.4034944176673889,0.17765852808952332,False,False,False,0.4480030655860901,0.33992399983108046,0.0,1.0413423776626587,1.0
arctic_embed_l_v2,Snowflake/snowflake-arctic-embed-l-v2.0,,en,object,object,negative,emotion,negative,centroid_phrases,feeling negative; feeling unpleasant; feeling bad,feeling negative; feeling unpleasant; feeling bad,neutral_centroid,neutral; ordinary; plain; average,feeling,vocabulary,feeling,1,0.5249279737472534,0.6657190918922424,False,False,False,0.4480030655860901,0.36742700971663,0.0,1.0413423776626587,1.0
arctic_embed_l_v2,Snowflake/snowflake-arctic-embed-l-v2.0,,en,object,object,negative,emotion,negative,centroid_phrases,feeling negative; feeling unpleasant; feeling bad,feeling negative; feeling unpleasant; feeling bad,neutral_centroid,neutral; ordinary; plain; average,objects,vocabulary,objects,2,0.5083685517311096,0.026628289371728897,False,False,False,0.4480030655860901,0.36742700971663,0.0,1.0413423776626587,1.0
arctic_embed_l_v2,Snowflake/snowflake-arctic-embed-l-v2.0,,en,object,object,negative,emotion,negative,centroid_phrases,feeling negative; feeling unpleasant; feeling bad,feeling negative; feeling unpleasant; feeling bad,neutral_centroid,neutral; ordinary; plain; average,feelings,vocabulary,feelings,3,0.48092931509017944,0.5796928405761719,False,False,False,0.4480030655860901,0.36742700971663,0.0,1.0413423776626587,1.0
arctic_embed_l_v2,Snowflake/snowflake-arctic-embed-l-v2.0,,en,object,object,negative,emotion,negative,centroid_phrases,feeling negative; feeling unpleasant; feeling bad,feeling negative; feeling unpleasant; feeling bad,neutral_centroid,neutral; ordinary; plain; average,objectification,vocabulary,objectification,4,0.4509764313697815,0.2137356996536255,False,False,False,0.4480030655860901,0.36742700971663,0.0,1.0413423776626587,1.0
arctic_embed_l_v2,Snowflake/snowflake-arctic-embed-l-v2.0,,en,object,object,negative,emotion,negative,centroid_phrases,feeling negative; feeling unpleasant; feeling bad,feeling negative; feeling unpleasant; feeling bad,neutral_centroid,neutral; ordinary; plain; average,objecting,vocabulary,objecting,5,0.4502880871295929,0.21880735456943512,False,False,False,0.4480030655860901,0.36742700971663,0.0,1.0413423776626587,1.0
arctic_embed_l_v2,Snowflake/snowflake-arctic-embed-l-v2.0,,en,object,object,negative,emotion,negative,centroid_phrases,feeling negative; feeling unpleasant; feeling bad,feeling negative; feeling unpleasant; feeling bad,neutral_centroid,neutral; ordinary; plain; average,feel,vocabulary,feel,6,0.437600314617157,0.5542305111885071,False,False,False,0.4480030655860901,0.36742700971663,0.0,1.0413423776626587,1.0
arctic_embed_l_v2,Snowflake/snowflake-arctic-embed-l-v2.0,,en,object,object,negative,emotion,negative,centroid_phrases,feeling negative; feeling unpleasant; feeling bad,feeling negative; feeling unpleasant; feeling bad,neutral_centroid,neutral; ordinary; plain; average,feels,vocabulary,feels,7,0.4142938256263733,0.41248849034309387,False,False,False,0.4480030655860901,0.36742700971663,0.0,1.0413423776626587,1.0
arctic_embed_l_v2,Snowflake/snowflake-arctic-embed-l-v2.0,,en,object,object,negative,emotion,negative,centroid_phrases,feeling negative; feeling unpleasant; feeling bad,feeling negative; feeling unpleasant; feeling bad,neutral_centroid,neutral; ordinary; plain; average,smelling,vocabulary,smelling,8,0.40500572323799133,0.4204414486885071,False,False,False,0.4480030655860901,0.36742700971663,0.0,1.0413423776626587,1.0
arctic_embed_l_v2,Snowflake/snowflake-arctic-embed-l-v2.0,,en,object,object,negative,emotion,negative,centroid_phrases,feeling negative; feeling unpleasant; feeling bad,feeling negative; feeling unpleasant; feeling bad,neutral_centroid,neutral; ordinary; plain; average,discomfort,vocabulary,discomfort,9,0.4041460156440735,0.4232006371021271,False,False,False,0.4480030655860901,0.36742700971663,0.0,1.0413423776626587,1.0
arctic_embed_l_v2,Snowflake/snowflake-arctic-embed-l-v2.0,,en,object,object,negative,emotion,negative,centroid_phrases,feeling negative; feeling unpleasant; feeling bad,feeling negative; feeling unpleasant; feeling bad,neutral_centroid,neutral; ordinary; plain; average,thing,vocabulary,thing,10,0.4034944176673889,0.1593257337808609,False,False,False,0.4480030655860901,0.36742700971663,0.0,1.0413423776626587,1.0
arctic_embed_l_v2,Snowflake/snowflake-arctic-embed-l-v2.0,,en,object,object,negative,identity,negative,centroid_phrases,feeling negative; feeling unpleasant; feeling bad,feeling negative; feeling unpleasant; feeling bad,neutral_centroid,neutral; ordinary; plain; average,objects,vocabulary,objects,1,0.8648344278335571,0.026628289371728897,False,False,False,0.6321749150753021,0.08031108342111111,0.0,0.0,1.0
arctic_embed_l_v2,Snowflake/snowflake-arctic-embed-l-v2.0,,en,object,object,negative,identity,negative,centroid_phrases,feeling negative; feeling unpleasant; feeling bad,feeling negative; feeling unpleasant; feeling bad,neutral_centroid,neutral; ordinary; plain; average,obj,vocabulary,obj,2,0.6921373009681702,0.03556638956069946,False,False,False,0.6321749150753021,0.08031108342111111,0.0,0.0,1.0
arctic_embed_l_v2,Snowflake/snowflake-arctic-embed-l-v2.0,,en,object,object,negative,identity,negative,centroid_phrases,feeling negative; feeling unpleasant; feeling bad,feeling negative; feeling unpleasant; feeling bad,neutral_centroid,neutral; ordinary; plain; average,objection,vocabulary,objection,3,0.6195494532585144,0.07452692091464996,False,False,False,0.6321749150753021,0.08031108342111111,0.0,0.0,1.0
arctic_embed_l_v2,Snowflake/snowflake-arctic-embed-l-v2.0,,en,object,object,negative,identity,negative,centroid_phrases,feeling negative; feeling unpleasant; feeling bad,feeling negative; feeling unpleasant; feeling bad,neutral_centroid,neutral; ordinary; plain; average,objectivity,vocabulary,objectivity,4,0.6126412153244019,0.05107211321592331,False,False,False,0.6321749150753021,0.08031108342111111,0.0,0.0,1.0
arctic_embed_l_v2,Snowflake/snowflake-arctic-embed-l-v2.0,,en,object,object,negative,identity,negative,centroid_phrases,feeling negative; feeling unpleasant; feeling bad,feeling negative; feeling unpleasant; feeling bad,neutral_centroid,neutral; ordinary; plain; average,objectification,vocabulary,objectification,5,0.5979549288749695,0.2137356996536255,False,False,False,0.6321749150753021,0.08031108342111111,0.0,0.0,1.0
arctic_embed_l_v2,Snowflake/snowflake-arctic-embed-l-v2.0,,en,object,object,negative,identity,negative,centroid_phrases,feeling negative; feeling unpleasant; feeling bad,feeling negative; feeling unpleasant; feeling bad,neutral_centroid,neutral; ordinary; plain; average,thing,vocabulary,thing,6,0.595016598701477,0.1593257337808609,False,False,False,0.6321749150753021,0.08031108342111111,0.0,0.0,1.0
arctic_embed_l_v2,Snowflake/snowflake-arctic-embed-l-v2.0,,en,object,object,negative,identity,negative,centroid_phrases,feeling negative; feeling unpleasant; feeling bad,feeling negative; feeling unpleasant; feeling bad,neutral_centroid,neutral; ordinary; plain; average,objecting,vocabulary,objecting,7,0.5918096303939819,0.21880735456943512,False,False,False,0.6321749150753021,0.08031108342111111,0.0,0.0,1.0
arctic_embed_l_v2,Snowflake/snowflake-arctic-embed-l-v2.0,,en,object,object,negative,identity,negative,centroid_phrases,feeling negative; feeling unpleasant; feeling bad,feeling negative; feeling unpleasant; feeling bad,neutral_centroid,neutral; ordinary; plain; average,person,vocabulary,person,8,0.5889228582382202,0.05918297916650772,False,False,False,0.6321749150753021,0.08031108342111111,0.0,0.0,1.0
arctic_embed_l_v2,Snowflake/snowflake-arctic-embed-l-v2.0,,en,object,object,negative,identity,negative,centroid_phrases,feeling negative; feeling unpleasant; feeling bad,feeling negative; feeling unpleasant; feeling bad,neutral_centroid,neutral; ordinary; plain; average,arrow,vocabulary,arrow,9,0.5819923877716064,-0.0583580881357193,False,False,False,0.6321749150753021,0.08031108342111111,0.0,0.0,1.0
arctic_embed_l_v2,Snowflake/snowflake-arctic-embed-l-v2.0,,en,object,object,negative,identity,negative,centroid_phrases,feeling negative; feeling unpleasant; feeling bad,feeling negative; feeling unpleasant; feeling bad,neutral_centroid,neutral; ordinary; plain; average,item,vocabulary,item,10,0.5768903493881226,0.022623442113399506,False,False,False,0.6321749150753021,0.08031108342111111,0.0,0.0,1.0
arctic_embed_l_v2,Snowflake/snowflake-arctic-embed-l-v2.0,,en,object,object,negative,random,negative,centroid_phrases,feeling negative; feeling unpleasant; feeling bad,feeling negative; feeling unpleasant; feeling bad,neutral_centroid,neutral; ordinary; plain; average,objects,vocabulary,objects,1,0.6245834827423096,0.026628289371728897,False,False,False,0.4694066375494003,0.0872686954215169,0.0,1.0,1.0
arctic_embed_l_v2,Snowflake/snowflake-arctic-embed-l-v2.0,,en,object,object,negative,random,negative,centroid_phrases,feeling negative; feeling unpleasant; feeling bad,feeling negative; feeling unpleasant; feeling bad,neutral_centroid,neutral; ordinary; plain; average,obj,vocabulary,obj,2,0.49424731731414795,0.03556638956069946,False,False,False,0.4694066375494003,0.0872686954215169,0.0,1.0,1.0
arctic_embed_l_v2,Snowflake/snowflake-arctic-embed-l-v2.0,,en,object,object,negative,random,negative,centroid_phrases,feeling negative; feeling unpleasant; feeling bad,feeling negative; feeling unpleasant; feeling bad,neutral_centroid,neutral; ordinary; plain; average,objectification,vocabulary,objectification,3,0.4610449969768524,0.2137356996536255,False,False,False,0.4694066375494003,0.0872686954215169,0.0,1.0,1.0
arctic_embed_l_v2,Snowflake/snowflake-arctic-embed-l-v2.0,,en,object,object,negative,random,negative,centroid_phrases,feeling negative; feeling unpleasant; feeling bad,feeling negative; feeling unpleasant; feeling bad,neutral_centroid,neutral; ordinary; plain; average,objection,vocabulary,objection,4,0.45721715688705444,0.07452692091464996,False,False,False,0.4694066375494003,0.0872686954215169,0.0,1.0,1.0
arctic_embed_l_v2,Snowflake/snowflake-arctic-embed-l-v2.0,,en,object,object,negative,random,negative,centroid_phrases,feeling negative; feeling unpleasant; feeling bad,feeling negative; feeling unpleasant; feeling bad,neutral_centroid,neutral; ordinary; plain; average,thing,vocabulary,thing,5,0.45404648780822754,0.1593257337808609,False,False,False,0.4694066375494003,0.0872686954215169,0.0,1.0,1.0
arctic_embed_l_v2,Snowflake/snowflake-arctic-embed-l-v2.0,,en,object,object,negative,random,negative,centroid_phrases,feeling negative; feeling unpleasant; feeling bad,feeling negative; feeling unpleasant; feeling bad,neutral_centroid,neutral; ordinary; plain; average,item,vocabulary,item,6,0.45220842957496643,0.022623442113399506,False,False,False,0.4694066375494003,0.0872686954215169,0.0,1.0,1.0
arctic_embed_l_v2,Snowflake/snowflake-arctic-embed-l-v2.0,,en,object,object,negative,random,negative,centroid_phrases,feeling negative; feeling unpleasant; feeling bad,feeling negative; feeling unpleasant; feeling bad,neutral_centroid,neutral; ordinary; plain; average,entity,vocabulary,entity,7,0.4480661153793335,0.011218031868338585,False,False,False,0.4694066375494003,0.0872686954215169,0.0,1.0,1.0
arctic_embed_l_v2,Snowflake/snowflake-arctic-embed-l-v2.0,,en,object,object,negative,random,negative,centroid_phrases,feeling negative; feeling unpleasant; feeling bad,feeling negative; feeling unpleasant; feeling bad,neutral_centroid,neutral; ordinary; plain; average,objectivity,vocabulary,objectivity,8,0.43710678815841675,0.05107211321592331,False,False,False,0.4694066375494003,0.0872686954215169,0.0,1.0,1.0
arctic_embed_l_v2,Snowflake/snowflake-arctic-embed-l-v2.0,,en,object,object,negative,random,negative,centroid_phrases,feeling negative; feeling unpleasant; feeling bad,feeling negative; feeling unpleasant; feeling bad,neutral_centroid,neutral; ordinary; plain; average,objecting,vocabulary,objecting,9,0.4337990880012512,0.21880735456943512,False,False,False,0.4694066375494003,0.0872686954215169,0.0,1.0,1.0
arctic_embed_l_v2,Snowflake/snowflake-arctic-embed-l-v2.0,,en,object,object,negative,random,negative,centroid_phrases,feeling negative; feeling unpleasant; feeling bad,feeling negative; feeling unpleasant; feeling bad,neutral_centroid,neutral; ordinary; plain; average,person,vocabulary,person,10,0.4317465126514435,0.05918297916650772,False,False,False,0.4694066375494003,0.0872686954215169,0.0,1.0,1.0
arctic_embed_l_v2,Snowflake/snowflake-arctic-embed-l-v2.0,,en,object,object,negative,shuffled_emotion,sadness,centroid_phrases,feeling negative; feeling unpleasant; feeling bad,feeling sad; feeling sorrowful; feeling gloomy,neutral_centroid,neutral; ordinary; plain; average,feeling,vocabulary,feeling,1,0.5017866492271423,0.6657190918922424,False,False,False,0.4383994579315186,0.36403155960142614,0.0,1.0921324491500854,1.0
arctic_embed_l_v2,Snowflake/snowflake-arctic-embed-l-v2.0,,en,object,object,negative,shuffled_emotion,sadness,centroid_phrases,feeling negative; feeling unpleasant; feeling bad,feeling sad; feeling sorrowful; feeling gloomy,neutral_centroid,neutral; ordinary; plain; average,objects,vocabulary,objects,2,0.48890581727027893,0.026628289371728897,False,False,False,0.4383994579315186,0.36403155960142614,0.0,1.0921324491500854,1.0
arctic_embed_l_v2,Snowflake/snowflake-arctic-embed-l-v2.0,,en,object,object,negative,shuffled_emotion,sadness,centroid_phrases,feeling negative; feeling unpleasant; feeling bad,feeling sad; feeling sorrowful; feeling gloomy,neutral_centroid,neutral; ordinary; plain; average,feelings,vocabulary,feelings,3,0.47722721099853516,0.5796928405761719,False,False,False,0.4383994579315186,0.36403155960142614,0.0,1.0921324491500854,1.0
arctic_embed_l_v2,Snowflake/snowflake-arctic-embed-l-v2.0,,en,object,object,negative,shuffled_emotion,sadness,centroid_phrases,feeling negative; feeling unpleasant; feeling bad,feeling sad; feeling sorrowful; feeling gloomy,neutral_centroid,neutral; ordinary; plain; average,sorrowful,vocabulary,sorrowful,4,0.4253219962120056,0.26120704412460327,False,False,False,0.4383994579315186,0.36403155960142614,0.0,1.0921324491500854,1.0
arctic_embed_l_v2,Snowflake/snowflake-arctic-embed-l-v2.0,,en,object,object,negative,shuffled_emotion,sadness,centroid_phrases,feeling negative; feeling unpleasant; feeling bad,feeling sad; feeling sorrowful; feeling gloomy,neutral_centroid,neutral; ordinary; plain; average,objectification,vocabulary,objectification,5,0.42509180307388306,0.2137356996536255,False,False,False,0.4383994579315186,0.36403155960142614,0.0,1.0921324491500854,1.0
arctic_embed_l_v2,Snowflake/snowflake-arctic-embed-l-v2.0,,en,object,object,negative,shuffled_emotion,sadness,centroid_phrases,feeling negative; feeling unpleasant; feeling bad,feeling sad; feeling sorrowful; feeling gloomy,neutral_centroid,neutral; ordinary; plain; average,sadness,vocabulary,sadness,6,0.4239063262939453,0.426597535610199,False,False,False,0.4383994579315186,0.36403155960142614,0.0,1.0921324491500854,1.0
arctic_embed_l_v2,Snowflake/snowflake-arctic-embed-l-v2.0,,en,object,object,negative,shuffled_emotion,sadness,centroid_phrases,feeling negative; feeling unpleasant; feeling bad,feeling sad; feeling sorrowful; feeling gloomy,neutral_centroid,neutral; ordinary; plain; average,sorrow,vocabulary,sorrow,7,0.42139673233032227,0.25251513719558716,False,False,False,0.4383994579315186,0.36403155960142614,0.0,1.0921324491500854,1.0
arctic_embed_l_v2,Snowflake/snowflake-arctic-embed-l-v2.0,,en,object,object,negative,shuffled_emotion,sadness,centroid_phrases,feeling negative; feeling unpleasant; feeling bad,feeling sad; feeling sorrowful; feeling gloomy,neutral_centroid,neutral; ordinary; plain; average,sobbing,vocabulary,sobbing,8,0.40767771005630493,0.39662331342697144,False,False,False,0.4383994579315186,0.36403155960142614,0.0,1.0921324491500854,1.0
arctic_embed_l_v2,Snowflake/snowflake-arctic-embed-l-v2.0,,en,object,object,negative,shuffled_emotion,sadness,centroid_phrases,feeling negative; feeling unpleasant; feeling bad,feeling sad; feeling sorrowful; feeling gloomy,neutral_centroid,neutral; ordinary; plain; average,feel,vocabulary,feel,9,0.40747079253196716,0.5542305111885071,False,False,False,0.4383994579315186,0.36403155960142614,0.0,1.0921324491500854,1.0
arctic_embed_l_v2,Snowflake/snowflake-arctic-embed-l-v2.0,,en,object,object,negative,shuffled_emotion,sadness,centroid_phrases,feeling negative; feeling unpleasant; feeling bad,feeling sad; feeling sorrowful; feeling gloomy,neutral_centroid,neutral; ordinary; plain; average,sorrows,vocabulary,sorrows,10,0.4052095413208008,0.26336613297462463,False,False,False,0.4383994579315186,0.36403155960142614,0.0,1.0921324491500854,1.0
arctic_embed_l_v2,Snowflake/snowflake-arctic-embed-l-v2.0,,en,place,place,sadness,emotion,sadness,centroid_phrases,feeling sad; feeling sorrowful; feeling gloomy,feeling sad; feeling sorrowful; feeling gloomy,neutral_centroid,neutral; ordinary; plain; average,places,vocabulary,places,1,0.5597896575927734,0.06475580483675003,False,False,False,0.4211168885231018,0.22375715114176273,0.0,1.0921324491500854,1.0
arctic_embed_l_v2,Snowflake/snowflake-arctic-embed-l-v2.0,,en,place,place,sadness,emotion,sadness,centroid_phrases,feeling sad; feeling sorrowful; feeling gloomy,feeling sad; feeling sorrowful; feeling gloomy,neutral_centroid,neutral; ordinary; plain; average,feeling,vocabulary,feeling,2,0.4803813397884369,0.5059446096420288,False,False,False,0.4211168885231018,0.22375715114176273,0.0,1.0921324491500854,1.0
arctic_embed_l_v2,Snowflake/snowflake-arctic-embed-l-v2.0,,en,place,place,sadness,emotion,sadness,centroid_phrases,feeling sad; feeling sorrowful; feeling gloomy,feeling sad; feeling sorrowful; feeling gloomy,neutral_centroid,neutral; ordinary; plain; average,feel,vocabulary,feel,3,0.4331088662147522,0.3887676000595093,False,False,False,0.4211168885231018,0.22375715114176273,0.0,1.0921324491500854,1.0
arctic_embed_l_v2,Snowflake/snowflake-arctic-embed-l-v2.0,,en,place,place,sadness,emotion,sadness,centroid_phrases,feeling sad; feeling sorrowful; feeling gloomy,feeling sad; feeling sorrowful; feeling gloomy,neutral_centroid,neutral; ordinary; plain; average,feelings,vocabulary,feelings,4,0.43090295791625977,0.44552022218704224,False,False,False,0.4211168885231018,0.22375715114176273,0.0,1.0921324491500854,1.0
arctic_embed_l_v2,Snowflake/snowflake-arctic-embed-l-v2.0,,en,place,place,sadness,emotion,sadness,centroid_phrases,feeling sad; feeling sorrowful; feeling gloomy,feeling sad; feeling sorrowful; feeling gloomy,neutral_centroid,neutral; ordinary; plain; average,placer,vocabulary,placer,5,0.40315815806388855,-0.02342023327946663,False,False,False,0.4211168885231018,0.22375715114176273,0.0,1.0921324491500854,1.0
arctic_embed_l_v2,Snowflake/snowflake-arctic-embed-l-v2.0,,en,place,place,sadness,emotion,sadness,centroid_phrases,feeling sad; feeling sorrowful; feeling gloomy,feeling sad; feeling sorrowful; feeling gloomy,neutral_centroid,neutral; ordinary; plain; average,placing,vocabulary,placing,6,0.39879417419433594,0.06779959797859192,False,False,False,0.4211168885231018,0.22375715114176273,0.0,1.0921324491500854,1.0
arctic_embed_l_v2,Snowflake/snowflake-arctic-embed-l-v2.0,,en,place,place,sadness,emotion,sadness,centroid_phrases,feeling sad; feeling sorrowful; feeling gloomy,feeling sad; feeling sorrowful; feeling gloomy,neutral_centroid,neutral; ordinary; plain; average,someplace,vocabulary,someplace,7,0.39357417821884155,0.06861302256584167,False,False,False,0.4211168885231018,0.22375715114176273,0.0,1.0921324491500854,1.0
arctic_embed_l_v2,Snowflake/snowflake-arctic-embed-l-v2.0,,en,place,place,sadness,emotion,sadness,centroid_phrases,feeling sad; feeling sorrowful; feeling gloomy,feeling sad; feeling sorrowful; feeling gloomy,neutral_centroid,neutral; ordinary; plain; average,sadness,vocabulary,sadness,8,0.37283438444137573,0.3681601881980896,False,False,False,0.4211168885231018,0.22375715114176273,0.0,1.0921324491500854,1.0
arctic_embed_l_v2,Snowflake/snowflake-arctic-embed-l-v2.0,,en,place,place,sadness,emotion,sadness,centroid_phrases,feeling sad; feeling sorrowful; feeling gloomy,feeling sad; feeling sorrowful; feeling gloomy,neutral_centroid,neutral; ordinary; plain; average,lieu,vocabulary,lieu,9,0.371490478515625,-0.03424544632434845,False,False,False,0.4211168885231018,0.22375715114176273,0.0,1.0921324491500854,1.0
arctic_embed_l_v2,Snowflake/snowflake-arctic-embed-l-v2.0,,en,place,place,sadness,emotion,sadness,centroid_phrases,feeling sad; feeling sorrowful; feeling gloomy,feeling sad; feeling sorrowful; feeling gloomy,neutral_centroid,neutral; ordinary; plain; average,grieving,vocabulary,grieving,10,0.367134690284729,0.38567614555358887,False,False,False,0.4211168885231018,0.22375715114176273,0.0,1.0921324491500854,1.0
arctic_embed_l_v2,Snowflake/snowflake-arctic-embed-l-v2.0,,en,place,place,sadness,identity,sadness,centroid_phrases,feeling sad; feeling sorrowful; feeling gloomy,feeling sad; feeling sorrowful; feeling gloomy,neutral_centroid,neutral; ordinary; plain; average,places,vocabulary,places,1,0.8353219032287598,0.06475580483675003,False,False,False,0.6558181881904602,0.012085918802767992,0.0,0.0,1.0
arctic_embed_l_v2,Snowflake/snowflake-arctic-embed-l-v2.0,,en,place,place,sadness,identity,sadness,centroid_phrases,feeling sad; feeling sorrowful; feeling gloomy,feeling sad; feeling sorrowful; feeling gloomy,neutral_centroid,neutral; ordinary; plain; average,placer,vocabulary,placer,2,0.7134537696838379,-0.02342023327946663,False,False,False,0.6558181881904602,0.012085918802767992,0.0,0.0,1.0
arctic_embed_l_v2,Snowflake/snowflake-arctic-embed-l-v2.0,,en,place,place,sadness,identity,sadness,centroid_phrases,feeling sad; feeling sorrowful; feeling gloomy,feeling sad; feeling sorrowful; feeling gloomy,neutral_centroid,neutral; ordinary; plain; average,lieu,vocabulary,lieu,3,0.6811672449111938,-0.03424544632434845,False,False,False,0.6558181881904602,0.012085918802767992,0.0,0.0,1.0
arctic_embed_l_v2,Snowflake/snowflake-arctic-embed-l-v2.0,,en,place,place,sadness,identity,sadness,centroid_phrases,feeling sad; feeling sorrowful; feeling gloomy,feeling sad; feeling sorrowful; feeling gloomy,neutral_centroid,neutral; ordinary; plain; average,plaza,vocabulary,plaza,4,0.6574501991271973,-0.01846873015165329,False,False,False,0.6558181881904602,0.012085918802767992,0.0,0.0,1.0
arctic_embed_l_v2,Snowflake/snowflake-arctic-embed-l-v2.0,,en,place,place,sadness,identity,sadness,centroid_phrases,feeling sad; feeling sorrowful; feeling gloomy,feeling sad; feeling sorrowful; feeling gloomy,neutral_centroid,neutral; ordinary; plain; average,piazza,vocabulary,piazza,5,0.6438893675804138,-0.030290136113762856,False,False,False,0.6558181881904602,0.012085918802767992,0.0,0.0,1.0
arctic_embed_l_v2,Snowflake/snowflake-arctic-embed-l-v2.0,,en,place,place,sadness,identity,sadness,centroid_phrases,feeling sad; feeling sorrowful; feeling gloomy,feeling sad; feeling sorrowful; feeling gloomy,neutral_centroid,neutral; ordinary; plain; average,placed,vocabulary,placed,6,0.6183696389198303,-0.0038976650685071945,False,False,False,0.6558181881904602,0.012085918802767992,0.0,0.0,1.0
arctic_embed_l_v2,Snowflake/snowflake-arctic-embed-l-v2.0,,en,place,place,sadness,identity,sadness,centroid_phrases,feeling sad; feeling sorrowful; feeling gloomy,feeling sad; feeling sorrowful; feeling gloomy,neutral_centroid,neutral; ordinary; plain; average,placing,vocabulary,placing,7,0.6077511310577393,0.06779959797859192,False,False,False,0.6558181881904602,0.012085918802767992,0.0,0.0,1.0
arctic_embed_l_v2,Snowflake/snowflake-arctic-embed-l-v2.0,,en,place,place,sadness,identity,sadness,centroid_phrases,feeling sad; feeling sorrowful; feeling gloomy,feeling sad; feeling sorrowful; feeling gloomy,neutral_centroid,neutral; ordinary; plain; average,location,vocabulary,location,8,0.6058411598205566,0.011441628448665142,False,False,False,0.6558181881904602,0.012085918802767992,0.0,0.0,1.0
arctic_embed_l_v2,Snowflake/snowflake-arctic-embed-l-v2.0,,en,place,place,sadness,identity,sadness,centroid_phrases,feeling sad; feeling sorrowful; feeling gloomy,feeling sad; feeling sorrowful; feeling gloomy,neutral_centroid,neutral; ordinary; plain; average,someplace,vocabulary,someplace,9,0.5995919704437256,0.06861302256584167,False,False,False,0.6558181881904602,0.012085918802767992,0.0,0.0,1.0
arctic_embed_l_v2,Snowflake/snowflake-arctic-embed-l-v2.0,,en,place,place,sadness,identity,sadness,centroid_phrases,feeling sad; feeling sorrowful; feeling gloomy,feeling sad; feeling sorrowful; feeling gloomy,neutral_centroid,neutral; ordinary; plain; average,birthplace,vocabulary,birthplace,10,0.5953454971313477,0.018571345135569572,False,False,False,0.6558181881904602,0.012085918802767992,0.0,0.0,1.0
arctic_embed_l_v2,Snowflake/snowflake-arctic-embed-l-v2.0,,en,place,place,sadness,random,sadness,centroid_phrases,feeling sad; feeling sorrowful; feeling gloomy,feeling sad; feeling sorrowful; feeling gloomy,neutral_centroid,neutral; ordinary; plain; average,places,vocabulary,places,1,0.6147924661636353,0.06475580483675003,False,False,False,0.453098738193512,0.006768590677529574,0.0,0.9999999403953552,1.0
arctic_embed_l_v2,Snowflake/snowflake-arctic-embed-l-v2.0,,en,place,place,sadness,random,sadness,centroid_phrases,feeling sad; feeling sorrowful; feeling gloomy,feeling sad; feeling sorrowful; feeling gloomy,neutral_centroid,neutral; ordinary; plain; average,placer,vocabulary,placer,2,0.47593462467193604,-0.02342023327946663,False,False,False,0.453098738193512,0.006768590677529574,0.0,0.9999999403953552,1.0
arctic_embed_l_v2,Snowflake/snowflake-arctic-embed-l-v2.0,,en,place,place,sadness,random,sadness,centroid_phrases,feeling sad; feeling sorrowful; feeling gloomy,feeling sad; feeling sorrowful; feeling gloomy,neutral_centroid,neutral; ordinary; plain; average,lieu,vocabulary,lieu,3,0.46824267506599426,-0.03424544632434845,False,False,False,0.453098738193512,0.006768590677529574,0.0,0.9999999403953552,1.0
arctic_embed_l_v2,Snowflake/snowflake-arctic-embed-l-v2.0,,en,place,place,sadness,random,sadness,centroid_phrases,feeling sad; feeling sorrowful; feeling gloomy,feeling sad; feeling sorrowful; feeling gloomy,neutral_centroid,neutral; ordinary; plain; average,piazza,vocabulary,piazza,4,0.45828741788864136,-0.030290136113762856,False,False,False,0.453098738193512,0.006768590677529574,0.0,0.9999999403953552,1.0
arctic_embed_l_v2,Snowflake/snowflake-arctic-embed-l-v2.0,,en,place,place,sadness,random,sadness,centroid_phrases,feeling sad; feeling sorrowful; feeling gloomy,feeling sad; feeling sorrowful; feeling gloomy,neutral_centroid,neutral; ordinary; plain; average,plaza,vocabulary,plaza,5,0.43783456087112427,-0.01846873015165329,False,False,False,0.453098738193512,0.006768590677529574,0.0,0.9999999403953552,1.0
arctic_embed_l_v2,Snowflake/snowflake-arctic-embed-l-v2.0,,en,place,place,sadness,random,sadness,centroid_phrases,feeling sad; feeling sorrowful; feeling gloomy,feeling sad; feeling sorrowful; feeling gloomy,neutral_centroid,neutral; ordinary; plain; average,location,vocabulary,location,6,0.42791229486465454,0.011441628448665142,False,False,False,0.453098738193512,0.006768590677529574,0.0,0.9999999403953552,1.0
arctic_embed_l_v2,Snowflake/snowflake-arctic-embed-l-v2.0,,en,place,place,sadness,random,sadness,centroid_phrases,feeling sad; feeling sorrowful; feeling gloomy,feeling sad; feeling sorrowful; feeling gloomy,neutral_centroid,neutral; ordinary; plain; average,birthplace,vocabulary,birthplace,7,0.42522549629211426,0.018571345135569572,False,False,False,0.453098738193512,0.006768590677529574,0.0,0.9999999403953552,1.0
arctic_embed_l_v2,Snowflake/snowflake-arctic-embed-l-v2.0,,en,place,place,sadness,random,sadness,centroid_phrases,feeling sad; feeling sorrowful; feeling gloomy,feeling sad; feeling sorrowful; feeling gloomy,neutral_centroid,neutral; ordinary; plain; average,someplace,vocabulary,someplace,8,0.4137507379055023,0.06861302256584167,False,False,False,0.453098738193512,0.006768590677529574,0.0,0.9999999403953552,1.0
arctic_embed_l_v2,Snowflake/snowflake-arctic-embed-l-v2.0,,en,place,place,sadness,random,sadness,centroid_phrases,feeling sad; feeling sorrowful; feeling gloomy,feeling sad; feeling sorrowful; feeling gloomy,neutral_centroid,neutral; ordinary; plain; average,locations,vocabulary,locations,9,0.41181516647338867,0.03824707120656967,False,False,False,0.453098738193512,0.006768590677529574,0.0,0.9999999403953552,1.0
arctic_embed_l_v2,Snowflake/snowflake-arctic-embed-l-v2.0,,en,place,place,sadness,random,sadness,centroid_phrases,feeling sad; feeling sorrowful; feeling gloomy,feeling sad; feeling sorrowful; feeling gloomy,neutral_centroid,neutral; ordinary; plain; average,piece,vocabulary,piece,10,0.39719194173812866,-0.027518419548869133,False,False,False,0.453098738193512,0.006768590677529574,0.0,0.9999999403953552,1.0
arctic_embed_l_v2,Snowflake/snowflake-arctic-embed-l-v2.0,,en,place,place,sadness,shuffled_emotion,disgust,centroid_phrases,feeling sad; feeling sorrowful; feeling gloomy,feeling disgusted; feeling revolted; feeling repulsed,neutral_centroid,neutral; ordinary; plain; average,places,vocabulary,places,1,0.5372341871261597,0.06475580483675003,False,False,False,0.4039827883243561,0.10542572177946567,0.0,1.1069309711456299,0.9999999403953552
arctic_embed_l_v2,Snowflake/snowflake-arctic-embed-l-v2.0,,en,place,place,sadness,shuffled_emotion,disgust,centroid_phrases,feeling sad; feeling sorrowful; feeling gloomy,feeling disgusted; feeling revolted; feeling repulsed,neutral_centroid,neutral; ordinary; plain; average,feeling,vocabulary,feeling,2,0.41696932911872864,0.5059446096420288,False,False,False,0.4039827883243561,0.10542572177946567,0.0,1.1069309711456299,0.9999999403953552
arctic_embed_l_v2,Snowflake/snowflake-arctic-embed-l-v2.0,,en,place,place,sadness,shuffled_emotion,disgust,centroid_phrases,feeling sad; feeling sorrowful; feeling gloomy,feeling disgusted; feeling revolted; feeling repulsed,neutral_centroid,neutral; ordinary; plain; average,feel,vocabulary,feel,3,0.41412484645843506,0.3887676000595093,False,False,False,0.4039827883243561,0.10542572177946567,0.0,1.1069309711456299,0.9999999403953552
arctic_embed_l_v2,Snowflake/snowflake-arctic-embed-l-v2.0,,en,place,place,sadness,shuffled_emotion,disgust,centroid_phrases,feeling sad; feeling sorrowful; feeling gloomy,feeling disgusted; feeling revolted; feeling repulsed,neutral_centroid,neutral; ordinary; plain; average,placer,vocabulary,placer,4,0.4128763675689697,-0.02342023327946663,False,False,False,0.4039827883243561,0.10542572177946567,0.0,1.1069309711456299,0.9999999403953552
arctic_embed_l_v2,Snowflake/snowflake-arctic-embed-l-v2.0,,en,place,place,sadness,shuffled_emotion,disgust,centroid_phrases,feeling sad; feeling sorrowful; feeling gloomy,feeling disgusted; feeling revolted; feeling repulsed,neutral_centroid,neutral; ordinary; plain; average,placed,vocabulary,placed,5,0.39719974994659424,-0.0038976650685071945,False,False,False,0.4039827883243561,0.10542572177946567,0.0,1.1069309711456299,0.9999999403953552
arctic_embed_l_v2,Snowflake/snowflake-arctic-embed-l-v2.0,,en,place,place,sadness,shuffled_emotion,disgust,centroid_phrases,feeling sad; feeling sorrowful; feeling gloomy,feeling disgusted; feeling revolted; feeling repulsed,neutral_centroid,neutral; ordinary; plain; average,repulsed,vocabulary,repulsed,6,0.38309425115585327,0.08763691037893295,False,False,False,0.4039827883243561,0.10542572177946567,0.0,1.1069309711456299,0.9999999403953552
arctic_embed_l_v2,Snowflake/snowflake-arctic-embed-l-v2.0,,en,place,place,sadness,shuffled_emotion,disgust,centroid_phrases,feeling sad; feeling sorrowful; feeling gloomy,feeling disgusted; feeling revolted; feeling repulsed,neutral_centroid,neutral; ordinary; plain; average,lieu,vocabulary,lieu,7,0.37700802087783813,-0.03424544632434845,False,False,False,0.4039827883243561,0.10542572177946567,0.0,1.1069309711456299,0.9999999403953552
arctic_embed_l_v2,Snowflake/snowflake-arctic-embed-l-v2.0,,en,place,place,sadness,shuffled_emotion,disgust,centroid_phrases,feeling sad; feeling sorrowful; feeling gloomy,feeling disgusted; feeling revolted; feeling repulsed,neutral_centroid,neutral; ordinary; plain; average,someplace,vocabulary,someplace,8,0.3679182529449463,0.06861302256584167,False,False,False,0.4039827883243561,0.10542572177946567,0.0,1.1069309711456299,0.9999999403953552
arctic_embed_l_v2,Snowflake/snowflake-arctic-embed-l-v2.0,,en,place,place,sadness,shuffled_emotion,disgust,centroid_phrases,feeling sad; feeling sorrowful; feeling gloomy,feeling disgusted; feeling revolted; feeling repulsed,neutral_centroid,neutral; ordinary; plain; average,birthplace,vocabulary,birthplace,9,0.3674857020378113,0.018571345135569572,False,False,False,0.4039827883243561,0.10542572177946567,0.0,1.1069309711456299,0.9999999403953552
arctic_embed_l_v2,Snowflake/snowflake-arctic-embed-l-v2.0,,en,place,place,sadness,shuffled_emotion,disgust,centroid_phrases,feeling sad; feeling sorrowful; feeling gloomy,feeling disgusted; feeling revolted; feeling repulsed,neutral_centroid,neutral; ordinary; plain; average,plaza,vocabulary,plaza,10,0.3659171760082245,-0.01846873015165329,False,False,False,0.4039827883243561,0.10542572177946567,0.0,1.1069309711456299,0.9999999403953552
arctic_embed_l_v2,Snowflake/snowflake-arctic-embed-l-v2.0,,en,place,place,disgust,emotion,disgust,centroid_phrases,feeling disgusted; feeling revolted; feeling repulsed,feeling disgusted; feeling revolted; feeling repulsed,neutral_centroid,neutral; ordinary; plain; average,places,vocabulary,places,1,0.5372341871261597,0.05130670219659805,False,False,False,0.4039827883243561,0.13718950366601348,0.0,1.1069309711456299,0.9999999403953552
arctic_embed_l_v2,Snowflake/snowflake-arctic-embed-l-v2.0,,en,place,place,disgust,emotion,disgust,centroid_phrases,feeling disgusted; feeling revolted; feeling repulsed,feeling disgusted; feeling revolted; feeling repulsed,neutral_centroid,neutral; ordinary; plain; average,feeling,vocabulary,feeling,2,0.41696932911872864,0.43534135818481445,False,False,False,0.4039827883243561,0.13718950366601348,0.0,1.1069309711456299,0.9999999403953552
arctic_embed_l_v2,Snowflake/snowflake-arctic-embed-l-v2.0,,en,place,place,disgust,emotion,disgust,centroid_phrases,feeling disgusted; feeling revolted; feeling repulsed,feeling disgusted; feeling revolted; feeling repulsed,neutral_centroid,neutral; ordinary; plain; average,feel,vocabulary,feel,3,0.41412484645843506,0.37563908100128174,False,False,False,0.4039827883243561,0.13718950366601348,0.0,1.1069309711456299,0.9999999403953552
arctic_embed_l_v2,Snowflake/snowflake-arctic-embed-l-v2.0,,en,place,place,disgust,emotion,disgust,centroid_phrases,feeling disgusted; feeling revolted; feeling repulsed,feeling disgusted; feeling revolted; feeling repulsed,neutral_centroid,neutral; ordinary; plain; average,placer,vocabulary,placer,4,0.4128763675689697,0.005080024711787701,False,False,False,0.4039827883243561,0.13718950366601348,0.0,1.1069309711456299,0.9999999403953552
arctic_embed_l_v2,Snowflake/snowflake-arctic-embed-l-v2.0,,en,place,place,disgust,emotion,disgust,centroid_phrases,feeling disgusted; feeling revolted; feeling repulsed,feeling disgusted; feeling revolted; feeling repulsed,neutral_centroid,neutral; ordinary; plain; average,placed,vocabulary,placed,5,0.39719974994659424,0.07127287238836288,False,False,False,0.4039827883243561,0.13718950366601348,0.0,1.1069309711456299,0.9999999403953552
arctic_embed_l_v2,Snowflake/snowflake-arctic-embed-l-v2.0,,en,place,place,disgust,emotion,disgust,centroid_phrases,feeling disgusted; feeling revolted; feeling repulsed,feeling disgusted; feeling revolted; feeling repulsed,neutral_centroid,neutral; ordinary; plain; average,repulsed,vocabulary,repulsed,6,0.38309425115585327,0.34130096435546875,False,False,False,0.4039827883243561,0.13718950366601348,0.0,1.1069309711456299,0.9999999403953552
arctic_embed_l_v2,Snowflake/snowflake-arctic-embed-l-v2.0,,en,place,place,disgust,emotion,disgust,centroid_phrases,feeling disgusted; feeling revolted; feeling repulsed,feeling disgusted; feeling revolted; feeling repulsed,neutral_centroid,neutral; ordinary; plain; average,lieu,vocabulary,lieu,7,0.37700802087783813,-0.010840125381946564,False,False,False,0.4039827883243561,0.13718950366601348,0.0,1.1069309711456299,0.9999999403953552
arctic_embed_l_v2,Snowflake/snowflake-arctic-embed-l-v2.0,,en,place,place,disgust,emotion,disgust,centroid_phrases,feeling disgusted; feeling revolted; feeling repulsed,feeling disgusted; feeling revolted; feeling repulsed,neutral_centroid,neutral; ordinary; plain; average,someplace,vocabulary,someplace,8,0.3679182529449463,0.05142873525619507,False,False,False,0.4039827883243561,0.13718950366601348,0.0,1.1069309711456299,0.9999999403953552
arctic_embed_l_v2,Snowflake/snowflake-arctic-embed-l-v2.0,,en,place,place,disgust,emotion,disgust,centroid_phrases,feeling disgusted; feeling revolted; feeling repulsed,feeling disgusted; feeling revolted; feeling repulsed,neutral_centroid,neutral; ordinary; plain; average,birthplace,vocabulary,birthplace,9,0.3674857020378113,0.05472120642662048,False,False,False,0.4039827883243561,0.13718950366601348,0.0,1.1069309711456299,0.9999999403953552
arctic_embed_l_v2,Snowflake/snowflake-arctic-embed-l-v2.0,,en,place,place,disgust,emotion,disgust,centroid_phrases,feeling disgusted; feeling revolted; feeling repulsed,feeling disgusted; feeling revolted; feeling repulsed,neutral_centroid,neutral; ordinary; plain; average,plaza,vocabulary,plaza,10,0.3659171760082245,-0.0033557824790477753,False,False,False,0.4039827883243561,0.13718950366601348,0.0,1.1069309711456299,0.9999999403953552
arctic_embed_l_v2,Snowflake/snowflake-arctic-embed-l-v2.0,,en,place,place,disgust,identity,disgust,centroid_phrases,feeling disgusted; feeling revolted; feeling repulsed,feeling disgusted; feeling revolted; feeling repulsed,neutral_centroid,neutral; ordinary; plain; average,places,vocabulary,places,1,0.8353219032287598,0.05130670219659805,False,False,False,0.6558181881904602,0.02435484668239951,0.0,0.0,1.0
arctic_embed_l_v2,Snowflake/snowflake-arctic-embed-l-v2.0,,en,place,place,disgust,identity,disgust,centroid_phrases,feeling disgusted; feeling revolted; feeling repulsed,feeling disgusted; feeling revolted; feeling repulsed,neutral_centroid,neutral; ordinary; plain; average,placer,vocabulary,placer,2,0.7134537696838379,0.005080024711787701,False,False,False,0.6558181881904602,0.02435484668239951,0.0,0.0,1.0
arctic_embed_l_v2,Snowflake/snowflake-arctic-embed-l-v2.0,,en,place,place,disgust,identity,disgust,centroid_phrases,feeling disgusted; feeling revolted; feeling repulsed,feeling disgusted; feeling revolted; feeling repulsed,neutral_centroid,neutral; ordinary; plain; average,lieu,vocabulary,lieu,3,0.6811672449111938,-0.010840125381946564,False,False,False,0.6558181881904602,0.02435484668239951,0.0,0.0,1.0
arctic_embed_l_v2,Snowflake/snowflake-arctic-embed-l-v2.0,,en,place,place,disgust,identity,disgust,centroid_phrases,feeling disgusted; feeling revolted; feeling repulsed,feeling disgusted; feeling revolted; feeling repulsed,neutral_centroid,neutral; ordinary; plain; average,plaza,vocabulary,plaza,4,0.6574501991271973,-0.0033557824790477753,False,False,False,0.6558181881904602,0.02435484668239951,0.0,0.0,1.0
arctic_embed_l_v2,Snowflake/snowflake-arctic-embed-l-v2.0,,en,place,place,disgust,identity,disgust,centroid_phrases,feeling disgusted; feeling revolted; feeling repulsed,feeling disgusted; feeling revolted; feeling repulsed,neutral_centroid,neutral; ordinary; plain; average,piazza,vocabulary,piazza,5,0.6438893675804138,-0.011115657165646553,False,False,False,0.6558181881904602,0.02435484668239951,0.0,0.0,1.0
arctic_embed_l_v2,Snowflake/snowflake-arctic-embed-l-v2.0,,en,place,place,disgust,identity,disgust,centroid_phrases,feeling disgusted; feeling revolted; feeling repulsed,feeling disgusted; feeling revolted; feeling repulsed,neutral_centroid,neutral; ordinary; plain; average,placed,vocabulary,placed,6,0.6183696389198303,0.07127287238836288,False,False,False,0.6558181881904602,0.02435484668239951,0.0,0.0,1.0
arctic_embed_l_v2,Snowflake/snowflake-arctic-embed-l-v2.0,,en,place,place,disgust,identity,disgust,centroid_phrases,feeling disgusted; feeling revolted; feeling repulsed,feeling disgusted; feeling revolted; feeling repulsed,neutral_centroid,neutral; ordinary; plain; average,placing,vocabulary,placing,7,0.6077511310577393,0.04108527675271034,False,False,False,0.6558181881904602,0.02435484668239951,0.0,0.0,1.0
arctic_embed_l_v2,Snowflake/snowflake-arctic-embed-l-v2.0,,en,place,place,disgust,identity,disgust,centroid_phrases,feeling disgusted; feeling revolted; feeling repulsed,feeling disgusted; feeling revolted; feeling repulsed,neutral_centroid,neutral; ordinary; plain; average,location,vocabulary,location,8,0.6058411598205566,-0.006034785881638527,False,False,False,0.6558181881904602,0.02435484668239951,0.0,0.0,1.0
arctic_embed_l_v2,Snowflake/snowflake-arctic-embed-l-v2.0,,en,place,place,disgust,identity,disgust,centroid_phrases,feeling disgusted; feeling revolted; feeling repulsed,feeling disgusted; feeling revolted; feeling repulsed,neutral_centroid,neutral; ordinary; plain; average,someplace,vocabulary,someplace,9,0.5995919704437256,0.05142873525619507,False,False,False,0.6558181881904602,0.02435484668239951,0.0,0.0,1.0
arctic_embed_l_v2,Snowflake/snowflake-arctic-embed-l-v2.0,,en,place,place,disgust,identity,disgust,centroid_phrases,feeling disgusted; feeling revolted; feeling repulsed,feeling disgusted; feeling revolted; feeling repulsed,neutral_centroid,neutral; ordinary; plain; average,birthplace,vocabulary,birthplace,10,0.5953454971313477,0.05472120642662048,False,False,False,0.6558181881904602,0.02435484668239951,0.0,0.0,1.0
arctic_embed_l_v2,Snowflake/snowflake-arctic-embed-l-v2.0,,en,place,place,disgust,random,disgust,centroid_phrases,feeling disgusted; feeling revolted; feeling repulsed,feeling disgusted; feeling revolted; feeling repulsed,neutral_centroid,neutral; ordinary; plain; average,places,vocabulary,places,1,0.6083519458770752,0.05130670219659805,False,False,False,0.4809178292751312,0.02435484668239951,0.0,1.0,1.0
arctic_embed_l_v2,Snowflake/snowflake-arctic-embed-l-v2.0,,en,place,place,disgust,random,disgust,centroid_phrases,feeling disgusted; feeling revolted; feeling repulsed,feeling disgusted; feeling revolted; feeling repulsed,neutral_centroid,neutral; ordinary; plain; average,placer,vocabulary,placer,2,0.5267767310142517,0.005080024711787701,False,False,False,0.4809178292751312,0.02435484668239951,0.0,1.0,1.0
arctic_embed_l_v2,Snowflake/snowflake-arctic-embed-l-v2.0,,en,place,place,disgust,random,disgust,centroid_phrases,feeling disgusted; feeling revolted; feeling repulsed,feeling disgusted; feeling revolted; feeling repulsed,neutral_centroid,neutral; ordinary; plain; average,lieu,vocabulary,lieu,3,0.5208171606063843,-0.010840125381946564,False,False,False,0.4809178292751312,0.02435484668239951,0.0,1.0,1.0
arctic_embed_l_v2,Snowflake/snowflake-arctic-embed-l-v2.0,,en,place,place,disgust,random,disgust,centroid_phrases,feeling disgusted; feeling revolted; feeling repulsed,feeling disgusted; feeling revolted; feeling repulsed,neutral_centroid,neutral; ordinary; plain; average,location,vocabulary,location,4,0.4668208360671997,-0.006034785881638527,False,False,False,0.4809178292751312,0.02435484668239951,0.0,1.0,1.0
arctic_embed_l_v2,Snowflake/snowflake-arctic-embed-l-v2.0,,en,place,place,disgust,random,disgust,centroid_phrases,feeling disgusted; feeling revolted; feeling repulsed,feeling disgusted; feeling revolted; feeling repulsed,neutral_centroid,neutral; ordinary; plain; average,plaza,vocabulary,plaza,5,0.4532148540019989,-0.0033557824790477753,False,False,False,0.4809178292751312,0.02435484668239951,0.0,1.0,1.0
arctic_embed_l_v2,Snowflake/snowflake-arctic-embed-l-v2.0,,en,place,place,disgust,random,disgust,centroid_phrases,feeling disgusted; feeling revolted; feeling repulsed,feeling disgusted; feeling revolted; feeling repulsed,neutral_centroid,neutral; ordinary; plain; average,birthplace,vocabulary,birthplace,6,0.4521629810333252,0.05472120642662048,False,False,False,0.4809178292751312,0.02435484668239951,0.0,1.0,1.0
arctic_embed_l_v2,Snowflake/snowflake-arctic-embed-l-v2.0,,en,place,place,disgust,random,disgust,centroid_phrases,feeling disgusted; feeling revolted; feeling repulsed,feeling disgusted; feeling revolted; feeling repulsed,neutral_centroid,neutral; ordinary; plain; average,piazza,vocabulary,piazza,7,0.45187386870384216,-0.011115657165646553,False,False,False,0.4809178292751312,0.02435484668239951,0.0,1.0,1.0
arctic_embed_l_v2,Snowflake/snowflake-arctic-embed-l-v2.0,,en,place,place,disgust,random,disgust,centroid_phrases,feeling disgusted; feeling revolted; feeling repulsed,feeling disgusted; feeling revolted; feeling repulsed,neutral_centroid,neutral; ordinary; plain; average,placing,vocabulary,placing,8,0.44444483518600464,0.04108527675271034,False,False,False,0.4809178292751312,0.02435484668239951,0.0,1.0,1.0
arctic_embed_l_v2,Snowflake/snowflake-arctic-embed-l-v2.0,,en,place,place,disgust,random,disgust,centroid_phrases,feeling disgusted; feeling revolted; feeling repulsed,feeling disgusted; feeling revolted; feeling repulsed,neutral_centroid,neutral; ordinary; plain; average,placed,vocabulary,placed,9,0.4437207877635956,0.07127287238836288,False,False,False,0.4809178292751312,0.02435484668239951,0.0,1.0,1.0
arctic_embed_l_v2,Snowflake/snowflake-arctic-embed-l-v2.0,,en,place,place,disgust,random,disgust,centroid_phrases,feeling disgusted; feeling revolted; feeling repulsed,feeling disgusted; feeling revolted; feeling repulsed,neutral_centroid,neutral; ordinary; plain; average,someplace,vocabulary,someplace,10,0.4409942924976349,0.05142873525619507,False,False,False,0.4809178292751312,0.02435484668239951,0.0,1.0,1.0
arctic_embed_l_v2,Snowflake/snowflake-arctic-embed-l-v2.0,,en,place,place,disgust,shuffled_emotion,joy,centroid_phrases,feeling disgusted; feeling revolted; feeling repulsed,feeling joyful; feeling happy; feeling delighted,neutral_centroid,neutral; ordinary; plain; average,places,vocabulary,places,1,0.601244330406189,0.05130670219659805,False,False,False,0.4508784532546997,0.17203232599422336,0.0,1.0387924909591675,1.0
arctic_embed_l_v2,Snowflake/snowflake-arctic-embed-l-v2.0,,en,place,place,disgust,shuffled_emotion,joy,centroid_phrases,feeling disgusted; feeling revolted; feeling repulsed,feeling joyful; feeling happy; feeling delighted,neutral_centroid,neutral; ordinary; plain; average,feeling,vocabulary,feeling,2,0.48403429985046387,0.43534135818481445,False,False,False,0.4508784532546997,0.17203232599422336,0.0,1.0387924909591675,1.0
arctic_embed_l_v2,Snowflake/snowflake-arctic-embed-l-v2.0,,en,place,place,disgust,shuffled_emotion,joy,centroid_phrases,feeling disgusted; feeling revolted; feeling repulsed,feeling joyful; feeling happy; feeling delighted,neutral_centroid,neutral; ordinary; plain; average,placer,vocabulary,placer,3,0.4513174295425415,0.005080024711787701,False,False,False,0.4508784532546997,0.17203232599422336,0.0,1.0387924909591675,1.0
arctic_embed_l_v2,Snowflake/snowflake-arctic-embed-l-v2.0,,en,place,place,disgust,shuffled_emotion,joy,centroid_phrases,feeling disgusted; feeling revolted; feeling repulsed,feeling joyful; feeling happy; feeling delighted,neutral_centroid,neutral; ordinary; plain; average,feel,vocabulary,feel,4,0.4419223964214325,0.37563908100128174,False,False,False,0.4508784532546997,0.17203232599422336,0.0,1.0387924909591675,1.0
arctic_embed_l_v2,Snowflake/snowflake-arctic-embed-l-v2.0,,en,place,place,disgust,shuffled_emotion,joy,centroid_phrases,feeling disgusted; feeling revolted; feeling repulsed,feeling joyful; feeling happy; feeling delighted,neutral_centroid,neutral; ordinary; plain; average,rejoicing,vocabulary,rejoicing,5,0.427284836769104,0.19156453013420105,False,False,False,0.4508784532546997,0.17203232599422336,0.0,1.0387924909591675,1.0
arctic_embed_l_v2,Snowflake/snowflake-arctic-embed-l-v2.0,,en,place,place,disgust,shuffled_emotion,joy,centroid_phrases,feeling disgusted; feeling revolted; feeling repulsed,feeling joyful; feeling happy; feeling delighted,neutral_centroid,neutral; ordinary; plain; average,placing,vocabulary,placing,6,0.4239727258682251,0.04108527675271034,False,False,False,0.4508784532546997,0.17203232599422336,0.0,1.0387924909591675,1.0
arctic_embed_l_v2,Snowflake/snowflake-arctic-embed-l-v2.0,,en,place,place,disgust,shuffled_emotion,joy,centroid_phrases,feeling disgusted; feeling revolted; feeling repulsed,feeling joyful; feeling happy; feeling delighted,neutral_centroid,neutral; ordinary; plain; average,happiness,vocabulary,happiness,7,0.4229610562324524,0.12089239060878754,False,False,False,0.4508784532546997,0.17203232599422336,0.0,1.0387924909591675,1.0
arctic_embed_l_v2,Snowflake/snowflake-arctic-embed-l-v2.0,,en,place,place,disgust,shuffled_emotion,joy,centroid_phrases,feeling disgusted; feeling revolted; feeling repulsed,feeling joyful; feeling happy; feeling delighted,neutral_centroid,neutral; ordinary; plain; average,pleasure,vocabulary,pleasure,8,0.4217183589935303,0.133206307888031,False,False,False,0.4508784532546997,0.17203232599422336,0.0,1.0387924909591675,1.0
arctic_embed_l_v2,Snowflake/snowflake-arctic-embed-l-v2.0,,en,place,place,disgust,shuffled_emotion,joy,centroid_phrases,feeling disgusted; feeling revolted; feeling repulsed,feeling joyful; feeling happy; feeling delighted,neutral_centroid,neutral; ordinary; plain; average,feelings,vocabulary,feelings,9,0.41997677087783813,0.36956337094306946,False,False,False,0.4508784532546997,0.17203232599422336,0.0,1.0387924909591675,1.0
arctic_embed_l_v2,Snowflake/snowflake-arctic-embed-l-v2.0,,en,place,place,disgust,shuffled_emotion,joy,centroid_phrases,feeling disgusted; feeling revolted; feeling repulsed,feeling joyful; feeling happy; feeling delighted,neutral_centroid,neutral; ordinary; plain; average,plaza,vocabulary,plaza,10,0.41435232758522034,-0.0033557824790477753,False,False,False,0.4508784532546997,0.17203232599422336,0.0,1.0387924909591675,1.0
arctic_embed_l_v2,Snowflake/snowflake-arctic-embed-l-v2.0,,en,place,place,joy,emotion,joy,centroid_phrases,feeling joyful; feeling happy; feeling delighted,feeling joyful; feeling happy; feeling delighted,neutral_centroid,neutral; ordinary; plain; average,places,vocabulary,places,1,0.601244330406189,0.0621170736849308,False,False,False,0.4508784532546997,0.2181207025423646,0.0,1.0387924909591675,1.0
arctic_embed_l_v2,Snowflake/snowflake-arctic-embed-l-v2.0,,en,place,place,joy,emotion,joy,centroid_phrases,feeling joyful; feeling happy; feeling delighted,feeling joyful; feeling happy; feeling delighted,neutral_centroid,neutral; ordinary; plain; average,feeling,vocabulary,feeling,2,0.48403429985046387,0.4742664694786072,False,False,False,0.4508784532546997,0.2181207025423646,0.0,1.0387924909591675,1.0
arctic_embed_l_v2,Snowflake/snowflake-arctic-embed-l-v2.0,,en,place,place,joy,emotion,joy,centroid_phrases,feeling joyful; feeling happy; feeling delighted,feeling joyful; feeling happy; feeling delighted,neutral_centroid,neutral; ordinary; plain; average,placer,vocabulary,placer,3,0.4513174295425415,-0.022884713485836983,False,False,False,0.4508784532546997,0.2181207025423646,0.0,1.0387924909591675,1.0
arctic_embed_l_v2,Snowflake/snowflake-arctic-embed-l-v2.0,,en,place,place,joy,emotion,joy,centroid_phrases,feeling joyful; feeling happy; feeling delighted,feeling joyful; feeling happy; feeling delighted,neutral_centroid,neutral; ordinary; plain; average,feel,vocabulary,feel,4,0.4419223964214325,0.35763034224510193,False,False,False,0.4508784532546997,0.2181207025423646,0.0,1.0387924909591675,1.0
arctic_embed_l_v2,Snowflake/snowflake-arctic-embed-l-v2.0,,en,place,place,joy,emotion,joy,centroid_phrases,feeling joyful; feeling happy; feeling delighted,feeling joyful; feeling happy; feeling delighted,neutral_centroid,neutral; ordinary; plain; average,rejoicing,vocabulary,rejoicing,5,0.427284836769104,0.32251399755477905,False,False,False,0.4508784532546997,0.2181207025423646,0.0,1.0387924909591675,1.0
arctic_embed_l_v2,Snowflake/snowflake-arctic-embed-l-v2.0,,en,place,place,joy,emotion,joy,centroid_phrases,feeling joyful; feeling happy; feeling delighted,feeling joyful; feeling happy; feeling delighted,neutral_centroid,neutral; ordinary; plain; average,placing,vocabulary,placing,6,0.4239727258682251,0.04197027534246445,False,False,False,0.4508784532546997,0.2181207025423646,0.0,1.0387924909591675,1.0
arctic_embed_l_v2,Snowflake/snowflake-arctic-embed-l-v2.0,,en,place,place,joy,emotion,joy,centroid_phrases,feeling joyful; feeling happy; feeling delighted,feeling joyful; feeling happy; feeling delighted,neutral_centroid,neutral; ordinary; plain; average,happiness,vocabulary,happiness,7,0.4229610562324524,0.36314377188682556,False,False,False,0.4508784532546997,0.2181207025423646,0.0,1.0387924909591675,1.0
arctic_embed_l_v2,Snowflake/snowflake-arctic-embed-l-v2.0,,en,place,place,joy,emotion,joy,centroid_phrases,feeling joyful; feeling happy; feeling delighted,feeling joyful; feeling happy; feeling delighted,neutral_centroid,neutral; ordinary; plain; average,pleasure,vocabulary,pleasure,8,0.4217183589935303,0.21066449582576752,False,False,False,0.4508784532546997,0.2181207025423646,0.0,1.0387924909591675,1.0
arctic_embed_l_v2,Snowflake/snowflake-arctic-embed-l-v2.0,,en,place,place,joy,emotion,joy,centroid_phrases,feeling joyful; feeling happy; feeling delighted,feeling joyful; feeling happy; feeling delighted,neutral_centroid,neutral; ordinary; plain; average,feelings,vocabulary,feelings,9,0.41997677087783813,0.39064037799835205,False,False,False,0.4508784532546997,0.2181207025423646,0.0,1.0387924909591675,1.0
arctic_embed_l_v2,Snowflake/snowflake-arctic-embed-l-v2.0,,en,place,place,joy,emotion,joy,centroid_phrases,feeling joyful; feeling happy; feeling delighted,feeling joyful; feeling happy; feeling delighted,neutral_centroid,neutral; ordinary; plain; average,plaza,vocabulary,plaza,10,0.41435232758522034,-0.01885506510734558,False,False,False,0.4508784532546997,0.2181207025423646,0.0,1.0387924909591675,1.0
arctic_embed_l_v2,Snowflake/snowflake-arctic-embed-l-v2.0,,en,place,place,joy,identity,joy,centroid_phrases,feeling joyful; feeling happy; feeling delighted,feeling joyful; feeling happy; feeling delighted,neutral_centroid,neutral; ordinary; plain; average,places,vocabulary,places,1,0.8353219032287598,0.0621170736849308,False,False,False,0.6558181881904602,0.0003415010869503021,0.0,0.0,1.0
arctic_embed_l_v2,Snowflake/snowflake-arctic-embed-l-v2.0,,en,place,place,joy,identity,joy,centroid_phrases,feeling joyful; feeling happy; feeling delighted,feeling joyful; feeling happy; feeling delighted,neutral_centroid,neutral; ordinary; plain; average,placer,vocabulary,placer,2,0.7134537696838379,-0.022884713485836983,False,False,False,0.6558181881904602,0.0003415010869503021,0.0,0.0,1.0
arctic_embed_l_v2,Snowflake/snowflake-arctic-embed-l-v2.0,,en,place,place,joy,identity,joy,centroid_phrases,feeling joyful; feeling happy; feeling delighted,feeling joyful; feeling happy; feeling delighted,neutral_centroid,neutral; ordinary; plain; average,lieu,vocabulary,lieu,3,0.6811672449111938,-0.0535597987473011,False,False,False,0.6558181881904602,0.0003415010869503021,0.0,0.0,1.0
arctic_embed_l_v2,Snowflake/snowflake-arctic-embed-l-v2.0,,en,place,place,joy,identity,joy,centroid_phrases,feeling joyful; feeling happy; feeling delighted,feeling joyful; feeling happy; feeling delighted,neutral_centroid,neutral; ordinary; plain; average,plaza,vocabulary,plaza,4,0.6574501991271973,-0.01885506510734558,False,False,False,0.6558181881904602,0.0003415010869503021,0.0,0.0,1.0
arctic_embed_l_v2,Snowflake/snowflake-arctic-embed-l-v2.0,,en,place,place,joy,identity,joy,centroid_phrases,feeling joyful; feeling happy; feeling delighted,feeling joyful; feeling happy; feeling delighted,neutral_centroid,neutral; ordinary; plain; average,piazza,vocabulary,piazza,5,0.6438893675804138,-0.019377315416932106,False,False,False,0.6558181881904602,0.0003415010869503021,0.0,0.0,1.0
arctic_embed_l_v2,Snowflake/snowflake-arctic-embed-l-v2.0,,en,place,place,joy,identity,joy,centroid_phrases,feeling joyful; feeling happy; feeling delighted,feeling joyful; feeling happy; feeling delighted,neutral_centroid,neutral; ordinary; plain; average,placed,vocabulary,placed,6,0.6183696389198303,0.013646408915519714,False,False,False,0.6558181881904602,0.0003415010869503021,0.0,0.0,1.0
arctic_embed_l_v2,Snowflake/snowflake-arctic-embed-l-v2.0,,en,place,place,joy,identity,joy,centroid_phrases,feeling joyful; feeling happy; feeling delighted,feeling joyful; feeling happy; feeling delighted,neutral_centroid,neutral; ordinary; plain; average,placing,vocabulary,placing,7,0.6077511310577393,0.04197027534246445,False,False,False,0.6558181881904602,0.0003415010869503021,0.0,0.0,1.0
arctic_embed_l_v2,Snowflake/snowflake-arctic-embed-l-v2.0,,en,place,place,joy,identity,joy,centroid_phrases,feeling joyful; feeling happy; feeling delighted,feeling joyful; feeling happy; feeling delighted,neutral_centroid,neutral; ordinary; plain; average,location,vocabulary,location,8,0.6058411598205566,-0.028077401220798492,False,False,False,0.6558181881904602,0.0003415010869503021,0.0,0.0,1.0
arctic_embed_l_v2,Snowflake/snowflake-arctic-embed-l-v2.0,,en,place,place,joy,identity,joy,centroid_phrases,feeling joyful; feeling happy; feeling delighted,feeling joyful; feeling happy; feeling delighted,neutral_centroid,neutral; ordinary; plain; average,someplace,vocabulary,someplace,9,0.5995919704437256,0.00981956347823143,False,False,False,0.6558181881904602,0.0003415010869503021,0.0,0.0,1.0
arctic_embed_l_v2,Snowflake/snowflake-arctic-embed-l-v2.0,,en,place,place,joy,identity,joy,centroid_phrases,feeling joyful; feeling happy; feeling delighted,feeling joyful; feeling happy; feeling delighted,neutral_centroid,neutral; ordinary; plain; average,birthplace,vocabulary,birthplace,10,0.5953454971313477,0.018615983426570892,False,False,False,0.6558181881904602,0.0003415010869503021,0.0,0.0,1.0
arctic_embed_l_v2,Snowflake/snowflake-arctic-embed-l-v2.0,,en,place,place,joy,random,joy,centroid_phrases,feeling joyful; feeling happy; feeling delighted,feeling joyful; feeling happy; feeling delighted,neutral_centroid,neutral; ordinary; plain; average,places,vocabulary,places,1,0.5969605445861816,0.0621170736849308,False,False,False,0.4851650297641754,0.001224597916007042,0.0,1.0,0.9999999403953552
arctic_embed_l_v2,Snowflake/snowflake-arctic-embed-l-v2.0,,en,place,place,joy,random,joy,centroid_phrases,feeling joyful; feeling happy; feeling delighted,feeling joyful; feeling happy; feeling delighted,neutral_centroid,neutral; ordinary; plain; average,lieu,vocabulary,lieu,2,0.5146986246109009,-0.0535597987473011,False,False,False,0.4851650297641754,0.001224597916007042,0.0,1.0,0.9999999403953552
arctic_embed_l_v2,Snowflake/snowflake-arctic-embed-l-v2.0,,en,place,place,joy,random,joy,centroid_phrases,feeling joyful; feeling happy; feeling delighted,feeling joyful; feeling happy; feeling delighted,neutral_centroid,neutral; ordinary; plain; average,placer,vocabulary,placer,3,0.5073537230491638,-0.022884713485836983,False,False,False,0.4851650297641754,0.001224597916007042,0.0,1.0,0.9999999403953552
arctic_embed_l_v2,Snowflake/snowflake-arctic-embed-l-v2.0,,en,place,place,joy,random,joy,centroid_phrases,feeling joyful; feeling happy; feeling delighted,feeling joyful; feeling happy; feeling delighted,neutral_centroid,neutral; ordinary; plain; average,piazza,vocabulary,piazza,4,0.4775356650352478,-0.019377315416932106,False,False,False,0.4851650297641754,0.001224597916007042,0.0,1.0,0.9999999403953552
arctic_embed_l_v2,Snowflake/snowflake-arctic-embed-l-v2.0,,en,place,place,joy,random,joy,centroid_phrases,feeling joyful; feeling happy; feeling delighted,feeling joyful; feeling happy; feeling delighted,neutral_centroid,neutral; ordinary; plain; average,plaza,vocabulary,plaza,5,0.4750589430332184,-0.01885506510734558,False,False,False,0.4851650297641754,0.001224597916007042,0.0,1.0,0.9999999403953552
arctic_embed_l_v2,Snowflake/snowflake-arctic-embed-l-v2.0,,en,place,place,joy,random,joy,centroid_phrases,feeling joyful; feeling happy; feeling delighted,feeling joyful; feeling happy; feeling delighted,neutral_centroid,neutral; ordinary; plain; average,birthplace,vocabulary,birthplace,6,0.470857173204422,0.018615983426570892,False,False,False,0.4851650297641754,0.001224597916007042,0.0,1.0,0.9999999403953552
arctic_embed_l_v2,Snowflake/snowflake-arctic-embed-l-v2.0,,en,place,place,joy,random,joy,centroid_phrases,feeling joyful; feeling happy; feeling delighted,feeling joyful; feeling happy; feeling delighted,neutral_centroid,neutral; ordinary; plain; average,location,vocabulary,location,7,0.4626431465148926,-0.028077401220798492,False,False,False,0.4851650297641754,0.001224597916007042,0.0,1.0,0.9999999403953552
arctic_embed_l_v2,Snowflake/snowflake-arctic-embed-l-v2.0,,en,place,place,joy,random,joy,centroid_phrases,feeling joyful; feeling happy; feeling delighted,feeling joyful; feeling happy; feeling delighted,neutral_centroid,neutral; ordinary; plain; average,someplace,vocabulary,someplace,8,0.45501136779785156,0.00981956347823143,False,False,False,0.4851650297641754,0.001224597916007042,0.0,1.0,0.9999999403953552
arctic_embed_l_v2,Snowflake/snowflake-arctic-embed-l-v2.0,,en,place,place,joy,random,joy,centroid_phrases,feeling joyful; feeling happy; feeling delighted,feeling joyful; feeling happy; feeling delighted,neutral_centroid,neutral; ordinary; plain; average,locations,vocabulary,locations,9,0.4505472183227539,0.022477377206087112,False,False,False,0.4851650297641754,0.001224597916007042,0.0,1.0,0.9999999403953552
arctic_embed_l_v2,Snowflake/snowflake-arctic-embed-l-v2.0,,en,place,place,joy,random,joy,centroid_phrases,feeling joyful; feeling happy; feeling delighted,feeling joyful; feeling happy; feeling delighted,neutral_centroid,neutral; ordinary; plain; average,placing,vocabulary,placing,10,0.4409838914871216,0.04197027534246445,False,False,False,0.4851650297641754,0.001224597916007042,0.0,1.0,0.9999999403953552
arctic_embed_l_v2,Snowflake/snowflake-arctic-embed-l-v2.0,,en,place,place,joy,shuffled_emotion,anger,centroid_phrases,feeling joyful; feeling happy; feeling delighted,feeling angry; feeling enraged; feeling irritated,neutral_centroid,neutral; ordinary; plain; average,places,vocabulary,places,1,0.532459020614624,0.0621170736849308,False,False,False,0.4015685498714447,0.12547909338027238,0.0,1.099473476409912,0.9999999403953552
arctic_embed_l_v2,Snowflake/snowflake-arctic-embed-l-v2.0,,en,place,place,joy,shuffled_emotion,anger,centroid_phrases,feeling joyful; feeling happy; feeling delighted,feeling angry; feeling enraged; feeling irritated,neutral_centroid,neutral; ordinary; plain; average,feeling,vocabulary,feeling,2,0.46337956190109253,0.4742664694786072,False,False,False,0.4015685498714447,0.12547909338027238,0.0,1.099473476409912,0.9999999403953552
arctic_embed_l_v2,Snowflake/snowflake-arctic-embed-l-v2.0,,en,place,place,joy,shuffled_emotion,anger,centroid_phrases,feeling joyful; feeling happy; feeling delighted,feeling angry; feeling enraged; feeling irritated,neutral_centroid,neutral; ordinary; plain; average,feel,vocabulary,feel,3,0.4159698486328125,0.35763034224510193,False,False,False,0.4015685498714447,0.12547909338027238,0.0,1.099473476409912,0.9999999403953552
arctic_embed_l_v2,Snowflake/snowflake-arctic-embed-l-v2.0,,en,place,place,joy,shuffled_emotion,anger,centroid_phrases,feeling joyful; feeling happy; feeling delighted,feeling angry; feeling enraged; feeling irritated,neutral_centroid,neutral; ordinary; plain; average,feelings,vocabulary,feelings,4,0.4100559651851654,0.39064037799835205,False,False,False,0.4015685498714447,0.12547909338027238,0.0,1.099473476409912,0.9999999403953552
arctic_embed_l_v2,Snowflake/snowflake-arctic-embed-l-v2.0,,en,place,place,joy,shuffled_emotion,anger,centroid_phrases,feeling joyful; feeling happy; feeling delighted,feeling angry; feeling enraged; feeling irritated,neutral_centroid,neutral; ordinary; plain; average,placer,vocabulary,placer,5,0.38524311780929565,-0.022884713485836983,False,False,False,0.4015685498714447,0.12547909338027238,0.0,1.099473476409912,0.9999999403953552
arctic_embed_l_v2,Snowflake/snowflake-arctic-embed-l-v2.0,,en,place,place,joy,shuffled_emotion,anger,centroid_phrases,feeling joyful; feeling happy; feeling delighted,feeling angry; feeling enraged; feeling irritated,neutral_centroid,neutral; ordinary; plain; average,placing,vocabulary,placing,6,0.3784484267234802,0.04197027534246445,False,False,False,0.4015685498714447,0.12547909338027238,0.0,1.099473476409912,0.9999999403953552
arctic_embed_l_v2,Snowflake/snowflake-arctic-embed-l-v2.0,,en,place,place,joy,shuffled_emotion,anger,centroid_phrases,feeling joyful; feeling happy; feeling delighted,feeling angry; feeling enraged; feeling irritated,neutral_centroid,neutral; ordinary; plain; average,plaza,vocabulary,plaza,7,0.3611203730106354,-0.01885506510734558,False,False,False,0.4015685498714447,0.12547909338027238,0.0,1.099473476409912,0.9999999403953552
arctic_embed_l_v2,Snowflake/snowflake-arctic-embed-l-v2.0,,en,place,place,joy,shuffled_emotion,anger,centroid_phrases,feeling joyful; feeling happy; feeling delighted,feeling angry; feeling enraged; feeling irritated,neutral_centroid,neutral; ordinary; plain; average,lieu,vocabulary,lieu,8,0.35918402671813965,-0.0535597987473011,False,False,False,0.4015685498714447,0.12547909338027238,0.0,1.099473476409912,0.9999999403953552
arctic_embed_l_v2,Snowflake/snowflake-arctic-embed-l-v2.0,,en,place,place,joy,shuffled_emotion,anger,centroid_phrases,feeling joyful; feeling happy; feeling delighted,feeling angry; feeling enraged; feeling irritated,neutral_centroid,neutral; ordinary; plain; average,placed,vocabulary,placed,9,0.35623103380203247,0.013646408915519714,False,False,False,0.4015685498714447,0.12547909338027238,0.0,1.099473476409912,0.9999999403953552
arctic_embed_l_v2,Snowflake/snowflake-arctic-embed-l-v2.0,,en,place,place,joy,shuffled_emotion,anger,centroid_phrases,feeling joyful; feeling happy; feeling delighted,feeling angry; feeling enraged; feeling irritated,neutral_centroid,neutral; ordinary; plain; average,someplace,vocabulary,someplace,10,0.3535941243171692,0.00981956347823143,False,False,False,0.4015685498714447,0.12547909338027238,0.0,1.099473476409912,0.9999999403953552
arctic_embed_l_v2,Snowflake/snowflake-arctic-embed-l-v2.0,,en,place,place,anger,emotion,anger,centroid_phrases,feeling angry; feeling enraged; feeling irritated,feeling angry; feeling enraged; feeling irritated,neutral_centroid,neutral; ordinary; plain; average,places,vocabulary,places,1,0.532459020614624,0.06369542330503464,False,False,False,0.4015685498714447,0.16144008841365576,0.0,1.099473476409912,0.9999999403953552
arctic_embed_l_v2,Snowflake/snowflake-arctic-embed-l-v2.0,,en,place,place,anger,emotion,anger,centroid_phrases,feeling angry; feeling enraged; feeling irritated,feeling angry; feeling enraged; feeling irritated,neutral_centroid,neutral; ordinary; plain; average,feeling,vocabulary,feeling,2,0.46337956190109253,0.5172099471092224,False,False,False,0.4015685498714447,0.16144008841365576,0.0,1.099473476409912,0.9999999403953552
arctic_embed_l_v2,Snowflake/snowflake-arctic-embed-l-v2.0,,en,place,place,anger,emotion,anger,centroid_phrases,feeling angry; feeling enraged; feeling irritated,feeling angry; feeling enraged; feeling irritated,neutral_centroid,neutral; ordinary; plain; average,feel,vocabulary,feel,3,0.4159698486328125,0.4021417796611786,False,False,False,0.4015685498714447,0.16144008841365576,0.0,1.099473476409912,0.9999999403953552
arctic_embed_l_v2,Snowflake/snowflake-arctic-embed-l-v2.0,,en,place,place,anger,emotion,anger,centroid_phrases,feeling angry; feeling enraged; feeling irritated,feeling angry; feeling enraged; feeling irritated,neutral_centroid,neutral; ordinary; plain; average,feelings,vocabulary,feelings,4,0.4100559651851654,0.4540051519870758,False,False,False,0.4015685498714447,0.16144008841365576,0.0,1.099473476409912,0.9999999403953552
arctic_embed_l_v2,Snowflake/snowflake-arctic-embed-l-v2.0,,en,place,place,anger,emotion,anger,centroid_phrases,feeling angry; feeling enraged; feeling irritated,feeling angry; feeling enraged; feeling irritated,neutral_centroid,neutral; ordinary; plain; average,placer,vocabulary,placer,5,0.38524311780929565,-0.007304627448320389,False,False,False,0.4015685498714447,0.16144008841365576,0.0,1.099473476409912,0.9999999403953552
arctic_embed_l_v2,Snowflake/snowflake-arctic-embed-l-v2.0,,en,place,place,anger,emotion,anger,centroid_phrases,feeling angry; feeling enraged; feeling irritated,feeling angry; feeling enraged; feeling irritated,neutral_centroid,neutral; ordinary; plain; average,placing,vocabulary,placing,6,0.3784484267234802,0.08044180274009705,False,False,False,0.4015685498714447,0.16144008841365576,0.0,1.099473476409912,0.9999999403953552
arctic_embed_l_v2,Snowflake/snowflake-arctic-embed-l-v2.0,,en,place,place,anger,emotion,anger,centroid_phrases,feeling angry; feeling enraged; feeling irritated,feeling angry; feeling enraged; feeling irritated,neutral_centroid,neutral; ordinary; plain; average,plaza,vocabulary,plaza,7,0.3611203730106354,0.013835504651069641,False,False,False,0.4015685498714447,0.16144008841365576,0.0,1.099473476409912,0.9999999403953552
arctic_embed_l_v2,Snowflake/snowflake-arctic-embed-l-v2.0,,en,place,place,anger,emotion,anger,centroid_phrases,feeling angry; feeling enraged; feeling irritated,feeling angry; feeling enraged; feeling irritated,neutral_centroid,neutral; ordinary; plain; average,lieu,vocabulary,lieu,8,0.35918402671813965,-0.010127617046236992,False,False,False,0.4015685498714447,0.16144008841365576,0.0,1.099473476409912,0.9999999403953552
arctic_embed_l_v2,Snowflake/snowflake-arctic-embed-l-v2.0,,en,place,place,anger,emotion,anger,centroid_phrases,feeling angry; feeling enraged; feeling irritated,feeling angry; feeling enraged; feeling irritated,neutral_centroid,neutral; ordinary; plain; average,placed,vocabulary,placed,9,0.35623103380203247,0.043340928852558136,False,False,False,0.4015685498714447,0.16144008841365576,0.0,1.099473476409912,0.9999999403953552
arctic_embed_l_v2,Snowflake/snowflake-arctic-embed-l-v2.0,,en,place,place,anger,emotion,anger,centroid_phrases,feeling angry; feeling enraged; feeling irritated,feeling angry; feeling enraged; feeling irritated,neutral_centroid,neutral; ordinary; plain; average,someplace,vocabulary,someplace,10,0.3535941243171692,0.05716259032487869,False,False,False,0.4015685498714447,0.16144008841365576,0.0,1.099473476409912,0.9999999403953552
arctic_embed_l_v2,Snowflake/snowflake-arctic-embed-l-v2.0,,en,place,place,anger,identity,anger,centroid_phrases,feeling angry; feeling enraged; feeling irritated,feeling angry; feeling enraged; feeling irritated,neutral_centroid,neutral; ordinary; plain; average,places,vocabulary,places,1,0.8353219032287598,0.06369542330503464,False,False,False,0.6558181881904602,0.02994347931817174,0.0,0.0,1.0
arctic_embed_l_v2,Snowflake/snowflake-arctic-embed-l-v2.0,,en,place,place,anger,identity,anger,centroid_phrases,feeling angry; feeling enraged; feeling irritated,feeling angry; feeling enraged; feeling irritated,neutral_centroid,neutral; ordinary; plain; average,placer,vocabulary,placer,2,0.7134537696838379,-0.007304627448320389,False,False,False,0.6558181881904602,0.02994347931817174,0.0,0.0,1.0
arctic_embed_l_v2,Snowflake/snowflake-arctic-embed-l-v2.0,,en,place,place,anger,identity,anger,centroid_phrases,feeling angry; feeling enraged; feeling irritated,feeling angry; feeling enraged; feeling irritated,neutral_centroid,neutral; ordinary; plain; average,lieu,vocabulary,lieu,3,0.6811672449111938,-0.010127617046236992,False,False,False,0.6558181881904602,0.02994347931817174,0.0,0.0,1.0
arctic_embed_l_v2,Snowflake/snowflake-arctic-embed-l-v2.0,,en,place,place,anger,identity,anger,centroid_phrases,feeling angry; feeling enraged; feeling irritated,feeling angry; feeling enraged; feeling irritated,neutral_centroid,neutral; ordinary; plain; average,plaza,vocabulary,plaza,4,0.6574501991271973,0.013835504651069641,False,False,False,0.6558181881904602,0.02994347931817174,0.0,0.0,1.0
arctic_embed_l_v2,Snowflake/snowflake-arctic-embed-l-v2.0,,en,place,place,anger,identity,anger,centroid_phrases,feeling angry; feeling enraged; feeling irritated,feeling angry; feeling enraged; feeling irritated,neutral_centroid,neutral; ordinary; plain; average,piazza,vocabulary,piazza,5,0.6438893675804138,0.006437091156840324,False,False,False,0.6558181881904602,0.02994347931817174,0.0,0.0,1.0
arctic_embed_l_v2,Snowflake/snowflake-arctic-embed-l-v2.0,,en,place,place,anger,identity,anger,centroid_phrases,feeling angry; feeling enraged; feeling irritated,feeling angry; feeling enraged; feeling irritated,neutral_centroid,neutral; ordinary; plain; average,placed,vocabulary,placed,6,0.6183696389198303,0.043340928852558136,False,False,False,0.6558181881904602,0.02994347931817174,0.0,0.0,1.0
arctic_embed_l_v2,Snowflake/snowflake-arctic-embed-l-v2.0,,en,place,place,anger,identity,anger,centroid_phrases,feeling angry; feeling enraged; feeling irritated,feeling angry; feeling enraged; feeling irritated,neutral_centroid,neutral; ordinary; plain; average,placing,vocabulary,placing,7,0.6077511310577393,0.08044180274009705,False,False,False,0.6558181881904602,0.02994347931817174,0.0,0.0,1.0
arctic_embed_l_v2,Snowflake/snowflake-arctic-embed-l-v2.0,,en,place,place,anger,identity,anger,centroid_phrases,feeling angry; feeling enraged; feeling irritated,feeling angry; feeling enraged; feeling irritated,neutral_centroid,neutral; ordinary; plain; average,location,vocabulary,location,8,0.6058411598205566,0.012702074833214283,False,False,False,0.6558181881904602,0.02994347931817174,0.0,0.0,1.0
arctic_embed_l_v2,Snowflake/snowflake-arctic-embed-l-v2.0,,en,place,place,anger,identity,anger,centroid_phrases,feeling angry; feeling enraged; feeling irritated,feeling angry; feeling enraged; feeling irritated,neutral_centroid,neutral; ordinary; plain; average,someplace,vocabulary,someplace,9,0.5995919704437256,0.05716259032487869,False,False,False,0.6558181881904602,0.02994347931817174,0.0,0.0,1.0
arctic_embed_l_v2,Snowflake/snowflake-arctic-embed-l-v2.0,,en,place,place,anger,identity,anger,centroid_phrases,feeling angry; feeling enraged; feeling irritated,feeling angry; feeling enraged; feeling irritated,neutral_centroid,neutral; ordinary; plain; average,birthplace,vocabulary,birthplace,10,0.5953454971313477,0.039251621812582016,False,False,False,0.6558181881904602,0.02994347931817174,0.0,0.0,1.0
arctic_embed_l_v2,Snowflake/snowflake-arctic-embed-l-v2.0,,en,place,place,anger,random,anger,centroid_phrases,feeling angry; feeling enraged; feeling irritated,feeling angry; feeling enraged; feeling irritated,neutral_centroid,neutral; ordinary; plain; average,places,vocabulary,places,1,0.5963230133056641,0.06369542330503464,False,False,False,0.471073579788208,0.018381814658641814,0.0,1.0,1.0
arctic_embed_l_v2,Snowflake/snowflake-arctic-embed-l-v2.0,,en,place,place,anger,random,anger,centroid_phrases,feeling angry; feeling enraged; feeling irritated,feeling angry; feeling enraged; feeling irritated,neutral_centroid,neutral; ordinary; plain; average,placer,vocabulary,placer,2,0.4898059666156769,-0.007304627448320389,False,False,False,0.471073579788208,0.018381814658641814,0.0,1.0,1.0
arctic_embed_l_v2,Snowflake/snowflake-arctic-embed-l-v2.0,,en,place,place,anger,random,anger,centroid_phrases,feeling angry; feeling enraged; feeling irritated,feeling angry; feeling enraged; feeling irritated,neutral_centroid,neutral; ordinary; plain; average,lieu,vocabulary,lieu,3,0.4883309304714203,-0.010127617046236992,False,False,False,0.471073579788208,0.018381814658641814,0.0,1.0,1.0
arctic_embed_l_v2,Snowflake/snowflake-arctic-embed-l-v2.0,,en,place,place,anger,random,anger,centroid_phrases,feeling angry; feeling enraged; feeling irritated,feeling angry; feeling enraged; feeling irritated,neutral_centroid,neutral; ordinary; plain; average,plaza,vocabulary,plaza,4,0.470167875289917,0.013835504651069641,False,False,False,0.471073579788208,0.018381814658641814,0.0,1.0,1.0
arctic_embed_l_v2,Snowflake/snowflake-arctic-embed-l-v2.0,,en,place,place,anger,random,anger,centroid_phrases,feeling angry; feeling enraged; feeling irritated,feeling angry; feeling enraged; feeling irritated,neutral_centroid,neutral; ordinary; plain; average,piazza,vocabulary,piazza,5,0.45536869764328003,0.006437091156840324,False,False,False,0.471073579788208,0.018381814658641814,0.0,1.0,1.0
arctic_embed_l_v2,Snowflake/snowflake-arctic-embed-l-v2.0,,en,place,place,anger,random,anger,centroid_phrases,feeling angry; feeling enraged; feeling irritated,feeling angry; feeling enraged; feeling irritated,neutral_centroid,neutral; ordinary; plain; average,placing,vocabulary,placing,6,0.4487941265106201,0.08044180274009705,False,False,False,0.471073579788208,0.018381814658641814,0.0,1.0,1.0
arctic_embed_l_v2,Snowflake/snowflake-arctic-embed-l-v2.0,,en,place,place,anger,random,anger,centroid_phrases,feeling angry; feeling enraged; feeling irritated,feeling angry; feeling enraged; feeling irritated,neutral_centroid,neutral; ordinary; plain; average,someplace,vocabulary,someplace,7,0.44841268658638,0.05716259032487869,False,False,False,0.471073579788208,0.018381814658641814,0.0,1.0,1.0
arctic_embed_l_v2,Snowflake/snowflake-arctic-embed-l-v2.0,,en,place,place,anger,random,anger,centroid_phrases,feeling angry; feeling enraged; feeling irritated,feeling angry; feeling enraged; feeling irritated,neutral_centroid,neutral; ordinary; plain; average,birthplace,vocabulary,birthplace,8,0.4444686770439148,0.039251621812582016,False,False,False,0.471073579788208,0.018381814658641814,0.0,1.0,1.0
arctic_embed_l_v2,Snowflake/snowflake-arctic-embed-l-v2.0,,en,place,place,anger,random,anger,centroid_phrases,feeling angry; feeling enraged; feeling irritated,feeling angry; feeling enraged; feeling irritated,neutral_centroid,neutral; ordinary; plain; average,placed,vocabulary,placed,9,0.4439058303833008,0.043340928852558136,False,False,False,0.471073579788208,0.018381814658641814,0.0,1.0,1.0
arctic_embed_l_v2,Snowflake/snowflake-arctic-embed-l-v2.0,,en,place,place,anger,random,anger,centroid_phrases,feeling angry; feeling enraged; feeling irritated,feeling angry; feeling enraged; feeling irritated,neutral_centroid,neutral; ordinary; plain; average,commonplace,vocabulary,commonplace,10,0.42515799403190613,-0.10291457176208496,False,False,False,0.471073579788208,0.018381814658641814,0.0,1.0,1.0
arctic_embed_l_v2,Snowflake/snowflake-arctic-embed-l-v2.0,,en,place,place,anger,shuffled_emotion,fear,centroid_phrases,feeling angry; feeling enraged; feeling irritated,feeling afraid; feeling anxious; feeling terrified,neutral_centroid,neutral; ordinary; plain; average,places,vocabulary,places,1,0.5492680072784424,0.06369542330503464,False,False,False,0.42064214050769805,0.23025303687900306,0.0,1.1305880546569824,1.0
arctic_embed_l_v2,Snowflake/snowflake-arctic-embed-l-v2.0,,en,place,place,anger,shuffled_emotion,fear,centroid_phrases,feeling angry; feeling enraged; feeling irritated,feeling afraid; feeling anxious; feeling terrified,neutral_centroid,neutral; ordinary; plain; average,feeling,vocabulary,feeling,2,0.4774888753890991,0.5172099471092224,False,False,False,0.42064214050769805,0.23025303687900306,0.0,1.1305880546569824,1.0
arctic_embed_l_v2,Snowflake/snowflake-arctic-embed-l-v2.0,,en,place,place,anger,shuffled_emotion,fear,centroid_phrases,feeling angry; feeling enraged; feeling irritated,feeling afraid; feeling anxious; feeling terrified,neutral_centroid,neutral; ordinary; plain; average,feel,vocabulary,feel,3,0.44512322545051575,0.4021417796611786,False,False,False,0.42064214050769805,0.23025303687900306,0.0,1.1305880546569824,1.0
arctic_embed_l_v2,Snowflake/snowflake-arctic-embed-l-v2.0,,en,place,place,anger,shuffled_emotion,fear,centroid_phrases,feeling angry; feeling enraged; feeling irritated,feeling afraid; feeling anxious; feeling terrified,neutral_centroid,neutral; ordinary; plain; average,feelings,vocabulary,feelings,4,0.40996021032333374,0.4540051519870758,False,False,False,0.42064214050769805,0.23025303687900306,0.0,1.1305880546569824,1.0
arctic_embed_l_v2,Snowflake/snowflake-arctic-embed-l-v2.0,,en,place,place,anger,shuffled_emotion,fear,centroid_phrases,feeling angry; feeling enraged; feeling irritated,feeling afraid; feeling anxious; feeling terrified,neutral_centroid,neutral; ordinary; plain; average,fear,vocabulary,fear,5,0.40448427200317383,0.27566206455230713,False,False,False,0.42064214050769805,0.23025303687900306,0.0,1.1305880546569824,1.0
arctic_embed_l_v2,Snowflake/snowflake-arctic-embed-l-v2.0,,en,place,place,anger,shuffled_emotion,fear,centroid_phrases,feeling angry; feeling enraged; feeling irritated,feeling afraid; feeling anxious; feeling terrified,neutral_centroid,neutral; ordinary; plain; average,placing,vocabulary,placing,6,0.39975297451019287,0.08044180274009705,False,False,False,0.42064214050769805,0.23025303687900306,0.0,1.1305880546569824,1.0
arctic_embed_l_v2,Snowflake/snowflake-arctic-embed-l-v2.0,,en,place,place,anger,shuffled_emotion,fear,centroid_phrases,feeling angry; feeling enraged; feeling irritated,feeling afraid; feeling anxious; feeling terrified,neutral_centroid,neutral; ordinary; plain; average,placer,vocabulary,placer,7,0.3982096314430237,-0.007304627448320389,False,False,False,0.42064214050769805,0.23025303687900306,0.0,1.1305880546569824,1.0
arctic_embed_l_v2,Snowflake/snowflake-arctic-embed-l-v2.0,,en,place,place,anger,shuffled_emotion,fear,centroid_phrases,feeling angry; feeling enraged; feeling irritated,feeling afraid; feeling anxious; feeling terrified,neutral_centroid,neutral; ordinary; plain; average,fears,vocabulary,fears,8,0.3759022355079651,0.2652124762535095,False,False,False,0.42064214050769805,0.23025303687900306,0.0,1.1305880546569824,1.0
arctic_embed_l_v2,Snowflake/snowflake-arctic-embed-l-v2.0,,en,place,place,anger,shuffled_emotion,fear,centroid_phrases,feeling angry; feeling enraged; feeling irritated,feeling afraid; feeling anxious; feeling terrified,neutral_centroid,neutral; ordinary; plain; average,terrified,vocabulary,terrified,9,0.37510430812835693,0.2615939676761627,False,False,False,0.42064214050769805,0.23025303687900306,0.0,1.1305880546569824,1.0
arctic_embed_l_v2,Snowflake/snowflake-arctic-embed-l-v2.0,,en,place,place,anger,shuffled_emotion,fear,centroid_phrases,feeling angry; feeling enraged; feeling irritated,feeling afraid; feeling anxious; feeling terrified,neutral_centroid,neutral; ordinary; plain; average,lieu,vocabulary,lieu,10,0.3711276650428772,-0.010127617046236992,False,False,False,0.42064214050769805,0.23025303687900306,0.0,1.1305880546569824,1.0
arctic_embed_l_v2,Snowflake/snowflake-arctic-embed-l-v2.0,,en,place,place,fear,emotion,fear,centroid_phrases,feeling afraid; feeling anxious; feeling terrified,feeling afraid; feeling anxious; feeling terrified,neutral_centroid,neutral; ordinary; plain; average,places,vocabulary,places,1,0.5492680072784424,0.07584086805582047,False,False,False,0.42064214050769805,0.27220488525927067,0.0,1.1305880546569824,1.0
arctic_embed_l_v2,Snowflake/snowflake-arctic-embed-l-v2.0,,en,place,place,fear,emotion,fear,centroid_phrases,feeling afraid; feeling anxious; feeling terrified,feeling afraid; feeling anxious; feeling terrified,neutral_centroid,neutral; ordinary; plain; average,feeling,vocabulary,feeling,2,0.4774888753890991,0.5104484558105469,False,False,False,0.42064214050769805,0.27220488525927067,0.0,1.1305880546569824,1.0
arctic_embed_l_v2,Snowflake/snowflake-arctic-embed-l-v2.0,,en,place,place,fear,emotion,fear,centroid_phrases,feeling afraid; feeling anxious; feeling terrified,feeling afraid; feeling anxious; feeling terrified,neutral_centroid,neutral; ordinary; plain; average,feel,vocabulary,feel,3,0.44512322545051575,0.41518285870552063,False,False,False,0.42064214050769805,0.27220488525927067,0.0,1.1305880546569824,1.0
arctic_embed_l_v2,Snowflake/snowflake-arctic-embed-l-v2.0,,en,place,place,fear,emotion,fear,centroid_phrases,feeling afraid; feeling anxious; feeling terrified,feeling afraid; feeling anxious; feeling terrified,neutral_centroid,neutral; ordinary; plain; average,feelings,vocabulary,feelings,4,0.40996021032333374,0.4289250373840332,False,False,False,0.42064214050769805,0.27220488525927067,0.0,1.1305880546569824,1.0
arctic_embed_l_v2,Snowflake/snowflake-arctic-embed-l-v2.0,,en,place,place,fear,emotion,fear,centroid_phrases,feeling afraid; feeling anxious; feeling terrified,feeling afraid; feeling anxious; feeling terrified,neutral_centroid,neutral; ordinary; plain; average,fear,vocabulary,fear,5,0.40448427200317383,0.4269595146179199,False,False,False,0.42064214050769805,0.27220488525927067,0.0,1.1305880546569824,1.0
arctic_embed_l_v2,Snowflake/snowflake-arctic-embed-l-v2.0,,en,place,place,fear,emotion,fear,centroid_phrases,feeling afraid; feeling anxious; feeling terrified,feeling afraid; feeling anxious; feeling terrified,neutral_centroid,neutral; ordinary; plain; average,placing,vocabulary,placing,6,0.39975297451019287,0.09089623391628265,False,False,False,0.42064214050769805,0.27220488525927067,0.0,1.1305880546569824,1.0
arctic_embed_l_v2,Snowflake/snowflake-arctic-embed-l-v2.0,,en,place,place,fear,emotion,fear,centroid_phrases,feeling afraid; feeling anxious; feeling terrified,feeling afraid; feeling anxious; feeling terrified,neutral_centroid,neutral; ordinary; plain; average,placer,vocabulary,placer,7,0.3982096314430237,-0.004519578069448471,False,False,False,0.42064214050769805,0.27220488525927067,0.0,1.1305880546569824,1.0
arctic_embed_l_v2,Snowflake/snowflake-arctic-embed-l-v2.0,,en,place,place,fear,emotion,fear,centroid_phrases,feeling afraid; feeling anxious; feeling terrified,feeling afraid; feeling anxious; feeling terrified,neutral_centroid,neutral; ordinary; plain; average,fears,vocabulary,fears,8,0.3759022355079651,0.39928674697875977,False,False,False,0.42064214050769805,0.27220488525927067,0.0,1.1305880546569824,1.0
arctic_embed_l_v2,Snowflake/snowflake-arctic-embed-l-v2.0,,en,place,place,fear,emotion,fear,centroid_phrases,feeling afraid; feeling anxious; feeling terrified,feeling afraid; feeling anxious; feeling terrified,neutral_centroid,neutral; ordinary; plain; average,terrified,vocabulary,terrified,9,0.37510430812835693,0.3887232542037964,False,False,False,0.42064214050769805,0.27220488525927067,0.0,1.1305880546569824,1.0
arctic_embed_l_v2,Snowflake/snowflake-arctic-embed-l-v2.0,,en,place,place,fear,emotion,fear,centroid_phrases,feeling afraid; feeling anxious; feeling terrified,feeling afraid; feeling anxious; feeling terrified,neutral_centroid,neutral; ordinary; plain; average,lieu,vocabulary,lieu,10,0.3711276650428772,-0.00969453901052475,False,False,False,0.42064214050769805,0.27220488525927067,0.0,1.1305880546569824,1.0
arctic_embed_l_v2,Snowflake/snowflake-arctic-embed-l-v2.0,,en,place,place,fear,identity,fear,centroid_phrases,feeling afraid; feeling anxious; feeling terrified,feeling afraid; feeling anxious; feeling terrified,neutral_centroid,neutral; ordinary; plain; average,places,vocabulary,places,1,0.8353219032287598,0.07584086805582047,False,False,False,0.6558181881904602,0.02355467211455107,0.0,0.0,1.0
arctic_embed_l_v2,Snowflake/snowflake-arctic-embed-l-v2.0,,en,place,place,fear,identity,fear,centroid_phrases,feeling afraid; feeling anxious; feeling terrified,feeling afraid; feeling anxious; feeling terrified,neutral_centroid,neutral; ordinary; plain; average,placer,vocabulary,placer,2,0.7134537696838379,-0.004519578069448471,False,False,False,0.6558181881904602,0.02355467211455107,0.0,0.0,1.0
arctic_embed_l_v2,Snowflake/snowflake-arctic-embed-l-v2.0,,en,place,place,fear,identity,fear,centroid_phrases,feeling afraid; feeling anxious; feeling terrified,feeling afraid; feeling anxious; feeling terrified,neutral_centroid,neutral; ordinary; plain; average,lieu,vocabulary,lieu,3,0.6811672449111938,-0.00969453901052475,False,False,False,0.6558181881904602,0.02355467211455107,0.0,0.0,1.0
arctic_embed_l_v2,Snowflake/snowflake-arctic-embed-l-v2.0,,en,place,place,fear,identity,fear,centroid_phrases,feeling afraid; feeling anxious; feeling terrified,feeling afraid; feeling anxious; feeling terrified,neutral_centroid,neutral; ordinary; plain; average,plaza,vocabulary,plaza,4,0.6574501991271973,-0.009613966569304466,False,False,False,0.6558181881904602,0.02355467211455107,0.0,0.0,1.0
arctic_embed_l_v2,Snowflake/snowflake-arctic-embed-l-v2.0,,en,place,place,fear,identity,fear,centroid_phrases,feeling afraid; feeling anxious; feeling terrified,feeling afraid; feeling anxious; feeling terrified,neutral_centroid,neutral; ordinary; plain; average,piazza,vocabulary,piazza,5,0.6438893675804138,-0.015909280627965927,False,False,False,0.6558181881904602,0.02355467211455107,0.0,0.0,1.0
arctic_embed_l_v2,Snowflake/snowflake-arctic-embed-l-v2.0,,en,place,place,fear,identity,fear,centroid_phrases,feeling afraid; feeling anxious; feeling terrified,feeling afraid; feeling anxious; feeling terrified,neutral_centroid,neutral; ordinary; plain; average,placed,vocabulary,placed,6,0.6183696389198303,0.0278499573469162,False,False,False,0.6558181881904602,0.02355467211455107,0.0,0.0,1.0
arctic_embed_l_v2,Snowflake/snowflake-arctic-embed-l-v2.0,,en,place,place,fear,identity,fear,centroid_phrases,feeling afraid; feeling anxious; feeling terrified,feeling afraid; feeling anxious; feeling terrified,neutral_centroid,neutral; ordinary; plain; average,placing,vocabulary,placing,7,0.6077511310577393,0.09089623391628265,False,False,False,0.6558181881904602,0.02355467211455107,0.0,0.0,1.0
arctic_embed_l_v2,Snowflake/snowflake-arctic-embed-l-v2.0,,en,place,place,fear,identity,fear,centroid_phrases,feeling afraid; feeling anxious; feeling terrified,feeling afraid; feeling anxious; feeling terrified,neutral_centroid,neutral; ordinary; plain; average,location,vocabulary,location,8,0.6058411598205566,0.01325545646250248,False,False,False,0.6558181881904602,0.02355467211455107,0.0,0.0,1.0
arctic_embed_l_v2,Snowflake/snowflake-arctic-embed-l-v2.0,,en,place,place,fear,identity,fear,centroid_phrases,feeling afraid; feeling anxious; feeling terrified,feeling afraid; feeling anxious; feeling terrified,neutral_centroid,neutral; ordinary; plain; average,someplace,vocabulary,someplace,9,0.5995919704437256,0.04157267138361931,False,False,False,0.6558181881904602,0.02355467211455107,0.0,0.0,1.0
arctic_embed_l_v2,Snowflake/snowflake-arctic-embed-l-v2.0,,en,place,place,fear,identity,fear,centroid_phrases,feeling afraid; feeling anxious; feeling terrified,feeling afraid; feeling anxious; feeling terrified,neutral_centroid,neutral; ordinary; plain; average,birthplace,vocabulary,birthplace,10,0.5953454971313477,0.025868898257613182,False,False,False,0.6558181881904602,0.02355467211455107,0.0,0.0,1.0
arctic_embed_l_v2,Snowflake/snowflake-arctic-embed-l-v2.0,,en,place,place,fear,random,fear,centroid_phrases,feeling afraid; feeling anxious; feeling terrified,feeling afraid; feeling anxious; feeling terrified,neutral_centroid,neutral; ordinary; plain; average,places,vocabulary,places,1,0.6015897989273071,0.07584086805582047,False,False,False,0.47199424505233767,0.017465439811348914,0.0,1.0,1.0
arctic_embed_l_v2,Snowflake/snowflake-arctic-embed-l-v2.0,,en,place,place,fear,random,fear,centroid_phrases,feeling afraid; feeling anxious; feeling terrified,feeling afraid; feeling anxious; feeling terrified,neutral_centroid,neutral; ordinary; plain; average,placer,vocabulary,placer,2,0.5156311392784119,-0.004519578069448471,False,False,False,0.47199424505233767,0.017465439811348914,0.0,1.0,1.0
arctic_embed_l_v2,Snowflake/snowflake-arctic-embed-l-v2.0,,en,place,place,fear,random,fear,centroid_phrases,feeling afraid; feeling anxious; feeling terrified,feeling afraid; feeling anxious; feeling terrified,neutral_centroid,neutral; ordinary; plain; average,lieu,vocabulary,lieu,3,0.5084401369094849,-0.00969453901052475,False,False,False,0.47199424505233767,0.017465439811348914,0.0,1.0,1.0
arctic_embed_l_v2,Snowflake/snowflake-arctic-embed-l-v2.0,,en,place,place,fear,random,fear,centroid_phrases,feeling afraid; feeling anxious; feeling terrified,feeling afraid; feeling anxious; feeling terrified,neutral_centroid,neutral; ordinary; plain; average,piazza,vocabulary,piazza,4,0.4530862271785736,-0.015909280627965927,False,False,False,0.47199424505233767,0.017465439811348914,0.0,1.0,1.0
arctic_embed_l_v2,Snowflake/snowflake-arctic-embed-l-v2.0,,en,place,place,fear,random,fear,centroid_phrases,feeling afraid; feeling anxious; feeling terrified,feeling afraid; feeling anxious; feeling terrified,neutral_centroid,neutral; ordinary; plain; average,plaza,vocabulary,plaza,5,0.4508856236934662,-0.009613966569304466,False,False,False,0.47199424505233767,0.017465439811348914,0.0,1.0,1.0
arctic_embed_l_v2,Snowflake/snowflake-arctic-embed-l-v2.0,,en,place,place,fear,random,fear,centroid_phrases,feeling afraid; feeling anxious; feeling terrified,feeling afraid; feeling anxious; feeling terrified,neutral_centroid,neutral; ordinary; plain; average,placed,vocabulary,placed,6,0.44197142124176025,0.0278499573469162,False,False,False,0.47199424505233767,0.017465439811348914,0.0,1.0,1.0
arctic_embed_l_v2,Snowflake/snowflake-arctic-embed-l-v2.0,,en,place,place,fear,random,fear,centroid_phrases,feeling afraid; feeling anxious; feeling terrified,feeling afraid; feeling anxious; feeling terrified,neutral_centroid,neutral; ordinary; plain; average,birthplace,vocabulary,birthplace,7,0.44124841690063477,0.025868898257613182,False,False,False,0.47199424505233767,0.017465439811348914,0.0,1.0,1.0
arctic_embed_l_v2,Snowflake/snowflake-arctic-embed-l-v2.0,,en,place,place,fear,random,fear,centroid_phrases,feeling afraid; feeling anxious; feeling terrified,feeling afraid; feeling anxious; feeling terrified,neutral_centroid,neutral; ordinary; plain; average,location,vocabulary,location,8,0.44032588601112366,0.01325545646250248,False,False,False,0.47199424505233767,0.017465439811348914,0.0,1.0,1.0
arctic_embed_l_v2,Snowflake/snowflake-arctic-embed-l-v2.0,,en,place,place,fear,random,fear,centroid_phrases,feeling afraid; feeling anxious; feeling terrified,feeling afraid; feeling anxious; feeling terrified,neutral_centroid,neutral; ordinary; plain; average,someplace,vocabulary,someplace,9,0.43755003809928894,0.04157267138361931,False,False,False,0.47199424505233767,0.017465439811348914,0.0,1.0,1.0
arctic_embed_l_v2,Snowflake/snowflake-arctic-embed-l-v2.0,,en,place,place,fear,random,fear,centroid_phrases,feeling afraid; feeling anxious; feeling terrified,feeling afraid; feeling anxious; feeling terrified,neutral_centroid,neutral; ordinary; plain; average,palazzo,vocabulary,palazzo,10,0.4292137622833252,0.03000391088426113,False,False,False,0.47199424505233767,0.017465439811348914,0.0,1.0,1.0
arctic_embed_l_v2,Snowflake/snowflake-arctic-embed-l-v2.0,,en,place,place,fear,shuffled_emotion,amusement,centroid_phrases,feeling afraid; feeling anxious; feeling terrified,feeling amused; feeling entertained; feeling playful,neutral_centroid,neutral; ordinary; plain; average,places,vocabulary,places,1,0.6235054731369019,0.07584086805582047,False,False,False,0.4605408042669296,0.11597962714731694,0.0,0.9991812705993652,1.0
arctic_embed_l_v2,Snowflake/snowflake-arctic-embed-l-v2.0,,en,place,place,fear,shuffled_emotion,amusement,centroid_phrases,feeling afraid; feeling anxious; feeling terrified,feeling amused; feeling entertained; feeling playful,neutral_centroid,neutral; ordinary; plain; average,placer,vocabulary,placer,2,0.47748756408691406,-0.004519578069448471,False,False,False,0.4605408042669296,0.11597962714731694,0.0,0.9991812705993652,1.0
arctic_embed_l_v2,Snowflake/snowflake-arctic-embed-l-v2.0,,en,place,place,fear,shuffled_emotion,amusement,centroid_phrases,feeling afraid; feeling anxious; feeling terrified,feeling amused; feeling entertained; feeling playful,neutral_centroid,neutral; ordinary; plain; average,feeling,vocabulary,feeling,3,0.45503324270248413,0.5104484558105469,False,False,False,0.4605408042669296,0.11597962714731694,0.0,0.9991812705993652,1.0
arctic_embed_l_v2,Snowflake/snowflake-arctic-embed-l-v2.0,,en,place,place,fear,shuffled_emotion,amusement,centroid_phrases,feeling afraid; feeling anxious; feeling terrified,feeling amused; feeling entertained; feeling playful,neutral_centroid,neutral; ordinary; plain; average,amusement,vocabulary,amusement,4,0.4421696662902832,-0.01180218905210495,False,False,False,0.4605408042669296,0.11597962714731694,0.0,0.9991812705993652,1.0
arctic_embed_l_v2,Snowflake/snowflake-arctic-embed-l-v2.0,,en,place,place,fear,shuffled_emotion,amusement,centroid_phrases,feeling afraid; feeling anxious; feeling terrified,feeling amused; feeling entertained; feeling playful,neutral_centroid,neutral; ordinary; plain; average,placed,vocabulary,placed,5,0.43727004528045654,0.0278499573469162,False,False,False,0.4605408042669296,0.11597962714731694,0.0,0.9991812705993652,1.0
arctic_embed_l_v2,Snowflake/snowflake-arctic-embed-l-v2.0,,en,place,place,fear,shuffled_emotion,amusement,centroid_phrases,feeling afraid; feeling anxious; feeling terrified,feeling amused; feeling entertained; feeling playful,neutral_centroid,neutral; ordinary; plain; average,lieu,vocabulary,lieu,6,0.4364422559738159,-0.00969453901052475,False,False,False,0.4605408042669296,0.11597962714731694,0.0,0.9991812705993652,1.0
arctic_embed_l_v2,Snowflake/snowflake-arctic-embed-l-v2.0,,en,place,place,fear,shuffled_emotion,amusement,centroid_phrases,feeling afraid; feeling anxious; feeling terrified,feeling amused; feeling entertained; feeling playful,neutral_centroid,neutral; ordinary; plain; average,playfully,vocabulary,playfully,7,0.4361110329627991,0.024021532386541367,False,False,False,0.4605408042669296,0.11597962714731694,0.0,0.9991812705993652,1.0
arctic_embed_l_v2,Snowflake/snowflake-arctic-embed-l-v2.0,,en,place,place,fear,shuffled_emotion,amusement,centroid_phrases,feeling afraid; feeling anxious; feeling terrified,feeling amused; feeling entertained; feeling playful,neutral_centroid,neutral; ordinary; plain; average,feel,vocabulary,feel,8,0.4348689615726471,0.41518285870552063,False,False,False,0.4605408042669296,0.11597962714731694,0.0,0.9991812705993652,1.0
arctic_embed_l_v2,Snowflake/snowflake-arctic-embed-l-v2.0,,en,place,place,fear,shuffled_emotion,amusement,centroid_phrases,feeling afraid; feeling anxious; feeling terrified,feeling amused; feeling entertained; feeling playful,neutral_centroid,neutral; ordinary; plain; average,placing,vocabulary,placing,9,0.43378645181655884,0.09089623391628265,False,False,False,0.4605408042669296,0.11597962714731694,0.0,0.9991812705993652,1.0
arctic_embed_l_v2,Snowflake/snowflake-arctic-embed-l-v2.0,,en,place,place,fear,shuffled_emotion,amusement,centroid_phrases,feeling afraid; feeling anxious; feeling terrified,feeling amused; feeling entertained; feeling playful,neutral_centroid,neutral; ordinary; plain; average,someplace,vocabulary,someplace,10,0.42873334884643555,0.04157267138361931,False,False,False,0.4605408042669296,0.11597962714731694,0.0,0.9991812705993652,1.0
arctic_embed_l_v2,Snowflake/snowflake-arctic-embed-l-v2.0,,en,place,place,amusement,emotion,amusement,centroid_phrases,feeling amused; feeling entertained; feeling playful,feeling amused; feeling entertained; feeling playful,neutral_centroid,neutral; ordinary; plain; average,places,vocabulary,places,1,0.6235054731369019,0.062150608748197556,False,False,False,0.4605408042669296,0.12759706396609544,0.0,0.9991812705993652,1.0
arctic_embed_l_v2,Snowflake/snowflake-arctic-embed-l-v2.0,,en,place,place,amusement,emotion,amusement,centroid_phrases,feeling amused; feeling entertained; feeling playful,feeling amused; feeling entertained; feeling playful,neutral_centroid,neutral; ordinary; plain; average,placer,vocabulary,placer,2,0.47748756408691406,-0.019465941935777664,False,False,False,0.4605408042669296,0.12759706396609544,0.0,0.9991812705993652,1.0
arctic_embed_l_v2,Snowflake/snowflake-arctic-embed-l-v2.0,,en,place,place,amusement,emotion,amusement,centroid_phrases,feeling amused; feeling entertained; feeling playful,feeling amused; feeling entertained; feeling playful,neutral_centroid,neutral; ordinary; plain; average,feeling,vocabulary,feeling,3,0.45503324270248413,0.4201872944831848,False,False,False,0.4605408042669296,0.12759706396609544,0.0,0.9991812705993652,1.0
arctic_embed_l_v2,Snowflake/snowflake-arctic-embed-l-v2.0,,en,place,place,amusement,emotion,amusement,centroid_phrases,feeling amused; feeling entertained; feeling playful,feeling amused; feeling entertained; feeling playful,neutral_centroid,neutral; ordinary; plain; average,amusement,vocabulary,amusement,4,0.4421696662902832,0.20519305765628815,False,False,False,0.4605408042669296,0.12759706396609544,0.0,0.9991812705993652,1.0
arctic_embed_l_v2,Snowflake/snowflake-arctic-embed-l-v2.0,,en,place,place,amusement,emotion,amusement,centroid_phrases,feeling amused; feeling entertained; feeling playful,feeling amused; feeling entertained; feeling playful,neutral_centroid,neutral; ordinary; plain; average,placed,vocabulary,placed,5,0.43727004528045654,0.019623074680566788,False,False,False,0.4605408042669296,0.12759706396609544,0.0,0.9991812705993652,1.0
arctic_embed_l_v2,Snowflake/snowflake-arctic-embed-l-v2.0,,en,place,place,amusement,emotion,amusement,centroid_phrases,feeling amused; feeling entertained; feeling playful,feeling amused; feeling entertained; feeling playful,neutral_centroid,neutral; ordinary; plain; average,lieu,vocabulary,lieu,6,0.4364422559738159,-0.04438012093305588,False,False,False,0.4605408042669296,0.12759706396609544,0.0,0.9991812705993652,1.0
arctic_embed_l_v2,Snowflake/snowflake-arctic-embed-l-v2.0,,en,place,place,amusement,emotion,amusement,centroid_phrases,feeling amused; feeling entertained; feeling playful,feeling amused; feeling entertained; feeling playful,neutral_centroid,neutral; ordinary; plain; average,playfully,vocabulary,playfully,7,0.4361110329627991,0.2508612275123596,False,False,False,0.4605408042669296,0.12759706396609544,0.0,0.9991812705993652,1.0
arctic_embed_l_v2,Snowflake/snowflake-arctic-embed-l-v2.0,,en,place,place,amusement,emotion,amusement,centroid_phrases,feeling amused; feeling entertained; feeling playful,feeling amused; feeling entertained; feeling playful,neutral_centroid,neutral; ordinary; plain; average,feel,vocabulary,feel,8,0.4348689615726471,0.32989418506622314,False,False,False,0.4605408042669296,0.12759706396609544,0.0,0.9991812705993652,1.0
arctic_embed_l_v2,Snowflake/snowflake-arctic-embed-l-v2.0,,en,place,place,amusement,emotion,amusement,centroid_phrases,feeling amused; feeling entertained; feeling playful,feeling amused; feeling entertained; feeling playful,neutral_centroid,neutral; ordinary; plain; average,placing,vocabulary,placing,9,0.43378645181655884,0.025393320247530937,False,False,False,0.4605408042669296,0.12759706396609544,0.0,0.9991812705993652,1.0
arctic_embed_l_v2,Snowflake/snowflake-arctic-embed-l-v2.0,,en,place,place,amusement,emotion,amusement,centroid_phrases,feeling amused; feeling entertained; feeling playful,feeling amused; feeling entertained; feeling playful,neutral_centroid,neutral; ordinary; plain; average,someplace,vocabulary,someplace,10,0.42873334884643555,0.02651393413543701,False,False,False,0.4605408042669296,0.12759706396609544,0.0,0.9991812705993652,1.0
arctic_embed_l_v2,Snowflake/snowflake-arctic-embed-l-v2.0,,en,place,place,amusement,identity,amusement,centroid_phrases,feeling amused; feeling entertained; feeling playful,feeling amused; feeling entertained; feeling playful,neutral_centroid,neutral; ordinary; plain; average,places,vocabulary,places,1,0.8353219032287598,0.062150608748197556,False,False,False,0.6558181881904602,-0.009789380989968777,0.0,0.0,1.0
arctic_embed_l_v2,Snowflake/snowflake-arctic-embed-l-v2.0,,en,place,place,amusement,identity,amusement,centroid_phrases,feeling amused; feeling entertained; feeling playful,feeling amused; feeling entertained; feeling playful,neutral_centroid,neutral; ordinary; plain; average,placer,vocabulary,placer,2,0.7134537696838379,-0.019465941935777664,False,False,False,0.6558181881904602,-0.009789380989968777,0.0,0.0,1.0
arctic_embed_l_v2,Snowflake/snowflake-arctic-embed-l-v2.0,,en,place,place,amusement,identity,amusement,centroid_phrases,feeling amused; feeling entertained; feeling playful,feeling amused; feeling entertained; feeling playful,neutral_centroid,neutral; ordinary; plain; average,lieu,vocabulary,lieu,3,0.6811672449111938,-0.04438012093305588,False,False,False,0.6558181881904602,-0.009789380989968777,0.0,0.0,1.0
arctic_embed_l_v2,Snowflake/snowflake-arctic-embed-l-v2.0,,en,place,place,amusement,identity,amusement,centroid_phrases,feeling amused; feeling entertained; feeling playful,feeling amused; feeling entertained; feeling playful,neutral_centroid,neutral; ordinary; plain; average,plaza,vocabulary,plaza,4,0.6574501991271973,-0.041215457022190094,False,False,False,0.6558181881904602,-0.009789380989968777,0.0,0.0,1.0
arctic_embed_l_v2,Snowflake/snowflake-arctic-embed-l-v2.0,,en,place,place,amusement,identity,amusement,centroid_phrases,feeling amused; feeling entertained; feeling playful,feeling amused; feeling entertained; feeling playful,neutral_centroid,neutral; ordinary; plain; average,piazza,vocabulary,piazza,5,0.6438893675804138,-0.05210372805595398,False,False,False,0.6558181881904602,-0.009789380989968777,0.0,0.0,1.0
arctic_embed_l_v2,Snowflake/snowflake-arctic-embed-l-v2.0,,en,place,place,amusement,identity,amusement,centroid_phrases,feeling amused; feeling entertained; feeling playful,feeling amused; feeling entertained; feeling playful,neutral_centroid,neutral; ordinary; plain; average,placed,vocabulary,placed,6,0.6183696389198303,0.019623074680566788,False,False,False,0.6558181881904602,-0.009789380989968777,0.0,0.0,1.0
arctic_embed_l_v2,Snowflake/snowflake-arctic-embed-l-v2.0,,en,place,place,amusement,identity,amusement,centroid_phrases,feeling amused; feeling entertained; feeling playful,feeling amused; feeling entertained; feeling playful,neutral_centroid,neutral; ordinary; plain; average,placing,vocabulary,placing,7,0.6077511310577393,0.025393320247530937,False,False,False,0.6558181881904602,-0.009789380989968777,0.0,0.0,1.0
arctic_embed_l_v2,Snowflake/snowflake-arctic-embed-l-v2.0,,en,place,place,amusement,identity,amusement,centroid_phrases,feeling amused; feeling entertained; feeling playful,feeling amused; feeling entertained; feeling playful,neutral_centroid,neutral; ordinary; plain; average,location,vocabulary,location,8,0.6058411598205566,-0.033647630363702774,False,False,False,0.6558181881904602,-0.009789380989968777,0.0,0.0,1.0
arctic_embed_l_v2,Snowflake/snowflake-arctic-embed-l-v2.0,,en,place,place,amusement,identity,amusement,centroid_phrases,feeling amused; feeling entertained; feeling playful,feeling amused; feeling entertained; feeling playful,neutral_centroid,neutral; ordinary; plain; average,someplace,vocabulary,someplace,9,0.5995919704437256,0.02651393413543701,False,False,False,0.6558181881904602,-0.009789380989968777,0.0,0.0,1.0
arctic_embed_l_v2,Snowflake/snowflake-arctic-embed-l-v2.0,,en,place,place,amusement,identity,amusement,centroid_phrases,feeling amused; feeling entertained; feeling playful,feeling amused; feeling entertained; feeling playful,neutral_centroid,neutral; ordinary; plain; average,birthplace,vocabulary,birthplace,10,0.5953454971313477,-0.04076186940073967,False,False,False,0.6558181881904602,-0.009789380989968777,0.0,0.0,1.0
arctic_embed_l_v2,Snowflake/snowflake-arctic-embed-l-v2.0,,en,place,place,amusement,random,amusement,centroid_phrases,feeling amused; feeling entertained; feeling playful,feeling amused; feeling entertained; feeling playful,neutral_centroid,neutral; ordinary; plain; average,places,vocabulary,places,1,0.616405725479126,0.062150608748197556,False,False,False,0.4837512880563736,-0.004531120508909225,0.0,1.0,1.0
arctic_embed_l_v2,Snowflake/snowflake-arctic-embed-l-v2.0,,en,place,place,amusement,random,amusement,centroid_phrases,feeling amused; feeling entertained; feeling playful,feeling amused; feeling entertained; feeling playful,neutral_centroid,neutral; ordinary; plain; average,placer,vocabulary,placer,2,0.5345960855484009,-0.019465941935777664,False,False,False,0.4837512880563736,-0.004531120508909225,0.0,1.0,1.0
arctic_embed_l_v2,Snowflake/snowflake-arctic-embed-l-v2.0,,en,place,place,amusement,random,amusement,centroid_phrases,feeling amused; feeling entertained; feeling playful,feeling amused; feeling entertained; feeling playful,neutral_centroid,neutral; ordinary; plain; average,lieu,vocabulary,lieu,3,0.49651026725769043,-0.04438012093305588,False,False,False,0.4837512880563736,-0.004531120508909225,0.0,1.0,1.0
arctic_embed_l_v2,Snowflake/snowflake-arctic-embed-l-v2.0,,en,place,place,amusement,random,amusement,centroid_phrases,feeling amused; feeling entertained; feeling playful,feeling amused; feeling entertained; feeling playful,neutral_centroid,neutral; ordinary; plain; average,plaza,vocabulary,plaza,4,0.48885244131088257,-0.041215457022190094,False,False,False,0.4837512880563736,-0.004531120508909225,0.0,1.0,1.0
arctic_embed_l_v2,Snowflake/snowflake-arctic-embed-l-v2.0,,en,place,place,amusement,random,amusement,centroid_phrases,feeling amused; feeling entertained; feeling playful,feeling amused; feeling entertained; feeling playful,neutral_centroid,neutral; ordinary; plain; average,location,vocabulary,location,5,0.47261857986450195,-0.033647630363702774,False,False,False,0.4837512880563736,-0.004531120508909225,0.0,1.0,1.0
arctic_embed_l_v2,Snowflake/snowflake-arctic-embed-l-v2.0,,en,place,place,amusement,random,amusement,centroid_phrases,feeling amused; feeling entertained; feeling playful,feeling amused; feeling entertained; feeling playful,neutral_centroid,neutral; ordinary; plain; average,piazza,vocabulary,piazza,6,0.47089508175849915,-0.05210372805595398,False,False,False,0.4837512880563736,-0.004531120508909225,0.0,1.0,1.0
arctic_embed_l_v2,Snowflake/snowflake-arctic-embed-l-v2.0,,en,place,place,amusement,random,amusement,centroid_phrases,feeling amused; feeling entertained; feeling playful,feeling amused; feeling entertained; feeling playful,neutral_centroid,neutral; ordinary; plain; average,placed,vocabulary,placed,7,0.4540300965309143,0.019623074680566788,False,False,False,0.4837512880563736,-0.004531120508909225,0.0,1.0,1.0
arctic_embed_l_v2,Snowflake/snowflake-arctic-embed-l-v2.0,,en,place,place,amusement,random,amusement,centroid_phrases,feeling amused; feeling entertained; feeling playful,feeling amused; feeling entertained; feeling playful,neutral_centroid,neutral; ordinary; plain; average,placing,vocabulary,placing,8,0.45019322633743286,0.025393320247530937,False,False,False,0.4837512880563736,-0.004531120508909225,0.0,1.0,1.0
arctic_embed_l_v2,Snowflake/snowflake-arctic-embed-l-v2.0,,en,place,place,amusement,random,amusement,centroid_phrases,feeling amused; feeling entertained; feeling playful,feeling amused; feeling entertained; feeling playful,neutral_centroid,neutral; ordinary; plain; average,locations,vocabulary,locations,9,0.43530815839767456,0.018932780250906944,False,False,False,0.4837512880563736,-0.004531120508909225,0.0,1.0,1.0
arctic_embed_l_v2,Snowflake/snowflake-arctic-embed-l-v2.0,,en,place,place,amusement,random,amusement,centroid_phrases,feeling amused; feeling entertained; feeling playful,feeling amused; feeling entertained; feeling playful,neutral_centroid,neutral; ordinary; plain; average,placement,vocabulary,placement,10,0.4181032180786133,0.01940188929438591,False,False,False,0.4837512880563736,-0.004531120508909225,0.0,1.0,1.0
arctic_embed_l_v2,Snowflake/snowflake-arctic-embed-l-v2.0,,en,place,place,amusement,shuffled_emotion,excitement,centroid_phrases,feeling amused; feeling entertained; feeling playful,feeling excited; feeling enthusiastic; feeling thrilled,neutral_centroid,neutral; ordinary; plain; average,places,vocabulary,places,1,0.612852931022644,0.062150608748197556,False,False,False,0.4619342923164368,0.1627744922414422,0.0,0.9951712489128113,1.0
arctic_embed_l_v2,Snowflake/snowflake-arctic-embed-l-v2.0,,en,place,place,amusement,shuffled_emotion,excitement,centroid_phrases,feeling amused; feeling entertained; feeling playful,feeling excited; feeling enthusiastic; feeling thrilled,neutral_centroid,neutral; ordinary; plain; average,feeling,vocabulary,feeling,2,0.46632546186447144,0.4201872944831848,False,False,False,0.4619342923164368,0.1627744922414422,0.0,0.9951712489128113,1.0
arctic_embed_l_v2,Snowflake/snowflake-arctic-embed-l-v2.0,,en,place,place,amusement,shuffled_emotion,excitement,centroid_phrases,feeling amused; feeling entertained; feeling playful,feeling excited; feeling enthusiastic; feeling thrilled,neutral_centroid,neutral; ordinary; plain; average,excitedly,vocabulary,excitedly,3,0.4617205858230591,0.23533087968826294,False,False,False,0.4619342923164368,0.1627744922414422,0.0,0.9951712489128113,1.0
arctic_embed_l_v2,Snowflake/snowflake-arctic-embed-l-v2.0,,en,place,place,amusement,shuffled_emotion,excitement,centroid_phrases,feeling amused; feeling entertained; feeling playful,feeling excited; feeling enthusiastic; feeling thrilled,neutral_centroid,neutral; ordinary; plain; average,excitement,vocabulary,excitement,4,0.4497218132019043,0.27438902854919434,False,False,False,0.4619342923164368,0.1627744922414422,0.0,0.9951712489128113,1.0
arctic_embed_l_v2,Snowflake/snowflake-arctic-embed-l-v2.0,,en,place,place,amusement,shuffled_emotion,excitement,centroid_phrases,feeling amused; feeling entertained; feeling playful,feeling excited; feeling enthusiastic; feeling thrilled,neutral_centroid,neutral; ordinary; plain; average,placer,vocabulary,placer,5,0.4446767568588257,-0.019465941935777664,False,False,False,0.4619342923164368,0.1627744922414422,0.0,0.9951712489128113,1.0
arctic_embed_l_v2,Snowflake/snowflake-arctic-embed-l-v2.0,,en,place,place,amusement,shuffled_emotion,excitement,centroid_phrases,feeling amused; feeling entertained; feeling playful,feeling excited; feeling enthusiastic; feeling thrilled,neutral_centroid,neutral; ordinary; plain; average,placing,vocabulary,placing,6,0.4405297338962555,0.025393320247530937,False,False,False,0.4619342923164368,0.1627744922414422,0.0,0.9951712489128113,1.0
arctic_embed_l_v2,Snowflake/snowflake-arctic-embed-l-v2.0,,en,place,place,amusement,shuffled_emotion,excitement,centroid_phrases,feeling amused; feeling entertained; feeling playful,feeling excited; feeling enthusiastic; feeling thrilled,neutral_centroid,neutral; ordinary; plain; average,placed,vocabulary,placed,7,0.43906301259994507,0.019623074680566788,False,False,False,0.4619342923164368,0.1627744922414422,0.0,0.9951712489128113,1.0
arctic_embed_l_v2,Snowflake/snowflake-arctic-embed-l-v2.0,,en,place,place,amusement,shuffled_emotion,excitement,centroid_phrases,feeling amused; feeling entertained; feeling playful,feeling excited; feeling enthusiastic; feeling thrilled,neutral_centroid,neutral; ordinary; plain; average,rejoicing,vocabulary,rejoicing,8,0.43618524074554443,0.2537285387516022,False,False,False,0.4619342923164368,0.1627744922414422,0.0,0.9951712489128113,1.0
arctic_embed_l_v2,Snowflake/snowflake-arctic-embed-l-v2.0,,en,place,place,amusement,shuffled_emotion,excitement,centroid_phrases,feeling amused; feeling entertained; feeling playful,feeling excited; feeling enthusiastic; feeling thrilled,neutral_centroid,neutral; ordinary; plain; average,feel,vocabulary,feel,9,0.43533676862716675,0.32989418506622314,False,False,False,0.4619342923164368,0.1627744922414422,0.0,0.9951712489128113,1.0
arctic_embed_l_v2,Snowflake/snowflake-arctic-embed-l-v2.0,,en,place,place,amusement,shuffled_emotion,excitement,centroid_phrases,feeling amused; feeling entertained; feeling playful,feeling excited; feeling enthusiastic; feeling thrilled,neutral_centroid,neutral; ordinary; plain; average,someplace,vocabulary,someplace,10,0.4329306185245514,0.02651393413543701,False,False,False,0.4619342923164368,0.1627744922414422,0.0,0.9951712489128113,1.0
arctic_embed_l_v2,Snowflake/snowflake-arctic-embed-l-v2.0,,en,place,place,excitement,emotion,excitement,centroid_phrases,feeling excited; feeling enthusiastic; feeling thrilled,feeling excited; feeling enthusiastic; feeling thrilled,neutral_centroid,neutral; ordinary; plain; average,places,vocabulary,places,1,0.612852931022644,0.062197245657444,False,False,False,0.4619342923164368,0.2053246084600687,0.0,0.9951712489128113,1.0
arctic_embed_l_v2,Snowflake/snowflake-arctic-embed-l-v2.0,,en,place,place,excitement,emotion,excitement,centroid_phrases,feeling excited; feeling enthusiastic; feeling thrilled,feeling excited; feeling enthusiastic; feeling thrilled,neutral_centroid,neutral; ordinary; plain; average,feeling,vocabulary,feeling,2,0.46632546186447144,0.4559684097766876,False,False,False,0.4619342923164368,0.2053246084600687,0.0,0.9951712489128113,1.0
arctic_embed_l_v2,Snowflake/snowflake-arctic-embed-l-v2.0,,en,place,place,excitement,emotion,excitement,centroid_phrases,feeling excited; feeling enthusiastic; feeling thrilled,feeling excited; feeling enthusiastic; feeling thrilled,neutral_centroid,neutral; ordinary; plain; average,excitedly,vocabulary,excitedly,3,0.4617205858230591,0.3552069365978241,False,False,False,0.4619342923164368,0.2053246084600687,0.0,0.9951712489128113,1.0
arctic_embed_l_v2,Snowflake/snowflake-arctic-embed-l-v2.0,,en,place,place,excitement,emotion,excitement,centroid_phrases,feeling excited; feeling enthusiastic; feeling thrilled,feeling excited; feeling enthusiastic; feeling thrilled,neutral_centroid,neutral; ordinary; plain; average,excitement,vocabulary,excitement,4,0.4497218132019043,0.3929889500141144,False,False,False,0.4619342923164368,0.2053246084600687,0.0,0.9951712489128113,1.0
arctic_embed_l_v2,Snowflake/snowflake-arctic-embed-l-v2.0,,en,place,place,excitement,emotion,excitement,centroid_phrases,feeling excited; feeling enthusiastic; feeling thrilled,feeling excited; feeling enthusiastic; feeling thrilled,neutral_centroid,neutral; ordinary; plain; average,placer,vocabulary,placer,5,0.4446767568588257,-0.04666668921709061,False,False,False,0.4619342923164368,0.2053246084600687,0.0,0.9951712489128113,1.0
arctic_embed_l_v2,Snowflake/snowflake-arctic-embed-l-v2.0,,en,place,place,excitement,emotion,excitement,centroid_phrases,feeling excited; feeling enthusiastic; feeling thrilled,feeling excited; feeling enthusiastic; feeling thrilled,neutral_centroid,neutral; ordinary; plain; average,placing,vocabulary,placing,6,0.4405297338962555,0.05384461209177971,False,False,False,0.4619342923164368,0.2053246084600687,0.0,0.9951712489128113,1.0
arctic_embed_l_v2,Snowflake/snowflake-arctic-embed-l-v2.0,,en,place,place,excitement,emotion,excitement,centroid_phrases,feeling excited; feeling enthusiastic; feeling thrilled,feeling excited; feeling enthusiastic; feeling thrilled,neutral_centroid,neutral; ordinary; plain; average,placed,vocabulary,placed,7,0.43906301259994507,0.04115714132785797,False,False,False,0.4619342923164368,0.2053246084600687,0.0,0.9951712489128113,1.0
arctic_embed_l_v2,Snowflake/snowflake-arctic-embed-l-v2.0,,en,place,place,excitement,emotion,excitement,centroid_phrases,feeling excited; feeling enthusiastic; feeling thrilled,feeling excited; feeling enthusiastic; feeling thrilled,neutral_centroid,neutral; ordinary; plain; average,rejoicing,vocabulary,rejoicing,8,0.43618524074554443,0.33604419231414795,False,False,False,0.4619342923164368,0.2053246084600687,0.0,0.9951712489128113,1.0
arctic_embed_l_v2,Snowflake/snowflake-arctic-embed-l-v2.0,,en,place,place,excitement,emotion,excitement,centroid_phrases,feeling excited; feeling enthusiastic; feeling thrilled,feeling excited; feeling enthusiastic; feeling thrilled,neutral_centroid,neutral; ordinary; plain; average,feel,vocabulary,feel,9,0.43533676862716675,0.35091426968574524,False,False,False,0.4619342923164368,0.2053246084600687,0.0,0.9951712489128113,1.0
arctic_embed_l_v2,Snowflake/snowflake-arctic-embed-l-v2.0,,en,place,place,excitement,emotion,excitement,centroid_phrases,feeling excited; feeling enthusiastic; feeling thrilled,feeling excited; feeling enthusiastic; feeling thrilled,neutral_centroid,neutral; ordinary; plain; average,someplace,vocabulary,someplace,10,0.4329306185245514,0.051591016352176666,False,False,False,0.4619342923164368,0.2053246084600687,0.0,0.9951712489128113,1.0
arctic_embed_l_v2,Snowflake/snowflake-arctic-embed-l-v2.0,,en,place,place,excitement,identity,excitement,centroid_phrases,feeling excited; feeling enthusiastic; feeling thrilled,feeling excited; feeling enthusiastic; feeling thrilled,neutral_centroid,neutral; ordinary; plain; average,places,vocabulary,places,1,0.8353219032287598,0.062197245657444,False,False,False,0.6558181881904602,0.007522354647517204,0.0,0.0,1.0
arctic_embed_l_v2,Snowflake/snowflake-arctic-embed-l-v2.0,,en,place,place,excitement,identity,excitement,centroid_phrases,feeling excited; feeling enthusiastic; feeling thrilled,feeling excited; feeling enthusiastic; feeling thrilled,neutral_centroid,neutral; ordinary; plain; average,placer,vocabulary,placer,2,0.7134537696838379,-0.04666668921709061,False,False,False,0.6558181881904602,0.007522354647517204,0.0,0.0,1.0
arctic_embed_l_v2,Snowflake/snowflake-arctic-embed-l-v2.0,,en,place,place,excitement,identity,excitement,centroid_phrases,feeling excited; feeling enthusiastic; feeling thrilled,feeling excited; feeling enthusiastic; feeling thrilled,neutral_centroid,neutral; ordinary; plain; average,lieu,vocabulary,lieu,3,0.6811672449111938,-0.04521387815475464,False,False,False,0.6558181881904602,0.007522354647517204,0.0,0.0,1.0
arctic_embed_l_v2,Snowflake/snowflake-arctic-embed-l-v2.0,,en,place,place,excitement,identity,excitement,centroid_phrases,feeling excited; feeling enthusiastic; feeling thrilled,feeling excited; feeling enthusiastic; feeling thrilled,neutral_centroid,neutral; ordinary; plain; average,plaza,vocabulary,plaza,4,0.6574501991271973,-0.025615710765123367,False,False,False,0.6558181881904602,0.007522354647517204,0.0,0.0,1.0
arctic_embed_l_v2,Snowflake/snowflake-arctic-embed-l-v2.0,,en,place,place,excitement,identity,excitement,centroid_phrases,feeling excited; feeling enthusiastic; feeling thrilled,feeling excited; feeling enthusiastic; feeling thrilled,neutral_centroid,neutral; ordinary; plain; average,piazza,vocabulary,piazza,5,0.6438893675804138,-0.026481840759515762,False,False,False,0.6558181881904602,0.007522354647517204,0.0,0.0,1.0
arctic_embed_l_v2,Snowflake/snowflake-arctic-embed-l-v2.0,,en,place,place,excitement,identity,excitement,centroid_phrases,feeling excited; feeling enthusiastic; feeling thrilled,feeling excited; feeling enthusiastic; feeling thrilled,neutral_centroid,neutral; ordinary; plain; average,placed,vocabulary,placed,6,0.6183696389198303,0.04115714132785797,False,False,False,0.6558181881904602,0.007522354647517204,0.0,0.0,1.0
arctic_embed_l_v2,Snowflake/snowflake-arctic-embed-l-v2.0,,en,place,place,excitement,identity,excitement,centroid_phrases,feeling excited; feeling enthusiastic; feeling thrilled,feeling excited; feeling enthusiastic; feeling thrilled,neutral_centroid,neutral; ordinary; plain; average,placing,vocabulary,placing,7,0.6077511310577393,0.05384461209177971,False,False,False,0.6558181881904602,0.007522354647517204,0.0,0.0,1.0
arctic_embed_l_v2,Snowflake/snowflake-arctic-embed-l-v2.0,,en,place,place,excitement,identity,excitement,centroid_phrases,feeling excited; feeling enthusiastic; feeling thrilled,feeling excited; feeling enthusiastic; feeling thrilled,neutral_centroid,neutral; ordinary; plain; average,location,vocabulary,location,8,0.6058411598205566,-0.014179874211549759,False,False,False,0.6558181881904602,0.007522354647517204,0.0,0.0,1.0
arctic_embed_l_v2,Snowflake/snowflake-arctic-embed-l-v2.0,,en,place,place,excitement,identity,excitement,centroid_phrases,feeling excited; feeling enthusiastic; feeling thrilled,feeling excited; feeling enthusiastic; feeling thrilled,neutral_centroid,neutral; ordinary; plain; average,someplace,vocabulary,someplace,9,0.5995919704437256,0.051591016352176666,False,False,False,0.6558181881904602,0.007522354647517204,0.0,0.0,1.0
arctic_embed_l_v2,Snowflake/snowflake-arctic-embed-l-v2.0,,en,place,place,excitement,identity,excitement,centroid_phrases,feeling excited; feeling enthusiastic; feeling thrilled,feeling excited; feeling enthusiastic; feeling thrilled,neutral_centroid,neutral; ordinary; plain; average,birthplace,vocabulary,birthplace,10,0.5953454971313477,0.02459152415394783,False,False,False,0.6558181881904602,0.007522354647517204,0.0,0.0,1.0
arctic_embed_l_v2,Snowflake/snowflake-arctic-embed-l-v2.0,,en,place,place,excitement,random,excitement,centroid_phrases,feeling excited; feeling enthusiastic; feeling thrilled,feeling excited; feeling enthusiastic; feeling thrilled,neutral_centroid,neutral; ordinary; plain; average,places,vocabulary,places,1,0.6064001321792603,0.062197245657444,False,False,False,0.46482422649860383,-0.009592390805482864,0.0,0.9999999403953552,1.0
arctic_embed_l_v2,Snowflake/snowflake-arctic-embed-l-v2.0,,en,place,place,excitement,random,excitement,centroid_phrases,feeling excited; feeling enthusiastic; feeling thrilled,feeling excited; feeling enthusiastic; feeling thrilled,neutral_centroid,neutral; ordinary; plain; average,plaza,vocabulary,plaza,2,0.47926223278045654,-0.025615710765123367,False,False,False,0.46482422649860383,-0.009592390805482864,0.0,0.9999999403953552,1.0
arctic_embed_l_v2,Snowflake/snowflake-arctic-embed-l-v2.0,,en,place,place,excitement,random,excitement,centroid_phrases,feeling excited; feeling enthusiastic; feeling thrilled,feeling excited; feeling enthusiastic; feeling thrilled,neutral_centroid,neutral; ordinary; plain; average,placer,vocabulary,placer,3,0.4788151681423187,-0.04666668921709061,False,False,False,0.46482422649860383,-0.009592390805482864,0.0,0.9999999403953552,1.0
arctic_embed_l_v2,Snowflake/snowflake-arctic-embed-l-v2.0,,en,place,place,excitement,random,excitement,centroid_phrases,feeling excited; feeling enthusiastic; feeling thrilled,feeling excited; feeling enthusiastic; feeling thrilled,neutral_centroid,neutral; ordinary; plain; average,piazza,vocabulary,piazza,4,0.47862738370895386,-0.026481840759515762,False,False,False,0.46482422649860383,-0.009592390805482864,0.0,0.9999999403953552,1.0
arctic_embed_l_v2,Snowflake/snowflake-arctic-embed-l-v2.0,,en,place,place,excitement,random,excitement,centroid_phrases,feeling excited; feeling enthusiastic; feeling thrilled,feeling excited; feeling enthusiastic; feeling thrilled,neutral_centroid,neutral; ordinary; plain; average,lieu,vocabulary,lieu,5,0.47448888421058655,-0.04521387815475464,False,False,False,0.46482422649860383,-0.009592390805482864,0.0,0.9999999403953552,1.0
arctic_embed_l_v2,Snowflake/snowflake-arctic-embed-l-v2.0,,en,place,place,excitement,random,excitement,centroid_phrases,feeling excited; feeling enthusiastic; feeling thrilled,feeling excited; feeling enthusiastic; feeling thrilled,neutral_centroid,neutral; ordinary; plain; average,placed,vocabulary,placed,6,0.44152361154556274,0.04115714132785797,False,False,False,0.46482422649860383,-0.009592390805482864,0.0,0.9999999403953552,1.0
arctic_embed_l_v2,Snowflake/snowflake-arctic-embed-l-v2.0,,en,place,place,excitement,random,excitement,centroid_phrases,feeling excited; feeling enthusiastic; feeling thrilled,feeling excited; feeling enthusiastic; feeling thrilled,neutral_centroid,neutral; ordinary; plain; average,someplace,vocabulary,someplace,7,0.4295937120914459,0.051591016352176666,False,False,False,0.46482422649860383,-0.009592390805482864,0.0,0.9999999403953552,1.0
arctic_embed_l_v2,Snowflake/snowflake-arctic-embed-l-v2.0,,en,place,place,excitement,random,excitement,centroid_phrases,feeling excited; feeling enthusiastic; feeling thrilled,feeling excited; feeling enthusiastic; feeling thrilled,neutral_centroid,neutral; ordinary; plain; average,commonplace,vocabulary,commonplace,8,0.42415323853492737,-0.14655593037605286,False,False,False,0.46482422649860383,-0.009592390805482864,0.0,0.9999999403953552,1.0
arctic_embed_l_v2,Snowflake/snowflake-arctic-embed-l-v2.0,,en,place,place,excitement,random,excitement,centroid_phrases,feeling excited; feeling enthusiastic; feeling thrilled,feeling excited; feeling enthusiastic; feeling thrilled,neutral_centroid,neutral; ordinary; plain; average,location,vocabulary,location,9,0.4178203046321869,-0.014179874211549759,False,False,False,0.46482422649860383,-0.009592390805482864,0.0,0.9999999403953552,1.0
arctic_embed_l_v2,Snowflake/snowflake-arctic-embed-l-v2.0,,en,place,place,excitement,random,excitement,centroid_phrases,feeling excited; feeling enthusiastic; feeling thrilled,feeling excited; feeling enthusiastic; feeling thrilled,neutral_centroid,neutral; ordinary; plain; average,placing,vocabulary,placing,10,0.41755759716033936,0.05384461209177971,False,False,False,0.46482422649860383,-0.009592390805482864,0.0,0.9999999403953552,1.0
arctic_embed_l_v2,Snowflake/snowflake-arctic-embed-l-v2.0,,en,place,place,excitement,shuffled_emotion,love,centroid_phrases,feeling excited; feeling enthusiastic; feeling thrilled,feeling love; feeling affection; feeling tenderness,neutral_centroid,neutral; ordinary; plain; average,places,vocabulary,places,1,0.5470163226127625,0.062197245657444,False,False,False,0.442688524723053,0.18321126699447632,0.0,1.1414283514022827,0.9999999403953552
arctic_embed_l_v2,Snowflake/snowflake-arctic-embed-l-v2.0,,en,place,place,excitement,shuffled_emotion,love,centroid_phrases,feeling excited; feeling enthusiastic; feeling thrilled,feeling love; feeling affection; feeling tenderness,neutral_centroid,neutral; ordinary; plain; average,feeling,vocabulary,feeling,2,0.5161808729171753,0.4559684097766876,False,False,False,0.442688524723053,0.18321126699447632,0.0,1.1414283514022827,0.9999999403953552
arctic_embed_l_v2,Snowflake/snowflake-arctic-embed-l-v2.0,,en,place,place,excitement,shuffled_emotion,love,centroid_phrases,feeling excited; feeling enthusiastic; feeling thrilled,feeling love; feeling affection; feeling tenderness,neutral_centroid,neutral; ordinary; plain; average,feelings,vocabulary,feelings,3,0.4613778293132782,0.37426406145095825,False,False,False,0.442688524723053,0.18321126699447632,0.0,1.1414283514022827,0.9999999403953552
arctic_embed_l_v2,Snowflake/snowflake-arctic-embed-l-v2.0,,en,place,place,excitement,shuffled_emotion,love,centroid_phrases,feeling excited; feeling enthusiastic; feeling thrilled,feeling love; feeling affection; feeling tenderness,neutral_centroid,neutral; ordinary; plain; average,feel,vocabulary,feel,4,0.45856693387031555,0.35091426968574524,False,False,False,0.442688524723053,0.18321126699447632,0.0,1.1414283514022827,0.9999999403953552
arctic_embed_l_v2,Snowflake/snowflake-arctic-embed-l-v2.0,,en,place,place,excitement,shuffled_emotion,love,centroid_phrases,feeling excited; feeling enthusiastic; feeling thrilled,feeling love; feeling affection; feeling tenderness,neutral_centroid,neutral; ordinary; plain; average,love,vocabulary,love,5,0.42814502120018005,0.13744184374809265,False,False,False,0.442688524723053,0.18321126699447632,0.0,1.1414283514022827,0.9999999403953552
arctic_embed_l_v2,Snowflake/snowflake-arctic-embed-l-v2.0,,en,place,place,excitement,shuffled_emotion,love,centroid_phrases,feeling excited; feeling enthusiastic; feeling thrilled,feeling love; feeling affection; feeling tenderness,neutral_centroid,neutral; ordinary; plain; average,placing,vocabulary,placing,6,0.4217895567417145,0.05384461209177971,False,False,False,0.442688524723053,0.18321126699447632,0.0,1.1414283514022827,0.9999999403953552
arctic_embed_l_v2,Snowflake/snowflake-arctic-embed-l-v2.0,,en,place,place,excitement,shuffled_emotion,love,centroid_phrases,feeling excited; feeling enthusiastic; feeling thrilled,feeling love; feeling affection; feeling tenderness,neutral_centroid,neutral; ordinary; plain; average,placer,vocabulary,placer,7,0.418800950050354,-0.04666668921709061,False,False,False,0.442688524723053,0.18321126699447632,0.0,1.1414283514022827,0.9999999403953552
arctic_embed_l_v2,Snowflake/snowflake-arctic-embed-l-v2.0,,en,place,place,excitement,shuffled_emotion,love,centroid_phrases,feeling excited; feeling enthusiastic; feeling thrilled,feeling love; feeling affection; feeling tenderness,neutral_centroid,neutral; ordinary; plain; average,placement,vocabulary,placement,8,0.3975616693496704,0.03134248033165932,False,False,False,0.442688524723053,0.18321126699447632,0.0,1.1414283514022827,0.9999999403953552
arctic_embed_l_v2,Snowflake/snowflake-arctic-embed-l-v2.0,,en,place,place,excitement,shuffled_emotion,love,centroid_phrases,feeling excited; feeling enthusiastic; feeling thrilled,feeling love; feeling affection; feeling tenderness,neutral_centroid,neutral; ordinary; plain; average,sensation,vocabulary,sensation,9,0.3944469690322876,0.22893662750720978,False,False,False,0.442688524723053,0.18321126699447632,0.0,1.1414283514022827,0.9999999403953552
arctic_embed_l_v2,Snowflake/snowflake-arctic-embed-l-v2.0,,en,place,place,excitement,shuffled_emotion,love,centroid_phrases,feeling excited; feeling enthusiastic; feeling thrilled,feeling love; feeling affection; feeling tenderness,neutral_centroid,neutral; ordinary; plain; average,tenderness,vocabulary,tenderness,10,0.38299912214279175,0.18386980891227722,False,False,False,0.442688524723053,0.18321126699447632,0.0,1.1414283514022827,0.9999999403953552
arctic_embed_l_v2,Snowflake/snowflake-arctic-embed-l-v2.0,,en,place,place,love,emotion,love,centroid_phrases,feeling love; feeling affection; feeling tenderness,feeling love; feeling affection; feeling tenderness,neutral_centroid,neutral; ordinary; plain; average,places,vocabulary,places,1,0.5470163226127625,0.049337077885866165,False,False,False,0.442688524723053,0.25990603817626834,0.0,1.1414283514022827,0.9999999403953552
arctic_embed_l_v2,Snowflake/snowflake-arctic-embed-l-v2.0,,en,place,place,love,emotion,love,centroid_phrases,feeling love; feeling affection; feeling tenderness,feeling love; feeling affection; feeling tenderness,neutral_centroid,neutral; ordinary; plain; average,feeling,vocabulary,feeling,2,0.5161808729171753,0.5291504263877869,False,False,False,0.442688524723053,0.25990603817626834,0.0,1.1414283514022827,0.9999999403953552
arctic_embed_l_v2,Snowflake/snowflake-arctic-embed-l-v2.0,,en,place,place,love,emotion,love,centroid_phrases,feeling love; feeling affection; feeling tenderness,feeling love; feeling affection; feeling tenderness,neutral_centroid,neutral; ordinary; plain; average,feelings,vocabulary,feelings,3,0.4613778293132782,0.4620039761066437,False,False,False,0.442688524723053,0.25990603817626834,0.0,1.1414283514022827,0.9999999403953552
arctic_embed_l_v2,Snowflake/snowflake-arctic-embed-l-v2.0,,en,place,place,love,emotion,love,centroid_phrases,feeling love; feeling affection; feeling tenderness,feeling love; feeling affection; feeling tenderness,neutral_centroid,neutral; ordinary; plain; average,feel,vocabulary,feel,4,0.45856693387031555,0.40143510699272156,False,False,False,0.442688524723053,0.25990603817626834,0.0,1.1414283514022827,0.9999999403953552
arctic_embed_l_v2,Snowflake/snowflake-arctic-embed-l-v2.0,,en,place,place,love,emotion,love,centroid_phrases,feeling love; feeling affection; feeling tenderness,feeling love; feeling affection; feeling tenderness,neutral_centroid,neutral; ordinary; plain; average,love,vocabulary,love,5,0.42814502120018005,0.3313055634498596,False,False,False,0.442688524723053,0.25990603817626834,0.0,1.1414283514022827,0.9999999403953552
arctic_embed_l_v2,Snowflake/snowflake-arctic-embed-l-v2.0,,en,place,place,love,emotion,love,centroid_phrases,feeling love; feeling affection; feeling tenderness,feeling love; feeling affection; feeling tenderness,neutral_centroid,neutral; ordinary; plain; average,placing,vocabulary,placing,6,0.4217895567417145,0.08942203223705292,False,False,False,0.442688524723053,0.25990603817626834,0.0,1.1414283514022827,0.9999999403953552
arctic_embed_l_v2,Snowflake/snowflake-arctic-embed-l-v2.0,,en,place,place,love,emotion,love,centroid_phrases,feeling love; feeling affection; feeling tenderness,feeling love; feeling affection; feeling tenderness,neutral_centroid,neutral; ordinary; plain; average,placer,vocabulary,placer,7,0.418800950050354,-0.006985031999647617,False,False,False,0.442688524723053,0.25990603817626834,0.0,1.1414283514022827,0.9999999403953552
arctic_embed_l_v2,Snowflake/snowflake-arctic-embed-l-v2.0,,en,place,place,love,emotion,love,centroid_phrases,feeling love; feeling affection; feeling tenderness,feeling love; feeling affection; feeling tenderness,neutral_centroid,neutral; ordinary; plain; average,placement,vocabulary,placement,8,0.3975616693496704,0.0753713995218277,False,False,False,0.442688524723053,0.25990603817626834,0.0,1.1414283514022827,0.9999999403953552
arctic_embed_l_v2,Snowflake/snowflake-arctic-embed-l-v2.0,,en,place,place,love,emotion,love,centroid_phrases,feeling love; feeling affection; feeling tenderness,feeling love; feeling affection; feeling tenderness,neutral_centroid,neutral; ordinary; plain; average,sensation,vocabulary,sensation,9,0.3944469690322876,0.31620848178863525,False,False,False,0.442688524723053,0.25990603817626834,0.0,1.1414283514022827,0.9999999403953552
arctic_embed_l_v2,Snowflake/snowflake-arctic-embed-l-v2.0,,en,place,place,love,emotion,love,centroid_phrases,feeling love; feeling affection; feeling tenderness,feeling love; feeling affection; feeling tenderness,neutral_centroid,neutral; ordinary; plain; average,tenderness,vocabulary,tenderness,10,0.38299912214279175,0.35181134939193726,False,False,False,0.442688524723053,0.25990603817626834,0.0,1.1414283514022827,0.9999999403953552
arctic_embed_l_v2,Snowflake/snowflake-arctic-embed-l-v2.0,,en,place,place,love,identity,love,centroid_phrases,feeling love; feeling affection; feeling tenderness,feeling love; feeling affection; feeling tenderness,neutral_centroid,neutral; ordinary; plain; average,places,vocabulary,places,1,0.8353219032287598,0.049337077885866165,False,False,False,0.6558181881904602,0.005550298746675253,0.0,0.0,1.0
arctic_embed_l_v2,Snowflake/snowflake-arctic-embed-l-v2.0,,en,place,place,love,identity,love,centroid_phrases,feeling love; feeling affection; feeling tenderness,feeling love; feeling affection; feeling tenderness,neutral_centroid,neutral; ordinary; plain; average,placer,vocabulary,placer,2,0.7134537696838379,-0.006985031999647617,False,False,False,0.6558181881904602,0.005550298746675253,0.0,0.0,1.0
arctic_embed_l_v2,Snowflake/snowflake-arctic-embed-l-v2.0,,en,place,place,love,identity,love,centroid_phrases,feeling love; feeling affection; feeling tenderness,feeling love; feeling affection; feeling tenderness,neutral_centroid,neutral; ordinary; plain; average,lieu,vocabulary,lieu,3,0.6811672449111938,-0.03605864942073822,False,False,False,0.6558181881904602,0.005550298746675253,0.0,0.0,1.0
arctic_embed_l_v2,Snowflake/snowflake-arctic-embed-l-v2.0,,en,place,place,love,identity,love,centroid_phrases,feeling love; feeling affection; feeling tenderness,feeling love; feeling affection; feeling tenderness,neutral_centroid,neutral; ordinary; plain; average,plaza,vocabulary,plaza,4,0.6574501991271973,-0.03314230591058731,False,False,False,0.6558181881904602,0.005550298746675253,0.0,0.0,1.0
arctic_embed_l_v2,Snowflake/snowflake-arctic-embed-l-v2.0,,en,place,place,love,identity,love,centroid_phrases,feeling love; feeling affection; feeling tenderness,feeling love; feeling affection; feeling tenderness,neutral_centroid,neutral; ordinary; plain; average,piazza,vocabulary,piazza,5,0.6438893675804138,-0.03979646414518356,False,False,False,0.6558181881904602,0.005550298746675253,0.0,0.0,1.0
arctic_embed_l_v2,Snowflake/snowflake-arctic-embed-l-v2.0,,en,place,place,love,identity,love,centroid_phrases,feeling love; feeling affection; feeling tenderness,feeling love; feeling affection; feeling tenderness,neutral_centroid,neutral; ordinary; plain; average,placed,vocabulary,placed,6,0.6183696389198303,-0.01401042565703392,False,False,False,0.6558181881904602,0.005550298746675253,0.0,0.0,1.0
arctic_embed_l_v2,Snowflake/snowflake-arctic-embed-l-v2.0,,en,place,place,love,identity,love,centroid_phrases,feeling love; feeling affection; feeling tenderness,feeling love; feeling affection; feeling tenderness,neutral_centroid,neutral; ordinary; plain; average,placing,vocabulary,placing,7,0.6077511310577393,0.08942203223705292,False,False,False,0.6558181881904602,0.005550298746675253,0.0,0.0,1.0
arctic_embed_l_v2,Snowflake/snowflake-arctic-embed-l-v2.0,,en,place,place,love,identity,love,centroid_phrases,feeling love; feeling affection; feeling tenderness,feeling love; feeling affection; feeling tenderness,neutral_centroid,neutral; ordinary; plain; average,location,vocabulary,location,8,0.6058411598205566,0.009726887568831444,False,False,False,0.6558181881904602,0.005550298746675253,0.0,0.0,1.0
arctic_embed_l_v2,Snowflake/snowflake-arctic-embed-l-v2.0,,en,place,place,love,identity,love,centroid_phrases,feeling love; feeling affection; feeling tenderness,feeling love; feeling affection; feeling tenderness,neutral_centroid,neutral; ordinary; plain; average,someplace,vocabulary,someplace,9,0.5995919704437256,0.02359161153435707,False,False,False,0.6558181881904602,0.005550298746675253,0.0,0.0,1.0
arctic_embed_l_v2,Snowflake/snowflake-arctic-embed-l-v2.0,,en,place,place,love,identity,love,centroid_phrases,feeling love; feeling affection; feeling tenderness,feeling love; feeling affection; feeling tenderness,neutral_centroid,neutral; ordinary; plain; average,birthplace,vocabulary,birthplace,10,0.5953454971313477,0.013418255373835564,False,False,False,0.6558181881904602,0.005550298746675253,0.0,0.0,1.0
arctic_embed_l_v2,Snowflake/snowflake-arctic-embed-l-v2.0,,en,place,place,love,random,love,centroid_phrases,feeling love; feeling affection; feeling tenderness,feeling love; feeling affection; feeling tenderness,neutral_centroid,neutral; ordinary; plain; average,places,vocabulary,places,1,0.5874052047729492,0.049337077885866165,False,False,False,0.44931791722774506,0.010728277545422316,0.0,1.0,1.0
arctic_embed_l_v2,Snowflake/snowflake-arctic-embed-l-v2.0,,en,place,place,love,random,love,centroid_phrases,feeling love; feeling affection; feeling tenderness,feeling love; feeling affection; feeling tenderness,neutral_centroid,neutral; ordinary; plain; average,placer,vocabulary,placer,2,0.49252426624298096,-0.006985031999647617,False,False,False,0.44931791722774506,0.010728277545422316,0.0,1.0,1.0
arctic_embed_l_v2,Snowflake/snowflake-arctic-embed-l-v2.0,,en,place,place,love,random,love,centroid_phrases,feeling love; feeling affection; feeling tenderness,feeling love; feeling affection; feeling tenderness,neutral_centroid,neutral; ordinary; plain; average,lieu,vocabulary,lieu,3,0.47198331356048584,-0.03605864942073822,False,False,False,0.44931791722774506,0.010728277545422316,0.0,1.0,1.0
arctic_embed_l_v2,Snowflake/snowflake-arctic-embed-l-v2.0,,en,place,place,love,random,love,centroid_phrases,feeling love; feeling affection; feeling tenderness,feeling love; feeling affection; feeling tenderness,neutral_centroid,neutral; ordinary; plain; average,piazza,vocabulary,piazza,4,0.44250667095184326,-0.03979646414518356,False,False,False,0.44931791722774506,0.010728277545422316,0.0,1.0,1.0
arctic_embed_l_v2,Snowflake/snowflake-arctic-embed-l-v2.0,,en,place,place,love,random,love,centroid_phrases,feeling love; feeling affection; feeling tenderness,feeling love; feeling affection; feeling tenderness,neutral_centroid,neutral; ordinary; plain; average,plaza,vocabulary,plaza,5,0.43959030508995056,-0.03314230591058731,False,False,False,0.44931791722774506,0.010728277545422316,0.0,1.0,1.0
arctic_embed_l_v2,Snowflake/snowflake-arctic-embed-l-v2.0,,en,place,place,love,random,love,centroid_phrases,feeling love; feeling affection; feeling tenderness,feeling love; feeling affection; feeling tenderness,neutral_centroid,neutral; ordinary; plain; average,placed,vocabulary,placed,6,0.422868013381958,-0.01401042565703392,False,False,False,0.44931791722774506,0.010728277545422316,0.0,1.0,1.0
arctic_embed_l_v2,Snowflake/snowflake-arctic-embed-l-v2.0,,en,place,place,love,random,love,centroid_phrases,feeling love; feeling affection; feeling tenderness,feeling love; feeling affection; feeling tenderness,neutral_centroid,neutral; ordinary; plain; average,location,vocabulary,location,7,0.42115384340286255,0.009726887568831444,False,False,False,0.44931791722774506,0.010728277545422316,0.0,1.0,1.0
arctic_embed_l_v2,Snowflake/snowflake-arctic-embed-l-v2.0,,en,place,place,love,random,love,centroid_phrases,feeling love; feeling affection; feeling tenderness,feeling love; feeling affection; feeling tenderness,neutral_centroid,neutral; ordinary; plain; average,placement,vocabulary,placement,8,0.4055449962615967,0.0753713995218277,False,False,False,0.44931791722774506,0.010728277545422316,0.0,1.0,1.0
arctic_embed_l_v2,Snowflake/snowflake-arctic-embed-l-v2.0,,en,place,place,love,random,love,centroid_phrases,feeling love; feeling affection; feeling tenderness,feeling love; feeling affection; feeling tenderness,neutral_centroid,neutral; ordinary; plain; average,placing,vocabulary,placing,9,0.405529260635376,0.08942203223705292,False,False,False,0.44931791722774506,0.010728277545422316,0.0,1.0,1.0
arctic_embed_l_v2,Snowflake/snowflake-arctic-embed-l-v2.0,,en,place,place,love,random,love,centroid_phrases,feeling love; feeling affection; feeling tenderness,feeling love; feeling affection; feeling tenderness,neutral_centroid,neutral; ordinary; plain; average,birthplace,vocabulary,birthplace,10,0.4040732979774475,0.013418255373835564,False,False,False,0.44931791722774506,0.010728277545422316,0.0,1.0,1.0
arctic_embed_l_v2,Snowflake/snowflake-arctic-embed-l-v2.0,,en,place,place,love,shuffled_emotion,positive,centroid_phrases,feeling love; feeling affection; feeling tenderness,feeling positive; feeling pleasant; feeling good,neutral_centroid,neutral; ordinary; plain; average,places,vocabulary,places,1,0.607959508895874,0.049337077885866165,False,False,False,0.4517390996217728,0.17217852836474776,0.0,1.0207152366638184,1.0
arctic_embed_l_v2,Snowflake/snowflake-arctic-embed-l-v2.0,,en,place,place,love,shuffled_emotion,positive,centroid_phrases,feeling love; feeling affection; feeling tenderness,feeling positive; feeling pleasant; feeling good,neutral_centroid,neutral; ordinary; plain; average,feeling,vocabulary,feeling,2,0.5072952508926392,0.5291504263877869,False,False,False,0.4517390996217728,0.17217852836474776,0.0,1.0207152366638184,1.0
arctic_embed_l_v2,Snowflake/snowflake-arctic-embed-l-v2.0,,en,place,place,love,shuffled_emotion,positive,centroid_phrases,feeling love; feeling affection; feeling tenderness,feeling positive; feeling pleasant; feeling good,neutral_centroid,neutral; ordinary; plain; average,placer,vocabulary,placer,3,0.46924975514411926,-0.006985031999647617,False,False,False,0.4517390996217728,0.17217852836474776,0.0,1.0207152366638184,1.0
arctic_embed_l_v2,Snowflake/snowflake-arctic-embed-l-v2.0,,en,place,place,love,shuffled_emotion,positive,centroid_phrases,feeling love; feeling affection; feeling tenderness,feeling positive; feeling pleasant; feeling good,neutral_centroid,neutral; ordinary; plain; average,feel,vocabulary,feel,4,0.4490877091884613,0.40143510699272156,False,False,False,0.4517390996217728,0.17217852836474776,0.0,1.0207152366638184,1.0
arctic_embed_l_v2,Snowflake/snowflake-arctic-embed-l-v2.0,,en,place,place,love,shuffled_emotion,positive,centroid_phrases,feeling love; feeling affection; feeling tenderness,feeling positive; feeling pleasant; feeling good,neutral_centroid,neutral; ordinary; plain; average,placing,vocabulary,placing,5,0.4450271427631378,0.08942203223705292,False,False,False,0.4517390996217728,0.17217852836474776,0.0,1.0207152366638184,1.0
arctic_embed_l_v2,Snowflake/snowflake-arctic-embed-l-v2.0,,en,place,place,love,shuffled_emotion,positive,centroid_phrases,feeling love; feeling affection; feeling tenderness,feeling positive; feeling pleasant; feeling good,neutral_centroid,neutral; ordinary; plain; average,feelings,vocabulary,feelings,6,0.4165911078453064,0.4620039761066437,False,False,False,0.4517390996217728,0.17217852836474776,0.0,1.0207152366638184,1.0
arctic_embed_l_v2,Snowflake/snowflake-arctic-embed-l-v2.0,,en,place,place,love,shuffled_emotion,positive,centroid_phrases,feeling love; feeling affection; feeling tenderness,feeling positive; feeling pleasant; feeling good,neutral_centroid,neutral; ordinary; plain; average,pleasure,vocabulary,pleasure,7,0.4131208062171936,0.1692030280828476,False,False,False,0.4517390996217728,0.17217852836474776,0.0,1.0207152366638184,1.0
arctic_embed_l_v2,Snowflake/snowflake-arctic-embed-l-v2.0,,en,place,place,love,shuffled_emotion,positive,centroid_phrases,feeling love; feeling affection; feeling tenderness,feeling positive; feeling pleasant; feeling good,neutral_centroid,neutral; ordinary; plain; average,placed,vocabulary,placed,8,0.40462663769721985,-0.01401042565703392,False,False,False,0.4517390996217728,0.17217852836474776,0.0,1.0207152366638184,1.0
arctic_embed_l_v2,Snowflake/snowflake-arctic-embed-l-v2.0,,en,place,place,love,shuffled_emotion,positive,centroid_phrases,feeling love; feeling affection; feeling tenderness,feeling positive; feeling pleasant; feeling good,neutral_centroid,neutral; ordinary; plain; average,plaza,vocabulary,plaza,9,0.40258216857910156,-0.03314230591058731,False,False,False,0.4517390996217728,0.17217852836474776,0.0,1.0207152366638184,1.0
arctic_embed_l_v2,Snowflake/snowflake-arctic-embed-l-v2.0,,en,place,place,love,shuffled_emotion,positive,centroid_phrases,feeling love; feeling affection; feeling tenderness,feeling positive; feeling pleasant; feeling good,neutral_centroid,neutral; ordinary; plain; average,placement,vocabulary,placement,10,0.4018509089946747,0.0753713995218277,False,False,False,0.4517390996217728,0.17217852836474776,0.0,1.0207152366638184,1.0
arctic_embed_l_v2,Snowflake/snowflake-arctic-embed-l-v2.0,,en,place,place,positive,emotion,positive,centroid_phrases,feeling positive; feeling pleasant; feeling good,feeling positive; feeling pleasant; feeling good,neutral_centroid,neutral; ordinary; plain; average,places,vocabulary,places,1,0.607959508895874,0.06371662765741348,False,False,False,0.4517390996217728,0.1562431041151285,0.0,1.0207152366638184,1.0
arctic_embed_l_v2,Snowflake/snowflake-arctic-embed-l-v2.0,,en,place,place,positive,emotion,positive,centroid_phrases,feeling positive; feeling pleasant; feeling good,feeling positive; feeling pleasant; feeling good,neutral_centroid,neutral; ordinary; plain; average,feeling,vocabulary,feeling,2,0.5072952508926392,0.5071043372154236,False,False,False,0.4517390996217728,0.1562431041151285,0.0,1.0207152366638184,1.0
arctic_embed_l_v2,Snowflake/snowflake-arctic-embed-l-v2.0,,en,place,place,positive,emotion,positive,centroid_phrases,feeling positive; feeling pleasant; feeling good,feeling positive; feeling pleasant; feeling good,neutral_centroid,neutral; ordinary; plain; average,placer,vocabulary,placer,3,0.46924975514411926,-0.005710000172257423,False,False,False,0.4517390996217728,0.1562431041151285,0.0,1.0207152366638184,1.0
arctic_embed_l_v2,Snowflake/snowflake-arctic-embed-l-v2.0,,en,place,place,positive,emotion,positive,centroid_phrases,feeling positive; feeling pleasant; feeling good,feeling positive; feeling pleasant; feeling good,neutral_centroid,neutral; ordinary; plain; average,feel,vocabulary,feel,4,0.4490877091884613,0.3670008182525635,False,False,False,0.4517390996217728,0.1562431041151285,0.0,1.0207152366638184,1.0
arctic_embed_l_v2,Snowflake/snowflake-arctic-embed-l-v2.0,,en,place,place,positive,emotion,positive,centroid_phrases,feeling positive; feeling pleasant; feeling good,feeling positive; feeling pleasant; feeling good,neutral_centroid,neutral; ordinary; plain; average,placing,vocabulary,placing,5,0.4450271427631378,0.06487388163805008,False,False,False,0.4517390996217728,0.1562431041151285,0.0,1.0207152366638184,1.0
arctic_embed_l_v2,Snowflake/snowflake-arctic-embed-l-v2.0,,en,place,place,positive,emotion,positive,centroid_phrases,feeling positive; feeling pleasant; feeling good,feeling positive; feeling pleasant; feeling good,neutral_centroid,neutral; ordinary; plain; average,feelings,vocabulary,feelings,6,0.4165911078453064,0.38649782538414,False,False,False,0.4517390996217728,0.1562431041151285,0.0,1.0207152366638184,1.0
arctic_embed_l_v2,Snowflake/snowflake-arctic-embed-l-v2.0,,en,place,place,positive,emotion,positive,centroid_phrases,feeling positive; feeling pleasant; feeling good,feeling positive; feeling pleasant; feeling good,neutral_centroid,neutral; ordinary; plain; average,pleasure,vocabulary,pleasure,7,0.4131208062171936,0.19621862471103668,False,False,False,0.4517390996217728,0.1562431041151285,0.0,1.0207152366638184,1.0
arctic_embed_l_v2,Snowflake/snowflake-arctic-embed-l-v2.0,,en,place,place,positive,emotion,positive,centroid_phrases,feeling positive; feeling pleasant; feeling good,feeling positive; feeling pleasant; feeling good,neutral_centroid,neutral; ordinary; plain; average,placed,vocabulary,placed,8,0.40462663769721985,-0.0005251001566648483,False,False,False,0.4517390996217728,0.1562431041151285,0.0,1.0207152366638184,1.0
arctic_embed_l_v2,Snowflake/snowflake-arctic-embed-l-v2.0,,en,place,place,positive,emotion,positive,centroid_phrases,feeling positive; feeling pleasant; feeling good,feeling positive; feeling pleasant; feeling good,neutral_centroid,neutral; ordinary; plain; average,plaza,vocabulary,plaza,9,0.40258216857910156,-0.04159556329250336,False,False,False,0.4517390996217728,0.1562431041151285,0.0,1.0207152366638184,1.0
arctic_embed_l_v2,Snowflake/snowflake-arctic-embed-l-v2.0,,en,place,place,positive,emotion,positive,centroid_phrases,feeling positive; feeling pleasant; feeling good,feeling positive; feeling pleasant; feeling good,neutral_centroid,neutral; ordinary; plain; average,placement,vocabulary,placement,10,0.4018509089946747,0.02484958991408348,False,False,False,0.4517390996217728,0.1562431041151285,0.0,1.0207152366638184,1.0
arctic_embed_l_v2,Snowflake/snowflake-arctic-embed-l-v2.0,,en,place,place,positive,identity,positive,centroid_phrases,feeling positive; feeling pleasant; feeling good,feeling positive; feeling pleasant; feeling good,neutral_centroid,neutral; ordinary; plain; average,places,vocabulary,places,1,0.8353219032287598,0.06371662765741348,False,False,False,0.6558181881904602,-0.011589402519166469,0.0,0.0,1.0
arctic_embed_l_v2,Snowflake/snowflake-arctic-embed-l-v2.0,,en,place,place,positive,identity,positive,centroid_phrases,feeling positive; feeling pleasant; feeling good,feeling positive; feeling pleasant; feeling good,neutral_centroid,neutral; ordinary; plain; average,placer,vocabulary,placer,2,0.7134537696838379,-0.005710000172257423,False,False,False,0.6558181881904602,-0.011589402519166469,0.0,0.0,1.0
arctic_embed_l_v2,Snowflake/snowflake-arctic-embed-l-v2.0,,en,place,place,positive,identity,positive,centroid_phrases,feeling positive; feeling pleasant; feeling good,feeling positive; feeling pleasant; feeling good,neutral_centroid,neutral; ordinary; plain; average,lieu,vocabulary,lieu,3,0.6811672449111938,-0.06918725371360779,False,False,False,0.6558181881904602,-0.011589402519166469,0.0,0.0,1.0
arctic_embed_l_v2,Snowflake/snowflake-arctic-embed-l-v2.0,,en,place,place,positive,identity,positive,centroid_phrases,feeling positive; feeling pleasant; feeling good,feeling positive; feeling pleasant; feeling good,neutral_centroid,neutral; ordinary; plain; average,plaza,vocabulary,plaza,4,0.6574501991271973,-0.04159556329250336,False,False,False,0.6558181881904602,-0.011589402519166469,0.0,0.0,1.0
arctic_embed_l_v2,Snowflake/snowflake-arctic-embed-l-v2.0,,en,place,place,positive,identity,positive,centroid_phrases,feeling positive; feeling pleasant; feeling good,feeling positive; feeling pleasant; feeling good,neutral_centroid,neutral; ordinary; plain; average,piazza,vocabulary,piazza,5,0.6438893675804138,-0.052028317004442215,False,False,False,0.6558181881904602,-0.011589402519166469,0.0,0.0,1.0
arctic_embed_l_v2,Snowflake/snowflake-arctic-embed-l-v2.0,,en,place,place,positive,identity,positive,centroid_phrases,feeling positive; feeling pleasant; feeling good,feeling positive; feeling pleasant; feeling good,neutral_centroid,neutral; ordinary; plain; average,placed,vocabulary,placed,6,0.6183696389198303,-0.0005251001566648483,False,False,False,0.6558181881904602,-0.011589402519166469,0.0,0.0,1.0
arctic_embed_l_v2,Snowflake/snowflake-arctic-embed-l-v2.0,,en,place,place,positive,identity,positive,centroid_phrases,feeling positive; feeling pleasant; feeling good,feeling positive; feeling pleasant; feeling good,neutral_centroid,neutral; ordinary; plain; average,placing,vocabulary,placing,7,0.6077511310577393,0.06487388163805008,False,False,False,0.6558181881904602,-0.011589402519166469,0.0,0.0,1.0
arctic_embed_l_v2,Snowflake/snowflake-arctic-embed-l-v2.0,,en,place,place,positive,identity,positive,centroid_phrases,feeling positive; feeling pleasant; feeling good,feeling positive; feeling pleasant; feeling good,neutral_centroid,neutral; ordinary; plain; average,location,vocabulary,location,8,0.6058411598205566,-0.030038034543395042,False,False,False,0.6558181881904602,-0.011589402519166469,0.0,0.0,1.0
arctic_embed_l_v2,Snowflake/snowflake-arctic-embed-l-v2.0,,en,place,place,positive,identity,positive,centroid_phrases,feeling positive; feeling pleasant; feeling good,feeling positive; feeling pleasant; feeling good,neutral_centroid,neutral; ordinary; plain; average,someplace,vocabulary,someplace,9,0.5995919704437256,-0.008658554404973984,False,False,False,0.6558181881904602,-0.011589402519166469,0.0,0.0,1.0
arctic_embed_l_v2,Snowflake/snowflake-arctic-embed-l-v2.0,,en,place,place,positive,identity,positive,centroid_phrases,feeling positive; feeling pleasant; feeling good,feeling positive; feeling pleasant; feeling good,neutral_centroid,neutral; ordinary; plain; average,birthplace,vocabulary,birthplace,10,0.5953454971313477,-0.0367417111992836,False,False,False,0.6558181881904602,-0.011589402519166469,0.0,0.0,1.0
arctic_embed_l_v2,Snowflake/snowflake-arctic-embed-l-v2.0,,en,place,place,positive,random,positive,centroid_phrases,feeling positive; feeling pleasant; feeling good,feeling positive; feeling pleasant; feeling good,neutral_centroid,neutral; ordinary; plain; average,places,vocabulary,places,1,0.5788187980651855,0.06371662765741348,False,False,False,0.4896611452102661,-0.004361137468367815,0.0,1.0,1.0
arctic_embed_l_v2,Snowflake/snowflake-arctic-embed-l-v2.0,,en,place,place,positive,random,positive,centroid_phrases,feeling positive; feeling pleasant; feeling good,feeling positive; feeling pleasant; feeling good,neutral_centroid,neutral; ordinary; plain; average,placer,vocabulary,placer,2,0.5432649850845337,-0.005710000172257423,False,False,False,0.4896611452102661,-0.004361137468367815,0.0,1.0,1.0
arctic_embed_l_v2,Snowflake/snowflake-arctic-embed-l-v2.0,,en,place,place,positive,random,positive,centroid_phrases,feeling positive; feeling pleasant; feeling good,feeling positive; feeling pleasant; feeling good,neutral_centroid,neutral; ordinary; plain; average,lieu,vocabulary,lieu,3,0.5134305953979492,-0.06918725371360779,False,False,False,0.4896611452102661,-0.004361137468367815,0.0,1.0,1.0
arctic_embed_l_v2,Snowflake/snowflake-arctic-embed-l-v2.0,,en,place,place,positive,random,positive,centroid_phrases,feeling positive; feeling pleasant; feeling good,feeling positive; feeling pleasant; feeling good,neutral_centroid,neutral; ordinary; plain; average,placed,vocabulary,placed,4,0.48458582162857056,-0.0005251001566648483,False,False,False,0.4896611452102661,-0.004361137468367815,0.0,1.0,1.0
arctic_embed_l_v2,Snowflake/snowflake-arctic-embed-l-v2.0,,en,place,place,positive,random,positive,centroid_phrases,feeling positive; feeling pleasant; feeling good,feeling positive; feeling pleasant; feeling good,neutral_centroid,neutral; ordinary; plain; average,piazza,vocabulary,piazza,5,0.48392266035079956,-0.052028317004442215,False,False,False,0.4896611452102661,-0.004361137468367815,0.0,1.0,1.0
arctic_embed_l_v2,Snowflake/snowflake-arctic-embed-l-v2.0,,en,place,place,positive,random,positive,centroid_phrases,feeling positive; feeling pleasant; feeling good,feeling positive; feeling pleasant; feeling good,neutral_centroid,neutral; ordinary; plain; average,plaza,vocabulary,plaza,6,0.4785943627357483,-0.04159556329250336,False,False,False,0.4896611452102661,-0.004361137468367815,0.0,1.0,1.0
arctic_embed_l_v2,Snowflake/snowflake-arctic-embed-l-v2.0,,en,place,place,positive,random,positive,centroid_phrases,feeling positive; feeling pleasant; feeling good,feeling positive; feeling pleasant; feeling good,neutral_centroid,neutral; ordinary; plain; average,placement,vocabulary,placement,7,0.466785728931427,0.02484958991408348,False,False,False,0.4896611452102661,-0.004361137468367815,0.0,1.0,1.0
arctic_embed_l_v2,Snowflake/snowflake-arctic-embed-l-v2.0,,en,place,place,positive,random,positive,centroid_phrases,feeling positive; feeling pleasant; feeling good,feeling positive; feeling pleasant; feeling good,neutral_centroid,neutral; ordinary; plain; average,location,vocabulary,location,8,0.45877015590667725,-0.030038034543395042,False,False,False,0.4896611452102661,-0.004361137468367815,0.0,1.0,1.0
arctic_embed_l_v2,Snowflake/snowflake-arctic-embed-l-v2.0,,en,place,place,positive,random,positive,centroid_phrases,feeling positive; feeling pleasant; feeling good,feeling positive; feeling pleasant; feeling good,neutral_centroid,neutral; ordinary; plain; average,placing,vocabulary,placing,9,0.4542810022830963,0.06487388163805008,False,False,False,0.4896611452102661,-0.004361137468367815,0.0,1.0,1.0
arctic_embed_l_v2,Snowflake/snowflake-arctic-embed-l-v2.0,,en,place,place,positive,random,positive,centroid_phrases,feeling positive; feeling pleasant; feeling good,feeling positive; feeling pleasant; feeling good,neutral_centroid,neutral; ordinary; plain; average,position,vocabulary,position,10,0.4341573417186737,0.002032794989645481,False,False,False,0.4896611452102661,-0.004361137468367815,0.0,1.0,1.0
arctic_embed_l_v2,Snowflake/snowflake-arctic-embed-l-v2.0,,en,place,place,positive,shuffled_emotion,negative,centroid_phrases,feeling positive; feeling pleasant; feeling good,feeling negative; feeling unpleasant; feeling bad,neutral_centroid,neutral; ordinary; plain; average,places,vocabulary,places,1,0.564544677734375,0.06371662765741348,False,False,False,0.4334742784500122,0.17300097551196814,0.0,1.0413423776626587,1.0
arctic_embed_l_v2,Snowflake/snowflake-arctic-embed-l-v2.0,,en,place,place,positive,shuffled_emotion,negative,centroid_phrases,feeling positive; feeling pleasant; feeling good,feeling negative; feeling unpleasant; feeling bad,neutral_centroid,neutral; ordinary; plain; average,feeling,vocabulary,feeling,2,0.5041863918304443,0.5071043372154236,False,False,False,0.4334742784500122,0.17300097551196814,0.0,1.0413423776626587,1.0
arctic_embed_l_v2,Snowflake/snowflake-arctic-embed-l-v2.0,,en,place,place,positive,shuffled_emotion,negative,centroid_phrases,feeling positive; feeling pleasant; feeling good,feeling negative; feeling unpleasant; feeling bad,neutral_centroid,neutral; ordinary; plain; average,feel,vocabulary,feel,3,0.46426722407341003,0.3670008182525635,False,False,False,0.4334742784500122,0.17300097551196814,0.0,1.0413423776626587,1.0
arctic_embed_l_v2,Snowflake/snowflake-arctic-embed-l-v2.0,,en,place,place,positive,shuffled_emotion,negative,centroid_phrases,feeling positive; feeling pleasant; feeling good,feeling negative; feeling unpleasant; feeling bad,neutral_centroid,neutral; ordinary; plain; average,feelings,vocabulary,feelings,4,0.43576139211654663,0.38649782538414,False,False,False,0.4334742784500122,0.17300097551196814,0.0,1.0413423776626587,1.0
arctic_embed_l_v2,Snowflake/snowflake-arctic-embed-l-v2.0,,en,place,place,positive,shuffled_emotion,negative,centroid_phrases,feeling positive; feeling pleasant; feeling good,feeling negative; feeling unpleasant; feeling bad,neutral_centroid,neutral; ordinary; plain; average,placer,vocabulary,placer,5,0.42775243520736694,-0.005710000172257423,False,False,False,0.4334742784500122,0.17300097551196814,0.0,1.0413423776626587,1.0
arctic_embed_l_v2,Snowflake/snowflake-arctic-embed-l-v2.0,,en,place,place,positive,shuffled_emotion,negative,centroid_phrases,feeling positive; feeling pleasant; feeling good,feeling negative; feeling unpleasant; feeling bad,neutral_centroid,neutral; ordinary; plain; average,placing,vocabulary,placing,6,0.4182208776473999,0.06487388163805008,False,False,False,0.4334742784500122,0.17300097551196814,0.0,1.0413423776626587,1.0
arctic_embed_l_v2,Snowflake/snowflake-arctic-embed-l-v2.0,,en,place,place,positive,shuffled_emotion,negative,centroid_phrases,feeling positive; feeling pleasant; feeling good,feeling negative; feeling unpleasant; feeling bad,neutral_centroid,neutral; ordinary; plain; average,lieu,vocabulary,lieu,7,0.3925580680370331,-0.06918725371360779,False,False,False,0.4334742784500122,0.17300097551196814,0.0,1.0413423776626587,1.0
arctic_embed_l_v2,Snowflake/snowflake-arctic-embed-l-v2.0,,en,place,place,positive,shuffled_emotion,negative,centroid_phrases,feeling positive; feeling pleasant; feeling good,feeling negative; feeling unpleasant; feeling bad,neutral_centroid,neutral; ordinary; plain; average,placement,vocabulary,placement,8,0.3834999203681946,0.02484958991408348,False,False,False,0.4334742784500122,0.17300097551196814,0.0,1.0413423776626587,1.0
arctic_embed_l_v2,Snowflake/snowflake-arctic-embed-l-v2.0,,en,place,place,positive,shuffled_emotion,negative,centroid_phrases,feeling positive; feeling pleasant; feeling good,feeling negative; feeling unpleasant; feeling bad,neutral_centroid,neutral; ordinary; plain; average,someplace,vocabulary,someplace,9,0.37503957748413086,-0.008658554404973984,False,False,False,0.4334742784500122,0.17300097551196814,0.0,1.0413423776626587,1.0
arctic_embed_l_v2,Snowflake/snowflake-arctic-embed-l-v2.0,,en,place,place,positive,shuffled_emotion,negative,centroid_phrases,feeling positive; feeling pleasant; feeling good,feeling negative; feeling unpleasant; feeling bad,neutral_centroid,neutral; ordinary; plain; average,feelin,vocabulary,feelin,10,0.3689122200012207,0.39952248334884644,False,False,False,0.4334742784500122,0.17300097551196814,0.0,1.0413423776626587,1.0
arctic_embed_l_v2,Snowflake/snowflake-arctic-embed-l-v2.0,,en,place,place,negative,emotion,negative,centroid_phrases,feeling negative; feeling unpleasant; feeling bad,feeling negative; feeling unpleasant; feeling bad,neutral_centroid,neutral; ordinary; plain; average,places,vocabulary,places,1,0.564544677734375,0.05398097261786461,False,False,False,0.4334742784500122,0.20643964884802699,0.0,1.0413423776626587,1.0
arctic_embed_l_v2,Snowflake/snowflake-arctic-embed-l-v2.0,,en,place,place,negative,emotion,negative,centroid_phrases,feeling negative; feeling unpleasant; feeling bad,feeling negative; feeling unpleasant; feeling bad,neutral_centroid,neutral; ordinary; plain; average,feeling,vocabulary,feeling,2,0.5041863918304443,0.5445402264595032,False,False,False,0.4334742784500122,0.20643964884802699,0.0,1.0413423776626587,1.0
arctic_embed_l_v2,Snowflake/snowflake-arctic-embed-l-v2.0,,en,place,place,negative,emotion,negative,centroid_phrases,feeling negative; feeling unpleasant; feeling bad,feeling negative; feeling unpleasant; feeling bad,neutral_centroid,neutral; ordinary; plain; average,feel,vocabulary,feel,3,0.46426722407341003,0.4330516755580902,False,False,False,0.4334742784500122,0.20643964884802699,0.0,1.0413423776626587,1.0
arctic_embed_l_v2,Snowflake/snowflake-arctic-embed-l-v2.0,,en,place,place,negative,emotion,negative,centroid_phrases,feeling negative; feeling unpleasant; feeling bad,feeling negative; feeling unpleasant; feeling bad,neutral_centroid,neutral; ordinary; plain; average,feelings,vocabulary,feelings,4,0.43576139211654663,0.4585139751434326,False,False,False,0.4334742784500122,0.20643964884802699,0.0,1.0413423776626587,1.0
arctic_embed_l_v2,Snowflake/snowflake-arctic-embed-l-v2.0,,en,place,place,negative,emotion,negative,centroid_phrases,feeling negative; feeling unpleasant; feeling bad,feeling negative; feeling unpleasant; feeling bad,neutral_centroid,neutral; ordinary; plain; average,placer,vocabulary,placer,5,0.42775243520736694,-0.0065856808796525,False,False,False,0.4334742784500122,0.20643964884802699,0.0,1.0413423776626587,1.0
arctic_embed_l_v2,Snowflake/snowflake-arctic-embed-l-v2.0,,en,place,place,negative,emotion,negative,centroid_phrases,feeling negative; feeling unpleasant; feeling bad,feeling negative; feeling unpleasant; feeling bad,neutral_centroid,neutral; ordinary; plain; average,placing,vocabulary,placing,6,0.4182208776473999,0.0825456753373146,False,False,False,0.4334742784500122,0.20643964884802699,0.0,1.0413423776626587,1.0
arctic_embed_l_v2,Snowflake/snowflake-arctic-embed-l-v2.0,,en,place,place,negative,emotion,negative,centroid_phrases,feeling negative; feeling unpleasant; feeling bad,feeling negative; feeling unpleasant; feeling bad,neutral_centroid,neutral; ordinary; plain; average,lieu,vocabulary,lieu,7,0.3925580680370331,-0.021273531019687653,False,False,False,0.4334742784500122,0.20643964884802699,0.0,1.0413423776626587,1.0
arctic_embed_l_v2,Snowflake/snowflake-arctic-embed-l-v2.0,,en,place,place,negative,emotion,negative,centroid_phrases,feeling negative; feeling unpleasant; feeling bad,feeling negative; feeling unpleasant; feeling bad,neutral_centroid,neutral; ordinary; plain; average,placement,vocabulary,placement,8,0.3834999203681946,0.05584653466939926,False,False,False,0.4334742784500122,0.20643964884802699,0.0,1.0413423776626587,1.0
arctic_embed_l_v2,Snowflake/snowflake-arctic-embed-l-v2.0,,en,place,place,negative,emotion,negative,centroid_phrases,feeling negative; feeling unpleasant; feeling bad,feeling negative; feeling unpleasant; feeling bad,neutral_centroid,neutral; ordinary; plain; average,someplace,vocabulary,someplace,9,0.37503957748413086,0.03431897610425949,False,False,False,0.4334742784500122,0.20643964884802699,0.0,1.0413423776626587,1.0
arctic_embed_l_v2,Snowflake/snowflake-arctic-embed-l-v2.0,,en,place,place,negative,emotion,negative,centroid_phrases,feeling negative; feeling unpleasant; feeling bad,feeling negative; feeling unpleasant; feeling bad,neutral_centroid,neutral; ordinary; plain; average,feelin,vocabulary,feelin,10,0.3689122200012207,0.4294576644897461,False,False,False,0.4334742784500122,0.20643964884802699,0.0,1.0413423776626587,1.0
arctic_embed_l_v2,Snowflake/snowflake-arctic-embed-l-v2.0,,en,place,place,negative,identity,negative,centroid_phrases,feeling negative; feeling unpleasant; feeling bad,feeling negative; feeling unpleasant; feeling bad,neutral_centroid,neutral; ordinary; plain; average,places,vocabulary,places,1,0.8353219032287598,0.05398097261786461,False,False,False,0.6558181881904602,0.006492820288985968,0.0,0.0,1.0
arctic_embed_l_v2,Snowflake/snowflake-arctic-embed-l-v2.0,,en,place,place,negative,identity,negative,centroid_phrases,feeling negative; feeling unpleasant; feeling bad,feeling negative; feeling unpleasant; feeling bad,neutral_centroid,neutral; ordinary; plain; average,placer,vocabulary,placer,2,0.7134537696838379,-0.0065856808796525,False,False,False,0.6558181881904602,0.006492820288985968,0.0,0.0,1.0
arctic_embed_l_v2,Snowflake/snowflake-arctic-embed-l-v2.0,,en,place,place,negative,identity,negative,centroid_phrases,feeling negative; feeling unpleasant; feeling bad,feeling negative; feeling unpleasant; feeling bad,neutral_centroid,neutral; ordinary; plain; average,lieu,vocabulary,lieu,3,0.6811672449111938,-0.021273531019687653,False,False,False,0.6558181881904602,0.006492820288985968,0.0,0.0,1.0
arctic_embed_l_v2,Snowflake/snowflake-arctic-embed-l-v2.0,,en,place,place,negative,identity,negative,centroid_phrases,feeling negative; feeling unpleasant; feeling bad,feeling negative; feeling unpleasant; feeling bad,neutral_centroid,neutral; ordinary; plain; average,plaza,vocabulary,plaza,4,0.6574501991271973,-0.03759719431400299,False,False,False,0.6558181881904602,0.006492820288985968,0.0,0.0,1.0
arctic_embed_l_v2,Snowflake/snowflake-arctic-embed-l-v2.0,,en,place,place,negative,identity,negative,centroid_phrases,feeling negative; feeling unpleasant; feeling bad,feeling negative; feeling unpleasant; feeling bad,neutral_centroid,neutral; ordinary; plain; average,piazza,vocabulary,piazza,5,0.6438893675804138,-0.04230642318725586,False,False,False,0.6558181881904602,0.006492820288985968,0.0,0.0,1.0
arctic_embed_l_v2,Snowflake/snowflake-arctic-embed-l-v2.0,,en,place,place,negative,identity,negative,centroid_phrases,feeling negative; feeling unpleasant; feeling bad,feeling negative; feeling unpleasant; feeling bad,neutral_centroid,neutral; ordinary; plain; average,placed,vocabulary,placed,6,0.6183696389198303,-0.007971357554197311,False,False,False,0.6558181881904602,0.006492820288985968,0.0,0.0,1.0
arctic_embed_l_v2,Snowflake/snowflake-arctic-embed-l-v2.0,,en,place,place,negative,identity,negative,centroid_phrases,feeling negative; feeling unpleasant; feeling bad,feeling negative; feeling unpleasant; feeling bad,neutral_centroid,neutral; ordinary; plain; average,placing,vocabulary,placing,7,0.6077511310577393,0.0825456753373146,False,False,False,0.6558181881904602,0.006492820288985968,0.0,0.0,1.0
arctic_embed_l_v2,Snowflake/snowflake-arctic-embed-l-v2.0,,en,place,place,negative,identity,negative,centroid_phrases,feeling negative; feeling unpleasant; feeling bad,feeling negative; feeling unpleasant; feeling bad,neutral_centroid,neutral; ordinary; plain; average,location,vocabulary,location,8,0.6058411598205566,0.004763863980770111,False,False,False,0.6558181881904602,0.006492820288985968,0.0,0.0,1.0
arctic_embed_l_v2,Snowflake/snowflake-arctic-embed-l-v2.0,,en,place,place,negative,identity,negative,centroid_phrases,feeling negative; feeling unpleasant; feeling bad,feeling negative; feeling unpleasant; feeling bad,neutral_centroid,neutral; ordinary; plain; average,someplace,vocabulary,someplace,9,0.5995919704437256,0.03431897610425949,False,False,False,0.6558181881904602,0.006492820288985968,0.0,0.0,1.0
arctic_embed_l_v2,Snowflake/snowflake-arctic-embed-l-v2.0,,en,place,place,negative,identity,negative,centroid_phrases,feeling negative; feeling unpleasant; feeling bad,feeling negative; feeling unpleasant; feeling bad,neutral_centroid,neutral; ordinary; plain; average,birthplace,vocabulary,birthplace,10,0.5953454971313477,0.005052901804447174,False,False,False,0.6558181881904602,0.006492820288985968,0.0,0.0,1.0
arctic_embed_l_v2,Snowflake/snowflake-arctic-embed-l-v2.0,,en,place,place,negative,random,negative,centroid_phrases,feeling negative; feeling unpleasant; feeling bad,feeling negative; feeling unpleasant; feeling bad,neutral_centroid,neutral; ordinary; plain; average,places,vocabulary,places,1,0.6188874244689941,0.05398097261786461,False,False,False,0.48016517162322997,-0.0011823837645351886,0.0,1.0,0.9999999403953552
arctic_embed_l_v2,Snowflake/snowflake-arctic-embed-l-v2.0,,en,place,place,negative,random,negative,centroid_phrases,feeling negative; feeling unpleasant; feeling bad,feeling negative; feeling unpleasant; feeling bad,neutral_centroid,neutral; ordinary; plain; average,placer,vocabulary,placer,2,0.5192127227783203,-0.0065856808796525,False,False,False,0.48016517162322997,-0.0011823837645351886,0.0,1.0,0.9999999403953552
arctic_embed_l_v2,Snowflake/snowflake-arctic-embed-l-v2.0,,en,place,place,negative,random,negative,centroid_phrases,feeling negative; feeling unpleasant; feeling bad,feeling negative; feeling unpleasant; feeling bad,neutral_centroid,neutral; ordinary; plain; average,lieu,vocabulary,lieu,3,0.514249324798584,-0.021273531019687653,False,False,False,0.48016517162322997,-0.0011823837645351886,0.0,1.0,0.9999999403953552
arctic_embed_l_v2,Snowflake/snowflake-arctic-embed-l-v2.0,,en,place,place,negative,random,negative,centroid_phrases,feeling negative; feeling unpleasant; feeling bad,feeling negative; feeling unpleasant; feeling bad,neutral_centroid,neutral; ordinary; plain; average,location,vocabulary,location,4,0.47054409980773926,0.004763863980770111,False,False,False,0.48016517162322997,-0.0011823837645351886,0.0,1.0,0.9999999403953552
arctic_embed_l_v2,Snowflake/snowflake-arctic-embed-l-v2.0,,en,place,place,negative,random,negative,centroid_phrases,feeling negative; feeling unpleasant; feeling bad,feeling negative; feeling unpleasant; feeling bad,neutral_centroid,neutral; ordinary; plain; average,plaza,vocabulary,plaza,5,0.4656464457511902,-0.03759719431400299,False,False,False,0.48016517162322997,-0.0011823837645351886,0.0,1.0,0.9999999403953552
arctic_embed_l_v2,Snowflake/snowflake-arctic-embed-l-v2.0,,en,place,place,negative,random,negative,centroid_phrases,feeling negative; feeling unpleasant; feeling bad,feeling negative; feeling unpleasant; feeling bad,neutral_centroid,neutral; ordinary; plain; average,piazza,vocabulary,piazza,6,0.4493076205253601,-0.04230642318725586,False,False,False,0.48016517162322997,-0.0011823837645351886,0.0,1.0,0.9999999403953552
arctic_embed_l_v2,Snowflake/snowflake-arctic-embed-l-v2.0,,en,place,place,negative,random,negative,centroid_phrases,feeling negative; feeling unpleasant; feeling bad,feeling negative; feeling unpleasant; feeling bad,neutral_centroid,neutral; ordinary; plain; average,someplace,vocabulary,someplace,7,0.44521939754486084,0.03431897610425949,False,False,False,0.48016517162322997,-0.0011823837645351886,0.0,1.0,0.9999999403953552
arctic_embed_l_v2,Snowflake/snowflake-arctic-embed-l-v2.0,,en,place,place,negative,random,negative,centroid_phrases,feeling negative; feeling unpleasant; feeling bad,feeling negative; feeling unpleasant; feeling bad,neutral_centroid,neutral; ordinary; plain; average,placed,vocabulary,placed,8,0.44304078817367554,-0.007971357554197311,False,False,False,0.48016517162322997,-0.0011823837645351886,0.0,1.0,0.9999999403953552
arctic_embed_l_v2,Snowflake/snowflake-arctic-embed-l-v2.0,,en,place,place,negative,random,negative,centroid_phrases,feeling negative; feeling unpleasant; feeling bad,feeling negative; feeling unpleasant; feeling bad,neutral_centroid,neutral; ordinary; plain; average,locations,vocabulary,locations,9,0.438138872385025,0.005793634802103043,False,False,False,0.48016517162322997,-0.0011823837645351886,0.0,1.0,0.9999999403953552
arctic_embed_l_v2,Snowflake/snowflake-arctic-embed-l-v2.0,,en,place,place,negative,random,negative,centroid_phrases,feeling negative; feeling unpleasant; feeling bad,feeling negative; feeling unpleasant; feeling bad,neutral_centroid,neutral; ordinary; plain; average,birthplace,vocabulary,birthplace,10,0.4374050199985504,0.005052901804447174,False,False,False,0.48016517162322997,-0.0011823837645351886,0.0,1.0,0.9999999403953552
arctic_embed_l_v2,Snowflake/snowflake-arctic-embed-l-v2.0,,en,place,place,negative,shuffled_emotion,sadness,centroid_phrases,feeling negative; feeling unpleasant; feeling bad,feeling sad; feeling sorrowful; feeling gloomy,neutral_centroid,neutral; ordinary; plain; average,places,vocabulary,places,1,0.5597896575927734,0.05398097261786461,False,False,False,0.4211168885231018,0.21830383790656924,0.0,1.0921324491500854,1.0
arctic_embed_l_v2,Snowflake/snowflake-arctic-embed-l-v2.0,,en,place,place,negative,shuffled_emotion,sadness,centroid_phrases,feeling negative; feeling unpleasant; feeling bad,feeling sad; feeling sorrowful; feeling gloomy,neutral_centroid,neutral; ordinary; plain; average,feeling,vocabulary,feeling,2,0.4803813397884369,0.5445402264595032,False,False,False,0.4211168885231018,0.21830383790656924,0.0,1.0921324491500854,1.0
arctic_embed_l_v2,Snowflake/snowflake-arctic-embed-l-v2.0,,en,place,place,negative,shuffled_emotion,sadness,centroid_phrases,feeling negative; feeling unpleasant; feeling bad,feeling sad; feeling sorrowful; feeling gloomy,neutral_centroid,neutral; ordinary; plain; average,feel,vocabulary,feel,3,0.4331088662147522,0.4330516755580902,False,False,False,0.4211168885231018,0.21830383790656924,0.0,1.0921324491500854,1.0
arctic_embed_l_v2,Snowflake/snowflake-arctic-embed-l-v2.0,,en,place,place,negative,shuffled_emotion,sadness,centroid_phrases,feeling negative; feeling unpleasant; feeling bad,feeling sad; feeling sorrowful; feeling gloomy,neutral_centroid,neutral; ordinary; plain; average,feelings,vocabulary,feelings,4,0.43090295791625977,0.4585139751434326,False,False,False,0.4211168885231018,0.21830383790656924,0.0,1.0921324491500854,1.0
arctic_embed_l_v2,Snowflake/snowflake-arctic-embed-l-v2.0,,en,place,place,negative,shuffled_emotion,sadness,centroid_phrases,feeling negative; feeling unpleasant; feeling bad,feeling sad; feeling sorrowful; feeling gloomy,neutral_centroid,neutral; ordinary; plain; average,placer,vocabulary,placer,5,0.40315815806388855,-0.0065856808796525,False,False,False,0.4211168885231018,0.21830383790656924,0.0,1.0921324491500854,1.0
arctic_embed_l_v2,Snowflake/snowflake-arctic-embed-l-v2.0,,en,place,place,negative,shuffled_emotion,sadness,centroid_phrases,feeling negative; feeling unpleasant; feeling bad,feeling sad; feeling sorrowful; feeling gloomy,neutral_centroid,neutral; ordinary; plain; average,placing,vocabulary,placing,6,0.39879417419433594,0.0825456753373146,False,False,False,0.4211168885231018,0.21830383790656924,0.0,1.0921324491500854,1.0
arctic_embed_l_v2,Snowflake/snowflake-arctic-embed-l-v2.0,,en,place,place,negative,shuffled_emotion,sadness,centroid_phrases,feeling negative; feeling unpleasant; feeling bad,feeling sad; feeling sorrowful; feeling gloomy,neutral_centroid,neutral; ordinary; plain; average,someplace,vocabulary,someplace,7,0.39357417821884155,0.03431897610425949,False,False,False,0.4211168885231018,0.21830383790656924,0.0,1.0921324491500854,1.0
arctic_embed_l_v2,Snowflake/snowflake-arctic-embed-l-v2.0,,en,place,place,negative,shuffled_emotion,sadness,centroid_phrases,feeling negative; feeling unpleasant; feeling bad,feeling sad; feeling sorrowful; feeling gloomy,neutral_centroid,neutral; ordinary; plain; average,sadness,vocabulary,sadness,8,0.37283438444137573,0.3054186701774597,False,False,False,0.4211168885231018,0.21830383790656924,0.0,1.0921324491500854,1.0
arctic_embed_l_v2,Snowflake/snowflake-arctic-embed-l-v2.0,,en,place,place,negative,shuffled_emotion,sadness,centroid_phrases,feeling negative; feeling unpleasant; feeling bad,feeling sad; feeling sorrowful; feeling gloomy,neutral_centroid,neutral; ordinary; plain; average,lieu,vocabulary,lieu,9,0.371490478515625,-0.021273531019687653,False,False,False,0.4211168885231018,0.21830383790656924,0.0,1.0921324491500854,1.0
arctic_embed_l_v2,Snowflake/snowflake-arctic-embed-l-v2.0,,en,place,place,negative,shuffled_emotion,sadness,centroid_phrases,feeling negative; feeling unpleasant; feeling bad,feeling sad; feeling sorrowful; feeling gloomy,neutral_centroid,neutral; ordinary; plain; average,grieving,vocabulary,grieving,10,0.367134690284729,0.29852741956710815,False,False,False,0.4211168885231018,0.21830383790656924,0.0,1.0921324491500854,1.0
arctic_embed_l_v2,Snowflake/snowflake-arctic-embed-l-v2.0,,en,situation,situation,sadness,emotion,sadness,centroid_phrases,feeling sad; feeling sorrowful; feeling gloomy,feeling sad; feeling sorrowful; feeling gloomy,neutral_centroid,neutral; ordinary; plain; average,situations,vocabulary,situations,1,0.5685664415359497,-0.005924185737967491,False,False,False,0.44049606323242185,0.12089977730065585,0.0,1.0921324491500854,0.9999999403953552
arctic_embed_l_v2,Snowflake/snowflake-arctic-embed-l-v2.0,,en,situation,situation,sadness,emotion,sadness,centroid_phrases,feeling sad; feeling sorrowful; feeling gloomy,feeling sad; feeling sorrowful; feeling gloomy,neutral_centroid,neutral; ordinary; plain; average,feeling,vocabulary,feeling,2,0.5529385805130005,0.35782110691070557,False,False,False,0.44049606323242185,0.12089977730065585,0.0,1.0921324491500854,0.9999999403953552
arctic_embed_l_v2,Snowflake/snowflake-arctic-embed-l-v2.0,,en,situation,situation,sadness,emotion,sadness,centroid_phrases,feeling sad; feeling sorrowful; feeling gloomy,feeling sad; feeling sorrowful; feeling gloomy,neutral_centroid,neutral; ordinary; plain; average,feelings,vocabulary,feelings,3,0.4445193111896515,0.2973966598510742,False,False,False,0.44049606323242185,0.12089977730065585,0.0,1.0921324491500854,0.9999999403953552
arctic_embed_l_v2,Snowflake/snowflake-arctic-embed-l-v2.0,,en,situation,situation,sadness,emotion,sadness,centroid_phrases,feeling sad; feeling sorrowful; feeling gloomy,feeling sad; feeling sorrowful; feeling gloomy,neutral_centroid,neutral; ordinary; plain; average,sadness,vocabulary,sadness,4,0.4313216805458069,0.2200365960597992,False,False,False,0.44049606323242185,0.12089977730065585,0.0,1.0921324491500854,0.9999999403953552
arctic_embed_l_v2,Snowflake/snowflake-arctic-embed-l-v2.0,,en,situation,situation,sadness,emotion,sadness,centroid_phrases,feeling sad; feeling sorrowful; feeling gloomy,feeling sad; feeling sorrowful; feeling gloomy,neutral_centroid,neutral; ordinary; plain; average,status,vocabulary,status,5,0.41675782203674316,-0.06730006635189056,False,False,False,0.44049606323242185,0.12089977730065585,0.0,1.0921324491500854,0.9999999403953552
arctic_embed_l_v2,Snowflake/snowflake-arctic-embed-l-v2.0,,en,situation,situation,sadness,emotion,sadness,centroid_phrases,feeling sad; feeling sorrowful; feeling gloomy,feeling sad; feeling sorrowful; feeling gloomy,neutral_centroid,neutral; ordinary; plain; average,sentiment,vocabulary,sentiment,6,0.40745434165000916,0.10395176708698273,False,False,False,0.44049606323242185,0.12089977730065585,0.0,1.0921324491500854,0.9999999403953552
arctic_embed_l_v2,Snowflake/snowflake-arctic-embed-l-v2.0,,en,situation,situation,sadness,emotion,sadness,centroid_phrases,feeling sad; feeling sorrowful; feeling gloomy,feeling sad; feeling sorrowful; feeling gloomy,neutral_centroid,neutral; ordinary; plain; average,mood,vocabulary,mood,7,0.4016422927379608,0.15580564737319946,False,False,False,0.44049606323242185,0.12089977730065585,0.0,1.0921324491500854,0.9999999403953552
arctic_embed_l_v2,Snowflake/snowflake-arctic-embed-l-v2.0,,en,situation,situation,sadness,emotion,sadness,centroid_phrases,feeling sad; feeling sorrowful; feeling gloomy,feeling sad; feeling sorrowful; feeling gloomy,neutral_centroid,neutral; ordinary; plain; average,sad,vocabulary,sad,8,0.397095263004303,0.18891912698745728,False,False,False,0.44049606323242185,0.12089977730065585,0.0,1.0921324491500854,0.9999999403953552
arctic_embed_l_v2,Snowflake/snowflake-arctic-embed-l-v2.0,,en,situation,situation,sadness,emotion,sadness,centroid_phrases,feeling sad; feeling sorrowful; feeling gloomy,feeling sad; feeling sorrowful; feeling gloomy,neutral_centroid,neutral; ordinary; plain; average,sensation,vocabulary,sensation,9,0.39397984743118286,0.07402831315994263,False,False,False,0.44049606323242185,0.12089977730065585,0.0,1.0921324491500854,0.9999999403953552
arctic_embed_l_v2,Snowflake/snowflake-arctic-embed-l-v2.0,,en,situation,situation,sadness,emotion,sadness,centroid_phrases,feeling sad; feeling sorrowful; feeling gloomy,feeling sad; feeling sorrowful; feeling gloomy,neutral_centroid,neutral; ordinary; plain; average,situational,vocabulary,situational,10,0.3906850516796112,-0.1157371923327446,False,False,False,0.44049606323242185,0.12089977730065585,0.0,1.0921324491500854,0.9999999403953552
arctic_embed_l_v2,Snowflake/snowflake-arctic-embed-l-v2.0,,en,situation,situation,sadness,identity,sadness,centroid_phrases,feeling sad; feeling sorrowful; feeling gloomy,feeling sad; feeling sorrowful; feeling gloomy,neutral_centroid,neutral; ordinary; plain; average,situations,vocabulary,situations,1,0.8264573812484741,-0.005924185737967491,False,False,False,0.6483343303203583,-0.1097870608791709,0.0,0.0,1.0
arctic_embed_l_v2,Snowflake/snowflake-arctic-embed-l-v2.0,,en,situation,situation,sadness,identity,sadness,centroid_phrases,feeling sad; feeling sorrowful; feeling gloomy,feeling sad; feeling sorrowful; feeling gloomy,neutral_centroid,neutral; ordinary; plain; average,situational,vocabulary,situational,2,0.6787580847740173,-0.1157371923327446,False,False,False,0.6483343303203583,-0.1097870608791709,0.0,0.0,1.0
arctic_embed_l_v2,Snowflake/snowflake-arctic-embed-l-v2.0,,en,situation,situation,sadness,identity,sadness,centroid_phrases,feeling sad; feeling sorrowful; feeling gloomy,feeling sad; feeling sorrowful; feeling gloomy,neutral_centroid,neutral; ordinary; plain; average,status,vocabulary,status,3,0.6650857925415039,-0.06730006635189056,False,False,False,0.6483343303203583,-0.1097870608791709,0.0,0.0,1.0
arctic_embed_l_v2,Snowflake/snowflake-arctic-embed-l-v2.0,,en,situation,situation,sadness,identity,sadness,centroid_phrases,feeling sad; feeling sorrowful; feeling gloomy,feeling sad; feeling sorrowful; feeling gloomy,neutral_centroid,neutral; ordinary; plain; average,position,vocabulary,position,4,0.6446571350097656,-0.14268717169761658,False,False,False,0.6483343303203583,-0.1097870608791709,0.0,0.0,1.0
arctic_embed_l_v2,Snowflake/snowflake-arctic-embed-l-v2.0,,en,situation,situation,sadness,identity,sadness,centroid_phrases,feeling sad; feeling sorrowful; feeling gloomy,feeling sad; feeling sorrowful; feeling gloomy,neutral_centroid,neutral; ordinary; plain; average,scenario,vocabulary,scenario,5,0.6281995177268982,-0.1096266433596611,False,False,False,0.6483343303203583,-0.1097870608791709,0.0,0.0,1.0
arctic_embed_l_v2,Snowflake/snowflake-arctic-embed-l-v2.0,,en,situation,situation,sadness,identity,sadness,centroid_phrases,feeling sad; feeling sorrowful; feeling gloomy,feeling sad; feeling sorrowful; feeling gloomy,neutral_centroid,neutral; ordinary; plain; average,condition,vocabulary,condition,6,0.6279785633087158,-0.13031160831451416,False,False,False,0.6483343303203583,-0.1097870608791709,0.0,0.0,1.0
arctic_embed_l_v2,Snowflake/snowflake-arctic-embed-l-v2.0,,en,situation,situation,sadness,identity,sadness,centroid_phrases,feeling sad; feeling sorrowful; feeling gloomy,feeling sad; feeling sorrowful; feeling gloomy,neutral_centroid,neutral; ordinary; plain; average,circumstances,vocabulary,circumstances,7,0.6274638175964355,-0.07400502264499664,False,False,False,0.6483343303203583,-0.1097870608791709,0.0,0.0,1.0
arctic_embed_l_v2,Snowflake/snowflake-arctic-embed-l-v2.0,,en,situation,situation,sadness,identity,sadness,centroid_phrases,feeling sad; feeling sorrowful; feeling gloomy,feeling sad; feeling sorrowful; feeling gloomy,neutral_centroid,neutral; ordinary; plain; average,circumstance,vocabulary,circumstance,8,0.6231973767280579,-0.17783117294311523,False,False,False,0.6483343303203583,-0.1097870608791709,0.0,0.0,1.0
arctic_embed_l_v2,Snowflake/snowflake-arctic-embed-l-v2.0,,en,situation,situation,sadness,identity,sadness,centroid_phrases,feeling sad; feeling sorrowful; feeling gloomy,feeling sad; feeling sorrowful; feeling gloomy,neutral_centroid,neutral; ordinary; plain; average,eventuality,vocabulary,eventuality,9,0.5929142236709595,-0.1747792363166809,False,False,False,0.6483343303203583,-0.1097870608791709,0.0,0.0,1.0
arctic_embed_l_v2,Snowflake/snowflake-arctic-embed-l-v2.0,,en,situation,situation,sadness,identity,sadness,centroid_phrases,feeling sad; feeling sorrowful; feeling gloomy,feeling sad; feeling sorrowful; feeling gloomy,neutral_centroid,neutral; ordinary; plain; average,scenarios,vocabulary,scenarios,10,0.5686314105987549,-0.09966830909252167,False,False,False,0.6483343303203583,-0.1097870608791709,0.0,0.0,1.0
arctic_embed_l_v2,Snowflake/snowflake-arctic-embed-l-v2.0,,en,situation,situation,sadness,random,sadness,centroid_phrases,feeling sad; feeling sorrowful; feeling gloomy,feeling sad; feeling sorrowful; feeling gloomy,neutral_centroid,neutral; ordinary; plain; average,situations,vocabulary,situations,1,0.5641342401504517,-0.005924185737967491,False,False,False,0.4616656988859177,-0.11706350650638342,0.0,1.0,1.0
arctic_embed_l_v2,Snowflake/snowflake-arctic-embed-l-v2.0,,en,situation,situation,sadness,random,sadness,centroid_phrases,feeling sad; feeling sorrowful; feeling gloomy,feeling sad; feeling sorrowful; feeling gloomy,neutral_centroid,neutral; ordinary; plain; average,status,vocabulary,status,2,0.4740990996360779,-0.06730006635189056,False,False,False,0.4616656988859177,-0.11706350650638342,0.0,1.0,1.0
arctic_embed_l_v2,Snowflake/snowflake-arctic-embed-l-v2.0,,en,situation,situation,sadness,random,sadness,centroid_phrases,feeling sad; feeling sorrowful; feeling gloomy,feeling sad; feeling sorrowful; feeling gloomy,neutral_centroid,neutral; ordinary; plain; average,position,vocabulary,position,3,0.46691185235977173,-0.14268717169761658,False,False,False,0.4616656988859177,-0.11706350650638342,0.0,1.0,1.0
arctic_embed_l_v2,Snowflake/snowflake-arctic-embed-l-v2.0,,en,situation,situation,sadness,random,sadness,centroid_phrases,feeling sad; feeling sorrowful; feeling gloomy,feeling sad; feeling sorrowful; feeling gloomy,neutral_centroid,neutral; ordinary; plain; average,scenario,vocabulary,scenario,4,0.46413975954055786,-0.1096266433596611,False,False,False,0.4616656988859177,-0.11706350650638342,0.0,1.0,1.0
arctic_embed_l_v2,Snowflake/snowflake-arctic-embed-l-v2.0,,en,situation,situation,sadness,random,sadness,centroid_phrases,feeling sad; feeling sorrowful; feeling gloomy,feeling sad; feeling sorrowful; feeling gloomy,neutral_centroid,neutral; ordinary; plain; average,situational,vocabulary,situational,5,0.4566521644592285,-0.1157371923327446,False,False,False,0.4616656988859177,-0.11706350650638342,0.0,1.0,1.0
arctic_embed_l_v2,Snowflake/snowflake-arctic-embed-l-v2.0,,en,situation,situation,sadness,random,sadness,centroid_phrases,feeling sad; feeling sorrowful; feeling gloomy,feeling sad; feeling sorrowful; feeling gloomy,neutral_centroid,neutral; ordinary; plain; average,eventuality,vocabulary,eventuality,6,0.4460553824901581,-0.1747792363166809,False,False,False,0.4616656988859177,-0.11706350650638342,0.0,1.0,1.0
arctic_embed_l_v2,Snowflake/snowflake-arctic-embed-l-v2.0,,en,situation,situation,sadness,random,sadness,centroid_phrases,feeling sad; feeling sorrowful; feeling gloomy,feeling sad; feeling sorrowful; feeling gloomy,neutral_centroid,neutral; ordinary; plain; average,circumstance,vocabulary,circumstance,7,0.44443219900131226,-0.17783117294311523,False,False,False,0.4616656988859177,-0.11706350650638342,0.0,1.0,1.0
arctic_embed_l_v2,Snowflake/snowflake-arctic-embed-l-v2.0,,en,situation,situation,sadness,random,sadness,centroid_phrases,feeling sad; feeling sorrowful; feeling gloomy,feeling sad; feeling sorrowful; feeling gloomy,neutral_centroid,neutral; ordinary; plain; average,circumstances,vocabulary,circumstances,8,0.44067153334617615,-0.07400502264499664,False,False,False,0.4616656988859177,-0.11706350650638342,0.0,1.0,1.0
arctic_embed_l_v2,Snowflake/snowflake-arctic-embed-l-v2.0,,en,situation,situation,sadness,random,sadness,centroid_phrases,feeling sad; feeling sorrowful; feeling gloomy,feeling sad; feeling sorrowful; feeling gloomy,neutral_centroid,neutral; ordinary; plain; average,condition,vocabulary,condition,9,0.43208789825439453,-0.13031160831451416,False,False,False,0.4616656988859177,-0.11706350650638342,0.0,1.0,1.0
arctic_embed_l_v2,Snowflake/snowflake-arctic-embed-l-v2.0,,en,situation,situation,sadness,random,sadness,centroid_phrases,feeling sad; feeling sorrowful; feeling gloomy,feeling sad; feeling sorrowful; feeling gloomy,neutral_centroid,neutral; ordinary; plain; average,incident,vocabulary,incident,10,0.427472859621048,-0.1724327653646469,False,False,False,0.4616656988859177,-0.11706350650638342,0.0,1.0,1.0
arctic_embed_l_v2,Snowflake/snowflake-arctic-embed-l-v2.0,,en,situation,situation,sadness,shuffled_emotion,disgust,centroid_phrases,feeling sad; feeling sorrowful; feeling gloomy,feeling disgusted; feeling revolted; feeling repulsed,neutral_centroid,neutral; ordinary; plain; average,situations,vocabulary,situations,1,0.5307910442352295,-0.005924185737967491,False,False,False,0.40713686048984526,0.11772947609424592,0.0,1.1069309711456299,1.0
arctic_embed_l_v2,Snowflake/snowflake-arctic-embed-l-v2.0,,en,situation,situation,sadness,shuffled_emotion,disgust,centroid_phrases,feeling sad; feeling sorrowful; feeling gloomy,feeling disgusted; feeling revolted; feeling repulsed,neutral_centroid,neutral; ordinary; plain; average,feeling,vocabulary,feeling,2,0.5024352073669434,0.35782110691070557,False,False,False,0.40713686048984526,0.11772947609424592,0.0,1.1069309711456299,1.0
arctic_embed_l_v2,Snowflake/snowflake-arctic-embed-l-v2.0,,en,situation,situation,sadness,shuffled_emotion,disgust,centroid_phrases,feeling sad; feeling sorrowful; feeling gloomy,feeling disgusted; feeling revolted; feeling repulsed,neutral_centroid,neutral; ordinary; plain; average,sensation,vocabulary,sensation,3,0.4032308757305145,0.07402831315994263,False,False,False,0.40713686048984526,0.11772947609424592,0.0,1.1069309711456299,1.0
arctic_embed_l_v2,Snowflake/snowflake-arctic-embed-l-v2.0,,en,situation,situation,sadness,shuffled_emotion,disgust,centroid_phrases,feeling sad; feeling sorrowful; feeling gloomy,feeling disgusted; feeling revolted; feeling repulsed,neutral_centroid,neutral; ordinary; plain; average,frustration,vocabulary,frustration,4,0.3977137804031372,0.029137304052710533,False,False,False,0.40713686048984526,0.11772947609424592,0.0,1.1069309711456299,1.0
arctic_embed_l_v2,Snowflake/snowflake-arctic-embed-l-v2.0,,en,situation,situation,sadness,shuffled_emotion,disgust,centroid_phrases,feeling sad; feeling sorrowful; feeling gloomy,feeling disgusted; feeling revolted; feeling repulsed,neutral_centroid,neutral; ordinary; plain; average,feelings,vocabulary,feelings,5,0.3875166177749634,0.2973966598510742,False,False,False,0.40713686048984526,0.11772947609424592,0.0,1.1069309711456299,1.0
arctic_embed_l_v2,Snowflake/snowflake-arctic-embed-l-v2.0,,en,situation,situation,sadness,shuffled_emotion,disgust,centroid_phrases,feeling sad; feeling sorrowful; feeling gloomy,feeling disgusted; feeling revolted; feeling repulsed,neutral_centroid,neutral; ordinary; plain; average,feel,vocabulary,feel,6,0.37915468215942383,0.24064400792121887,False,False,False,0.40713686048984526,0.11772947609424592,0.0,1.1069309711456299,1.0
arctic_embed_l_v2,Snowflake/snowflake-arctic-embed-l-v2.0,,en,situation,situation,sadness,shuffled_emotion,disgust,centroid_phrases,feeling sad; feeling sorrowful; feeling gloomy,feeling disgusted; feeling revolted; feeling repulsed,neutral_centroid,neutral; ordinary; plain; average,happening,vocabulary,happening,7,0.3695374131202698,0.081875279545784,False,False,False,0.40713686048984526,0.11772947609424592,0.0,1.1069309711456299,1.0
arctic_embed_l_v2,Snowflake/snowflake-arctic-embed-l-v2.0,,en,situation,situation,sadness,shuffled_emotion,disgust,centroid_phrases,feeling sad; feeling sorrowful; feeling gloomy,feeling disgusted; feeling revolted; feeling repulsed,neutral_centroid,neutral; ordinary; plain; average,distress,vocabulary,distress,8,0.3689325451850891,0.06566457450389862,False,False,False,0.40713686048984526,0.11772947609424592,0.0,1.1069309711456299,1.0
arctic_embed_l_v2,Snowflake/snowflake-arctic-embed-l-v2.0,,en,situation,situation,sadness,shuffled_emotion,disgust,centroid_phrases,feeling sad; feeling sorrowful; feeling gloomy,feeling disgusted; feeling revolted; feeling repulsed,neutral_centroid,neutral; ordinary; plain; average,status,vocabulary,status,9,0.367109477519989,-0.06730006635189056,False,False,False,0.40713686048984526,0.11772947609424592,0.0,1.1069309711456299,1.0
arctic_embed_l_v2,Snowflake/snowflake-arctic-embed-l-v2.0,,en,situation,situation,sadness,shuffled_emotion,disgust,centroid_phrases,feeling sad; feeling sorrowful; feeling gloomy,feeling disgusted; feeling revolted; feeling repulsed,neutral_centroid,neutral; ordinary; plain; average,sentiment,vocabulary,sentiment,10,0.36494696140289307,0.10395176708698273,False,False,False,0.40713686048984526,0.11772947609424592,0.0,1.1069309711456299,1.0
arctic_embed_l_v2,Snowflake/snowflake-arctic-embed-l-v2.0,,en,situation,situation,disgust,emotion,disgust,centroid_phrases,feeling disgusted; feeling revolted; feeling repulsed,feeling disgusted; feeling revolted; feeling repulsed,neutral_centroid,neutral; ordinary; plain; average,situations,vocabulary,situations,1,0.5307910442352295,-0.020143505185842514,False,False,False,0.40713686048984526,0.12846387661993502,0.0,1.1069309711456299,1.0
arctic_embed_l_v2,Snowflake/snowflake-arctic-embed-l-v2.0,,en,situation,situation,disgust,emotion,disgust,centroid_phrases,feeling disgusted; feeling revolted; feeling repulsed,feeling disgusted; feeling revolted; feeling repulsed,neutral_centroid,neutral; ordinary; plain; average,feeling,vocabulary,feeling,2,0.5024352073669434,0.3220984637737274,False,False,False,0.40713686048984526,0.12846387661993502,0.0,1.1069309711456299,1.0
arctic_embed_l_v2,Snowflake/snowflake-arctic-embed-l-v2.0,,en,situation,situation,disgust,emotion,disgust,centroid_phrases,feeling disgusted; feeling revolted; feeling repulsed,feeling disgusted; feeling revolted; feeling repulsed,neutral_centroid,neutral; ordinary; plain; average,sensation,vocabulary,sensation,3,0.4032308757305145,0.12562492489814758,False,False,False,0.40713686048984526,0.12846387661993502,0.0,1.1069309711456299,1.0
arctic_embed_l_v2,Snowflake/snowflake-arctic-embed-l-v2.0,,en,situation,situation,disgust,emotion,disgust,centroid_phrases,feeling disgusted; feeling revolted; feeling repulsed,feeling disgusted; feeling revolted; feeling repulsed,neutral_centroid,neutral; ordinary; plain; average,frustration,vocabulary,frustration,4,0.3977137804031372,0.1234210655093193,False,False,False,0.40713686048984526,0.12846387661993502,0.0,1.1069309711456299,1.0
arctic_embed_l_v2,Snowflake/snowflake-arctic-embed-l-v2.0,,en,situation,situation,disgust,emotion,disgust,centroid_phrases,feeling disgusted; feeling revolted; feeling repulsed,feeling disgusted; feeling revolted; feeling repulsed,neutral_centroid,neutral; ordinary; plain; average,feelings,vocabulary,feelings,5,0.3875166177749634,0.2563204765319824,False,False,False,0.40713686048984526,0.12846387661993502,0.0,1.1069309711456299,1.0
arctic_embed_l_v2,Snowflake/snowflake-arctic-embed-l-v2.0,,en,situation,situation,disgust,emotion,disgust,centroid_phrases,feeling disgusted; feeling revolted; feeling repulsed,feeling disgusted; feeling revolted; feeling repulsed,neutral_centroid,neutral; ordinary; plain; average,feel,vocabulary,feel,6,0.37915468215942383,0.2623962163925171,False,False,False,0.40713686048984526,0.12846387661993502,0.0,1.1069309711456299,1.0
arctic_embed_l_v2,Snowflake/snowflake-arctic-embed-l-v2.0,,en,situation,situation,disgust,emotion,disgust,centroid_phrases,feeling disgusted; feeling revolted; feeling repulsed,feeling disgusted; feeling revolted; feeling repulsed,neutral_centroid,neutral; ordinary; plain; average,happening,vocabulary,happening,7,0.3695374131202698,0.10276533663272858,False,False,False,0.40713686048984526,0.12846387661993502,0.0,1.1069309711456299,1.0
arctic_embed_l_v2,Snowflake/snowflake-arctic-embed-l-v2.0,,en,situation,situation,disgust,emotion,disgust,centroid_phrases,feeling disgusted; feeling revolted; feeling repulsed,feeling disgusted; feeling revolted; feeling repulsed,neutral_centroid,neutral; ordinary; plain; average,distress,vocabulary,distress,8,0.3689325451850891,0.11949709802865982,False,False,False,0.40713686048984526,0.12846387661993502,0.0,1.1069309711456299,1.0
arctic_embed_l_v2,Snowflake/snowflake-arctic-embed-l-v2.0,,en,situation,situation,disgust,emotion,disgust,centroid_phrases,feeling disgusted; feeling revolted; feeling repulsed,feeling disgusted; feeling revolted; feeling repulsed,neutral_centroid,neutral; ordinary; plain; average,status,vocabulary,status,9,0.367109477519989,-0.09302999079227448,False,False,False,0.40713686048984526,0.12846387661993502,0.0,1.1069309711456299,1.0
arctic_embed_l_v2,Snowflake/snowflake-arctic-embed-l-v2.0,,en,situation,situation,disgust,emotion,disgust,centroid_phrases,feeling disgusted; feeling revolted; feeling repulsed,feeling disgusted; feeling revolted; feeling repulsed,neutral_centroid,neutral; ordinary; plain; average,sentiment,vocabulary,sentiment,10,0.36494696140289307,0.08568868041038513,False,False,False,0.40713686048984526,0.12846387661993502,0.0,1.1069309711456299,1.0
arctic_embed_l_v2,Snowflake/snowflake-arctic-embed-l-v2.0,,en,situation,situation,disgust,identity,disgust,centroid_phrases,feeling disgusted; feeling revolted; feeling repulsed,feeling disgusted; feeling revolted; feeling repulsed,neutral_centroid,neutral; ordinary; plain; average,situations,vocabulary,situations,1,0.8264573812484741,-0.020143505185842514,False,False,False,0.6483343303203583,-0.11415697075426579,0.0,0.0,1.0
arctic_embed_l_v2,Snowflake/snowflake-arctic-embed-l-v2.0,,en,situation,situation,disgust,identity,disgust,centroid_phrases,feeling disgusted; feeling revolted; feeling repulsed,feeling disgusted; feeling revolted; feeling repulsed,neutral_centroid,neutral; ordinary; plain; average,situational,vocabulary,situational,2,0.6787580847740173,-0.1506364941596985,False,False,False,0.6483343303203583,-0.11415697075426579,0.0,0.0,1.0
arctic_embed_l_v2,Snowflake/snowflake-arctic-embed-l-v2.0,,en,situation,situation,disgust,identity,disgust,centroid_phrases,feeling disgusted; feeling revolted; feeling repulsed,feeling disgusted; feeling revolted; feeling repulsed,neutral_centroid,neutral; ordinary; plain; average,status,vocabulary,status,3,0.6650857925415039,-0.09302999079227448,False,False,False,0.6483343303203583,-0.11415697075426579,0.0,0.0,1.0
arctic_embed_l_v2,Snowflake/snowflake-arctic-embed-l-v2.0,,en,situation,situation,disgust,identity,disgust,centroid_phrases,feeling disgusted; feeling revolted; feeling repulsed,feeling disgusted; feeling revolted; feeling repulsed,neutral_centroid,neutral; ordinary; plain; average,position,vocabulary,position,4,0.6446571350097656,-0.1194031685590744,False,False,False,0.6483343303203583,-0.11415697075426579,0.0,0.0,1.0
arctic_embed_l_v2,Snowflake/snowflake-arctic-embed-l-v2.0,,en,situation,situation,disgust,identity,disgust,centroid_phrases,feeling disgusted; feeling revolted; feeling repulsed,feeling disgusted; feeling revolted; feeling repulsed,neutral_centroid,neutral; ordinary; plain; average,scenario,vocabulary,scenario,5,0.6281995177268982,-0.1177360862493515,False,False,False,0.6483343303203583,-0.11415697075426579,0.0,0.0,1.0
arctic_embed_l_v2,Snowflake/snowflake-arctic-embed-l-v2.0,,en,situation,situation,disgust,identity,disgust,centroid_phrases,feeling disgusted; feeling revolted; feeling repulsed,feeling disgusted; feeling revolted; feeling repulsed,neutral_centroid,neutral; ordinary; plain; average,condition,vocabulary,condition,6,0.6279785633087158,-0.14758500456809998,False,False,False,0.6483343303203583,-0.11415697075426579,0.0,0.0,1.0
arctic_embed_l_v2,Snowflake/snowflake-arctic-embed-l-v2.0,,en,situation,situation,disgust,identity,disgust,centroid_phrases,feeling disgusted; feeling revolted; feeling repulsed,feeling disgusted; feeling revolted; feeling repulsed,neutral_centroid,neutral; ordinary; plain; average,circumstances,vocabulary,circumstances,7,0.6274638175964355,-0.07874110341072083,False,False,False,0.6483343303203583,-0.11415697075426579,0.0,0.0,1.0
arctic_embed_l_v2,Snowflake/snowflake-arctic-embed-l-v2.0,,en,situation,situation,disgust,identity,disgust,centroid_phrases,feeling disgusted; feeling revolted; feeling repulsed,feeling disgusted; feeling revolted; feeling repulsed,neutral_centroid,neutral; ordinary; plain; average,circumstance,vocabulary,circumstance,8,0.6231973767280579,-0.14686259627342224,False,False,False,0.6483343303203583,-0.11415697075426579,0.0,0.0,1.0
arctic_embed_l_v2,Snowflake/snowflake-arctic-embed-l-v2.0,,en,situation,situation,disgust,identity,disgust,centroid_phrases,feeling disgusted; feeling revolted; feeling repulsed,feeling disgusted; feeling revolted; feeling repulsed,neutral_centroid,neutral; ordinary; plain; average,eventuality,vocabulary,eventuality,9,0.5929142236709595,-0.15634337067604065,False,False,False,0.6483343303203583,-0.11415697075426579,0.0,0.0,1.0
arctic_embed_l_v2,Snowflake/snowflake-arctic-embed-l-v2.0,,en,situation,situation,disgust,identity,disgust,centroid_phrases,feeling disgusted; feeling revolted; feeling repulsed,feeling disgusted; feeling revolted; feeling repulsed,neutral_centroid,neutral; ordinary; plain; average,scenarios,vocabulary,scenarios,10,0.5686314105987549,-0.11108838766813278,False,False,False,0.6483343303203583,-0.11415697075426579,0.0,0.0,1.0
arctic_embed_l_v2,Snowflake/snowflake-arctic-embed-l-v2.0,,en,situation,situation,disgust,random,disgust,centroid_phrases,feeling disgusted; feeling revolted; feeling repulsed,feeling disgusted; feeling revolted; feeling repulsed,neutral_centroid,neutral; ordinary; plain; average,situations,vocabulary,situations,1,0.5776093006134033,-0.020143505185842514,False,False,False,0.460207062959671,-0.11213065199553966,0.0,0.9999999403953552,1.0
arctic_embed_l_v2,Snowflake/snowflake-arctic-embed-l-v2.0,,en,situation,situation,disgust,random,disgust,centroid_phrases,feeling disgusted; feeling revolted; feeling repulsed,feeling disgusted; feeling revolted; feeling repulsed,neutral_centroid,neutral; ordinary; plain; average,situational,vocabulary,situational,2,0.4795960783958435,-0.1506364941596985,False,False,False,0.460207062959671,-0.11213065199553966,0.0,0.9999999403953552,1.0
arctic_embed_l_v2,Snowflake/snowflake-arctic-embed-l-v2.0,,en,situation,situation,disgust,random,disgust,centroid_phrases,feeling disgusted; feeling revolted; feeling repulsed,feeling disgusted; feeling revolted; feeling repulsed,neutral_centroid,neutral; ordinary; plain; average,status,vocabulary,status,3,0.4751183092594147,-0.09302999079227448,False,False,False,0.460207062959671,-0.11213065199553966,0.0,0.9999999403953552,1.0
arctic_embed_l_v2,Snowflake/snowflake-arctic-embed-l-v2.0,,en,situation,situation,disgust,random,disgust,centroid_phrases,feeling disgusted; feeling revolted; feeling repulsed,feeling disgusted; feeling revolted; feeling repulsed,neutral_centroid,neutral; ordinary; plain; average,condition,vocabulary,condition,4,0.4651387631893158,-0.14758500456809998,False,False,False,0.460207062959671,-0.11213065199553966,0.0,0.9999999403953552,1.0
arctic_embed_l_v2,Snowflake/snowflake-arctic-embed-l-v2.0,,en,situation,situation,disgust,random,disgust,centroid_phrases,feeling disgusted; feeling revolted; feeling repulsed,feeling disgusted; feeling revolted; feeling repulsed,neutral_centroid,neutral; ordinary; plain; average,circumstance,vocabulary,circumstance,5,0.4529111981391907,-0.14686259627342224,False,False,False,0.460207062959671,-0.11213065199553966,0.0,0.9999999403953552,1.0
arctic_embed_l_v2,Snowflake/snowflake-arctic-embed-l-v2.0,,en,situation,situation,disgust,random,disgust,centroid_phrases,feeling disgusted; feeling revolted; feeling repulsed,feeling disgusted; feeling revolted; feeling repulsed,neutral_centroid,neutral; ordinary; plain; average,circumstances,vocabulary,circumstances,6,0.4482822120189667,-0.07874110341072083,False,False,False,0.460207062959671,-0.11213065199553966,0.0,0.9999999403953552,1.0
arctic_embed_l_v2,Snowflake/snowflake-arctic-embed-l-v2.0,,en,situation,situation,disgust,random,disgust,centroid_phrases,feeling disgusted; feeling revolted; feeling repulsed,feeling disgusted; feeling revolted; feeling repulsed,neutral_centroid,neutral; ordinary; plain; average,scenario,vocabulary,scenario,7,0.4466489255428314,-0.1177360862493515,False,False,False,0.460207062959671,-0.11213065199553966,0.0,0.9999999403953552,1.0
arctic_embed_l_v2,Snowflake/snowflake-arctic-embed-l-v2.0,,en,situation,situation,disgust,random,disgust,centroid_phrases,feeling disgusted; feeling revolted; feeling repulsed,feeling disgusted; feeling revolted; feeling repulsed,neutral_centroid,neutral; ordinary; plain; average,position,vocabulary,position,8,0.44316530227661133,-0.1194031685590744,False,False,False,0.460207062959671,-0.11213065199553966,0.0,0.9999999403953552,1.0
arctic_embed_l_v2,Snowflake/snowflake-arctic-embed-l-v2.0,,en,situation,situation,disgust,random,disgust,centroid_phrases,feeling disgusted; feeling revolted; feeling repulsed,feeling disgusted; feeling revolted; feeling repulsed,neutral_centroid,neutral; ordinary; plain; average,eventuality,vocabulary,eventuality,9,0.40766918659210205,-0.15634337067604065,False,False,False,0.460207062959671,-0.11213065199553966,0.0,0.9999999403953552,1.0
arctic_embed_l_v2,Snowflake/snowflake-arctic-embed-l-v2.0,,en,situation,situation,disgust,random,disgust,centroid_phrases,feeling disgusted; feeling revolted; feeling repulsed,feeling disgusted; feeling revolted; feeling repulsed,neutral_centroid,neutral; ordinary; plain; average,incident,vocabulary,incident,10,0.40593135356903076,-0.09082520008087158,False,False,False,0.460207062959671,-0.11213065199553966,0.0,0.9999999403953552,1.0
arctic_embed_l_v2,Snowflake/snowflake-arctic-embed-l-v2.0,,en,situation,situation,disgust,shuffled_emotion,joy,centroid_phrases,feeling disgusted; feeling revolted; feeling repulsed,feeling joyful; feeling happy; feeling delighted,neutral_centroid,neutral; ordinary; plain; average,situations,vocabulary,situations,1,0.5872458219528198,-0.020143505185842514,False,False,False,0.4655869722366333,0.11155357882380486,0.0,1.0387924909591675,1.0
arctic_embed_l_v2,Snowflake/snowflake-arctic-embed-l-v2.0,,en,situation,situation,disgust,shuffled_emotion,joy,centroid_phrases,feeling disgusted; feeling revolted; feeling repulsed,feeling joyful; feeling happy; feeling delighted,neutral_centroid,neutral; ordinary; plain; average,feeling,vocabulary,feeling,2,0.5838645100593567,0.3220984637737274,False,False,False,0.4655869722366333,0.11155357882380486,0.0,1.0387924909591675,1.0
arctic_embed_l_v2,Snowflake/snowflake-arctic-embed-l-v2.0,,en,situation,situation,disgust,shuffled_emotion,joy,centroid_phrases,feeling disgusted; feeling revolted; feeling repulsed,feeling joyful; feeling happy; feeling delighted,neutral_centroid,neutral; ordinary; plain; average,feelings,vocabulary,feelings,3,0.4561721384525299,0.2563204765319824,False,False,False,0.4655869722366333,0.11155357882380486,0.0,1.0387924909591675,1.0
arctic_embed_l_v2,Snowflake/snowflake-arctic-embed-l-v2.0,,en,situation,situation,disgust,shuffled_emotion,joy,centroid_phrases,feeling disgusted; feeling revolted; feeling repulsed,feeling joyful; feeling happy; feeling delighted,neutral_centroid,neutral; ordinary; plain; average,sensation,vocabulary,sensation,4,0.44537222385406494,0.12562492489814758,False,False,False,0.4655869722366333,0.11155357882380486,0.0,1.0387924909591675,1.0
arctic_embed_l_v2,Snowflake/snowflake-arctic-embed-l-v2.0,,en,situation,situation,disgust,shuffled_emotion,joy,centroid_phrases,feeling disgusted; feeling revolted; feeling repulsed,feeling joyful; feeling happy; feeling delighted,neutral_centroid,neutral; ordinary; plain; average,happening,vocabulary,happening,5,0.43955379724502563,0.10276533663272858,False,False,False,0.4655869722366333,0.11155357882380486,0.0,1.0387924909591675,1.0
arctic_embed_l_v2,Snowflake/snowflake-arctic-embed-l-v2.0,,en,situation,situation,disgust,shuffled_emotion,joy,centroid_phrases,feeling disgusted; feeling revolted; feeling repulsed,feeling joyful; feeling happy; feeling delighted,neutral_centroid,neutral; ordinary; plain; average,status,vocabulary,status,6,0.43905937671661377,-0.09302999079227448,False,False,False,0.4655869722366333,0.11155357882380486,0.0,1.0387924909591675,1.0
arctic_embed_l_v2,Snowflake/snowflake-arctic-embed-l-v2.0,,en,situation,situation,disgust,shuffled_emotion,joy,centroid_phrases,feeling disgusted; feeling revolted; feeling repulsed,feeling joyful; feeling happy; feeling delighted,neutral_centroid,neutral; ordinary; plain; average,experiencing,vocabulary,experiencing,7,0.43548232316970825,0.07353271543979645,False,False,False,0.4655869722366333,0.11155357882380486,0.0,1.0387924909591675,1.0
arctic_embed_l_v2,Snowflake/snowflake-arctic-embed-l-v2.0,,en,situation,situation,disgust,shuffled_emotion,joy,centroid_phrases,feeling disgusted; feeling revolted; feeling repulsed,feeling joyful; feeling happy; feeling delighted,neutral_centroid,neutral; ordinary; plain; average,happiness,vocabulary,happiness,8,0.4280090630054474,0.007649514824151993,False,False,False,0.4655869722366333,0.11155357882380486,0.0,1.0387924909591675,1.0
arctic_embed_l_v2,Snowflake/snowflake-arctic-embed-l-v2.0,,en,situation,situation,disgust,shuffled_emotion,joy,centroid_phrases,feeling disgusted; feeling revolted; feeling repulsed,feeling joyful; feeling happy; feeling delighted,neutral_centroid,neutral; ordinary; plain; average,rejoicing,vocabulary,rejoicing,9,0.4219841957092285,0.07832163572311401,False,False,False,0.4655869722366333,0.11155357882380486,0.0,1.0387924909591675,1.0
arctic_embed_l_v2,Snowflake/snowflake-arctic-embed-l-v2.0,,en,situation,situation,disgust,shuffled_emotion,joy,centroid_phrases,feeling disgusted; feeling revolted; feeling repulsed,feeling joyful; feeling happy; feeling delighted,neutral_centroid,neutral; ordinary; plain; average,feel,vocabulary,feel,10,0.4191262722015381,0.2623962163925171,False,False,False,0.4655869722366333,0.11155357882380486,0.0,1.0387924909591675,1.0
arctic_embed_l_v2,Snowflake/snowflake-arctic-embed-l-v2.0,,en,situation,situation,joy,emotion,joy,centroid_phrases,feeling joyful; feeling happy; feeling delighted,feeling joyful; feeling happy; feeling delighted,neutral_centroid,neutral; ordinary; plain; average,situations,vocabulary,situations,1,0.5872458219528198,0.02031380496919155,False,False,False,0.4655869722366333,0.21522112246602773,0.0,1.0387924909591675,1.0
arctic_embed_l_v2,Snowflake/snowflake-arctic-embed-l-v2.0,,en,situation,situation,joy,emotion,joy,centroid_phrases,feeling joyful; feeling happy; feeling delighted,feeling joyful; feeling happy; feeling delighted,neutral_centroid,neutral; ordinary; plain; average,feeling,vocabulary,feeling,2,0.5838645100593567,0.4206809997558594,False,False,False,0.4655869722366333,0.21522112246602773,0.0,1.0387924909591675,1.0
arctic_embed_l_v2,Snowflake/snowflake-arctic-embed-l-v2.0,,en,situation,situation,joy,emotion,joy,centroid_phrases,feeling joyful; feeling happy; feeling delighted,feeling joyful; feeling happy; feeling delighted,neutral_centroid,neutral; ordinary; plain; average,feelings,vocabulary,feelings,3,0.4561721384525299,0.33705493807792664,False,False,False,0.4655869722366333,0.21522112246602773,0.0,1.0387924909591675,1.0
arctic_embed_l_v2,Snowflake/snowflake-arctic-embed-l-v2.0,,en,situation,situation,joy,emotion,joy,centroid_phrases,feeling joyful; feeling happy; feeling delighted,feeling joyful; feeling happy; feeling delighted,neutral_centroid,neutral; ordinary; plain; average,sensation,vocabulary,sensation,4,0.44537222385406494,0.1604350507259369,False,False,False,0.4655869722366333,0.21522112246602773,0.0,1.0387924909591675,1.0
arctic_embed_l_v2,Snowflake/snowflake-arctic-embed-l-v2.0,,en,situation,situation,joy,emotion,joy,centroid_phrases,feeling joyful; feeling happy; feeling delighted,feeling joyful; feeling happy; feeling delighted,neutral_centroid,neutral; ordinary; plain; average,happening,vocabulary,happening,5,0.43955379724502563,0.1759701371192932,False,False,False,0.4655869722366333,0.21522112246602773,0.0,1.0387924909591675,1.0
arctic_embed_l_v2,Snowflake/snowflake-arctic-embed-l-v2.0,,en,situation,situation,joy,emotion,joy,centroid_phrases,feeling joyful; feeling happy; feeling delighted,feeling joyful; feeling happy; feeling delighted,neutral_centroid,neutral; ordinary; plain; average,status,vocabulary,status,6,0.43905937671661377,-0.029897689819335938,False,False,False,0.4655869722366333,0.21522112246602773,0.0,1.0387924909591675,1.0
arctic_embed_l_v2,Snowflake/snowflake-arctic-embed-l-v2.0,,en,situation,situation,joy,emotion,joy,centroid_phrases,feeling joyful; feeling happy; feeling delighted,feeling joyful; feeling happy; feeling delighted,neutral_centroid,neutral; ordinary; plain; average,experiencing,vocabulary,experiencing,7,0.43548232316970825,0.18512225151062012,False,False,False,0.4655869722366333,0.21522112246602773,0.0,1.0387924909591675,1.0
arctic_embed_l_v2,Snowflake/snowflake-arctic-embed-l-v2.0,,en,situation,situation,joy,emotion,joy,centroid_phrases,feeling joyful; feeling happy; feeling delighted,feeling joyful; feeling happy; feeling delighted,neutral_centroid,neutral; ordinary; plain; average,happiness,vocabulary,happiness,8,0.4280090630054474,0.30955830216407776,False,False,False,0.4655869722366333,0.21522112246602773,0.0,1.0387924909591675,1.0
arctic_embed_l_v2,Snowflake/snowflake-arctic-embed-l-v2.0,,en,situation,situation,joy,emotion,joy,centroid_phrases,feeling joyful; feeling happy; feeling delighted,feeling joyful; feeling happy; feeling delighted,neutral_centroid,neutral; ordinary; plain; average,rejoicing,vocabulary,rejoicing,9,0.4219841957092285,0.26892852783203125,False,False,False,0.4655869722366333,0.21522112246602773,0.0,1.0387924909591675,1.0
arctic_embed_l_v2,Snowflake/snowflake-arctic-embed-l-v2.0,,en,situation,situation,joy,emotion,joy,centroid_phrases,feeling joyful; feeling happy; feeling delighted,feeling joyful; feeling happy; feeling delighted,neutral_centroid,neutral; ordinary; plain; average,feel,vocabulary,feel,10,0.4191262722015381,0.3040449023246765,False,False,False,0.4655869722366333,0.21522112246602773,0.0,1.0387924909591675,1.0
arctic_embed_l_v2,Snowflake/snowflake-arctic-embed-l-v2.0,,en,situation,situation,joy,identity,joy,centroid_phrases,feeling joyful; feeling happy; feeling delighted,feeling joyful; feeling happy; feeling delighted,neutral_centroid,neutral; ordinary; plain; average,situations,vocabulary,situations,1,0.8264573812484741,0.02031380496919155,False,False,False,0.6483343303203583,-0.07092073503881693,0.0,0.0,1.0
arctic_embed_l_v2,Snowflake/snowflake-arctic-embed-l-v2.0,,en,situation,situation,joy,identity,joy,centroid_phrases,feeling joyful; feeling happy; feeling delighted,feeling joyful; feeling happy; feeling delighted,neutral_centroid,neutral; ordinary; plain; average,situational,vocabulary,situational,2,0.6787580847740173,-0.0785275548696518,False,False,False,0.6483343303203583,-0.07092073503881693,0.0,0.0,1.0
arctic_embed_l_v2,Snowflake/snowflake-arctic-embed-l-v2.0,,en,situation,situation,joy,identity,joy,centroid_phrases,feeling joyful; feeling happy; feeling delighted,feeling joyful; feeling happy; feeling delighted,neutral_centroid,neutral; ordinary; plain; average,status,vocabulary,status,3,0.6650857925415039,-0.029897689819335938,False,False,False,0.6483343303203583,-0.07092073503881693,0.0,0.0,1.0
arctic_embed_l_v2,Snowflake/snowflake-arctic-embed-l-v2.0,,en,situation,situation,joy,identity,joy,centroid_phrases,feeling joyful; feeling happy; feeling delighted,feeling joyful; feeling happy; feeling delighted,neutral_centroid,neutral; ordinary; plain; average,position,vocabulary,position,4,0.6446571350097656,-0.0707821398973465,False,False,False,0.6483343303203583,-0.07092073503881693,0.0,0.0,1.0
arctic_embed_l_v2,Snowflake/snowflake-arctic-embed-l-v2.0,,en,situation,situation,joy,identity,joy,centroid_phrases,feeling joyful; feeling happy; feeling delighted,feeling joyful; feeling happy; feeling delighted,neutral_centroid,neutral; ordinary; plain; average,scenario,vocabulary,scenario,5,0.6281995177268982,-0.11053585261106491,False,False,False,0.6483343303203583,-0.07092073503881693,0.0,0.0,1.0
arctic_embed_l_v2,Snowflake/snowflake-arctic-embed-l-v2.0,,en,situation,situation,joy,identity,joy,centroid_phrases,feeling joyful; feeling happy; feeling delighted,feeling joyful; feeling happy; feeling delighted,neutral_centroid,neutral; ordinary; plain; average,condition,vocabulary,condition,6,0.6279785633087158,-0.08772166818380356,False,False,False,0.6483343303203583,-0.07092073503881693,0.0,0.0,1.0
arctic_embed_l_v2,Snowflake/snowflake-arctic-embed-l-v2.0,,en,situation,situation,joy,identity,joy,centroid_phrases,feeling joyful; feeling happy; feeling delighted,feeling joyful; feeling happy; feeling delighted,neutral_centroid,neutral; ordinary; plain; average,circumstances,vocabulary,circumstances,7,0.6274638175964355,-0.05217820405960083,False,False,False,0.6483343303203583,-0.07092073503881693,0.0,0.0,1.0
arctic_embed_l_v2,Snowflake/snowflake-arctic-embed-l-v2.0,,en,situation,situation,joy,identity,joy,centroid_phrases,feeling joyful; feeling happy; feeling delighted,feeling joyful; feeling happy; feeling delighted,neutral_centroid,neutral; ordinary; plain; average,circumstance,vocabulary,circumstance,8,0.6231973767280579,-0.12110448628664017,False,False,False,0.6483343303203583,-0.07092073503881693,0.0,0.0,1.0
arctic_embed_l_v2,Snowflake/snowflake-arctic-embed-l-v2.0,,en,situation,situation,joy,identity,joy,centroid_phrases,feeling joyful; feeling happy; feeling delighted,feeling joyful; feeling happy; feeling delighted,neutral_centroid,neutral; ordinary; plain; average,eventuality,vocabulary,eventuality,9,0.5929142236709595,-0.09995381534099579,False,False,False,0.6483343303203583,-0.07092073503881693,0.0,0.0,1.0
arctic_embed_l_v2,Snowflake/snowflake-arctic-embed-l-v2.0,,en,situation,situation,joy,identity,joy,centroid_phrases,feeling joyful; feeling happy; feeling delighted,feeling joyful; feeling happy; feeling delighted,neutral_centroid,neutral; ordinary; plain; average,scenarios,vocabulary,scenarios,10,0.5686314105987549,-0.07881974428892136,False,False,False,0.6483343303203583,-0.07092073503881693,0.0,0.0,1.0
arctic_embed_l_v2,Snowflake/snowflake-arctic-embed-l-v2.0,,en,situation,situation,joy,random,joy,centroid_phrases,feeling joyful; feeling happy; feeling delighted,feeling joyful; feeling happy; feeling delighted,neutral_centroid,neutral; ordinary; plain; average,situations,vocabulary,situations,1,0.5639867186546326,0.02031380496919155,False,False,False,0.45851128101348876,-0.07092073503881693,0.0,0.9999999403953552,1.0
arctic_embed_l_v2,Snowflake/snowflake-arctic-embed-l-v2.0,,en,situation,situation,joy,random,joy,centroid_phrases,feeling joyful; feeling happy; feeling delighted,feeling joyful; feeling happy; feeling delighted,neutral_centroid,neutral; ordinary; plain; average,status,vocabulary,status,2,0.4728103280067444,-0.029897689819335938,False,False,False,0.45851128101348876,-0.07092073503881693,0.0,0.9999999403953552,1.0
arctic_embed_l_v2,Snowflake/snowflake-arctic-embed-l-v2.0,,en,situation,situation,joy,random,joy,centroid_phrases,feeling joyful; feeling happy; feeling delighted,feeling joyful; feeling happy; feeling delighted,neutral_centroid,neutral; ordinary; plain; average,situational,vocabulary,situational,3,0.46794843673706055,-0.0785275548696518,False,False,False,0.45851128101348876,-0.07092073503881693,0.0,0.9999999403953552,1.0
arctic_embed_l_v2,Snowflake/snowflake-arctic-embed-l-v2.0,,en,situation,situation,joy,random,joy,centroid_phrases,feeling joyful; feeling happy; feeling delighted,feeling joyful; feeling happy; feeling delighted,neutral_centroid,neutral; ordinary; plain; average,condition,vocabulary,condition,4,0.46382856369018555,-0.08772166818380356,False,False,False,0.45851128101348876,-0.07092073503881693,0.0,0.9999999403953552,1.0
arctic_embed_l_v2,Snowflake/snowflake-arctic-embed-l-v2.0,,en,situation,situation,joy,random,joy,centroid_phrases,feeling joyful; feeling happy; feeling delighted,feeling joyful; feeling happy; feeling delighted,neutral_centroid,neutral; ordinary; plain; average,position,vocabulary,position,5,0.4630813002586365,-0.0707821398973465,False,False,False,0.45851128101348876,-0.07092073503881693,0.0,0.9999999403953552,1.0
arctic_embed_l_v2,Snowflake/snowflake-arctic-embed-l-v2.0,,en,situation,situation,joy,random,joy,centroid_phrases,feeling joyful; feeling happy; feeling delighted,feeling joyful; feeling happy; feeling delighted,neutral_centroid,neutral; ordinary; plain; average,scenario,vocabulary,scenario,6,0.45577776432037354,-0.11053585261106491,False,False,False,0.45851128101348876,-0.07092073503881693,0.0,0.9999999403953552,1.0
arctic_embed_l_v2,Snowflake/snowflake-arctic-embed-l-v2.0,,en,situation,situation,joy,random,joy,centroid_phrases,feeling joyful; feeling happy; feeling delighted,feeling joyful; feeling happy; feeling delighted,neutral_centroid,neutral; ordinary; plain; average,circumstance,vocabulary,circumstance,7,0.4358842074871063,-0.12110448628664017,False,False,False,0.45851128101348876,-0.07092073503881693,0.0,0.9999999403953552,1.0
arctic_embed_l_v2,Snowflake/snowflake-arctic-embed-l-v2.0,,en,situation,situation,joy,random,joy,centroid_phrases,feeling joyful; feeling happy; feeling delighted,feeling joyful; feeling happy; feeling delighted,neutral_centroid,neutral; ordinary; plain; average,eventuality,vocabulary,eventuality,8,0.43486323952674866,-0.09995381534099579,False,False,False,0.45851128101348876,-0.07092073503881693,0.0,0.9999999403953552,1.0
arctic_embed_l_v2,Snowflake/snowflake-arctic-embed-l-v2.0,,en,situation,situation,joy,random,joy,centroid_phrases,feeling joyful; feeling happy; feeling delighted,feeling joyful; feeling happy; feeling delighted,neutral_centroid,neutral; ordinary; plain; average,circumstances,vocabulary,circumstances,9,0.4277644455432892,-0.05217820405960083,False,False,False,0.45851128101348876,-0.07092073503881693,0.0,0.9999999403953552,1.0
arctic_embed_l_v2,Snowflake/snowflake-arctic-embed-l-v2.0,,en,situation,situation,joy,random,joy,centroid_phrases,feeling joyful; feeling happy; feeling delighted,feeling joyful; feeling happy; feeling delighted,neutral_centroid,neutral; ordinary; plain; average,scenarios,vocabulary,scenarios,10,0.3991678059101105,-0.07881974428892136,False,False,False,0.45851128101348876,-0.07092073503881693,0.0,0.9999999403953552,1.0
arctic_embed_l_v2,Snowflake/snowflake-arctic-embed-l-v2.0,,en,situation,situation,joy,shuffled_emotion,anger,centroid_phrases,feeling joyful; feeling happy; feeling delighted,feeling angry; feeling enraged; feeling irritated,neutral_centroid,neutral; ordinary; plain; average,situations,vocabulary,situations,1,0.5504823923110962,0.02031380496919155,False,False,False,0.4225955456495285,0.17493951190263032,0.0,1.099473476409912,0.9999999403953552
arctic_embed_l_v2,Snowflake/snowflake-arctic-embed-l-v2.0,,en,situation,situation,joy,shuffled_emotion,anger,centroid_phrases,feeling joyful; feeling happy; feeling delighted,feeling angry; feeling enraged; feeling irritated,neutral_centroid,neutral; ordinary; plain; average,feeling,vocabulary,feeling,2,0.5394368171691895,0.4206809997558594,False,False,False,0.4225955456495285,0.17493951190263032,0.0,1.099473476409912,0.9999999403953552
arctic_embed_l_v2,Snowflake/snowflake-arctic-embed-l-v2.0,,en,situation,situation,joy,shuffled_emotion,anger,centroid_phrases,feeling joyful; feeling happy; feeling delighted,feeling angry; feeling enraged; feeling irritated,neutral_centroid,neutral; ordinary; plain; average,feelings,vocabulary,feelings,3,0.4259658753871918,0.33705493807792664,False,False,False,0.4225955456495285,0.17493951190263032,0.0,1.099473476409912,0.9999999403953552
arctic_embed_l_v2,Snowflake/snowflake-arctic-embed-l-v2.0,,en,situation,situation,joy,shuffled_emotion,anger,centroid_phrases,feeling joyful; feeling happy; feeling delighted,feeling angry; feeling enraged; feeling irritated,neutral_centroid,neutral; ordinary; plain; average,frustration,vocabulary,frustration,4,0.42201828956604004,0.05780570209026337,False,False,False,0.4225955456495285,0.17493951190263032,0.0,1.099473476409912,0.9999999403953552
arctic_embed_l_v2,Snowflake/snowflake-arctic-embed-l-v2.0,,en,situation,situation,joy,shuffled_emotion,anger,centroid_phrases,feeling joyful; feeling happy; feeling delighted,feeling angry; feeling enraged; feeling irritated,neutral_centroid,neutral; ordinary; plain; average,sensation,vocabulary,sensation,5,0.38729774951934814,0.1604350507259369,False,False,False,0.4225955456495285,0.17493951190263032,0.0,1.099473476409912,0.9999999403953552
arctic_embed_l_v2,Snowflake/snowflake-arctic-embed-l-v2.0,,en,situation,situation,joy,shuffled_emotion,anger,centroid_phrases,feeling joyful; feeling happy; feeling delighted,feeling angry; feeling enraged; feeling irritated,neutral_centroid,neutral; ordinary; plain; average,happening,vocabulary,happening,6,0.3866862654685974,0.1759701371192932,False,False,False,0.4225955456495285,0.17493951190263032,0.0,1.099473476409912,0.9999999403953552
arctic_embed_l_v2,Snowflake/snowflake-arctic-embed-l-v2.0,,en,situation,situation,joy,shuffled_emotion,anger,centroid_phrases,feeling joyful; feeling happy; feeling delighted,feeling angry; feeling enraged; feeling irritated,neutral_centroid,neutral; ordinary; plain; average,hurting,vocabulary,hurting,7,0.38602718710899353,0.2108476161956787,False,False,False,0.4225955456495285,0.17493951190263032,0.0,1.099473476409912,0.9999999403953552
arctic_embed_l_v2,Snowflake/snowflake-arctic-embed-l-v2.0,,en,situation,situation,joy,shuffled_emotion,anger,centroid_phrases,feeling joyful; feeling happy; feeling delighted,feeling angry; feeling enraged; feeling irritated,neutral_centroid,neutral; ordinary; plain; average,angered,vocabulary,angered,8,0.3768037259578705,0.017684172838926315,False,False,False,0.4225955456495285,0.17493951190263032,0.0,1.099473476409912,0.9999999403953552
arctic_embed_l_v2,Snowflake/snowflake-arctic-embed-l-v2.0,,en,situation,situation,joy,shuffled_emotion,anger,centroid_phrases,feeling joyful; feeling happy; feeling delighted,feeling angry; feeling enraged; feeling irritated,neutral_centroid,neutral; ordinary; plain; average,emotion,vocabulary,emotion,9,0.3759455680847168,0.19673743844032288,False,False,False,0.4225955456495285,0.17493951190263032,0.0,1.099473476409912,0.9999999403953552
arctic_embed_l_v2,Snowflake/snowflake-arctic-embed-l-v2.0,,en,situation,situation,joy,shuffled_emotion,anger,centroid_phrases,feeling joyful; feeling happy; feeling delighted,feeling angry; feeling enraged; feeling irritated,neutral_centroid,neutral; ordinary; plain; average,reacting,vocabulary,reacting,10,0.3752915859222412,0.15186525881290436,False,False,False,0.4225955456495285,0.17493951190263032,0.0,1.099473476409912,0.9999999403953552
arctic_embed_l_v2,Snowflake/snowflake-arctic-embed-l-v2.0,,en,situation,situation,anger,emotion,anger,centroid_phrases,feeling angry; feeling enraged; feeling irritated,feeling angry; feeling enraged; feeling irritated,neutral_centroid,neutral; ordinary; plain; average,situations,vocabulary,situations,1,0.5504823923110962,0.007445064373314381,False,False,False,0.4225955456495285,0.19442731412127615,0.0,1.099473476409912,0.9999999403953552
arctic_embed_l_v2,Snowflake/snowflake-arctic-embed-l-v2.0,,en,situation,situation,anger,emotion,anger,centroid_phrases,feeling angry; feeling enraged; feeling irritated,feeling angry; feeling enraged; feeling irritated,neutral_centroid,neutral; ordinary; plain; average,feeling,vocabulary,feeling,2,0.5394368171691895,0.37539517879486084,False,False,False,0.4225955456495285,0.19442731412127615,0.0,1.099473476409912,0.9999999403953552
arctic_embed_l_v2,Snowflake/snowflake-arctic-embed-l-v2.0,,en,situation,situation,anger,emotion,anger,centroid_phrases,feeling angry; feeling enraged; feeling irritated,feeling angry; feeling enraged; feeling irritated,neutral_centroid,neutral; ordinary; plain; average,feelings,vocabulary,feelings,3,0.4259658753871918,0.31219035387039185,False,False,False,0.4225955456495285,0.19442731412127615,0.0,1.099473476409912,0.9999999403953552
arctic_embed_l_v2,Snowflake/snowflake-arctic-embed-l-v2.0,,en,situation,situation,anger,emotion,anger,centroid_phrases,feeling angry; feeling enraged; feeling irritated,feeling angry; feeling enraged; feeling irritated,neutral_centroid,neutral; ordinary; plain; average,frustration,vocabulary,frustration,4,0.42201828956604004,0.1594020277261734,False,False,False,0.4225955456495285,0.19442731412127615,0.0,1.099473476409912,0.9999999403953552
arctic_embed_l_v2,Snowflake/snowflake-arctic-embed-l-v2.0,,en,situation,situation,anger,emotion,anger,centroid_phrases,feeling angry; feeling enraged; feeling irritated,feeling angry; feeling enraged; feeling irritated,neutral_centroid,neutral; ordinary; plain; average,sensation,vocabulary,sensation,5,0.38729774951934814,0.10782919824123383,False,False,False,0.4225955456495285,0.19442731412127615,0.0,1.099473476409912,0.9999999403953552
arctic_embed_l_v2,Snowflake/snowflake-arctic-embed-l-v2.0,,en,situation,situation,anger,emotion,anger,centroid_phrases,feeling angry; feeling enraged; feeling irritated,feeling angry; feeling enraged; feeling irritated,neutral_centroid,neutral; ordinary; plain; average,happening,vocabulary,happening,6,0.3866862654685974,0.12931571900844574,False,False,False,0.4225955456495285,0.19442731412127615,0.0,1.099473476409912,0.9999999403953552
arctic_embed_l_v2,Snowflake/snowflake-arctic-embed-l-v2.0,,en,situation,situation,anger,emotion,anger,centroid_phrases,feeling angry; feeling enraged; feeling irritated,feeling angry; feeling enraged; feeling irritated,neutral_centroid,neutral; ordinary; plain; average,hurting,vocabulary,hurting,7,0.38602718710899353,0.2644602060317993,False,False,False,0.4225955456495285,0.19442731412127615,0.0,1.099473476409912,0.9999999403953552
arctic_embed_l_v2,Snowflake/snowflake-arctic-embed-l-v2.0,,en,situation,situation,anger,emotion,anger,centroid_phrases,feeling angry; feeling enraged; feeling irritated,feeling angry; feeling enraged; feeling irritated,neutral_centroid,neutral; ordinary; plain; average,angered,vocabulary,angered,8,0.3768037259578705,0.22407978773117065,False,False,False,0.4225955456495285,0.19442731412127615,0.0,1.099473476409912,0.9999999403953552
arctic_embed_l_v2,Snowflake/snowflake-arctic-embed-l-v2.0,,en,situation,situation,anger,emotion,anger,centroid_phrases,feeling angry; feeling enraged; feeling irritated,feeling angry; feeling enraged; feeling irritated,neutral_centroid,neutral; ordinary; plain; average,emotion,vocabulary,emotion,9,0.3759455680847168,0.19378507137298584,False,False,False,0.4225955456495285,0.19442731412127615,0.0,1.099473476409912,0.9999999403953552
arctic_embed_l_v2,Snowflake/snowflake-arctic-embed-l-v2.0,,en,situation,situation,anger,emotion,anger,centroid_phrases,feeling angry; feeling enraged; feeling irritated,feeling angry; feeling enraged; feeling irritated,neutral_centroid,neutral; ordinary; plain; average,reacting,vocabulary,reacting,10,0.3752915859222412,0.17037053406238556,False,False,False,0.4225955456495285,0.19442731412127615,0.0,1.099473476409912,0.9999999403953552
arctic_embed_l_v2,Snowflake/snowflake-arctic-embed-l-v2.0,,en,situation,situation,anger,identity,anger,centroid_phrases,feeling angry; feeling enraged; feeling irritated,feeling angry; feeling enraged; feeling irritated,neutral_centroid,neutral; ordinary; plain; average,situations,vocabulary,situations,1,0.8264573812484741,0.007445064373314381,False,False,False,0.6483343303203583,-0.10828469423577189,0.0,0.0,1.0
arctic_embed_l_v2,Snowflake/snowflake-arctic-embed-l-v2.0,,en,situation,situation,anger,identity,anger,centroid_phrases,feeling angry; feeling enraged; feeling irritated,feeling angry; feeling enraged; feeling irritated,neutral_centroid,neutral; ordinary; plain; average,situational,vocabulary,situational,2,0.6787580847740173,-0.11814145743846893,False,False,False,0.6483343303203583,-0.10828469423577189,0.0,0.0,1.0
arctic_embed_l_v2,Snowflake/snowflake-arctic-embed-l-v2.0,,en,situation,situation,anger,identity,anger,centroid_phrases,feeling angry; feeling enraged; feeling irritated,feeling angry; feeling enraged; feeling irritated,neutral_centroid,neutral; ordinary; plain; average,status,vocabulary,status,3,0.6650857925415039,-0.08687318116426468,False,False,False,0.6483343303203583,-0.10828469423577189,0.0,0.0,1.0
arctic_embed_l_v2,Snowflake/snowflake-arctic-embed-l-v2.0,,en,situation,situation,anger,identity,anger,centroid_phrases,feeling angry; feeling enraged; feeling irritated,feeling angry; feeling enraged; feeling irritated,neutral_centroid,neutral; ordinary; plain; average,position,vocabulary,position,4,0.6446571350097656,-0.13248057663440704,False,False,False,0.6483343303203583,-0.10828469423577189,0.0,0.0,1.0
arctic_embed_l_v2,Snowflake/snowflake-arctic-embed-l-v2.0,,en,situation,situation,anger,identity,anger,centroid_phrases,feeling angry; feeling enraged; feeling irritated,feeling angry; feeling enraged; feeling irritated,neutral_centroid,neutral; ordinary; plain; average,scenario,vocabulary,scenario,5,0.6281995177268982,-0.10230249911546707,False,False,False,0.6483343303203583,-0.10828469423577189,0.0,0.0,1.0
arctic_embed_l_v2,Snowflake/snowflake-arctic-embed-l-v2.0,,en,situation,situation,anger,identity,anger,centroid_phrases,feeling angry; feeling enraged; feeling irritated,feeling angry; feeling enraged; feeling irritated,neutral_centroid,neutral; ordinary; plain; average,condition,vocabulary,condition,6,0.6279785633087158,-0.13589738309383392,False,False,False,0.6483343303203583,-0.10828469423577189,0.0,0.0,1.0
arctic_embed_l_v2,Snowflake/snowflake-arctic-embed-l-v2.0,,en,situation,situation,anger,identity,anger,centroid_phrases,feeling angry; feeling enraged; feeling irritated,feeling angry; feeling enraged; feeling irritated,neutral_centroid,neutral; ordinary; plain; average,circumstances,vocabulary,circumstances,7,0.6274638175964355,-0.09667019546031952,False,False,False,0.6483343303203583,-0.10828469423577189,0.0,0.0,1.0
arctic_embed_l_v2,Snowflake/snowflake-arctic-embed-l-v2.0,,en,situation,situation,anger,identity,anger,centroid_phrases,feeling angry; feeling enraged; feeling irritated,feeling angry; feeling enraged; feeling irritated,neutral_centroid,neutral; ordinary; plain; average,circumstance,vocabulary,circumstance,8,0.6231973767280579,-0.15971121191978455,False,False,False,0.6483343303203583,-0.10828469423577189,0.0,0.0,1.0
arctic_embed_l_v2,Snowflake/snowflake-arctic-embed-l-v2.0,,en,situation,situation,anger,identity,anger,centroid_phrases,feeling angry; feeling enraged; feeling irritated,feeling angry; feeling enraged; feeling irritated,neutral_centroid,neutral; ordinary; plain; average,eventuality,vocabulary,eventuality,9,0.5929142236709595,-0.16919060051441193,False,False,False,0.6483343303203583,-0.10828469423577189,0.0,0.0,1.0
arctic_embed_l_v2,Snowflake/snowflake-arctic-embed-l-v2.0,,en,situation,situation,anger,identity,anger,centroid_phrases,feeling angry; feeling enraged; feeling irritated,feeling angry; feeling enraged; feeling irritated,neutral_centroid,neutral; ordinary; plain; average,scenarios,vocabulary,scenarios,10,0.5686314105987549,-0.08902490139007568,False,False,False,0.6483343303203583,-0.10828469423577189,0.0,0.0,1.0
arctic_embed_l_v2,Snowflake/snowflake-arctic-embed-l-v2.0,,en,situation,situation,anger,random,anger,centroid_phrases,feeling angry; feeling enraged; feeling irritated,feeling angry; feeling enraged; feeling irritated,neutral_centroid,neutral; ordinary; plain; average,situations,vocabulary,situations,1,0.5884365439414978,0.007445064373314381,False,False,False,0.45150566697120664,-0.10449992446228862,0.0,1.0,1.0
arctic_embed_l_v2,Snowflake/snowflake-arctic-embed-l-v2.0,,en,situation,situation,anger,random,anger,centroid_phrases,feeling angry; feeling enraged; feeling irritated,feeling angry; feeling enraged; feeling irritated,neutral_centroid,neutral; ordinary; plain; average,situational,vocabulary,situational,2,0.48166707158088684,-0.11814145743846893,False,False,False,0.45150566697120664,-0.10449992446228862,0.0,1.0,1.0
arctic_embed_l_v2,Snowflake/snowflake-arctic-embed-l-v2.0,,en,situation,situation,anger,random,anger,centroid_phrases,feeling angry; feeling enraged; feeling irritated,feeling angry; feeling enraged; feeling irritated,neutral_centroid,neutral; ordinary; plain; average,circumstances,vocabulary,circumstances,3,0.458278089761734,-0.09667019546031952,False,False,False,0.45150566697120664,-0.10449992446228862,0.0,1.0,1.0
arctic_embed_l_v2,Snowflake/snowflake-arctic-embed-l-v2.0,,en,situation,situation,anger,random,anger,centroid_phrases,feeling angry; feeling enraged; feeling irritated,feeling angry; feeling enraged; feeling irritated,neutral_centroid,neutral; ordinary; plain; average,circumstance,vocabulary,circumstance,4,0.44916388392448425,-0.15971121191978455,False,False,False,0.45150566697120664,-0.10449992446228862,0.0,1.0,1.0
arctic_embed_l_v2,Snowflake/snowflake-arctic-embed-l-v2.0,,en,situation,situation,anger,random,anger,centroid_phrases,feeling angry; feeling enraged; feeling irritated,feeling angry; feeling enraged; feeling irritated,neutral_centroid,neutral; ordinary; plain; average,status,vocabulary,status,5,0.4386456608772278,-0.08687318116426468,False,False,False,0.45150566697120664,-0.10449992446228862,0.0,1.0,1.0
arctic_embed_l_v2,Snowflake/snowflake-arctic-embed-l-v2.0,,en,situation,situation,anger,random,anger,centroid_phrases,feeling angry; feeling enraged; feeling irritated,feeling angry; feeling enraged; feeling irritated,neutral_centroid,neutral; ordinary; plain; average,position,vocabulary,position,6,0.43361908197402954,-0.13248057663440704,False,False,False,0.45150566697120664,-0.10449992446228862,0.0,1.0,1.0
arctic_embed_l_v2,Snowflake/snowflake-arctic-embed-l-v2.0,,en,situation,situation,anger,random,anger,centroid_phrases,feeling angry; feeling enraged; feeling irritated,feeling angry; feeling enraged; feeling irritated,neutral_centroid,neutral; ordinary; plain; average,condition,vocabulary,condition,7,0.42940089106559753,-0.13589738309383392,False,False,False,0.45150566697120664,-0.10449992446228862,0.0,1.0,1.0
arctic_embed_l_v2,Snowflake/snowflake-arctic-embed-l-v2.0,,en,situation,situation,anger,random,anger,centroid_phrases,feeling angry; feeling enraged; feeling irritated,feeling angry; feeling enraged; feeling irritated,neutral_centroid,neutral; ordinary; plain; average,scenario,vocabulary,scenario,8,0.4282636046409607,-0.10230249911546707,False,False,False,0.45150566697120664,-0.10449992446228862,0.0,1.0,1.0
arctic_embed_l_v2,Snowflake/snowflake-arctic-embed-l-v2.0,,en,situation,situation,anger,random,anger,centroid_phrases,feeling angry; feeling enraged; feeling irritated,feeling angry; feeling enraged; feeling irritated,neutral_centroid,neutral; ordinary; plain; average,incident,vocabulary,incident,9,0.4119495749473572,-0.05117720365524292,False,False,False,0.45150566697120664,-0.10449992446228862,0.0,1.0,1.0
arctic_embed_l_v2,Snowflake/snowflake-arctic-embed-l-v2.0,,en,situation,situation,anger,random,anger,centroid_phrases,feeling angry; feeling enraged; feeling irritated,feeling angry; feeling enraged; feeling irritated,neutral_centroid,neutral; ordinary; plain; average,eventuality,vocabulary,eventuality,10,0.395632266998291,-0.16919060051441193,False,False,False,0.45150566697120664,-0.10449992446228862,0.0,1.0,1.0
arctic_embed_l_v2,Snowflake/snowflake-arctic-embed-l-v2.0,,en,situation,situation,anger,shuffled_emotion,fear,centroid_phrases,feeling angry; feeling enraged; feeling irritated,feeling afraid; feeling anxious; feeling terrified,neutral_centroid,neutral; ordinary; plain; average,feeling,vocabulary,feeling,1,0.555321216583252,0.37539517879486084,False,False,False,0.43513053059577944,0.1806479779072106,0.0,1.1305880546569824,0.9999999403953552
arctic_embed_l_v2,Snowflake/snowflake-arctic-embed-l-v2.0,,en,situation,situation,anger,shuffled_emotion,fear,centroid_phrases,feeling angry; feeling enraged; feeling irritated,feeling afraid; feeling anxious; feeling terrified,neutral_centroid,neutral; ordinary; plain; average,situations,vocabulary,situations,2,0.5469887256622314,0.007445064373314381,False,False,False,0.43513053059577944,0.1806479779072106,0.0,1.1305880546569824,0.9999999403953552
arctic_embed_l_v2,Snowflake/snowflake-arctic-embed-l-v2.0,,en,situation,situation,anger,shuffled_emotion,fear,centroid_phrases,feeling angry; feeling enraged; feeling irritated,feeling afraid; feeling anxious; feeling terrified,neutral_centroid,neutral; ordinary; plain; average,feelings,vocabulary,feelings,3,0.42945924401283264,0.31219035387039185,False,False,False,0.43513053059577944,0.1806479779072106,0.0,1.1305880546569824,0.9999999403953552
arctic_embed_l_v2,Snowflake/snowflake-arctic-embed-l-v2.0,,en,situation,situation,anger,shuffled_emotion,fear,centroid_phrases,feeling angry; feeling enraged; feeling irritated,feeling afraid; feeling anxious; feeling terrified,neutral_centroid,neutral; ordinary; plain; average,happening,vocabulary,happening,4,0.4199715554714203,0.12931571900844574,False,False,False,0.43513053059577944,0.1806479779072106,0.0,1.1305880546569824,0.9999999403953552
arctic_embed_l_v2,Snowflake/snowflake-arctic-embed-l-v2.0,,en,situation,situation,anger,shuffled_emotion,fear,centroid_phrases,feeling angry; feeling enraged; feeling irritated,feeling afraid; feeling anxious; feeling terrified,neutral_centroid,neutral; ordinary; plain; average,fear,vocabulary,fear,5,0.4185410141944885,0.13384735584259033,False,False,False,0.43513053059577944,0.1806479779072106,0.0,1.1305880546569824,0.9999999403953552
arctic_embed_l_v2,Snowflake/snowflake-arctic-embed-l-v2.0,,en,situation,situation,anger,shuffled_emotion,fear,centroid_phrases,feeling angry; feeling enraged; feeling irritated,feeling afraid; feeling anxious; feeling terrified,neutral_centroid,neutral; ordinary; plain; average,feel,vocabulary,feel,6,0.4064357578754425,0.2603270411491394,False,False,False,0.43513053059577944,0.1806479779072106,0.0,1.1305880546569824,0.9999999403953552
arctic_embed_l_v2,Snowflake/snowflake-arctic-embed-l-v2.0,,en,situation,situation,anger,shuffled_emotion,fear,centroid_phrases,feeling angry; feeling enraged; feeling irritated,feeling afraid; feeling anxious; feeling terrified,neutral_centroid,neutral; ordinary; plain; average,sensation,vocabulary,sensation,7,0.3975662291049957,0.10782919824123383,False,False,False,0.43513053059577944,0.1806479779072106,0.0,1.1305880546569824,0.9999999403953552
arctic_embed_l_v2,Snowflake/snowflake-arctic-embed-l-v2.0,,en,situation,situation,anger,shuffled_emotion,fear,centroid_phrases,feeling angry; feeling enraged; feeling irritated,feeling afraid; feeling anxious; feeling terrified,neutral_centroid,neutral; ordinary; plain; average,worried,vocabulary,worried,8,0.3926817774772644,0.18243974447250366,False,False,False,0.43513053059577944,0.1806479779072106,0.0,1.1305880546569824,0.9999999403953552
arctic_embed_l_v2,Snowflake/snowflake-arctic-embed-l-v2.0,,en,situation,situation,anger,shuffled_emotion,fear,centroid_phrases,feeling angry; feeling enraged; feeling irritated,feeling afraid; feeling anxious; feeling terrified,neutral_centroid,neutral; ordinary; plain; average,terrified,vocabulary,terrified,9,0.3923056721687317,0.11977921426296234,False,False,False,0.43513053059577944,0.1806479779072106,0.0,1.1305880546569824,0.9999999403953552
arctic_embed_l_v2,Snowflake/snowflake-arctic-embed-l-v2.0,,en,situation,situation,anger,shuffled_emotion,fear,centroid_phrases,feeling angry; feeling enraged; feeling irritated,feeling afraid; feeling anxious; feeling terrified,neutral_centroid,neutral; ordinary; plain; average,scared,vocabulary,scared,10,0.392034113407135,0.1779109090566635,False,False,False,0.43513053059577944,0.1806479779072106,0.0,1.1305880546569824,0.9999999403953552
arctic_embed_l_v2,Snowflake/snowflake-arctic-embed-l-v2.0,,en,situation,situation,fear,emotion,fear,centroid_phrases,feeling afraid; feeling anxious; feeling terrified,feeling afraid; feeling anxious; feeling terrified,neutral_centroid,neutral; ordinary; plain; average,feeling,vocabulary,feeling,1,0.555321216583252,0.38705822825431824,False,False,False,0.43513053059577944,0.241283454420045,0.0,1.1305880546569824,0.9999999403953552
arctic_embed_l_v2,Snowflake/snowflake-arctic-embed-l-v2.0,,en,situation,situation,fear,emotion,fear,centroid_phrases,feeling afraid; feeling anxious; feeling terrified,feeling afraid; feeling anxious; feeling terrified,neutral_centroid,neutral; ordinary; plain; average,situations,vocabulary,situations,2,0.5469887256622314,0.003803711850196123,False,False,False,0.43513053059577944,0.241283454420045,0.0,1.1305880546569824,0.9999999403953552
arctic_embed_l_v2,Snowflake/snowflake-arctic-embed-l-v2.0,,en,situation,situation,fear,emotion,fear,centroid_phrases,feeling afraid; feeling anxious; feeling terrified,feeling afraid; feeling anxious; feeling terrified,neutral_centroid,neutral; ordinary; plain; average,feelings,vocabulary,feelings,3,0.42945924401283264,0.30553486943244934,False,False,False,0.43513053059577944,0.241283454420045,0.0,1.1305880546569824,0.9999999403953552
arctic_embed_l_v2,Snowflake/snowflake-arctic-embed-l-v2.0,,en,situation,situation,fear,emotion,fear,centroid_phrases,feeling afraid; feeling anxious; feeling terrified,feeling afraid; feeling anxious; feeling terrified,neutral_centroid,neutral; ordinary; plain; average,happening,vocabulary,happening,4,0.4199715554714203,0.16608792543411255,False,False,False,0.43513053059577944,0.241283454420045,0.0,1.1305880546569824,0.9999999403953552
arctic_embed_l_v2,Snowflake/snowflake-arctic-embed-l-v2.0,,en,situation,situation,fear,emotion,fear,centroid_phrases,feeling afraid; feeling anxious; feeling terrified,feeling afraid; feeling anxious; feeling terrified,neutral_centroid,neutral; ordinary; plain; average,fear,vocabulary,fear,5,0.4185410141944885,0.3035692870616913,False,False,False,0.43513053059577944,0.241283454420045,0.0,1.1305880546569824,0.9999999403953552
arctic_embed_l_v2,Snowflake/snowflake-arctic-embed-l-v2.0,,en,situation,situation,fear,emotion,fear,centroid_phrases,feeling afraid; feeling anxious; feeling terrified,feeling afraid; feeling anxious; feeling terrified,neutral_centroid,neutral; ordinary; plain; average,feel,vocabulary,feel,6,0.4064357578754425,0.2917926609516144,False,False,False,0.43513053059577944,0.241283454420045,0.0,1.1305880546569824,0.9999999403953552
arctic_embed_l_v2,Snowflake/snowflake-arctic-embed-l-v2.0,,en,situation,situation,fear,emotion,fear,centroid_phrases,feeling afraid; feeling anxious; feeling terrified,feeling afraid; feeling anxious; feeling terrified,neutral_centroid,neutral; ordinary; plain; average,sensation,vocabulary,sensation,7,0.3975662291049957,0.11459270864725113,False,False,False,0.43513053059577944,0.241283454420045,0.0,1.1305880546569824,0.9999999403953552
arctic_embed_l_v2,Snowflake/snowflake-arctic-embed-l-v2.0,,en,situation,situation,fear,emotion,fear,centroid_phrases,feeling afraid; feeling anxious; feeling terrified,feeling afraid; feeling anxious; feeling terrified,neutral_centroid,neutral; ordinary; plain; average,worried,vocabulary,worried,8,0.3926817774772644,0.2730550765991211,False,False,False,0.43513053059577944,0.241283454420045,0.0,1.1305880546569824,0.9999999403953552
arctic_embed_l_v2,Snowflake/snowflake-arctic-embed-l-v2.0,,en,situation,situation,fear,emotion,fear,centroid_phrases,feeling afraid; feeling anxious; feeling terrified,feeling afraid; feeling anxious; feeling terrified,neutral_centroid,neutral; ordinary; plain; average,terrified,vocabulary,terrified,9,0.3923056721687317,0.26533305644989014,False,False,False,0.43513053059577944,0.241283454420045,0.0,1.1305880546569824,0.9999999403953552
arctic_embed_l_v2,Snowflake/snowflake-arctic-embed-l-v2.0,,en,situation,situation,fear,emotion,fear,centroid_phrases,feeling afraid; feeling anxious; feeling terrified,feeling afraid; feeling anxious; feeling terrified,neutral_centroid,neutral; ordinary; plain; average,scared,vocabulary,scared,10,0.392034113407135,0.3020070195198059,False,False,False,0.43513053059577944,0.241283454420045,0.0,1.1305880546569824,0.9999999403953552
arctic_embed_l_v2,Snowflake/snowflake-arctic-embed-l-v2.0,,en,situation,situation,fear,identity,fear,centroid_phrases,feeling afraid; feeling anxious; feeling terrified,feeling afraid; feeling anxious; feeling terrified,neutral_centroid,neutral; ordinary; plain; average,situations,vocabulary,situations,1,0.8264573812484741,0.003803711850196123,False,False,False,0.6483343303203583,-0.10667373421601951,0.0,0.0,1.0
arctic_embed_l_v2,Snowflake/snowflake-arctic-embed-l-v2.0,,en,situation,situation,fear,identity,fear,centroid_phrases,feeling afraid; feeling anxious; feeling terrified,feeling afraid; feeling anxious; feeling terrified,neutral_centroid,neutral; ordinary; plain; average,situational,vocabulary,situational,2,0.6787580847740173,-0.13703149557113647,False,False,False,0.6483343303203583,-0.10667373421601951,0.0,0.0,1.0
arctic_embed_l_v2,Snowflake/snowflake-arctic-embed-l-v2.0,,en,situation,situation,fear,identity,fear,centroid_phrases,feeling afraid; feeling anxious; feeling terrified,feeling afraid; feeling anxious; feeling terrified,neutral_centroid,neutral; ordinary; plain; average,status,vocabulary,status,3,0.6650857925415039,-0.09578011184930801,False,False,False,0.6483343303203583,-0.10667373421601951,0.0,0.0,1.0
arctic_embed_l_v2,Snowflake/snowflake-arctic-embed-l-v2.0,,en,situation,situation,fear,identity,fear,centroid_phrases,feeling afraid; feeling anxious; feeling terrified,feeling afraid; feeling anxious; feeling terrified,neutral_centroid,neutral; ordinary; plain; average,position,vocabulary,position,4,0.6446571350097656,-0.1096799373626709,False,False,False,0.6483343303203583,-0.10667373421601951,0.0,0.0,1.0
arctic_embed_l_v2,Snowflake/snowflake-arctic-embed-l-v2.0,,en,situation,situation,fear,identity,fear,centroid_phrases,feeling afraid; feeling anxious; feeling terrified,feeling afraid; feeling anxious; feeling terrified,neutral_centroid,neutral; ordinary; plain; average,scenario,vocabulary,scenario,5,0.6281995177268982,-0.08128513395786285,False,False,False,0.6483343303203583,-0.10667373421601951,0.0,0.0,1.0
arctic_embed_l_v2,Snowflake/snowflake-arctic-embed-l-v2.0,,en,situation,situation,fear,identity,fear,centroid_phrases,feeling afraid; feeling anxious; feeling terrified,feeling afraid; feeling anxious; feeling terrified,neutral_centroid,neutral; ordinary; plain; average,condition,vocabulary,condition,6,0.6279785633087158,-0.1517360806465149,False,False,False,0.6483343303203583,-0.10667373421601951,0.0,0.0,1.0
arctic_embed_l_v2,Snowflake/snowflake-arctic-embed-l-v2.0,,en,situation,situation,fear,identity,fear,centroid_phrases,feeling afraid; feeling anxious; feeling terrified,feeling afraid; feeling anxious; feeling terrified,neutral_centroid,neutral; ordinary; plain; average,circumstances,vocabulary,circumstances,7,0.6274638175964355,-0.06989702582359314,False,False,False,0.6483343303203583,-0.10667373421601951,0.0,0.0,1.0
arctic_embed_l_v2,Snowflake/snowflake-arctic-embed-l-v2.0,,en,situation,situation,fear,identity,fear,centroid_phrases,feeling afraid; feeling anxious; feeling terrified,feeling afraid; feeling anxious; feeling terrified,neutral_centroid,neutral; ordinary; plain; average,circumstance,vocabulary,circumstance,8,0.6231973767280579,-0.20253881812095642,False,False,False,0.6483343303203583,-0.10667373421601951,0.0,0.0,1.0
arctic_embed_l_v2,Snowflake/snowflake-arctic-embed-l-v2.0,,en,situation,situation,fear,identity,fear,centroid_phrases,feeling afraid; feeling anxious; feeling terrified,feeling afraid; feeling anxious; feeling terrified,neutral_centroid,neutral; ordinary; plain; average,eventuality,vocabulary,eventuality,9,0.5929142236709595,-0.16554737091064453,False,False,False,0.6483343303203583,-0.10667373421601951,0.0,0.0,1.0
arctic_embed_l_v2,Snowflake/snowflake-arctic-embed-l-v2.0,,en,situation,situation,fear,identity,fear,centroid_phrases,feeling afraid; feeling anxious; feeling terrified,feeling afraid; feeling anxious; feeling terrified,neutral_centroid,neutral; ordinary; plain; average,scenarios,vocabulary,scenarios,10,0.5686314105987549,-0.05704507976770401,False,False,False,0.6483343303203583,-0.10667373421601951,0.0,0.0,1.0
arctic_embed_l_v2,Snowflake/snowflake-arctic-embed-l-v2.0,,en,situation,situation,fear,random,fear,centroid_phrases,feeling afraid; feeling anxious; feeling terrified,feeling afraid; feeling anxious; feeling terrified,neutral_centroid,neutral; ordinary; plain; average,situations,vocabulary,situations,1,0.5602841377258301,0.003803711850196123,False,False,False,0.4711921185255051,-0.10486931274645031,0.0,1.0,1.0
arctic_embed_l_v2,Snowflake/snowflake-arctic-embed-l-v2.0,,en,situation,situation,fear,random,fear,centroid_phrases,feeling afraid; feeling anxious; feeling terrified,feeling afraid; feeling anxious; feeling terrified,neutral_centroid,neutral; ordinary; plain; average,situational,vocabulary,situational,2,0.524307131767273,-0.13703149557113647,False,False,False,0.4711921185255051,-0.10486931274645031,0.0,1.0,1.0
arctic_embed_l_v2,Snowflake/snowflake-arctic-embed-l-v2.0,,en,situation,situation,fear,random,fear,centroid_phrases,feeling afraid; feeling anxious; feeling terrified,feeling afraid; feeling anxious; feeling terrified,neutral_centroid,neutral; ordinary; plain; average,status,vocabulary,status,3,0.49123305082321167,-0.09578011184930801,False,False,False,0.4711921185255051,-0.10486931274645031,0.0,1.0,1.0
arctic_embed_l_v2,Snowflake/snowflake-arctic-embed-l-v2.0,,en,situation,situation,fear,random,fear,centroid_phrases,feeling afraid; feeling anxious; feeling terrified,feeling afraid; feeling anxious; feeling terrified,neutral_centroid,neutral; ordinary; plain; average,position,vocabulary,position,4,0.4858419597148895,-0.1096799373626709,False,False,False,0.4711921185255051,-0.10486931274645031,0.0,1.0,1.0
arctic_embed_l_v2,Snowflake/snowflake-arctic-embed-l-v2.0,,en,situation,situation,fear,random,fear,centroid_phrases,feeling afraid; feeling anxious; feeling terrified,feeling afraid; feeling anxious; feeling terrified,neutral_centroid,neutral; ordinary; plain; average,circumstance,vocabulary,circumstance,5,0.4512108564376831,-0.20253881812095642,False,False,False,0.4711921185255051,-0.10486931274645031,0.0,1.0,1.0
arctic_embed_l_v2,Snowflake/snowflake-arctic-embed-l-v2.0,,en,situation,situation,fear,random,fear,centroid_phrases,feeling afraid; feeling anxious; feeling terrified,feeling afraid; feeling anxious; feeling terrified,neutral_centroid,neutral; ordinary; plain; average,presently,vocabulary,presently,6,0.4475085735321045,-0.15482065081596375,False,False,False,0.4711921185255051,-0.10486931274645031,0.0,1.0,1.0
arctic_embed_l_v2,Snowflake/snowflake-arctic-embed-l-v2.0,,en,situation,situation,fear,random,fear,centroid_phrases,feeling afraid; feeling anxious; feeling terrified,feeling afraid; feeling anxious; feeling terrified,neutral_centroid,neutral; ordinary; plain; average,circumstances,vocabulary,circumstances,7,0.43950575590133667,-0.06989702582359314,False,False,False,0.4711921185255051,-0.10486931274645031,0.0,1.0,1.0
arctic_embed_l_v2,Snowflake/snowflake-arctic-embed-l-v2.0,,en,situation,situation,fear,random,fear,centroid_phrases,feeling afraid; feeling anxious; feeling terrified,feeling afraid; feeling anxious; feeling terrified,neutral_centroid,neutral; ordinary; plain; average,suspicion,vocabulary,suspicion,8,0.4390532970428467,-0.049727585166692734,False,False,False,0.4711921185255051,-0.10486931274645031,0.0,1.0,1.0
arctic_embed_l_v2,Snowflake/snowflake-arctic-embed-l-v2.0,,en,situation,situation,fear,random,fear,centroid_phrases,feeling afraid; feeling anxious; feeling terrified,feeling afraid; feeling anxious; feeling terrified,neutral_centroid,neutral; ordinary; plain; average,condition,vocabulary,condition,9,0.43895161151885986,-0.1517360806465149,False,False,False,0.4711921185255051,-0.10486931274645031,0.0,1.0,1.0
arctic_embed_l_v2,Snowflake/snowflake-arctic-embed-l-v2.0,,en,situation,situation,fear,random,fear,centroid_phrases,feeling afraid; feeling anxious; feeling terrified,feeling afraid; feeling anxious; feeling terrified,neutral_centroid,neutral; ordinary; plain; average,scenario,vocabulary,scenario,10,0.4340248107910156,-0.08128513395786285,False,False,False,0.4711921185255051,-0.10486931274645031,0.0,1.0,1.0
arctic_embed_l_v2,Snowflake/snowflake-arctic-embed-l-v2.0,,en,situation,situation,fear,shuffled_emotion,amusement,centroid_phrases,feeling afraid; feeling anxious; feeling terrified,feeling amused; feeling entertained; feeling playful,neutral_centroid,neutral; ordinary; plain; average,situations,vocabulary,situations,1,0.6123464107513428,0.003803711850196123,False,False,False,0.471899676322937,0.10950811211951077,0.0,0.9991812705993652,0.9999999403953552
arctic_embed_l_v2,Snowflake/snowflake-arctic-embed-l-v2.0,,en,situation,situation,fear,shuffled_emotion,amusement,centroid_phrases,feeling afraid; feeling anxious; feeling terrified,feeling amused; feeling entertained; feeling playful,neutral_centroid,neutral; ordinary; plain; average,feeling,vocabulary,feeling,2,0.559952974319458,0.38705822825431824,False,False,False,0.471899676322937,0.10950811211951077,0.0,0.9991812705993652,0.9999999403953552
arctic_embed_l_v2,Snowflake/snowflake-arctic-embed-l-v2.0,,en,situation,situation,fear,shuffled_emotion,amusement,centroid_phrases,feeling afraid; feeling anxious; feeling terrified,feeling amused; feeling entertained; feeling playful,neutral_centroid,neutral; ordinary; plain; average,sensation,vocabulary,sensation,3,0.4597216844558716,0.11459270864725113,False,False,False,0.471899676322937,0.10950811211951077,0.0,0.9991812705993652,0.9999999403953552
arctic_embed_l_v2,Snowflake/snowflake-arctic-embed-l-v2.0,,en,situation,situation,fear,shuffled_emotion,amusement,centroid_phrases,feeling afraid; feeling anxious; feeling terrified,feeling amused; feeling entertained; feeling playful,neutral_centroid,neutral; ordinary; plain; average,experiencing,vocabulary,experiencing,4,0.4590109884738922,0.12108319997787476,False,False,False,0.471899676322937,0.10950811211951077,0.0,0.9991812705993652,0.9999999403953552
arctic_embed_l_v2,Snowflake/snowflake-arctic-embed-l-v2.0,,en,situation,situation,fear,shuffled_emotion,amusement,centroid_phrases,feeling afraid; feeling anxious; feeling terrified,feeling amused; feeling entertained; feeling playful,neutral_centroid,neutral; ordinary; plain; average,happening,vocabulary,happening,5,0.45645204186439514,0.16608792543411255,False,False,False,0.471899676322937,0.10950811211951077,0.0,0.9991812705993652,0.9999999403953552
arctic_embed_l_v2,Snowflake/snowflake-arctic-embed-l-v2.0,,en,situation,situation,fear,shuffled_emotion,amusement,centroid_phrases,feeling afraid; feeling anxious; feeling terrified,feeling amused; feeling entertained; feeling playful,neutral_centroid,neutral; ordinary; plain; average,situational,vocabulary,situational,6,0.45089292526245117,-0.13703149557113647,False,False,False,0.471899676322937,0.10950811211951077,0.0,0.9991812705993652,0.9999999403953552
arctic_embed_l_v2,Snowflake/snowflake-arctic-embed-l-v2.0,,en,situation,situation,fear,shuffled_emotion,amusement,centroid_phrases,feeling afraid; feeling anxious; feeling terrified,feeling amused; feeling entertained; feeling playful,neutral_centroid,neutral; ordinary; plain; average,excitement,vocabulary,excitement,7,0.44219207763671875,0.055976349860429764,False,False,False,0.471899676322937,0.10950811211951077,0.0,0.9991812705993652,0.9999999403953552
arctic_embed_l_v2,Snowflake/snowflake-arctic-embed-l-v2.0,,en,situation,situation,fear,shuffled_emotion,amusement,centroid_phrases,feeling afraid; feeling anxious; feeling terrified,feeling amused; feeling entertained; feeling playful,neutral_centroid,neutral; ordinary; plain; average,feelings,vocabulary,feelings,8,0.4300599694252014,0.30553486943244934,False,False,False,0.471899676322937,0.10950811211951077,0.0,0.9991812705993652,0.9999999403953552
arctic_embed_l_v2,Snowflake/snowflake-arctic-embed-l-v2.0,,en,situation,situation,fear,shuffled_emotion,amusement,centroid_phrases,feeling afraid; feeling anxious; feeling terrified,feeling amused; feeling entertained; feeling playful,neutral_centroid,neutral; ordinary; plain; average,status,vocabulary,status,9,0.42470741271972656,-0.09578011184930801,False,False,False,0.471899676322937,0.10950811211951077,0.0,0.9991812705993652,0.9999999403953552
arctic_embed_l_v2,Snowflake/snowflake-arctic-embed-l-v2.0,,en,situation,situation,fear,shuffled_emotion,amusement,centroid_phrases,feeling afraid; feeling anxious; feeling terrified,feeling amused; feeling entertained; feeling playful,neutral_centroid,neutral; ordinary; plain; average,seeking,vocabulary,seeking,10,0.4236602783203125,0.1737557351589203,False,False,False,0.471899676322937,0.10950811211951077,0.0,0.9991812705993652,0.9999999403953552
arctic_embed_l_v2,Snowflake/snowflake-arctic-embed-l-v2.0,,en,situation,situation,amusement,emotion,amusement,centroid_phrases,feeling amused; feeling entertained; feeling playful,feeling amused; feeling entertained; feeling playful,neutral_centroid,neutral; ordinary; plain; average,situations,vocabulary,situations,1,0.6123464107513428,0.03179667145013809,False,False,False,0.471899676322937,0.1554785080254078,0.0,0.9991812705993652,0.9999999403953552
arctic_embed_l_v2,Snowflake/snowflake-arctic-embed-l-v2.0,,en,situation,situation,amusement,emotion,amusement,centroid_phrases,feeling amused; feeling entertained; feeling playful,feeling amused; feeling entertained; feeling playful,neutral_centroid,neutral; ordinary; plain; average,feeling,vocabulary,feeling,2,0.559952974319458,0.37830451130867004,False,False,False,0.471899676322937,0.1554785080254078,0.0,0.9991812705993652,0.9999999403953552
arctic_embed_l_v2,Snowflake/snowflake-arctic-embed-l-v2.0,,en,situation,situation,amusement,emotion,amusement,centroid_phrases,feeling amused; feeling entertained; feeling playful,feeling amused; feeling entertained; feeling playful,neutral_centroid,neutral; ordinary; plain; average,sensation,vocabulary,sensation,3,0.4597216844558716,0.16473844647407532,False,False,False,0.471899676322937,0.1554785080254078,0.0,0.9991812705993652,0.9999999403953552
arctic_embed_l_v2,Snowflake/snowflake-arctic-embed-l-v2.0,,en,situation,situation,amusement,emotion,amusement,centroid_phrases,feeling amused; feeling entertained; feeling playful,feeling amused; feeling entertained; feeling playful,neutral_centroid,neutral; ordinary; plain; average,experiencing,vocabulary,experiencing,4,0.4590109884738922,0.20365506410598755,False,False,False,0.471899676322937,0.1554785080254078,0.0,0.9991812705993652,0.9999999403953552
arctic_embed_l_v2,Snowflake/snowflake-arctic-embed-l-v2.0,,en,situation,situation,amusement,emotion,amusement,centroid_phrases,feeling amused; feeling entertained; feeling playful,feeling amused; feeling entertained; feeling playful,neutral_centroid,neutral; ordinary; plain; average,happening,vocabulary,happening,5,0.45645204186439514,0.18462444841861725,False,False,False,0.471899676322937,0.1554785080254078,0.0,0.9991812705993652,0.9999999403953552
arctic_embed_l_v2,Snowflake/snowflake-arctic-embed-l-v2.0,,en,situation,situation,amusement,emotion,amusement,centroid_phrases,feeling amused; feeling entertained; feeling playful,feeling amused; feeling entertained; feeling playful,neutral_centroid,neutral; ordinary; plain; average,situational,vocabulary,situational,6,0.45089292526245117,-0.050291284918785095,False,False,False,0.471899676322937,0.1554785080254078,0.0,0.9991812705993652,0.9999999403953552
arctic_embed_l_v2,Snowflake/snowflake-arctic-embed-l-v2.0,,en,situation,situation,amusement,emotion,amusement,centroid_phrases,feeling amused; feeling entertained; feeling playful,feeling amused; feeling entertained; feeling playful,neutral_centroid,neutral; ordinary; plain; average,excitement,vocabulary,excitement,7,0.44219207763671875,0.23250621557235718,False,False,False,0.471899676322937,0.1554785080254078,0.0,0.9991812705993652,0.9999999403953552
arctic_embed_l_v2,Snowflake/snowflake-arctic-embed-l-v2.0,,en,situation,situation,amusement,emotion,amusement,centroid_phrases,feeling amused; feeling entertained; feeling playful,feeling amused; feeling entertained; feeling playful,neutral_centroid,neutral; ordinary; plain; average,feelings,vocabulary,feelings,8,0.4300599694252014,0.2905471920967102,False,False,False,0.471899676322937,0.1554785080254078,0.0,0.9991812705993652,0.9999999403953552
arctic_embed_l_v2,Snowflake/snowflake-arctic-embed-l-v2.0,,en,situation,situation,amusement,emotion,amusement,centroid_phrases,feeling amused; feeling entertained; feeling playful,feeling amused; feeling entertained; feeling playful,neutral_centroid,neutral; ordinary; plain; average,status,vocabulary,status,9,0.42470741271972656,-0.07389572262763977,False,False,False,0.471899676322937,0.1554785080254078,0.0,0.9991812705993652,0.9999999403953552
arctic_embed_l_v2,Snowflake/snowflake-arctic-embed-l-v2.0,,en,situation,situation,amusement,emotion,amusement,centroid_phrases,feeling amused; feeling entertained; feeling playful,feeling amused; feeling entertained; feeling playful,neutral_centroid,neutral; ordinary; plain; average,seeking,vocabulary,seeking,10,0.4236602783203125,0.19279953837394714,False,False,False,0.471899676322937,0.1554785080254078,0.0,0.9991812705993652,0.9999999403953552
arctic_embed_l_v2,Snowflake/snowflake-arctic-embed-l-v2.0,,en,situation,situation,amusement,identity,amusement,centroid_phrases,feeling amused; feeling entertained; feeling playful,feeling amused; feeling entertained; feeling playful,neutral_centroid,neutral; ordinary; plain; average,situations,vocabulary,situations,1,0.8264573812484741,0.03179667145013809,False,False,False,0.6483343303203583,-0.05958825387060642,0.0,0.0,1.0
arctic_embed_l_v2,Snowflake/snowflake-arctic-embed-l-v2.0,,en,situation,situation,amusement,identity,amusement,centroid_phrases,feeling amused; feeling entertained; feeling playful,feeling amused; feeling entertained; feeling playful,neutral_centroid,neutral; ordinary; plain; average,situational,vocabulary,situational,2,0.6787580847740173,-0.050291284918785095,False,False,False,0.6483343303203583,-0.05958825387060642,0.0,0.0,1.0
arctic_embed_l_v2,Snowflake/snowflake-arctic-embed-l-v2.0,,en,situation,situation,amusement,identity,amusement,centroid_phrases,feeling amused; feeling entertained; feeling playful,feeling amused; feeling entertained; feeling playful,neutral_centroid,neutral; ordinary; plain; average,status,vocabulary,status,3,0.6650857925415039,-0.07389572262763977,False,False,False,0.6483343303203583,-0.05958825387060642,0.0,0.0,1.0
arctic_embed_l_v2,Snowflake/snowflake-arctic-embed-l-v2.0,,en,situation,situation,amusement,identity,amusement,centroid_phrases,feeling amused; feeling entertained; feeling playful,feeling amused; feeling entertained; feeling playful,neutral_centroid,neutral; ordinary; plain; average,position,vocabulary,position,4,0.6446571350097656,-0.05745293200016022,False,False,False,0.6483343303203583,-0.05958825387060642,0.0,0.0,1.0
arctic_embed_l_v2,Snowflake/snowflake-arctic-embed-l-v2.0,,en,situation,situation,amusement,identity,amusement,centroid_phrases,feeling amused; feeling entertained; feeling playful,feeling amused; feeling entertained; feeling playful,neutral_centroid,neutral; ordinary; plain; average,scenario,vocabulary,scenario,5,0.6281995177268982,-0.06802447885274887,False,False,False,0.6483343303203583,-0.05958825387060642,0.0,0.0,1.0
arctic_embed_l_v2,Snowflake/snowflake-arctic-embed-l-v2.0,,en,situation,situation,amusement,identity,amusement,centroid_phrases,feeling amused; feeling entertained; feeling playful,feeling amused; feeling entertained; feeling playful,neutral_centroid,neutral; ordinary; plain; average,condition,vocabulary,condition,6,0.6279785633087158,-0.112956203520298,False,False,False,0.6483343303203583,-0.05958825387060642,0.0,0.0,1.0
arctic_embed_l_v2,Snowflake/snowflake-arctic-embed-l-v2.0,,en,situation,situation,amusement,identity,amusement,centroid_phrases,feeling amused; feeling entertained; feeling playful,feeling amused; feeling entertained; feeling playful,neutral_centroid,neutral; ordinary; plain; average,circumstances,vocabulary,circumstances,7,0.6274638175964355,-0.06768312305212021,False,False,False,0.6483343303203583,-0.05958825387060642,0.0,0.0,1.0
arctic_embed_l_v2,Snowflake/snowflake-arctic-embed-l-v2.0,,en,situation,situation,amusement,identity,amusement,centroid_phrases,feeling amused; feeling entertained; feeling playful,feeling amused; feeling entertained; feeling playful,neutral_centroid,neutral; ordinary; plain; average,circumstance,vocabulary,circumstance,8,0.6231973767280579,-0.1137746125459671,False,False,False,0.6483343303203583,-0.05958825387060642,0.0,0.0,1.0
arctic_embed_l_v2,Snowflake/snowflake-arctic-embed-l-v2.0,,en,situation,situation,amusement,identity,amusement,centroid_phrases,feeling amused; feeling entertained; feeling playful,feeling amused; feeling entertained; feeling playful,neutral_centroid,neutral; ordinary; plain; average,eventuality,vocabulary,eventuality,9,0.5929142236709595,-0.056676506996154785,False,False,False,0.6483343303203583,-0.05958825387060642,0.0,0.0,1.0
arctic_embed_l_v2,Snowflake/snowflake-arctic-embed-l-v2.0,,en,situation,situation,amusement,identity,amusement,centroid_phrases,feeling amused; feeling entertained; feeling playful,feeling amused; feeling entertained; feeling playful,neutral_centroid,neutral; ordinary; plain; average,scenarios,vocabulary,scenarios,10,0.5686314105987549,-0.026924345642328262,False,False,False,0.6483343303203583,-0.05958825387060642,0.0,0.0,1.0
arctic_embed_l_v2,Snowflake/snowflake-arctic-embed-l-v2.0,,en,situation,situation,amusement,random,amusement,centroid_phrases,feeling amused; feeling entertained; feeling playful,feeling amused; feeling entertained; feeling playful,neutral_centroid,neutral; ordinary; plain; average,situations,vocabulary,situations,1,0.5648790001869202,0.03179667145013809,False,False,False,0.4624953389167786,-0.05660009933635592,0.0,1.0,0.9999999403953552
arctic_embed_l_v2,Snowflake/snowflake-arctic-embed-l-v2.0,,en,situation,situation,amusement,random,amusement,centroid_phrases,feeling amused; feeling entertained; feeling playful,feeling amused; feeling entertained; feeling playful,neutral_centroid,neutral; ordinary; plain; average,status,vocabulary,status,2,0.48168134689331055,-0.07389572262763977,False,False,False,0.4624953389167786,-0.05660009933635592,0.0,1.0,0.9999999403953552
arctic_embed_l_v2,Snowflake/snowflake-arctic-embed-l-v2.0,,en,situation,situation,amusement,random,amusement,centroid_phrases,feeling amused; feeling entertained; feeling playful,feeling amused; feeling entertained; feeling playful,neutral_centroid,neutral; ordinary; plain; average,situational,vocabulary,situational,3,0.4732253849506378,-0.050291284918785095,False,False,False,0.4624953389167786,-0.05660009933635592,0.0,1.0,0.9999999403953552
arctic_embed_l_v2,Snowflake/snowflake-arctic-embed-l-v2.0,,en,situation,situation,amusement,random,amusement,centroid_phrases,feeling amused; feeling entertained; feeling playful,feeling amused; feeling entertained; feeling playful,neutral_centroid,neutral; ordinary; plain; average,circumstance,vocabulary,circumstance,4,0.46106046438217163,-0.1137746125459671,False,False,False,0.4624953389167786,-0.05660009933635592,0.0,1.0,0.9999999403953552
arctic_embed_l_v2,Snowflake/snowflake-arctic-embed-l-v2.0,,en,situation,situation,amusement,random,amusement,centroid_phrases,feeling amused; feeling entertained; feeling playful,feeling amused; feeling entertained; feeling playful,neutral_centroid,neutral; ordinary; plain; average,position,vocabulary,position,5,0.46016013622283936,-0.05745293200016022,False,False,False,0.4624953389167786,-0.05660009933635592,0.0,1.0,0.9999999403953552
arctic_embed_l_v2,Snowflake/snowflake-arctic-embed-l-v2.0,,en,situation,situation,amusement,random,amusement,centroid_phrases,feeling amused; feeling entertained; feeling playful,feeling amused; feeling entertained; feeling playful,neutral_centroid,neutral; ordinary; plain; average,eventuality,vocabulary,eventuality,6,0.45417970418930054,-0.056676506996154785,False,False,False,0.4624953389167786,-0.05660009933635592,0.0,1.0,0.9999999403953552
arctic_embed_l_v2,Snowflake/snowflake-arctic-embed-l-v2.0,,en,situation,situation,amusement,random,amusement,centroid_phrases,feeling amused; feeling entertained; feeling playful,feeling amused; feeling entertained; feeling playful,neutral_centroid,neutral; ordinary; plain; average,condition,vocabulary,condition,7,0.4428176283836365,-0.112956203520298,False,False,False,0.4624953389167786,-0.05660009933635592,0.0,1.0,0.9999999403953552
arctic_embed_l_v2,Snowflake/snowflake-arctic-embed-l-v2.0,,en,situation,situation,amusement,random,amusement,centroid_phrases,feeling amused; feeling entertained; feeling playful,feeling amused; feeling entertained; feeling playful,neutral_centroid,neutral; ordinary; plain; average,scenario,vocabulary,scenario,8,0.43949970602989197,-0.06802447885274887,False,False,False,0.4624953389167786,-0.05660009933635592,0.0,1.0,0.9999999403953552
arctic_embed_l_v2,Snowflake/snowflake-arctic-embed-l-v2.0,,en,situation,situation,amusement,random,amusement,centroid_phrases,feeling amused; feeling entertained; feeling playful,feeling amused; feeling entertained; feeling playful,neutral_centroid,neutral; ordinary; plain; average,circumstances,vocabulary,circumstances,9,0.4294246435165405,-0.06768312305212021,False,False,False,0.4624953389167786,-0.05660009933635592,0.0,1.0,0.9999999403953552
arctic_embed_l_v2,Snowflake/snowflake-arctic-embed-l-v2.0,,en,situation,situation,amusement,random,amusement,centroid_phrases,feeling amused; feeling entertained; feeling playful,feeling amused; feeling entertained; feeling playful,neutral_centroid,neutral; ordinary; plain; average,possibility,vocabulary,possibility,10,0.4180253744125366,0.002957199700176716,False,False,False,0.4624953389167786,-0.05660009933635592,0.0,1.0,0.9999999403953552
arctic_embed_l_v2,Snowflake/snowflake-arctic-embed-l-v2.0,,en,situation,situation,amusement,shuffled_emotion,excitement,centroid_phrases,feeling amused; feeling entertained; feeling playful,feeling excited; feeling enthusiastic; feeling thrilled,neutral_centroid,neutral; ordinary; plain; average,situations,vocabulary,situations,1,0.6041979789733887,0.03179667145013809,False,False,False,0.4910651922225952,0.15325660333037378,0.0,0.9951712489128113,1.0
arctic_embed_l_v2,Snowflake/snowflake-arctic-embed-l-v2.0,,en,situation,situation,amusement,shuffled_emotion,excitement,centroid_phrases,feeling amused; feeling entertained; feeling playful,feeling excited; feeling enthusiastic; feeling thrilled,neutral_centroid,neutral; ordinary; plain; average,feeling,vocabulary,feeling,2,0.5585952997207642,0.37830451130867004,False,False,False,0.4910651922225952,0.15325660333037378,0.0,0.9951712489128113,1.0
arctic_embed_l_v2,Snowflake/snowflake-arctic-embed-l-v2.0,,en,situation,situation,amusement,shuffled_emotion,excitement,centroid_phrases,feeling amused; feeling entertained; feeling playful,feeling excited; feeling enthusiastic; feeling thrilled,neutral_centroid,neutral; ordinary; plain; average,excitement,vocabulary,excitement,3,0.4996424615383148,0.23250621557235718,False,False,False,0.4910651922225952,0.15325660333037378,0.0,0.9951712489128113,1.0
arctic_embed_l_v2,Snowflake/snowflake-arctic-embed-l-v2.0,,en,situation,situation,amusement,shuffled_emotion,excitement,centroid_phrases,feeling amused; feeling entertained; feeling playful,feeling excited; feeling enthusiastic; feeling thrilled,neutral_centroid,neutral; ordinary; plain; average,excited,vocabulary,excited,4,0.48450639843940735,0.2676796317100525,False,False,False,0.4910651922225952,0.15325660333037378,0.0,0.9951712489128113,1.0
arctic_embed_l_v2,Snowflake/snowflake-arctic-embed-l-v2.0,,en,situation,situation,amusement,shuffled_emotion,excitement,centroid_phrases,feeling amused; feeling entertained; feeling playful,feeling excited; feeling enthusiastic; feeling thrilled,neutral_centroid,neutral; ordinary; plain; average,happening,vocabulary,happening,5,0.47463458776474,0.18462444841861725,False,False,False,0.4910651922225952,0.15325660333037378,0.0,0.9951712489128113,1.0
arctic_embed_l_v2,Snowflake/snowflake-arctic-embed-l-v2.0,,en,situation,situation,amusement,shuffled_emotion,excitement,centroid_phrases,feeling amused; feeling entertained; feeling playful,feeling excited; feeling enthusiastic; feeling thrilled,neutral_centroid,neutral; ordinary; plain; average,experiencing,vocabulary,experiencing,6,0.4673462510108948,0.20365506410598755,False,False,False,0.4910651922225952,0.15325660333037378,0.0,0.9951712489128113,1.0
arctic_embed_l_v2,Snowflake/snowflake-arctic-embed-l-v2.0,,en,situation,situation,amusement,shuffled_emotion,excitement,centroid_phrases,feeling amused; feeling entertained; feeling playful,feeling excited; feeling enthusiastic; feeling thrilled,neutral_centroid,neutral; ordinary; plain; average,excitedly,vocabulary,excitedly,7,0.4664938449859619,0.1934480518102646,False,False,False,0.4910651922225952,0.15325660333037378,0.0,0.9951712489128113,1.0
arctic_embed_l_v2,Snowflake/snowflake-arctic-embed-l-v2.0,,en,situation,situation,amusement,shuffled_emotion,excitement,centroid_phrases,feeling amused; feeling entertained; feeling playful,feeling excited; feeling enthusiastic; feeling thrilled,neutral_centroid,neutral; ordinary; plain; average,status,vocabulary,status,8,0.45740875601768494,-0.07389572262763977,False,False,False,0.4910651922225952,0.15325660333037378,0.0,0.9951712489128113,1.0
arctic_embed_l_v2,Snowflake/snowflake-arctic-embed-l-v2.0,,en,situation,situation,amusement,shuffled_emotion,excitement,centroid_phrases,feeling amused; feeling entertained; feeling playful,feeling excited; feeling enthusiastic; feeling thrilled,neutral_centroid,neutral; ordinary; plain; average,sensation,vocabulary,sensation,9,0.45041167736053467,0.16473844647407532,False,False,False,0.4910651922225952,0.15325660333037378,0.0,0.9951712489128113,1.0
arctic_embed_l_v2,Snowflake/snowflake-arctic-embed-l-v2.0,,en,situation,situation,amusement,shuffled_emotion,excitement,centroid_phrases,feeling amused; feeling entertained; feeling playful,feeling excited; feeling enthusiastic; feeling thrilled,neutral_centroid,neutral; ordinary; plain; average,situational,vocabulary,situational,10,0.44741466641426086,-0.050291284918785095,False,False,False,0.4910651922225952,0.15325660333037378,0.0,0.9951712489128113,1.0
arctic_embed_l_v2,Snowflake/snowflake-arctic-embed-l-v2.0,,en,situation,situation,excitement,emotion,excitement,centroid_phrases,feeling excited; feeling enthusiastic; feeling thrilled,feeling excited; feeling enthusiastic; feeling thrilled,neutral_centroid,neutral; ordinary; plain; average,situations,vocabulary,situations,1,0.6041979789733887,0.006841991096735001,False,False,False,0.4910651922225952,0.17228053323924541,0.0,0.9951712489128113,1.0
arctic_embed_l_v2,Snowflake/snowflake-arctic-embed-l-v2.0,,en,situation,situation,excitement,emotion,excitement,centroid_phrases,feeling excited; feeling enthusiastic; feeling thrilled,feeling excited; feeling enthusiastic; feeling thrilled,neutral_centroid,neutral; ordinary; plain; average,feeling,vocabulary,feeling,2,0.5585952997207642,0.36393409967422485,False,False,False,0.4910651922225952,0.17228053323924541,0.0,0.9951712489128113,1.0
arctic_embed_l_v2,Snowflake/snowflake-arctic-embed-l-v2.0,,en,situation,situation,excitement,emotion,excitement,centroid_phrases,feeling excited; feeling enthusiastic; feeling thrilled,feeling excited; feeling enthusiastic; feeling thrilled,neutral_centroid,neutral; ordinary; plain; average,excitement,vocabulary,excitement,3,0.4996424615383148,0.300954669713974,False,False,False,0.4910651922225952,0.17228053323924541,0.0,0.9951712489128113,1.0
arctic_embed_l_v2,Snowflake/snowflake-arctic-embed-l-v2.0,,en,situation,situation,excitement,emotion,excitement,centroid_phrases,feeling excited; feeling enthusiastic; feeling thrilled,feeling excited; feeling enthusiastic; feeling thrilled,neutral_centroid,neutral; ordinary; plain; average,excited,vocabulary,excited,4,0.48450639843940735,0.36638957262039185,False,False,False,0.4910651922225952,0.17228053323924541,0.0,0.9951712489128113,1.0
arctic_embed_l_v2,Snowflake/snowflake-arctic-embed-l-v2.0,,en,situation,situation,excitement,emotion,excitement,centroid_phrases,feeling excited; feeling enthusiastic; feeling thrilled,feeling excited; feeling enthusiastic; feeling thrilled,neutral_centroid,neutral; ordinary; plain; average,happening,vocabulary,happening,5,0.47463458776474,0.19645199179649353,False,False,False,0.4910651922225952,0.17228053323924541,0.0,0.9951712489128113,1.0
arctic_embed_l_v2,Snowflake/snowflake-arctic-embed-l-v2.0,,en,situation,situation,excitement,emotion,excitement,centroid_phrases,feeling excited; feeling enthusiastic; feeling thrilled,feeling excited; feeling enthusiastic; feeling thrilled,neutral_centroid,neutral; ordinary; plain; average,experiencing,vocabulary,experiencing,6,0.4673462510108948,0.20139706134796143,False,False,False,0.4910651922225952,0.17228053323924541,0.0,0.9951712489128113,1.0
arctic_embed_l_v2,Snowflake/snowflake-arctic-embed-l-v2.0,,en,situation,situation,excitement,emotion,excitement,centroid_phrases,feeling excited; feeling enthusiastic; feeling thrilled,feeling excited; feeling enthusiastic; feeling thrilled,neutral_centroid,neutral; ordinary; plain; average,excitedly,vocabulary,excitedly,7,0.4664938449859619,0.2631726562976837,False,False,False,0.4910651922225952,0.17228053323924541,0.0,0.9951712489128113,1.0
arctic_embed_l_v2,Snowflake/snowflake-arctic-embed-l-v2.0,,en,situation,situation,excitement,emotion,excitement,centroid_phrases,feeling excited; feeling enthusiastic; feeling thrilled,feeling excited; feeling enthusiastic; feeling thrilled,neutral_centroid,neutral; ordinary; plain; average,status,vocabulary,status,8,0.45740875601768494,-0.04254872351884842,False,False,False,0.4910651922225952,0.17228053323924541,0.0,0.9951712489128113,1.0
arctic_embed_l_v2,Snowflake/snowflake-arctic-embed-l-v2.0,,en,situation,situation,excitement,emotion,excitement,centroid_phrases,feeling excited; feeling enthusiastic; feeling thrilled,feeling excited; feeling enthusiastic; feeling thrilled,neutral_centroid,neutral; ordinary; plain; average,sensation,vocabulary,sensation,9,0.45041167736053467,0.1369023323059082,False,False,False,0.4910651922225952,0.17228053323924541,0.0,0.9951712489128113,1.0
arctic_embed_l_v2,Snowflake/snowflake-arctic-embed-l-v2.0,,en,situation,situation,excitement,emotion,excitement,centroid_phrases,feeling excited; feeling enthusiastic; feeling thrilled,feeling excited; feeling enthusiastic; feeling thrilled,neutral_centroid,neutral; ordinary; plain; average,situational,vocabulary,situational,10,0.44741466641426086,-0.07069031894207001,False,False,False,0.4910651922225952,0.17228053323924541,0.0,0.9951712489128113,1.0
arctic_embed_l_v2,Snowflake/snowflake-arctic-embed-l-v2.0,,en,situation,situation,excitement,identity,excitement,centroid_phrases,feeling excited; feeling enthusiastic; feeling thrilled,feeling excited; feeling enthusiastic; feeling thrilled,neutral_centroid,neutral; ordinary; plain; average,situations,vocabulary,situations,1,0.8264573812484741,0.006841991096735001,False,False,False,0.6483343303203583,-0.06893187984824181,0.0,0.0,1.0
arctic_embed_l_v2,Snowflake/snowflake-arctic-embed-l-v2.0,,en,situation,situation,excitement,identity,excitement,centroid_phrases,feeling excited; feeling enthusiastic; feeling thrilled,feeling excited; feeling enthusiastic; feeling thrilled,neutral_centroid,neutral; ordinary; plain; average,situational,vocabulary,situational,2,0.6787580847740173,-0.07069031894207001,False,False,False,0.6483343303203583,-0.06893187984824181,0.0,0.0,1.0
arctic_embed_l_v2,Snowflake/snowflake-arctic-embed-l-v2.0,,en,situation,situation,excitement,identity,excitement,centroid_phrases,feeling excited; feeling enthusiastic; feeling thrilled,feeling excited; feeling enthusiastic; feeling thrilled,neutral_centroid,neutral; ordinary; plain; average,status,vocabulary,status,3,0.6650857925415039,-0.04254872351884842,False,False,False,0.6483343303203583,-0.06893187984824181,0.0,0.0,1.0
arctic_embed_l_v2,Snowflake/snowflake-arctic-embed-l-v2.0,,en,situation,situation,excitement,identity,excitement,centroid_phrases,feeling excited; feeling enthusiastic; feeling thrilled,feeling excited; feeling enthusiastic; feeling thrilled,neutral_centroid,neutral; ordinary; plain; average,position,vocabulary,position,4,0.6446571350097656,-0.07902830839157104,False,False,False,0.6483343303203583,-0.06893187984824181,0.0,0.0,1.0
arctic_embed_l_v2,Snowflake/snowflake-arctic-embed-l-v2.0,,en,situation,situation,excitement,identity,excitement,centroid_phrases,feeling excited; feeling enthusiastic; feeling thrilled,feeling excited; feeling enthusiastic; feeling thrilled,neutral_centroid,neutral; ordinary; plain; average,scenario,vocabulary,scenario,5,0.6281995177268982,-0.07615067809820175,False,False,False,0.6483343303203583,-0.06893187984824181,0.0,0.0,1.0
arctic_embed_l_v2,Snowflake/snowflake-arctic-embed-l-v2.0,,en,situation,situation,excitement,identity,excitement,centroid_phrases,feeling excited; feeling enthusiastic; feeling thrilled,feeling excited; feeling enthusiastic; feeling thrilled,neutral_centroid,neutral; ordinary; plain; average,condition,vocabulary,condition,6,0.6279785633087158,-0.11756221950054169,False,False,False,0.6483343303203583,-0.06893187984824181,0.0,0.0,1.0
arctic_embed_l_v2,Snowflake/snowflake-arctic-embed-l-v2.0,,en,situation,situation,excitement,identity,excitement,centroid_phrases,feeling excited; feeling enthusiastic; feeling thrilled,feeling excited; feeling enthusiastic; feeling thrilled,neutral_centroid,neutral; ordinary; plain; average,circumstances,vocabulary,circumstances,7,0.6274638175964355,-0.08650857210159302,False,False,False,0.6483343303203583,-0.06893187984824181,0.0,0.0,1.0
arctic_embed_l_v2,Snowflake/snowflake-arctic-embed-l-v2.0,,en,situation,situation,excitement,identity,excitement,centroid_phrases,feeling excited; feeling enthusiastic; feeling thrilled,feeling excited; feeling enthusiastic; feeling thrilled,neutral_centroid,neutral; ordinary; plain; average,circumstance,vocabulary,circumstance,8,0.6231973767280579,-0.12652309238910675,False,False,False,0.6483343303203583,-0.06893187984824181,0.0,0.0,1.0
arctic_embed_l_v2,Snowflake/snowflake-arctic-embed-l-v2.0,,en,situation,situation,excitement,identity,excitement,centroid_phrases,feeling excited; feeling enthusiastic; feeling thrilled,feeling excited; feeling enthusiastic; feeling thrilled,neutral_centroid,neutral; ordinary; plain; average,eventuality,vocabulary,eventuality,9,0.5929142236709595,-0.0555526465177536,False,False,False,0.6483343303203583,-0.06893187984824181,0.0,0.0,1.0
arctic_embed_l_v2,Snowflake/snowflake-arctic-embed-l-v2.0,,en,situation,situation,excitement,identity,excitement,centroid_phrases,feeling excited; feeling enthusiastic; feeling thrilled,feeling excited; feeling enthusiastic; feeling thrilled,neutral_centroid,neutral; ordinary; plain; average,scenarios,vocabulary,scenarios,10,0.5686314105987549,-0.04159623011946678,False,False,False,0.6483343303203583,-0.06893187984824181,0.0,0.0,1.0
arctic_embed_l_v2,Snowflake/snowflake-arctic-embed-l-v2.0,,en,situation,situation,excitement,random,excitement,centroid_phrases,feeling excited; feeling enthusiastic; feeling thrilled,feeling excited; feeling enthusiastic; feeling thrilled,neutral_centroid,neutral; ordinary; plain; average,situations,vocabulary,situations,1,0.5732768774032593,0.006841991096735001,False,False,False,0.461998438835144,-0.06722534224390983,0.0,0.9999998807907104,1.0
arctic_embed_l_v2,Snowflake/snowflake-arctic-embed-l-v2.0,,en,situation,situation,excitement,random,excitement,centroid_phrases,feeling excited; feeling enthusiastic; feeling thrilled,feeling excited; feeling enthusiastic; feeling thrilled,neutral_centroid,neutral; ordinary; plain; average,situational,vocabulary,situational,2,0.49234646558761597,-0.07069031894207001,False,False,False,0.461998438835144,-0.06722534224390983,0.0,0.9999998807907104,1.0
arctic_embed_l_v2,Snowflake/snowflake-arctic-embed-l-v2.0,,en,situation,situation,excitement,random,excitement,centroid_phrases,feeling excited; feeling enthusiastic; feeling thrilled,feeling excited; feeling enthusiastic; feeling thrilled,neutral_centroid,neutral; ordinary; plain; average,status,vocabulary,status,3,0.4871358275413513,-0.04254872351884842,False,False,False,0.461998438835144,-0.06722534224390983,0.0,0.9999998807907104,1.0
arctic_embed_l_v2,Snowflake/snowflake-arctic-embed-l-v2.0,,en,situation,situation,excitement,random,excitement,centroid_phrases,feeling excited; feeling enthusiastic; feeling thrilled,feeling excited; feeling enthusiastic; feeling thrilled,neutral_centroid,neutral; ordinary; plain; average,condition,vocabulary,condition,4,0.46752727031707764,-0.11756221950054169,False,False,False,0.461998438835144,-0.06722534224390983,0.0,0.9999998807907104,1.0
arctic_embed_l_v2,Snowflake/snowflake-arctic-embed-l-v2.0,,en,situation,situation,excitement,random,excitement,centroid_phrases,feeling excited; feeling enthusiastic; feeling thrilled,feeling excited; feeling enthusiastic; feeling thrilled,neutral_centroid,neutral; ordinary; plain; average,position,vocabulary,position,5,0.4637640118598938,-0.07902830839157104,False,False,False,0.461998438835144,-0.06722534224390983,0.0,0.9999998807907104,1.0
arctic_embed_l_v2,Snowflake/snowflake-arctic-embed-l-v2.0,,en,situation,situation,excitement,random,excitement,centroid_phrases,feeling excited; feeling enthusiastic; feeling thrilled,feeling excited; feeling enthusiastic; feeling thrilled,neutral_centroid,neutral; ordinary; plain; average,scenario,vocabulary,scenario,6,0.44513797760009766,-0.07615067809820175,False,False,False,0.461998438835144,-0.06722534224390983,0.0,0.9999998807907104,1.0
arctic_embed_l_v2,Snowflake/snowflake-arctic-embed-l-v2.0,,en,situation,situation,excitement,random,excitement,centroid_phrases,feeling excited; feeling enthusiastic; feeling thrilled,feeling excited; feeling enthusiastic; feeling thrilled,neutral_centroid,neutral; ordinary; plain; average,circumstances,vocabulary,circumstances,7,0.438220739364624,-0.08650857210159302,False,False,False,0.461998438835144,-0.06722534224390983,0.0,0.9999998807907104,1.0
arctic_embed_l_v2,Snowflake/snowflake-arctic-embed-l-v2.0,,en,situation,situation,excitement,random,excitement,centroid_phrases,feeling excited; feeling enthusiastic; feeling thrilled,feeling excited; feeling enthusiastic; feeling thrilled,neutral_centroid,neutral; ordinary; plain; average,circumstance,vocabulary,circumstance,8,0.4368102252483368,-0.12652309238910675,False,False,False,0.461998438835144,-0.06722534224390983,0.0,0.9999998807907104,1.0
arctic_embed_l_v2,Snowflake/snowflake-arctic-embed-l-v2.0,,en,situation,situation,excitement,random,excitement,centroid_phrases,feeling excited; feeling enthusiastic; feeling thrilled,feeling excited; feeling enthusiastic; feeling thrilled,neutral_centroid,neutral; ordinary; plain; average,eventuality,vocabulary,eventuality,9,0.4120643734931946,-0.0555526465177536,False,False,False,0.461998438835144,-0.06722534224390983,0.0,0.9999998807907104,1.0
arctic_embed_l_v2,Snowflake/snowflake-arctic-embed-l-v2.0,,en,situation,situation,excitement,random,excitement,centroid_phrases,feeling excited; feeling enthusiastic; feeling thrilled,feeling excited; feeling enthusiastic; feeling thrilled,neutral_centroid,neutral; ordinary; plain; average,statuses,vocabulary,statuses,10,0.4037006199359894,-0.02453085407614708,False,False,False,0.461998438835144,-0.06722534224390983,0.0,0.9999998807907104,1.0
arctic_embed_l_v2,Snowflake/snowflake-arctic-embed-l-v2.0,,en,situation,situation,excitement,shuffled_emotion,love,centroid_phrases,feeling excited; feeling enthusiastic; feeling thrilled,feeling love; feeling affection; feeling tenderness,neutral_centroid,neutral; ordinary; plain; average,feeling,vocabulary,feeling,1,0.60103440284729,0.36393409967422485,False,False,False,0.46103520691394806,0.1674827546812594,0.0,1.1414283514022827,1.0
arctic_embed_l_v2,Snowflake/snowflake-arctic-embed-l-v2.0,,en,situation,situation,excitement,shuffled_emotion,love,centroid_phrases,feeling excited; feeling enthusiastic; feeling thrilled,feeling love; feeling affection; feeling tenderness,neutral_centroid,neutral; ordinary; plain; average,situations,vocabulary,situations,2,0.5479390621185303,0.006841991096735001,False,False,False,0.46103520691394806,0.1674827546812594,0.0,1.1414283514022827,1.0
arctic_embed_l_v2,Snowflake/snowflake-arctic-embed-l-v2.0,,en,situation,situation,excitement,shuffled_emotion,love,centroid_phrases,feeling excited; feeling enthusiastic; feeling thrilled,feeling love; feeling affection; feeling tenderness,neutral_centroid,neutral; ordinary; plain; average,sensation,vocabulary,sensation,3,0.4875289797782898,0.1369023323059082,False,False,False,0.46103520691394806,0.1674827546812594,0.0,1.1414283514022827,1.0
arctic_embed_l_v2,Snowflake/snowflake-arctic-embed-l-v2.0,,en,situation,situation,excitement,shuffled_emotion,love,centroid_phrases,feeling excited; feeling enthusiastic; feeling thrilled,feeling love; feeling affection; feeling tenderness,neutral_centroid,neutral; ordinary; plain; average,feelings,vocabulary,feelings,4,0.4865446388721466,0.28222978115081787,False,False,False,0.46103520691394806,0.1674827546812594,0.0,1.1414283514022827,1.0
arctic_embed_l_v2,Snowflake/snowflake-arctic-embed-l-v2.0,,en,situation,situation,excitement,shuffled_emotion,love,centroid_phrases,feeling excited; feeling enthusiastic; feeling thrilled,feeling love; feeling affection; feeling tenderness,neutral_centroid,neutral; ordinary; plain; average,feel,vocabulary,feel,5,0.42841702699661255,0.25887995958328247,False,False,False,0.46103520691394806,0.1674827546812594,0.0,1.1414283514022827,1.0
arctic_embed_l_v2,Snowflake/snowflake-arctic-embed-l-v2.0,,en,situation,situation,excitement,shuffled_emotion,love,centroid_phrases,feeling excited; feeling enthusiastic; feeling thrilled,feeling love; feeling affection; feeling tenderness,neutral_centroid,neutral; ordinary; plain; average,tenderness,vocabulary,tenderness,6,0.4270021319389343,0.09183550626039505,False,False,False,0.46103520691394806,0.1674827546812594,0.0,1.1414283514022827,1.0
arctic_embed_l_v2,Snowflake/snowflake-arctic-embed-l-v2.0,,en,situation,situation,excitement,shuffled_emotion,love,centroid_phrases,feeling excited; feeling enthusiastic; feeling thrilled,feeling love; feeling affection; feeling tenderness,neutral_centroid,neutral; ordinary; plain; average,seeking,vocabulary,seeking,7,0.4125012755393982,0.17983655631542206,False,False,False,0.46103520691394806,0.1674827546812594,0.0,1.1414283514022827,1.0
arctic_embed_l_v2,Snowflake/snowflake-arctic-embed-l-v2.0,,en,situation,situation,excitement,shuffled_emotion,love,centroid_phrases,feeling excited; feeling enthusiastic; feeling thrilled,feeling love; feeling affection; feeling tenderness,neutral_centroid,neutral; ordinary; plain; average,relationship,vocabulary,relationship,8,0.41159141063690186,0.012486581690609455,False,False,False,0.46103520691394806,0.1674827546812594,0.0,1.1414283514022827,1.0
arctic_embed_l_v2,Snowflake/snowflake-arctic-embed-l-v2.0,,en,situation,situation,excitement,shuffled_emotion,love,centroid_phrases,feeling excited; feeling enthusiastic; feeling thrilled,feeling love; feeling affection; feeling tenderness,neutral_centroid,neutral; ordinary; plain; average,emotion,vocabulary,emotion,9,0.4056631326675415,0.14542874693870544,False,False,False,0.46103520691394806,0.1674827546812594,0.0,1.1414283514022827,1.0
arctic_embed_l_v2,Snowflake/snowflake-arctic-embed-l-v2.0,,en,situation,situation,excitement,shuffled_emotion,love,centroid_phrases,feeling excited; feeling enthusiastic; feeling thrilled,feeling love; feeling affection; feeling tenderness,neutral_centroid,neutral; ordinary; plain; average,happening,vocabulary,happening,10,0.40213000774383545,0.19645199179649353,False,False,False,0.46103520691394806,0.1674827546812594,0.0,1.1414283514022827,1.0
arctic_embed_l_v2,Snowflake/snowflake-arctic-embed-l-v2.0,,en,situation,situation,love,emotion,love,centroid_phrases,feeling love; feeling affection; feeling tenderness,feeling love; feeling affection; feeling tenderness,neutral_centroid,neutral; ordinary; plain; average,feeling,vocabulary,feeling,1,0.60103440284729,0.4434225559234619,False,False,False,0.46103520691394806,0.2321617051959038,0.0,1.1414283514022827,1.0
arctic_embed_l_v2,Snowflake/snowflake-arctic-embed-l-v2.0,,en,situation,situation,love,emotion,love,centroid_phrases,feeling love; feeling affection; feeling tenderness,feeling love; feeling affection; feeling tenderness,neutral_centroid,neutral; ordinary; plain; average,situations,vocabulary,situations,2,0.5479390621185303,0.004184439778327942,False,False,False,0.46103520691394806,0.2321617051959038,0.0,1.1414283514022827,1.0
arctic_embed_l_v2,Snowflake/snowflake-arctic-embed-l-v2.0,,en,situation,situation,love,emotion,love,centroid_phrases,feeling love; feeling affection; feeling tenderness,feeling love; feeling affection; feeling tenderness,neutral_centroid,neutral; ordinary; plain; average,sensation,vocabulary,sensation,3,0.4875289797782898,0.23048056662082672,False,False,False,0.46103520691394806,0.2321617051959038,0.0,1.1414283514022827,1.0
arctic_embed_l_v2,Snowflake/snowflake-arctic-embed-l-v2.0,,en,situation,situation,love,emotion,love,centroid_phrases,feeling love; feeling affection; feeling tenderness,feeling love; feeling affection; feeling tenderness,neutral_centroid,neutral; ordinary; plain; average,feelings,vocabulary,feelings,4,0.4865446388721466,0.37627607583999634,False,False,False,0.46103520691394806,0.2321617051959038,0.0,1.1414283514022827,1.0
arctic_embed_l_v2,Snowflake/snowflake-arctic-embed-l-v2.0,,en,situation,situation,love,emotion,love,centroid_phrases,feeling love; feeling affection; feeling tenderness,feeling love; feeling affection; feeling tenderness,neutral_centroid,neutral; ordinary; plain; average,feel,vocabulary,feel,5,0.42841702699661255,0.3157072067260742,False,False,False,0.46103520691394806,0.2321617051959038,0.0,1.1414283514022827,1.0
arctic_embed_l_v2,Snowflake/snowflake-arctic-embed-l-v2.0,,en,situation,situation,love,emotion,love,centroid_phrases,feeling love; feeling affection; feeling tenderness,feeling love; feeling affection; feeling tenderness,neutral_centroid,neutral; ordinary; plain; average,tenderness,vocabulary,tenderness,6,0.4270021319389343,0.2660834491252899,False,False,False,0.46103520691394806,0.2321617051959038,0.0,1.1414283514022827,1.0
arctic_embed_l_v2,Snowflake/snowflake-arctic-embed-l-v2.0,,en,situation,situation,love,emotion,love,centroid_phrases,feeling love; feeling affection; feeling tenderness,feeling love; feeling affection; feeling tenderness,neutral_centroid,neutral; ordinary; plain; average,seeking,vocabulary,seeking,7,0.4125012755393982,0.20022907853126526,False,False,False,0.46103520691394806,0.2321617051959038,0.0,1.1414283514022827,1.0
arctic_embed_l_v2,Snowflake/snowflake-arctic-embed-l-v2.0,,en,situation,situation,love,emotion,love,centroid_phrases,feeling love; feeling affection; feeling tenderness,feeling love; feeling affection; feeling tenderness,neutral_centroid,neutral; ordinary; plain; average,relationship,vocabulary,relationship,8,0.41159141063690186,0.12780660390853882,False,False,False,0.46103520691394806,0.2321617051959038,0.0,1.1414283514022827,1.0
arctic_embed_l_v2,Snowflake/snowflake-arctic-embed-l-v2.0,,en,situation,situation,love,emotion,love,centroid_phrases,feeling love; feeling affection; feeling tenderness,feeling love; feeling affection; feeling tenderness,neutral_centroid,neutral; ordinary; plain; average,emotion,vocabulary,emotion,9,0.4056631326675415,0.21902123093605042,False,False,False,0.46103520691394806,0.2321617051959038,0.0,1.1414283514022827,1.0
arctic_embed_l_v2,Snowflake/snowflake-arctic-embed-l-v2.0,,en,situation,situation,love,emotion,love,centroid_phrases,feeling love; feeling affection; feeling tenderness,feeling love; feeling affection; feeling tenderness,neutral_centroid,neutral; ordinary; plain; average,happening,vocabulary,happening,10,0.40213000774383545,0.13840584456920624,False,False,False,0.46103520691394806,0.2321617051959038,0.0,1.1414283514022827,1.0
arctic_embed_l_v2,Snowflake/snowflake-arctic-embed-l-v2.0,,en,situation,situation,love,identity,love,centroid_phrases,feeling love; feeling affection; feeling tenderness,feeling love; feeling affection; feeling tenderness,neutral_centroid,neutral; ordinary; plain; average,situations,vocabulary,situations,1,0.8264573812484741,0.004184439778327942,False,False,False,0.6483343303203583,-0.10112035050988197,0.0,0.0,1.0
arctic_embed_l_v2,Snowflake/snowflake-arctic-embed-l-v2.0,,en,situation,situation,love,identity,love,centroid_phrases,feeling love; feeling affection; feeling tenderness,feeling love; feeling affection; feeling tenderness,neutral_centroid,neutral; ordinary; plain; average,situational,vocabulary,situational,2,0.6787580847740173,-0.15572383999824524,False,False,False,0.6483343303203583,-0.10112035050988197,0.0,0.0,1.0
arctic_embed_l_v2,Snowflake/snowflake-arctic-embed-l-v2.0,,en,situation,situation,love,identity,love,centroid_phrases,feeling love; feeling affection; feeling tenderness,feeling love; feeling affection; feeling tenderness,neutral_centroid,neutral; ordinary; plain; average,status,vocabulary,status,3,0.6650857925415039,-0.07543640583753586,False,False,False,0.6483343303203583,-0.10112035050988197,0.0,0.0,1.0
arctic_embed_l_v2,Snowflake/snowflake-arctic-embed-l-v2.0,,en,situation,situation,love,identity,love,centroid_phrases,feeling love; feeling affection; feeling tenderness,feeling love; feeling affection; feeling tenderness,neutral_centroid,neutral; ordinary; plain; average,position,vocabulary,position,4,0.6446571350097656,-0.07564328610897064,False,False,False,0.6483343303203583,-0.10112035050988197,0.0,0.0,1.0
arctic_embed_l_v2,Snowflake/snowflake-arctic-embed-l-v2.0,,en,situation,situation,love,identity,love,centroid_phrases,feeling love; feeling affection; feeling tenderness,feeling love; feeling affection; feeling tenderness,neutral_centroid,neutral; ordinary; plain; average,scenario,vocabulary,scenario,5,0.6281995177268982,-0.11384956538677216,False,False,False,0.6483343303203583,-0.10112035050988197,0.0,0.0,1.0
arctic_embed_l_v2,Snowflake/snowflake-arctic-embed-l-v2.0,,en,situation,situation,love,identity,love,centroid_phrases,feeling love; feeling affection; feeling tenderness,feeling love; feeling affection; feeling tenderness,neutral_centroid,neutral; ordinary; plain; average,condition,vocabulary,condition,6,0.6279785633087158,-0.09179642796516418,False,False,False,0.6483343303203583,-0.10112035050988197,0.0,0.0,1.0
arctic_embed_l_v2,Snowflake/snowflake-arctic-embed-l-v2.0,,en,situation,situation,love,identity,love,centroid_phrases,feeling love; feeling affection; feeling tenderness,feeling love; feeling affection; feeling tenderness,neutral_centroid,neutral; ordinary; plain; average,circumstances,vocabulary,circumstances,7,0.6274638175964355,-0.08682220429182053,False,False,False,0.6483343303203583,-0.10112035050988197,0.0,0.0,1.0
arctic_embed_l_v2,Snowflake/snowflake-arctic-embed-l-v2.0,,en,situation,situation,love,identity,love,centroid_phrases,feeling love; feeling affection; feeling tenderness,feeling love; feeling affection; feeling tenderness,neutral_centroid,neutral; ordinary; plain; average,circumstance,vocabulary,circumstance,8,0.6231973767280579,-0.15986746549606323,False,False,False,0.6483343303203583,-0.10112035050988197,0.0,0.0,1.0
arctic_embed_l_v2,Snowflake/snowflake-arctic-embed-l-v2.0,,en,situation,situation,love,identity,love,centroid_phrases,feeling love; feeling affection; feeling tenderness,feeling love; feeling affection; feeling tenderness,neutral_centroid,neutral; ordinary; plain; average,eventuality,vocabulary,eventuality,9,0.5929142236709595,-0.15346358716487885,False,False,False,0.6483343303203583,-0.10112035050988197,0.0,0.0,1.0
arctic_embed_l_v2,Snowflake/snowflake-arctic-embed-l-v2.0,,en,situation,situation,love,identity,love,centroid_phrases,feeling love; feeling affection; feeling tenderness,feeling love; feeling affection; feeling tenderness,neutral_centroid,neutral; ordinary; plain; average,scenarios,vocabulary,scenarios,10,0.5686314105987549,-0.10278516262769699,False,False,False,0.6483343303203583,-0.10112035050988197,0.0,0.0,1.0
arctic_embed_l_v2,Snowflake/snowflake-arctic-embed-l-v2.0,,en,situation,situation,love,random,love,centroid_phrases,feeling love; feeling affection; feeling tenderness,feeling love; feeling affection; feeling tenderness,neutral_centroid,neutral; ordinary; plain; average,situations,vocabulary,situations,1,0.5496377348899841,0.004184439778327942,False,False,False,0.44176000356674194,-0.09954080879688262,0.0,1.0,0.9999999403953552
arctic_embed_l_v2,Snowflake/snowflake-arctic-embed-l-v2.0,,en,situation,situation,love,random,love,centroid_phrases,feeling love; feeling affection; feeling tenderness,feeling love; feeling affection; feeling tenderness,neutral_centroid,neutral; ordinary; plain; average,status,vocabulary,status,2,0.46972543001174927,-0.07543640583753586,False,False,False,0.44176000356674194,-0.09954080879688262,0.0,1.0,0.9999999403953552
arctic_embed_l_v2,Snowflake/snowflake-arctic-embed-l-v2.0,,en,situation,situation,love,random,love,centroid_phrases,feeling love; feeling affection; feeling tenderness,feeling love; feeling affection; feeling tenderness,neutral_centroid,neutral; ordinary; plain; average,situational,vocabulary,situational,3,0.4644835591316223,-0.15572383999824524,False,False,False,0.44176000356674194,-0.09954080879688262,0.0,1.0,0.9999999403953552
arctic_embed_l_v2,Snowflake/snowflake-arctic-embed-l-v2.0,,en,situation,situation,love,random,love,centroid_phrases,feeling love; feeling affection; feeling tenderness,feeling love; feeling affection; feeling tenderness,neutral_centroid,neutral; ordinary; plain; average,position,vocabulary,position,4,0.46124428510665894,-0.07564328610897064,False,False,False,0.44176000356674194,-0.09954080879688262,0.0,1.0,0.9999999403953552
arctic_embed_l_v2,Snowflake/snowflake-arctic-embed-l-v2.0,,en,situation,situation,love,random,love,centroid_phrases,feeling love; feeling affection; feeling tenderness,feeling love; feeling affection; feeling tenderness,neutral_centroid,neutral; ordinary; plain; average,scenario,vocabulary,scenario,5,0.4391109347343445,-0.11384956538677216,False,False,False,0.44176000356674194,-0.09954080879688262,0.0,1.0,0.9999999403953552
arctic_embed_l_v2,Snowflake/snowflake-arctic-embed-l-v2.0,,en,situation,situation,love,random,love,centroid_phrases,feeling love; feeling affection; feeling tenderness,feeling love; feeling affection; feeling tenderness,neutral_centroid,neutral; ordinary; plain; average,circumstance,vocabulary,circumstance,6,0.42786210775375366,-0.15986746549606323,False,False,False,0.44176000356674194,-0.09954080879688262,0.0,1.0,0.9999999403953552
arctic_embed_l_v2,Snowflake/snowflake-arctic-embed-l-v2.0,,en,situation,situation,love,random,love,centroid_phrases,feeling love; feeling affection; feeling tenderness,feeling love; feeling affection; feeling tenderness,neutral_centroid,neutral; ordinary; plain; average,location,vocabulary,location,7,0.4110168218612671,-0.07600101083517075,False,False,False,0.44176000356674194,-0.09954080879688262,0.0,1.0,0.9999999403953552
arctic_embed_l_v2,Snowflake/snowflake-arctic-embed-l-v2.0,,en,situation,situation,love,random,love,centroid_phrases,feeling love; feeling affection; feeling tenderness,feeling love; feeling affection; feeling tenderness,neutral_centroid,neutral; ordinary; plain; average,circumstances,vocabulary,circumstances,8,0.40441474318504333,-0.08682220429182053,False,False,False,0.44176000356674194,-0.09954080879688262,0.0,1.0,0.9999999403953552
arctic_embed_l_v2,Snowflake/snowflake-arctic-embed-l-v2.0,,en,situation,situation,love,random,love,centroid_phrases,feeling love; feeling affection; feeling tenderness,feeling love; feeling affection; feeling tenderness,neutral_centroid,neutral; ordinary; plain; average,eventuality,vocabulary,eventuality,9,0.3995112478733063,-0.15346358716487885,False,False,False,0.44176000356674194,-0.09954080879688262,0.0,1.0,0.9999999403953552
arctic_embed_l_v2,Snowflake/snowflake-arctic-embed-l-v2.0,,en,situation,situation,love,random,love,centroid_phrases,feeling love; feeling affection; feeling tenderness,feeling love; feeling affection; feeling tenderness,neutral_centroid,neutral; ordinary; plain; average,scenarios,vocabulary,scenarios,10,0.39059317111968994,-0.10278516262769699,False,False,False,0.44176000356674194,-0.09954080879688262,0.0,1.0,0.9999999403953552
arctic_embed_l_v2,Snowflake/snowflake-arctic-embed-l-v2.0,,en,situation,situation,love,shuffled_emotion,positive,centroid_phrases,feeling love; feeling affection; feeling tenderness,feeling positive; feeling pleasant; feeling good,neutral_centroid,neutral; ordinary; plain; average,feeling,vocabulary,feeling,1,0.6124668717384338,0.4434225559234619,False,False,False,0.46892601251602173,0.17066467627882959,0.0,1.0207152366638184,1.0
arctic_embed_l_v2,Snowflake/snowflake-arctic-embed-l-v2.0,,en,situation,situation,love,shuffled_emotion,positive,centroid_phrases,feeling love; feeling affection; feeling tenderness,feeling positive; feeling pleasant; feeling good,neutral_centroid,neutral; ordinary; plain; average,situations,vocabulary,situations,2,0.5827415585517883,0.004184439778327942,False,False,False,0.46892601251602173,0.17066467627882959,0.0,1.0207152366638184,1.0
arctic_embed_l_v2,Snowflake/snowflake-arctic-embed-l-v2.0,,en,situation,situation,love,shuffled_emotion,positive,centroid_phrases,feeling love; feeling affection; feeling tenderness,feeling positive; feeling pleasant; feeling good,neutral_centroid,neutral; ordinary; plain; average,sensation,vocabulary,sensation,3,0.4687948226928711,0.23048056662082672,False,False,False,0.46892601251602173,0.17066467627882959,0.0,1.0207152366638184,1.0
arctic_embed_l_v2,Snowflake/snowflake-arctic-embed-l-v2.0,,en,situation,situation,love,shuffled_emotion,positive,centroid_phrases,feeling love; feeling affection; feeling tenderness,feeling positive; feeling pleasant; feeling good,neutral_centroid,neutral; ordinary; plain; average,feelings,vocabulary,feelings,4,0.4570102095603943,0.37627607583999634,False,False,False,0.46892601251602173,0.17066467627882959,0.0,1.0207152366638184,1.0
arctic_embed_l_v2,Snowflake/snowflake-arctic-embed-l-v2.0,,en,situation,situation,love,shuffled_emotion,positive,centroid_phrases,feeling love; feeling affection; feeling tenderness,feeling positive; feeling pleasant; feeling good,neutral_centroid,neutral; ordinary; plain; average,happening,vocabulary,happening,5,0.45180830359458923,0.13840584456920624,False,False,False,0.46892601251602173,0.17066467627882959,0.0,1.0207152366638184,1.0
arctic_embed_l_v2,Snowflake/snowflake-arctic-embed-l-v2.0,,en,situation,situation,love,shuffled_emotion,positive,centroid_phrases,feeling love; feeling affection; feeling tenderness,feeling positive; feeling pleasant; feeling good,neutral_centroid,neutral; ordinary; plain; average,status,vocabulary,status,6,0.4399043321609497,-0.07543640583753586,False,False,False,0.46892601251602173,0.17066467627882959,0.0,1.0207152366638184,1.0
arctic_embed_l_v2,Snowflake/snowflake-arctic-embed-l-v2.0,,en,situation,situation,love,shuffled_emotion,positive,centroid_phrases,feeling love; feeling affection; feeling tenderness,feeling positive; feeling pleasant; feeling good,neutral_centroid,neutral; ordinary; plain; average,feel,vocabulary,feel,7,0.42948707938194275,0.3157072067260742,False,False,False,0.46892601251602173,0.17066467627882959,0.0,1.0207152366638184,1.0
arctic_embed_l_v2,Snowflake/snowflake-arctic-embed-l-v2.0,,en,situation,situation,love,shuffled_emotion,positive,centroid_phrases,feeling love; feeling affection; feeling tenderness,feeling positive; feeling pleasant; feeling good,neutral_centroid,neutral; ordinary; plain; average,experiencing,vocabulary,experiencing,8,0.41986799240112305,0.14902068674564362,False,False,False,0.46892601251602173,0.17066467627882959,0.0,1.0207152366638184,1.0
arctic_embed_l_v2,Snowflake/snowflake-arctic-embed-l-v2.0,,en,situation,situation,love,shuffled_emotion,positive,centroid_phrases,feeling love; feeling affection; feeling tenderness,feeling positive; feeling pleasant; feeling good,neutral_centroid,neutral; ordinary; plain; average,position,vocabulary,position,9,0.41724926233291626,-0.07564328610897064,False,False,False,0.46892601251602173,0.17066467627882959,0.0,1.0207152366638184,1.0
arctic_embed_l_v2,Snowflake/snowflake-arctic-embed-l-v2.0,,en,situation,situation,love,shuffled_emotion,positive,centroid_phrases,feeling love; feeling affection; feeling tenderness,feeling positive; feeling pleasant; feeling good,neutral_centroid,neutral; ordinary; plain; average,seeking,vocabulary,seeking,10,0.40992969274520874,0.20022907853126526,False,False,False,0.46892601251602173,0.17066467627882959,0.0,1.0207152366638184,1.0
arctic_embed_l_v2,Snowflake/snowflake-arctic-embed-l-v2.0,,en,situation,situation,positive,emotion,positive,centroid_phrases,feeling positive; feeling pleasant; feeling good,feeling positive; feeling pleasant; feeling good,neutral_centroid,neutral; ordinary; plain; average,feeling,vocabulary,feeling,1,0.6124668717384338,0.4696805477142334,False,False,False,0.46892601251602173,0.18765489757061005,0.0,1.0207152366638184,1.0
arctic_embed_l_v2,Snowflake/snowflake-arctic-embed-l-v2.0,,en,situation,situation,positive,emotion,positive,centroid_phrases,feeling positive; feeling pleasant; feeling good,feeling positive; feeling pleasant; feeling good,neutral_centroid,neutral; ordinary; plain; average,situations,vocabulary,situations,2,0.5827415585517883,0.016192205250263214,False,False,False,0.46892601251602173,0.18765489757061005,0.0,1.0207152366638184,1.0
arctic_embed_l_v2,Snowflake/snowflake-arctic-embed-l-v2.0,,en,situation,situation,positive,emotion,positive,centroid_phrases,feeling positive; feeling pleasant; feeling good,feeling positive; feeling pleasant; feeling good,neutral_centroid,neutral; ordinary; plain; average,sensation,vocabulary,sensation,3,0.4687948226928711,0.20092883706092834,False,False,False,0.46892601251602173,0.18765489757061005,0.0,1.0207152366638184,1.0
arctic_embed_l_v2,Snowflake/snowflake-arctic-embed-l-v2.0,,en,situation,situation,positive,emotion,positive,centroid_phrases,feeling positive; feeling pleasant; feeling good,feeling positive; feeling pleasant; feeling good,neutral_centroid,neutral; ordinary; plain; average,feelings,vocabulary,feelings,4,0.4570102095603943,0.34907400608062744,False,False,False,0.46892601251602173,0.18765489757061005,0.0,1.0207152366638184,1.0
arctic_embed_l_v2,Snowflake/snowflake-arctic-embed-l-v2.0,,en,situation,situation,positive,emotion,positive,centroid_phrases,feeling positive; feeling pleasant; feeling good,feeling positive; feeling pleasant; feeling good,neutral_centroid,neutral; ordinary; plain; average,happening,vocabulary,happening,5,0.45180830359458923,0.2013767510652542,False,False,False,0.46892601251602173,0.18765489757061005,0.0,1.0207152366638184,1.0
arctic_embed_l_v2,Snowflake/snowflake-arctic-embed-l-v2.0,,en,situation,situation,positive,emotion,positive,centroid_phrases,feeling positive; feeling pleasant; feeling good,feeling positive; feeling pleasant; feeling good,neutral_centroid,neutral; ordinary; plain; average,status,vocabulary,status,6,0.4399043321609497,-0.023961111903190613,False,False,False,0.46892601251602173,0.18765489757061005,0.0,1.0207152366638184,1.0
arctic_embed_l_v2,Snowflake/snowflake-arctic-embed-l-v2.0,,en,situation,situation,positive,emotion,positive,centroid_phrases,feeling positive; feeling pleasant; feeling good,feeling positive; feeling pleasant; feeling good,neutral_centroid,neutral; ordinary; plain; average,feel,vocabulary,feel,7,0.42948707938194275,0.3295770287513733,False,False,False,0.46892601251602173,0.18765489757061005,0.0,1.0207152366638184,1.0
arctic_embed_l_v2,Snowflake/snowflake-arctic-embed-l-v2.0,,en,situation,situation,positive,emotion,positive,centroid_phrases,feeling positive; feeling pleasant; feeling good,feeling positive; feeling pleasant; feeling good,neutral_centroid,neutral; ordinary; plain; average,experiencing,vocabulary,experiencing,8,0.41986799240112305,0.17210745811462402,False,False,False,0.46892601251602173,0.18765489757061005,0.0,1.0207152366638184,1.0
arctic_embed_l_v2,Snowflake/snowflake-arctic-embed-l-v2.0,,en,situation,situation,positive,emotion,positive,centroid_phrases,feeling positive; feeling pleasant; feeling good,feeling positive; feeling pleasant; feeling good,neutral_centroid,neutral; ordinary; plain; average,position,vocabulary,position,9,0.41724926233291626,-0.03539099544286728,False,False,False,0.46892601251602173,0.18765489757061005,0.0,1.0207152366638184,1.0
arctic_embed_l_v2,Snowflake/snowflake-arctic-embed-l-v2.0,,en,situation,situation,positive,emotion,positive,centroid_phrases,feeling positive; feeling pleasant; feeling good,feeling positive; feeling pleasant; feeling good,neutral_centroid,neutral; ordinary; plain; average,seeking,vocabulary,seeking,10,0.40992969274520874,0.19696424901485443,False,False,False,0.46892601251602173,0.18765489757061005,0.0,1.0207152366638184,1.0
arctic_embed_l_v2,Snowflake/snowflake-arctic-embed-l-v2.0,,en,situation,situation,positive,identity,positive,centroid_phrases,feeling positive; feeling pleasant; feeling good,feeling positive; feeling pleasant; feeling good,neutral_centroid,neutral; ordinary; plain; average,situations,vocabulary,situations,1,0.8264573812484741,0.016192205250263214,False,False,False,0.6483343303203583,-0.07251509726047516,0.0,0.0,1.0
arctic_embed_l_v2,Snowflake/snowflake-arctic-embed-l-v2.0,,en,situation,situation,positive,identity,positive,centroid_phrases,feeling positive; feeling pleasant; feeling good,feeling positive; feeling pleasant; feeling good,neutral_centroid,neutral; ordinary; plain; average,situational,vocabulary,situational,2,0.6787580847740173,-0.10138905048370361,False,False,False,0.6483343303203583,-0.07251509726047516,0.0,0.0,1.0
arctic_embed_l_v2,Snowflake/snowflake-arctic-embed-l-v2.0,,en,situation,situation,positive,identity,positive,centroid_phrases,feeling positive; feeling pleasant; feeling good,feeling positive; feeling pleasant; feeling good,neutral_centroid,neutral; ordinary; plain; average,status,vocabulary,status,3,0.6650857925415039,-0.023961111903190613,False,False,False,0.6483343303203583,-0.07251509726047516,0.0,0.0,1.0
arctic_embed_l_v2,Snowflake/snowflake-arctic-embed-l-v2.0,,en,situation,situation,positive,identity,positive,centroid_phrases,feeling positive; feeling pleasant; feeling good,feeling positive; feeling pleasant; feeling good,neutral_centroid,neutral; ordinary; plain; average,position,vocabulary,position,4,0.6446571350097656,-0.03539099544286728,False,False,False,0.6483343303203583,-0.07251509726047516,0.0,0.0,1.0
arctic_embed_l_v2,Snowflake/snowflake-arctic-embed-l-v2.0,,en,situation,situation,positive,identity,positive,centroid_phrases,feeling positive; feeling pleasant; feeling good,feeling positive; feeling pleasant; feeling good,neutral_centroid,neutral; ordinary; plain; average,scenario,vocabulary,scenario,5,0.6281995177268982,-0.11447491496801376,False,False,False,0.6483343303203583,-0.07251509726047516,0.0,0.0,1.0
arctic_embed_l_v2,Snowflake/snowflake-arctic-embed-l-v2.0,,en,situation,situation,positive,identity,positive,centroid_phrases,feeling positive; feeling pleasant; feeling good,feeling positive; feeling pleasant; feeling good,neutral_centroid,neutral; ordinary; plain; average,condition,vocabulary,condition,6,0.6279785633087158,-0.05768515169620514,False,False,False,0.6483343303203583,-0.07251509726047516,0.0,0.0,1.0
arctic_embed_l_v2,Snowflake/snowflake-arctic-embed-l-v2.0,,en,situation,situation,positive,identity,positive,centroid_phrases,feeling positive; feeling pleasant; feeling good,feeling positive; feeling pleasant; feeling good,neutral_centroid,neutral; ordinary; plain; average,circumstances,vocabulary,circumstances,7,0.6274638175964355,-0.06444507092237473,False,False,False,0.6483343303203583,-0.07251509726047516,0.0,0.0,1.0
arctic_embed_l_v2,Snowflake/snowflake-arctic-embed-l-v2.0,,en,situation,situation,positive,identity,positive,centroid_phrases,feeling positive; feeling pleasant; feeling good,feeling positive; feeling pleasant; feeling good,neutral_centroid,neutral; ordinary; plain; average,circumstance,vocabulary,circumstance,8,0.6231973767280579,-0.13555395603179932,False,False,False,0.6483343303203583,-0.07251509726047516,0.0,0.0,1.0
arctic_embed_l_v2,Snowflake/snowflake-arctic-embed-l-v2.0,,en,situation,situation,positive,identity,positive,centroid_phrases,feeling positive; feeling pleasant; feeling good,feeling positive; feeling pleasant; feeling good,neutral_centroid,neutral; ordinary; plain; average,eventuality,vocabulary,eventuality,9,0.5929142236709595,-0.11794218420982361,False,False,False,0.6483343303203583,-0.07251509726047516,0.0,0.0,1.0
arctic_embed_l_v2,Snowflake/snowflake-arctic-embed-l-v2.0,,en,situation,situation,positive,identity,positive,centroid_phrases,feeling positive; feeling pleasant; feeling good,feeling positive; feeling pleasant; feeling good,neutral_centroid,neutral; ordinary; plain; average,scenarios,vocabulary,scenarios,10,0.5686314105987549,-0.09050074219703674,False,False,False,0.6483343303203583,-0.07251509726047516,0.0,0.0,1.0
arctic_embed_l_v2,Snowflake/snowflake-arctic-embed-l-v2.0,,en,situation,situation,positive,random,positive,centroid_phrases,feeling positive; feeling pleasant; feeling good,feeling positive; feeling pleasant; feeling good,neutral_centroid,neutral; ordinary; plain; average,situations,vocabulary,situations,1,0.5842406749725342,0.016192205250263214,False,False,False,0.4589375704526901,-0.06342453397810459,0.0,1.0,1.0
arctic_embed_l_v2,Snowflake/snowflake-arctic-embed-l-v2.0,,en,situation,situation,positive,random,positive,centroid_phrases,feeling positive; feeling pleasant; feeling good,feeling positive; feeling pleasant; feeling good,neutral_centroid,neutral; ordinary; plain; average,status,vocabulary,status,2,0.47208738327026367,-0.023961111903190613,False,False,False,0.4589375704526901,-0.06342453397810459,0.0,1.0,1.0
arctic_embed_l_v2,Snowflake/snowflake-arctic-embed-l-v2.0,,en,situation,situation,positive,random,positive,centroid_phrases,feeling positive; feeling pleasant; feeling good,feeling positive; feeling pleasant; feeling good,neutral_centroid,neutral; ordinary; plain; average,circumstances,vocabulary,circumstances,3,0.4717664122581482,-0.06444507092237473,False,False,False,0.4589375704526901,-0.06342453397810459,0.0,1.0,1.0
arctic_embed_l_v2,Snowflake/snowflake-arctic-embed-l-v2.0,,en,situation,situation,positive,random,positive,centroid_phrases,feeling positive; feeling pleasant; feeling good,feeling positive; feeling pleasant; feeling good,neutral_centroid,neutral; ordinary; plain; average,scenario,vocabulary,scenario,4,0.47047436237335205,-0.11447491496801376,False,False,False,0.4589375704526901,-0.06342453397810459,0.0,1.0,1.0
arctic_embed_l_v2,Snowflake/snowflake-arctic-embed-l-v2.0,,en,situation,situation,positive,random,positive,centroid_phrases,feeling positive; feeling pleasant; feeling good,feeling positive; feeling pleasant; feeling good,neutral_centroid,neutral; ordinary; plain; average,situational,vocabulary,situational,5,0.46815210580825806,-0.10138905048370361,False,False,False,0.4589375704526901,-0.06342453397810459,0.0,1.0,1.0
arctic_embed_l_v2,Snowflake/snowflake-arctic-embed-l-v2.0,,en,situation,situation,positive,random,positive,centroid_phrases,feeling positive; feeling pleasant; feeling good,feeling positive; feeling pleasant; feeling good,neutral_centroid,neutral; ordinary; plain; average,condition,vocabulary,condition,6,0.45597267150878906,-0.05768515169620514,False,False,False,0.4589375704526901,-0.06342453397810459,0.0,1.0,1.0
arctic_embed_l_v2,Snowflake/snowflake-arctic-embed-l-v2.0,,en,situation,situation,positive,random,positive,centroid_phrases,feeling positive; feeling pleasant; feeling good,feeling positive; feeling pleasant; feeling good,neutral_centroid,neutral; ordinary; plain; average,position,vocabulary,position,7,0.43321341276168823,-0.03539099544286728,False,False,False,0.4589375704526901,-0.06342453397810459,0.0,1.0,1.0
arctic_embed_l_v2,Snowflake/snowflake-arctic-embed-l-v2.0,,en,situation,situation,positive,random,positive,centroid_phrases,feeling positive; feeling pleasant; feeling good,feeling positive; feeling pleasant; feeling good,neutral_centroid,neutral; ordinary; plain; average,scenarios,vocabulary,scenarios,8,0.41552427411079407,-0.09050074219703674,False,False,False,0.4589375704526901,-0.06342453397810459,0.0,1.0,1.0
arctic_embed_l_v2,Snowflake/snowflake-arctic-embed-l-v2.0,,en,situation,situation,positive,random,positive,centroid_phrases,feeling positive; feeling pleasant; feeling good,feeling positive; feeling pleasant; feeling good,neutral_centroid,neutral; ordinary; plain; average,eventuality,vocabulary,eventuality,9,0.411190927028656,-0.11794218420982361,False,False,False,0.4589375704526901,-0.06342453397810459,0.0,1.0,1.0
arctic_embed_l_v2,Snowflake/snowflake-arctic-embed-l-v2.0,,en,situation,situation,positive,random,positive,centroid_phrases,feeling positive; feeling pleasant; feeling good,feeling positive; feeling pleasant; feeling good,neutral_centroid,neutral; ordinary; plain; average,conditions,vocabulary,conditions,10,0.4067534804344177,-0.04464832320809364,False,False,False,0.4589375704526901,-0.06342453397810459,0.0,1.0,1.0
arctic_embed_l_v2,Snowflake/snowflake-arctic-embed-l-v2.0,,en,situation,situation,positive,shuffled_emotion,negative,centroid_phrases,feeling positive; feeling pleasant; feeling good,feeling negative; feeling unpleasant; feeling bad,neutral_centroid,neutral; ordinary; plain; average,feeling,vocabulary,feeling,1,0.5835133790969849,0.4696805477142334,False,False,False,0.44579757153987887,0.19962690100073816,0.0,1.0413423776626587,1.0
arctic_embed_l_v2,Snowflake/snowflake-arctic-embed-l-v2.0,,en,situation,situation,positive,shuffled_emotion,negative,centroid_phrases,feeling positive; feeling pleasant; feeling good,feeling negative; feeling unpleasant; feeling bad,neutral_centroid,neutral; ordinary; plain; average,situations,vocabulary,situations,2,0.5789190530776978,0.016192205250263214,False,False,False,0.44579757153987887,0.19962690100073816,0.0,1.0413423776626587,1.0
arctic_embed_l_v2,Snowflake/snowflake-arctic-embed-l-v2.0,,en,situation,situation,positive,shuffled_emotion,negative,centroid_phrases,feeling positive; feeling pleasant; feeling good,feeling negative; feeling unpleasant; feeling bad,neutral_centroid,neutral; ordinary; plain; average,feelings,vocabulary,feelings,3,0.4544956386089325,0.34907400608062744,False,False,False,0.44579757153987887,0.19962690100073816,0.0,1.0413423776626587,1.0
arctic_embed_l_v2,Snowflake/snowflake-arctic-embed-l-v2.0,,en,situation,situation,positive,shuffled_emotion,negative,centroid_phrases,feeling positive; feeling pleasant; feeling good,feeling negative; feeling unpleasant; feeling bad,neutral_centroid,neutral; ordinary; plain; average,sensation,vocabulary,sensation,4,0.4285789132118225,0.20092883706092834,False,False,False,0.44579757153987887,0.19962690100073816,0.0,1.0413423776626587,1.0
arctic_embed_l_v2,Snowflake/snowflake-arctic-embed-l-v2.0,,en,situation,situation,positive,shuffled_emotion,negative,centroid_phrases,feeling positive; feeling pleasant; feeling good,feeling negative; feeling unpleasant; feeling bad,neutral_centroid,neutral; ordinary; plain; average,feel,vocabulary,feel,5,0.42298200726509094,0.3295770287513733,False,False,False,0.44579757153987887,0.19962690100073816,0.0,1.0413423776626587,1.0
arctic_embed_l_v2,Snowflake/snowflake-arctic-embed-l-v2.0,,en,situation,situation,positive,shuffled_emotion,negative,centroid_phrases,feeling positive; feeling pleasant; feeling good,feeling negative; feeling unpleasant; feeling bad,neutral_centroid,neutral; ordinary; plain; average,sentiment,vocabulary,sentiment,6,0.4121471345424652,0.129470095038414,False,False,False,0.44579757153987887,0.19962690100073816,0.0,1.0413423776626587,1.0
arctic_embed_l_v2,Snowflake/snowflake-arctic-embed-l-v2.0,,en,situation,situation,positive,shuffled_emotion,negative,centroid_phrases,feeling positive; feeling pleasant; feeling good,feeling negative; feeling unpleasant; feeling bad,neutral_centroid,neutral; ordinary; plain; average,status,vocabulary,status,7,0.40403491258621216,-0.023961111903190613,False,False,False,0.44579757153987887,0.19962690100073816,0.0,1.0413423776626587,1.0
arctic_embed_l_v2,Snowflake/snowflake-arctic-embed-l-v2.0,,en,situation,situation,positive,shuffled_emotion,negative,centroid_phrases,feeling positive; feeling pleasant; feeling good,feeling negative; feeling unpleasant; feeling bad,neutral_centroid,neutral; ordinary; plain; average,experiencing,vocabulary,experiencing,8,0.3922808766365051,0.17210745811462402,False,False,False,0.44579757153987887,0.19962690100073816,0.0,1.0413423776626587,1.0
arctic_embed_l_v2,Snowflake/snowflake-arctic-embed-l-v2.0,,en,situation,situation,positive,shuffled_emotion,negative,centroid_phrases,feeling positive; feeling pleasant; feeling good,feeling negative; feeling unpleasant; feeling bad,neutral_centroid,neutral; ordinary; plain; average,suffering,vocabulary,suffering,9,0.3911774158477783,0.15182319283485413,False,False,False,0.44579757153987887,0.19962690100073816,0.0,1.0413423776626587,1.0
arctic_embed_l_v2,Snowflake/snowflake-arctic-embed-l-v2.0,,en,situation,situation,positive,shuffled_emotion,negative,centroid_phrases,feeling positive; feeling pleasant; feeling good,feeling negative; feeling unpleasant; feeling bad,neutral_centroid,neutral; ordinary; plain; average,happening,vocabulary,happening,10,0.3898463845252991,0.2013767510652542,False,False,False,0.44579757153987887,0.19962690100073816,0.0,1.0413423776626587,1.0
arctic_embed_l_v2,Snowflake/snowflake-arctic-embed-l-v2.0,,en,situation,situation,negative,emotion,negative,centroid_phrases,feeling negative; feeling unpleasant; feeling bad,feeling negative; feeling unpleasant; feeling bad,neutral_centroid,neutral; ordinary; plain; average,feeling,vocabulary,feeling,1,0.5835133790969849,0.4165690839290619,False,False,False,0.44579757153987887,0.16710082907229662,0.0,1.0413423776626587,1.0
arctic_embed_l_v2,Snowflake/snowflake-arctic-embed-l-v2.0,,en,situation,situation,negative,emotion,negative,centroid_phrases,feeling negative; feeling unpleasant; feeling bad,feeling negative; feeling unpleasant; feeling bad,neutral_centroid,neutral; ordinary; plain; average,situations,vocabulary,situations,2,0.5789190530776978,0.006118396297097206,False,False,False,0.44579757153987887,0.16710082907229662,0.0,1.0413423776626587,1.0
arctic_embed_l_v2,Snowflake/snowflake-arctic-embed-l-v2.0,,en,situation,situation,negative,emotion,negative,centroid_phrases,feeling negative; feeling unpleasant; feeling bad,feeling negative; feeling unpleasant; feeling bad,neutral_centroid,neutral; ordinary; plain; average,feelings,vocabulary,feelings,3,0.4544956386089325,0.33054283261299133,False,False,False,0.44579757153987887,0.16710082907229662,0.0,1.0413423776626587,1.0
arctic_embed_l_v2,Snowflake/snowflake-arctic-embed-l-v2.0,,en,situation,situation,negative,emotion,negative,centroid_phrases,feeling negative; feeling unpleasant; feeling bad,feeling negative; feeling unpleasant; feeling bad,neutral_centroid,neutral; ordinary; plain; average,sensation,vocabulary,sensation,4,0.4285789132118225,0.13328257203102112,False,False,False,0.44579757153987887,0.16710082907229662,0.0,1.0413423776626587,1.0
arctic_embed_l_v2,Snowflake/snowflake-arctic-embed-l-v2.0,,en,situation,situation,negative,emotion,negative,centroid_phrases,feeling negative; feeling unpleasant; feeling bad,feeling negative; feeling unpleasant; feeling bad,neutral_centroid,neutral; ordinary; plain; average,feel,vocabulary,feel,5,0.42298200726509094,0.30508050322532654,False,False,False,0.44579757153987887,0.16710082907229662,0.0,1.0413423776626587,1.0
arctic_embed_l_v2,Snowflake/snowflake-arctic-embed-l-v2.0,,en,situation,situation,negative,emotion,negative,centroid_phrases,feeling negative; feeling unpleasant; feeling bad,feeling negative; feeling unpleasant; feeling bad,neutral_centroid,neutral; ordinary; plain; average,sentiment,vocabulary,sentiment,6,0.4121471345424652,0.12236172705888748,False,False,False,0.44579757153987887,0.16710082907229662,0.0,1.0413423776626587,1.0
arctic_embed_l_v2,Snowflake/snowflake-arctic-embed-l-v2.0,,en,situation,situation,negative,emotion,negative,centroid_phrases,feeling negative; feeling unpleasant; feeling bad,feeling negative; feeling unpleasant; feeling bad,neutral_centroid,neutral; ordinary; plain; average,status,vocabulary,status,7,0.40403491258621216,-0.08195821195840836,False,False,False,0.44579757153987887,0.16710082907229662,0.0,1.0413423776626587,1.0
arctic_embed_l_v2,Snowflake/snowflake-arctic-embed-l-v2.0,,en,situation,situation,negative,emotion,negative,centroid_phrases,feeling negative; feeling unpleasant; feeling bad,feeling negative; feeling unpleasant; feeling bad,neutral_centroid,neutral; ordinary; plain; average,experiencing,vocabulary,experiencing,8,0.3922808766365051,0.12115012109279633,False,False,False,0.44579757153987887,0.16710082907229662,0.0,1.0413423776626587,1.0
arctic_embed_l_v2,Snowflake/snowflake-arctic-embed-l-v2.0,,en,situation,situation,negative,emotion,negative,centroid_phrases,feeling negative; feeling unpleasant; feeling bad,feeling negative; feeling unpleasant; feeling bad,neutral_centroid,neutral; ordinary; plain; average,suffering,vocabulary,suffering,9,0.3911774158477783,0.21485811471939087,False,False,False,0.44579757153987887,0.16710082907229662,0.0,1.0413423776626587,1.0
arctic_embed_l_v2,Snowflake/snowflake-arctic-embed-l-v2.0,,en,situation,situation,negative,emotion,negative,centroid_phrases,feeling negative; feeling unpleasant; feeling bad,feeling negative; feeling unpleasant; feeling bad,neutral_centroid,neutral; ordinary; plain; average,happening,vocabulary,happening,10,0.3898463845252991,0.10300315171480179,False,False,False,0.44579757153987887,0.16710082907229662,0.0,1.0413423776626587,1.0
arctic_embed_l_v2,Snowflake/snowflake-arctic-embed-l-v2.0,,en,situation,situation,negative,identity,negative,centroid_phrases,feeling negative; feeling unpleasant; feeling bad,feeling negative; feeling unpleasant; feeling bad,neutral_centroid,neutral; ordinary; plain; average,situations,vocabulary,situations,1,0.8264573812484741,0.006118396297097206,False,False,False,0.6483343303203583,-0.1037501810118556,0.0,0.0,1.0
arctic_embed_l_v2,Snowflake/snowflake-arctic-embed-l-v2.0,,en,situation,situation,negative,identity,negative,centroid_phrases,feeling negative; feeling unpleasant; feeling bad,feeling negative; feeling unpleasant; feeling bad,neutral_centroid,neutral; ordinary; plain; average,situational,vocabulary,situational,2,0.6787580847740173,-0.126848042011261,False,False,False,0.6483343303203583,-0.1037501810118556,0.0,0.0,1.0
arctic_embed_l_v2,Snowflake/snowflake-arctic-embed-l-v2.0,,en,situation,situation,negative,identity,negative,centroid_phrases,feeling negative; feeling unpleasant; feeling bad,feeling negative; feeling unpleasant; feeling bad,neutral_centroid,neutral; ordinary; plain; average,status,vocabulary,status,3,0.6650857925415039,-0.08195821195840836,False,False,False,0.6483343303203583,-0.1037501810118556,0.0,0.0,1.0
arctic_embed_l_v2,Snowflake/snowflake-arctic-embed-l-v2.0,,en,situation,situation,negative,identity,negative,centroid_phrases,feeling negative; feeling unpleasant; feeling bad,feeling negative; feeling unpleasant; feeling bad,neutral_centroid,neutral; ordinary; plain; average,position,vocabulary,position,4,0.6446571350097656,-0.10721175372600555,False,False,False,0.6483343303203583,-0.1037501810118556,0.0,0.0,1.0
arctic_embed_l_v2,Snowflake/snowflake-arctic-embed-l-v2.0,,en,situation,situation,negative,identity,negative,centroid_phrases,feeling negative; feeling unpleasant; feeling bad,feeling negative; feeling unpleasant; feeling bad,neutral_centroid,neutral; ordinary; plain; average,scenario,vocabulary,scenario,5,0.6281995177268982,-0.12959925830364227,False,False,False,0.6483343303203583,-0.1037501810118556,0.0,0.0,1.0
arctic_embed_l_v2,Snowflake/snowflake-arctic-embed-l-v2.0,,en,situation,situation,negative,identity,negative,centroid_phrases,feeling negative; feeling unpleasant; feeling bad,feeling negative; feeling unpleasant; feeling bad,neutral_centroid,neutral; ordinary; plain; average,condition,vocabulary,condition,6,0.6279785633087158,-0.08748678863048553,False,False,False,0.6483343303203583,-0.1037501810118556,0.0,0.0,1.0
arctic_embed_l_v2,Snowflake/snowflake-arctic-embed-l-v2.0,,en,situation,situation,negative,identity,negative,centroid_phrases,feeling negative; feeling unpleasant; feeling bad,feeling negative; feeling unpleasant; feeling bad,neutral_centroid,neutral; ordinary; plain; average,circumstances,vocabulary,circumstances,7,0.6274638175964355,-0.08472564816474915,False,False,False,0.6483343303203583,-0.1037501810118556,0.0,0.0,1.0
arctic_embed_l_v2,Snowflake/snowflake-arctic-embed-l-v2.0,,en,situation,situation,negative,identity,negative,centroid_phrases,feeling negative; feeling unpleasant; feeling bad,feeling negative; feeling unpleasant; feeling bad,neutral_centroid,neutral; ordinary; plain; average,circumstance,vocabulary,circumstance,8,0.6231973767280579,-0.14693787693977356,False,False,False,0.6483343303203583,-0.1037501810118556,0.0,0.0,1.0
arctic_embed_l_v2,Snowflake/snowflake-arctic-embed-l-v2.0,,en,situation,situation,negative,identity,negative,centroid_phrases,feeling negative; feeling unpleasant; feeling bad,feeling negative; feeling unpleasant; feeling bad,neutral_centroid,neutral; ordinary; plain; average,eventuality,vocabulary,eventuality,9,0.5929142236709595,-0.15247158706188202,False,False,False,0.6483343303203583,-0.1037501810118556,0.0,0.0,1.0
arctic_embed_l_v2,Snowflake/snowflake-arctic-embed-l-v2.0,,en,situation,situation,negative,identity,negative,centroid_phrases,feeling negative; feeling unpleasant; feeling bad,feeling negative; feeling unpleasant; feeling bad,neutral_centroid,neutral; ordinary; plain; average,scenarios,vocabulary,scenarios,10,0.5686314105987549,-0.1263810396194458,False,False,False,0.6483343303203583,-0.1037501810118556,0.0,0.0,1.0
arctic_embed_l_v2,Snowflake/snowflake-arctic-embed-l-v2.0,,en,situation,situation,negative,random,negative,centroid_phrases,feeling negative; feeling unpleasant; feeling bad,feeling negative; feeling unpleasant; feeling bad,neutral_centroid,neutral; ordinary; plain; average,situations,vocabulary,situations,1,0.5462843179702759,0.006118396297097206,False,False,False,0.44529213607311247,-0.10536521207541227,0.0,1.0,0.9999999403953552
arctic_embed_l_v2,Snowflake/snowflake-arctic-embed-l-v2.0,,en,situation,situation,negative,random,negative,centroid_phrases,feeling negative; feeling unpleasant; feeling bad,feeling negative; feeling unpleasant; feeling bad,neutral_centroid,neutral; ordinary; plain; average,situational,vocabulary,situational,2,0.48066025972366333,-0.126848042011261,False,False,False,0.44529213607311247,-0.10536521207541227,0.0,1.0,0.9999999403953552
arctic_embed_l_v2,Snowflake/snowflake-arctic-embed-l-v2.0,,en,situation,situation,negative,random,negative,centroid_phrases,feeling negative; feeling unpleasant; feeling bad,feeling negative; feeling unpleasant; feeling bad,neutral_centroid,neutral; ordinary; plain; average,status,vocabulary,status,3,0.46456122398376465,-0.08195821195840836,False,False,False,0.44529213607311247,-0.10536521207541227,0.0,1.0,0.9999999403953552
arctic_embed_l_v2,Snowflake/snowflake-arctic-embed-l-v2.0,,en,situation,situation,negative,random,negative,centroid_phrases,feeling negative; feeling unpleasant; feeling bad,feeling negative; feeling unpleasant; feeling bad,neutral_centroid,neutral; ordinary; plain; average,scenario,vocabulary,scenario,4,0.44447362422943115,-0.12959925830364227,False,False,False,0.44529213607311247,-0.10536521207541227,0.0,1.0,0.9999999403953552
arctic_embed_l_v2,Snowflake/snowflake-arctic-embed-l-v2.0,,en,situation,situation,negative,random,negative,centroid_phrases,feeling negative; feeling unpleasant; feeling bad,feeling negative; feeling unpleasant; feeling bad,neutral_centroid,neutral; ordinary; plain; average,incident,vocabulary,incident,5,0.4311618208885193,-0.1425313502550125,False,False,False,0.44529213607311247,-0.10536521207541227,0.0,1.0,0.9999999403953552
arctic_embed_l_v2,Snowflake/snowflake-arctic-embed-l-v2.0,,en,situation,situation,negative,random,negative,centroid_phrases,feeling negative; feeling unpleasant; feeling bad,feeling negative; feeling unpleasant; feeling bad,neutral_centroid,neutral; ordinary; plain; average,position,vocabulary,position,6,0.43068456649780273,-0.10721175372600555,False,False,False,0.44529213607311247,-0.10536521207541227,0.0,1.0,0.9999999403953552
arctic_embed_l_v2,Snowflake/snowflake-arctic-embed-l-v2.0,,en,situation,situation,negative,random,negative,centroid_phrases,feeling negative; feeling unpleasant; feeling bad,feeling negative; feeling unpleasant; feeling bad,neutral_centroid,neutral; ordinary; plain; average,circumstance,vocabulary,circumstance,7,0.42559897899627686,-0.14693787693977356,False,False,False,0.44529213607311247,-0.10536521207541227,0.0,1.0,0.9999999403953552
arctic_embed_l_v2,Snowflake/snowflake-arctic-embed-l-v2.0,,en,situation,situation,negative,random,negative,centroid_phrases,feeling negative; feeling unpleasant; feeling bad,feeling negative; feeling unpleasant; feeling bad,neutral_centroid,neutral; ordinary; plain; average,condition,vocabulary,condition,8,0.4220397472381592,-0.08748678863048553,False,False,False,0.44529213607311247,-0.10536521207541227,0.0,1.0,0.9999999403953552
arctic_embed_l_v2,Snowflake/snowflake-arctic-embed-l-v2.0,,en,situation,situation,negative,random,negative,centroid_phrases,feeling negative; feeling unpleasant; feeling bad,feeling negative; feeling unpleasant; feeling bad,neutral_centroid,neutral; ordinary; plain; average,circumstances,vocabulary,circumstances,9,0.4066043794155121,-0.08472564816474915,False,False,False,0.44529213607311247,-0.10536521207541227,0.0,1.0,0.9999999403953552
arctic_embed_l_v2,Snowflake/snowflake-arctic-embed-l-v2.0,,en,situation,situation,negative,random,negative,centroid_phrases,feeling negative; feeling unpleasant; feeling bad,feeling negative; feeling unpleasant; feeling bad,neutral_centroid,neutral; ordinary; plain; average,eventuality,vocabulary,eventuality,10,0.4008524417877197,-0.15247158706188202,False,False,False,0.44529213607311247,-0.10536521207541227,0.0,1.0,0.9999999403953552
arctic_embed_l_v2,Snowflake/snowflake-arctic-embed-l-v2.0,,en,situation,situation,negative,shuffled_emotion,sadness,centroid_phrases,feeling negative; feeling unpleasant; feeling bad,feeling sad; feeling sorrowful; feeling gloomy,neutral_centroid,neutral; ordinary; plain; average,situations,vocabulary,situations,1,0.5685664415359497,0.006118396297097206,False,False,False,0.44049606323242185,0.12343225870281457,0.0,1.0921324491500854,0.9999999403953552
arctic_embed_l_v2,Snowflake/snowflake-arctic-embed-l-v2.0,,en,situation,situation,negative,shuffled_emotion,sadness,centroid_phrases,feeling negative; feeling unpleasant; feeling bad,feeling sad; feeling sorrowful; feeling gloomy,neutral_centroid,neutral; ordinary; plain; average,feeling,vocabulary,feeling,2,0.5529385805130005,0.4165690839290619,False,False,False,0.44049606323242185,0.12343225870281457,0.0,1.0921324491500854,0.9999999403953552
arctic_embed_l_v2,Snowflake/snowflake-arctic-embed-l-v2.0,,en,situation,situation,negative,shuffled_emotion,sadness,centroid_phrases,feeling negative; feeling unpleasant; feeling bad,feeling sad; feeling sorrowful; feeling gloomy,neutral_centroid,neutral; ordinary; plain; average,feelings,vocabulary,feelings,3,0.4445193111896515,0.33054283261299133,False,False,False,0.44049606323242185,0.12343225870281457,0.0,1.0921324491500854,0.9999999403953552
arctic_embed_l_v2,Snowflake/snowflake-arctic-embed-l-v2.0,,en,situation,situation,negative,shuffled_emotion,sadness,centroid_phrases,feeling negative; feeling unpleasant; feeling bad,feeling sad; feeling sorrowful; feeling gloomy,neutral_centroid,neutral; ordinary; plain; average,sadness,vocabulary,sadness,4,0.4313216805458069,0.17744752764701843,False,False,False,0.44049606323242185,0.12343225870281457,0.0,1.0921324491500854,0.9999999403953552
arctic_embed_l_v2,Snowflake/snowflake-arctic-embed-l-v2.0,,en,situation,situation,negative,shuffled_emotion,sadness,centroid_phrases,feeling negative; feeling unpleasant; feeling bad,feeling sad; feeling sorrowful; feeling gloomy,neutral_centroid,neutral; ordinary; plain; average,status,vocabulary,status,5,0.41675782203674316,-0.08195821195840836,False,False,False,0.44049606323242185,0.12343225870281457,0.0,1.0921324491500854,0.9999999403953552
arctic_embed_l_v2,Snowflake/snowflake-arctic-embed-l-v2.0,,en,situation,situation,negative,shuffled_emotion,sadness,centroid_phrases,feeling negative; feeling unpleasant; feeling bad,feeling sad; feeling sorrowful; feeling gloomy,neutral_centroid,neutral; ordinary; plain; average,sentiment,vocabulary,sentiment,6,0.40745434165000916,0.12236172705888748,False,False,False,0.44049606323242185,0.12343225870281457,0.0,1.0921324491500854,0.9999999403953552
arctic_embed_l_v2,Snowflake/snowflake-arctic-embed-l-v2.0,,en,situation,situation,negative,shuffled_emotion,sadness,centroid_phrases,feeling negative; feeling unpleasant; feeling bad,feeling sad; feeling sorrowful; feeling gloomy,neutral_centroid,neutral; ordinary; plain; average,mood,vocabulary,mood,7,0.4016422927379608,0.13610929250717163,False,False,False,0.44049606323242185,0.12343225870281457,0.0,1.0921324491500854,0.9999999403953552
arctic_embed_l_v2,Snowflake/snowflake-arctic-embed-l-v2.0,,en,situation,situation,negative,shuffled_emotion,sadness,centroid_phrases,feeling negative; feeling unpleasant; feeling bad,feeling sad; feeling sorrowful; feeling gloomy,neutral_centroid,neutral; ordinary; plain; average,sad,vocabulary,sad,8,0.397095263004303,0.12069740891456604,False,False,False,0.44049606323242185,0.12343225870281457,0.0,1.0921324491500854,0.9999999403953552
arctic_embed_l_v2,Snowflake/snowflake-arctic-embed-l-v2.0,,en,situation,situation,negative,shuffled_emotion,sadness,centroid_phrases,feeling negative; feeling unpleasant; feeling bad,feeling sad; feeling sorrowful; feeling gloomy,neutral_centroid,neutral; ordinary; plain; average,sensation,vocabulary,sensation,9,0.39397984743118286,0.13328257203102112,False,False,False,0.44049606323242185,0.12343225870281457,0.0,1.0921324491500854,0.9999999403953552
arctic_embed_l_v2,Snowflake/snowflake-arctic-embed-l-v2.0,,en,situation,situation,negative,shuffled_emotion,sadness,centroid_phrases,feeling negative; feeling unpleasant; feeling bad,feeling sad; feeling sorrowful; feeling gloomy,neutral_centroid,neutral; ordinary; plain; average,situational,vocabulary,situational,10,0.3906850516796112,-0.126848042011261,False,False,False,0.44049606323242185,0.12343225870281457,0.0,1.0921324491500854,0.9999999403953552
