model,language,category,emotion,emotion_strategy,neutral_strategy,projection_emotion,projection_identity,projection_random,projection_shuffled_emotion,delta_emotion_minus_identity,delta_emotion_minus_random,delta_emotion_minus_shuffled
bielik_1_5b_v3,en,food,anger,centroid_phrases,neutral_centroid,0.03152397060766812,0.00964207462966441,0.01560277072712776,0.0333046561107039,0.02188189597800371,0.015921199880540363,-0.0017806855030357768
bielik_1_5b_v3,en,food,anger,centroid_words,neutral_centroid,-0.00783391045406458,-0.0164916785433888,-0.02244868464767929,-0.00997094558551905,0.008657768089324218,0.014614774193614708,0.0021370351314544695
bielik_1_5b_v3,en,food,anger,feeling_phrase,neutral_centroid,0.03410443607717747,0.00992119419388472,0.0168551322072744,0.03410443607717747,0.024183241883292746,0.017249303869903067,0.0
bielik_1_5b_v3,en,food,anger,single_word,neutral_centroid,-0.00318719497881829,-0.01726758950389918,-0.022042005322873547,-0.00798276397399603,0.01408039452508089,0.018854810344055256,0.004795568995177741
bielik_1_5b_v3,en,food,disgust,centroid_phrases,neutral_centroid,0.03498175460845228,0.009556601522490379,0.02108450634405014,0.035498210787773085,0.0254251530859619,0.01389724826440214,-0.0005164561793208067
bielik_1_5b_v3,en,food,disgust,centroid_words,neutral_centroid,0.01245266394689677,0.00162468627095224,0.0009563211584463702,0.013151265680789942,0.01082797767594453,0.0114963427884504,-0.000698601733893172
bielik_1_5b_v3,en,food,disgust,feeling_phrase,neutral_centroid,0.033015534095466106,0.007496602833271031,0.01867612004280088,0.033015534095466106,0.025518931262195076,0.014339414052665228,0.0
bielik_1_5b_v3,en,food,disgust,single_word,neutral_centroid,-0.0010030741337686798,-0.011245125764980879,-0.014124389225617009,-0.00026552798226475976,0.010242051631212199,0.013121315091848329,-0.00073754615150392
bielik_1_5b_v3,en,food,joy,centroid_phrases,neutral_centroid,0.04655105136334891,0.016588531620800477,0.03396061295643445,0.042479032836854405,0.029962519742548432,0.012590438406914463,0.004072018526494504
bielik_1_5b_v3,en,food,joy,centroid_words,neutral_centroid,-0.00334208225831389,-0.01848578667268155,-0.00983953154645858,-0.011588139552623021,0.015143704414367659,0.00649744928814469,0.00824605729430913
bielik_1_5b_v3,en,food,joy,feeling_phrase,neutral_centroid,0.04575781319290395,0.01569721857085824,0.031635085772722935,0.04575781319290395,0.03006059462204571,0.014122727420181017,0.0
bielik_1_5b_v3,en,food,joy,single_word,neutral_centroid,-0.02190347765572366,-0.04552668239921327,-0.03770830272696909,-0.02713212897069748,0.023623204743489612,0.015804825071245428,0.005228651314973819
bielik_1_5b_v3,en,food,sadness,centroid_phrases,neutral_centroid,0.04027973785996434,0.014124665316194298,0.02052851822227238,0.03674152698367831,0.02615507254377004,0.01975121963769196,0.00353821087628603
bielik_1_5b_v3,en,food,sadness,centroid_words,neutral_centroid,0.0043456398881971696,-0.00511449323967098,-0.007023522071540329,-0.00491714775562285,0.00946013312786815,0.011369161959737499,0.00926278764382002
bielik_1_5b_v3,en,food,sadness,feeling_phrase,neutral_centroid,0.02507401397451752,0.0035549413412809296,0.00866448283195493,0.02507401397451752,0.021519072633236592,0.01640953114256259,0.0
bielik_1_5b_v3,en,food,sadness,single_word,neutral_centroid,0.014171223016455731,0.00215351362712679,0.0029817633330821796,0.011518403980880939,0.012017709389328942,0.011189459683373551,0.002652819035574792
bielik_1_5b_v3,en,object,anger,centroid_phrases,neutral_centroid,0.056318178772926275,0.019325610576197482,0.03055225978605447,0.06055112741887565,0.03699256819672879,0.025765918986871805,-0.004232948645949378
bielik_1_5b_v3,en,object,anger,centroid_words,neutral_centroid,0.020426538866013248,0.014635728532448381,0.00898653287440535,0.020426538866013248,0.005790810333564867,0.011440005991607898,0.0
bielik_1_5b_v3,en,object,anger,feeling_phrase,neutral_centroid,0.05957867763936514,0.018376403441652627,0.02916134959086773,0.05554819665849203,0.04120227419771251,0.03041732804849741,0.004030480980873108
bielik_1_5b_v3,en,object,anger,single_word,neutral_centroid,0.0099553768523037,0.0012605757452547296,-0.0031772158574313,-0.0008283639792352898,0.00869480110704897,0.013132592709735,0.01078374083153899
bielik_1_5b_v3,en,object,disgust,centroid_phrases,neutral_centroid,0.05442755259573454,0.01164715210907161,0.025871054502204026,0.05442755259573454,0.04278040048666293,0.028556498093530516,0.0
bielik_1_5b_v3,en,object,disgust,centroid_words,neutral_centroid,0.0013258578488603101,-0.01097056826110929,-0.01362633421085773,-0.00246418847236782,0.0122964261099696,0.014952192059718039,0.00379004632122813
bielik_1_5b_v3,en,object,disgust,feeling_phrase,neutral_centroid,0.0570336807519197,0.01722027407959102,0.03057487588375804,0.06023314259946342,0.03981340667232869,0.026458804868161663,-0.0031994618475437164
bielik_1_5b_v3,en,object,disgust,single_word,neutral_centroid,0.0077750316355377005,-0.0005595873575657796,-0.0029595388099551098,0.00794533970765765,0.00833461899310348,0.01073457044549281,-0.00017030807211994986
bielik_1_5b_v3,en,object,joy,centroid_phrases,neutral_centroid,0.06747042611241336,0.01592728472314775,0.03132194513455032,0.060281440429389446,0.051543141389265607,0.03614848097786304,0.00718898568302391
bielik_1_5b_v3,en,object,joy,centroid_words,neutral_centroid,0.015779217751696682,0.0026085582096129502,-0.003829680895432849,0.008576650219038121,0.013170659542083732,0.01960889864712953,0.007202567532658561
bielik_1_5b_v3,en,object,joy,feeling_phrase,neutral_centroid,0.07491651400923724,0.015384742803871632,0.031890175770968185,0.06977436728775496,0.05953177120536561,0.043026338238269055,0.005142146721482277
bielik_1_5b_v3,en,object,joy,single_word,neutral_centroid,0.027943233586847728,0.01030106819234787,-0.0019883214961737396,0.01756154433824118,0.017642165394499858,0.029931555083021467,0.010381689248606548
bielik_1_5b_v3,en,object,sadness,centroid_phrases,neutral_centroid,0.06278549619019028,0.01560625806450842,0.01857972731813787,0.06278549619019028,0.04717923812568185,0.04420576887205241,0.0
bielik_1_5b_v3,en,object,sadness,centroid_words,neutral_centroid,0.02879209965467447,0.022121276520192572,0.02091445028781886,0.027022673189639978,0.006670823134481897,0.007877649366855609,0.001769426465034491
bielik_1_5b_v3,en,object,sadness,feeling_phrase,neutral_centroid,0.04839921742677685,0.01261470345780252,0.01619204827584324,0.052039279043674426,0.035784513968974335,0.03220716915093361,-0.0036400616168975747
bielik_1_5b_v3,en,object,sadness,single_word,neutral_centroid,0.03527196738868947,0.024583197198808148,0.029009907692670773,0.02381256213411684,0.010688770189881323,0.006262059696018698,0.01145940525457263
bielik_1_5b_v3,en,person,anger,centroid_phrases,neutral_centroid,0.0758023355156183,0.01576181128621102,0.02441682368516921,0.07271274887025353,0.060040524229407276,0.051385511830449086,0.003089586645364767
bielik_1_5b_v3,en,person,anger,centroid_words,neutral_centroid,0.014331734855659282,0.00155153900850563,-0.00251534201670438,0.00638313915114848,0.012780195847153652,0.016847076872363663,0.007948595704510801
bielik_1_5b_v3,en,person,anger,feeling_phrase,neutral_centroid,0.06898460648953911,0.01694523468613624,0.02311373278498649,0.06572467051446435,0.052039371803402866,0.04587087370455262,0.0032599359750747625
bielik_1_5b_v3,en,person,anger,single_word,neutral_centroid,0.01605367120355366,0.0017809305340051695,-0.0038454466499388005,0.004453844111412759,0.014272740669548489,0.019899117853492458,0.011599827092140899
bielik_1_5b_v3,en,person,disgust,centroid_phrases,neutral_centroid,0.07424879483878608,0.01422713156789541,0.01110899373888969,0.07424879483878608,0.06002166327089067,0.06313980109989639,0.0
bielik_1_5b_v3,en,person,disgust,centroid_words,neutral_centroid,0.01604620912112294,-0.00430880389176308,-0.0077263480518013,0.011132149863988161,0.02035501301288602,0.02377255717292424,0.004914059257134779
bielik_1_5b_v3,en,person,disgust,feeling_phrase,neutral_centroid,0.08250062242150302,0.02025219714269042,0.01611869232729078,0.07876062281429762,0.0622484252788126,0.06638193009421224,0.003739999607205405
bielik_1_5b_v3,en,person,disgust,single_word,neutral_centroid,0.02415522164665157,0.0023675540462136098,0.0007550273556262202,0.014377269195392691,0.02178766760043796,0.02340019429102535,0.009777952451258879
bielik_1_5b_v3,en,person,joy,centroid_phrases,neutral_centroid,0.08610620573163029,0.02401597313582897,0.02925879126414655,0.08892515338957305,0.06209023259580132,0.05684741446748374,-0.002818947657942758
bielik_1_5b_v3,en,person,joy,centroid_words,neutral_centroid,0.02753707170486448,0.00558993387967349,0.012633372284471988,0.01312755467370152,0.02194713782519099,0.014903699420392491,0.01440951703116296
bielik_1_5b_v3,en,person,joy,feeling_phrase,neutral_centroid,0.09337273538112636,0.025638758763670923,0.03070570128038525,0.08326521590352055,0.06773397661745545,0.06266703410074112,0.010107519477605811
bielik_1_5b_v3,en,person,joy,single_word,neutral_centroid,0.01656545721925792,0.00594128486700354,0.01088284985162315,0.01108490754850206,0.01062417235225438,0.005682607367634769,0.00548054967075586
bielik_1_5b_v3,en,person,sadness,centroid_phrases,neutral_centroid,0.0780160747468471,0.02034554127603769,0.030282234400510775,0.0780160747468471,0.057670533470809415,0.04773384034633633,0.0
bielik_1_5b_v3,en,person,sadness,centroid_words,neutral_centroid,0.014385143178515119,-0.0005147982214111845,0.011532970395637655,0.012323869921965486,0.014899941399926304,0.0028521727828774643,0.002061273256549633
bielik_1_5b_v3,en,person,sadness,feeling_phrase,neutral_centroid,0.0651140889152884,0.01887870244681833,0.027761109732091387,0.06779181417077776,0.04623538646847007,0.037352979183197015,-0.0026777252554893577
bielik_1_5b_v3,en,person,sadness,single_word,neutral_centroid,0.03740341591183093,0.01445984377060083,0.029637622297741462,0.02327431940939274,0.022943572141230103,0.00776579361408947,0.014129096502438192
bielik_1_5b_v3,en,place,anger,centroid_phrases,neutral_centroid,0.06537923011928794,0.03803233588114377,0.0512035289779305,0.06756618488579984,0.027346894238144168,0.014175701141357439,-0.0021869547665119005
bielik_1_5b_v3,en,place,anger,centroid_words,neutral_centroid,0.0017721973359584697,-0.0016638738103211003,0.0011240364052354998,0.00273189498111604,0.00343607114627957,0.0006481609307229699,-0.0009596976451575702
bielik_1_5b_v3,en,place,anger,feeling_phrase,neutral_centroid,0.05339138656854625,0.03422765238210554,0.04564109668135638,0.04660303993150588,0.019163734186440712,0.007750289887189871,0.0067883466370403725
bielik_1_5b_v3,en,place,anger,single_word,neutral_centroid,-0.00046078809536994025,-0.00949348607100546,-0.007136937370523811,-0.006817860202863811,0.009032697975635521,0.00667614927515387,0.006357072107493871
bielik_1_5b_v3,en,place,disgust,centroid_phrases,neutral_centroid,0.06510127056390043,0.037228443194180685,0.045067437458783347,0.06697351131588217,0.027872827369719744,0.020033833105117083,-0.001872240751981738
bielik_1_5b_v3,en,place,disgust,centroid_words,neutral_centroid,0.02428777860477563,0.014179722685366849,0.0185735194943845,0.02353327907621857,0.01010805591940878,0.00571425911039113,0.000754499528557058
bielik_1_5b_v3,en,place,disgust,feeling_phrase,neutral_centroid,0.05994770023971792,0.03429760350845751,0.0413738009985536,0.0614604419097304,0.02565009673126041,0.018573899241164316,-0.001512741670012481
bielik_1_5b_v3,en,place,disgust,single_word,neutral_centroid,0.01492129573598501,0.0049910174217075,0.00967369517311451,0.01542518930509682,0.009930278314277511,0.0052476005628705,-0.0005038935691118098
bielik_1_5b_v3,en,place,joy,centroid_phrases,neutral_centroid,0.07650764174759382,0.04419874036684629,0.04612907068803903,0.07272574044764037,0.03230890138074753,0.03037857105955479,0.003781901299953455
bielik_1_5b_v3,en,place,joy,centroid_words,neutral_centroid,0.02488104873336847,0.01616620263084766,0.017811567196622462,0.01933105201460417,0.00871484610252081,0.007069481536746008,0.0055499967187642996
bielik_1_5b_v3,en,place,joy,feeling_phrase,neutral_centroid,0.07746234331279987,0.04514444256201381,0.04743993217125531,0.06786012034863229,0.03231790075078606,0.03002241114154456,0.009602222964167587
bielik_1_5b_v3,en,place,joy,single_word,neutral_centroid,0.019558026269078217,0.0029933322221040496,0.0016640219837426996,0.012785240635275818,0.01656469404697417,0.017894004285335517,0.006772785633802399
bielik_1_5b_v3,en,place,sadness,centroid_phrases,neutral_centroid,0.06876979563385244,0.039484463445842236,0.04167919661849733,0.06569391582161184,0.029285332188010202,0.027090599015355106,0.003075879812240598
bielik_1_5b_v3,en,place,sadness,centroid_words,neutral_centroid,0.012871802458539588,0.00811616526916622,0.00804754467681049,0.01265107900835572,0.004755637189373368,0.004824257781729098,0.0002207234501838684
bielik_1_5b_v3,en,place,sadness,feeling_phrase,neutral_centroid,0.037259684782475176,0.02489042282104487,0.02603366337716575,0.04534992389380927,0.012369261961430306,0.011226021405309428,-0.008090239111334094
bielik_1_5b_v3,en,place,sadness,single_word,neutral_centroid,0.0137523502577096,0.01093208277598023,0.00931235454045235,0.014077447727322551,0.0028202674817293695,0.0044399957172572505,-0.00032509746961295084
bielik_1_5b_v3,en,situation,anger,centroid_phrases,neutral_centroid,0.06387649560347196,0.02374277939088641,0.01803488153964278,0.06515017524361608,0.040133716212585546,0.04584161406382918,-0.001273679640144118
bielik_1_5b_v3,en,situation,anger,centroid_words,neutral_centroid,-0.00031630939338357574,-0.015433347155339991,-0.015750549570657305,-0.01287742715794592,0.015117037761956414,0.015434240177273729,0.012561117764562344
bielik_1_5b_v3,en,situation,anger,feeling_phrase,neutral_centroid,0.05874272673390803,0.023546904651448108,0.01768221594393251,0.05135065591894087,0.035195822082459916,0.04106051078997552,0.007392070814967157
bielik_1_5b_v3,en,situation,anger,single_word,neutral_centroid,0.014720002794638249,-0.0070704571437090495,-0.0067703548353165305,-0.0044350565876811595,0.021790459938347297,0.021490357629954777,0.019155059382319407
bielik_1_5b_v3,en,situation,disgust,centroid_phrases,neutral_centroid,0.07162663820199663,0.025543742580339292,0.015333715965971339,0.0677052933722734,0.04608289562165734,0.05629292223602529,0.003921344829723228
bielik_1_5b_v3,en,situation,disgust,centroid_words,neutral_centroid,0.01376759773120283,-0.01027488419786093,-0.014048909652046821,0.00786381149664521,0.02404248192906376,0.02781650738324965,0.005903786234557621
bielik_1_5b_v3,en,situation,disgust,feeling_phrase,neutral_centroid,0.06371129034087057,0.024534600321203442,0.01594459693878888,0.06458640377968546,0.03917669001966713,0.04776669340208169,-0.000875113438814884
bielik_1_5b_v3,en,situation,disgust,single_word,neutral_centroid,0.01180305702146138,-0.00962979907635599,-0.010910250130109479,0.01201436126139011,0.021432856097817372,0.02271330715157086,-0.00021130423992873036
bielik_1_5b_v3,en,situation,joy,centroid_phrases,neutral_centroid,0.07310726605355736,0.02629352258518337,0.029972254205495107,0.06971771428361531,0.04681374346837398,0.043135011848062246,0.003389551769942045
bielik_1_5b_v3,en,situation,joy,centroid_words,neutral_centroid,0.00446301950141786,-0.011534095555543892,-0.01216173917055129,0.00330759319476782,0.01599711505696175,0.01662475867196915,0.0011554263066500398
bielik_1_5b_v3,en,situation,joy,feeling_phrase,neutral_centroid,0.07642723992466922,0.02942447895184158,0.03381049642339347,0.07016606833785768,0.04700276097282764,0.042616743501275756,0.00626117158681154
bielik_1_5b_v3,en,situation,joy,single_word,neutral_centroid,0.0078121172264218304,-0.01763306693173944,-0.01859519653953611,0.0007947502657771304,0.025445184158161268,0.02640731376595794,0.0070173669606447
bielik_1_5b_v3,en,situation,sadness,centroid_phrases,neutral_centroid,0.06671398449689145,0.02443939247168598,0.0278154818806797,0.06666576913557942,0.04227459202520547,0.03889850261621175,4.8215361312026195e-05
bielik_1_5b_v3,en,situation,sadness,centroid_words,neutral_centroid,-0.00487777870148422,-0.011587243899703021,-0.01472723754122853,-0.0019908816553652503,0.006709465198218801,0.00984945883974431,-0.0028868970461189696
bielik_1_5b_v3,en,situation,sadness,feeling_phrase,neutral_centroid,0.04133176803588863,0.017740995157510032,0.02020676173269747,0.048601517826318705,0.0235907728783786,0.02112500630319116,-0.0072697497904300745
bielik_1_5b_v3,en,situation,sadness,single_word,neutral_centroid,0.00594093077816066,0.0019181109964847398,-0.0002594044432044099,0.0023415810195728803,0.00402281978167592,0.00620033522136507,0.0035993497585877793
bielik_1_5b_v3,pl,food,anger,centroid_phrases,neutral_centroid,0.04538974892348045,0.024275569454766787,0.01896164598874746,0.04538974892348045,0.021114179468713665,0.02642810293473299,0.0
bielik_1_5b_v3,pl,food,anger,centroid_words,neutral_centroid,-0.00720736514776944,-0.009555614925920958,-0.01467077955603598,-0.00720736514776944,0.0023482497781515182,0.007463414408266539,0.0
bielik_1_5b_v3,pl,food,anger,feeling_phrase,neutral_centroid,0.04322256892919536,0.02341345128370445,0.017842565837781852,0.04322256892919536,0.019809117645490912,0.02538000309141351,0.0
bielik_1_5b_v3,pl,food,anger,single_word,neutral_centroid,-0.0015010361210442992,-0.00882629366824402,-0.0135091734700836,-0.008826293668244018,0.00732525754719972,0.012008137349039301,0.007325257547199719
bielik_1_5b_v3,pl,food,disgust,centroid_phrases,neutral_centroid,0.06133869849145408,0.031043676729313997,0.03307800560723988,0.05704725868999953,0.030295021762140086,0.028260692884214206,0.00429143980145455
bielik_1_5b_v3,pl,food,disgust,centroid_words,neutral_centroid,0.02063732438255096,0.01132871678564694,0.012411622074432641,0.01132871678564694,0.009308607596904021,0.00822570230811832,0.009308607596904021
bielik_1_5b_v3,pl,food,disgust,feeling_phrase,neutral_centroid,0.047654125280678215,0.02585817102808502,0.028484187577851077,0.04765412528067822,0.021795954252593196,0.019169937702827138,-6.938893903907228e-18
bielik_1_5b_v3,pl,food,disgust,single_word,neutral_centroid,0.023306262167170612,0.00938423299230634,0.0109174380544573,0.00938423299230634,0.013922029174864271,0.012388824112713312,0.013922029174864271
bielik_1_5b_v3,pl,food,joy,centroid_phrases,neutral_centroid,0.04441241472959513,0.02315801521763203,0.02053036552388219,0.04441241472959513,0.0212543995119631,0.023882049205712942,0.0
bielik_1_5b_v3,pl,food,joy,centroid_words,neutral_centroid,-0.0021137217991054045,-0.0021137217991054045,-0.002089056093245744,-0.0040596128907054605,0.0,-2.466570585966032e-05,0.001945891091600056
bielik_1_5b_v3,pl,food,joy,feeling_phrase,neutral_centroid,0.03953299466520544,0.02068432392552494,0.01821006312966347,0.03973295055329796,0.018848670739680502,0.02132293153554197,-0.00019995588809251785
bielik_1_5b_v3,pl,food,joy,single_word,neutral_centroid,-0.013133107335306649,-0.013133107335306649,-0.01197044013533736,-0.01438859927002335,0.0,-0.0011626671999692886,0.0012554919347167008
bielik_1_5b_v3,pl,food,sadness,centroid_phrases,neutral_centroid,0.04646412692964072,0.023785587423481008,0.02097711276728656,0.05016283951699729,0.022678539506159712,0.02548701416235416,-0.003698712587356573
bielik_1_5b_v3,pl,food,sadness,centroid_words,neutral_centroid,-0.01158245229162273,-0.01321161226369437,-0.015978912124410237,-0.01241875691339371,0.00162915997207164,0.0043964598327875075,0.0008363046217709797
bielik_1_5b_v3,pl,food,sadness,feeling_phrase,neutral_centroid,0.04428605530411001,0.02301133447326718,0.020519118371885258,0.04353280179202553,0.021274720830842832,0.023766936932224755,0.0007532535120844813
bielik_1_5b_v3,pl,food,sadness,single_word,neutral_centroid,-0.0075513368239626,-0.0075513368239626,-0.00972141472157088,-0.00780652442481366,0.0,0.0021700778976082805,0.00025518760085106035
bielik_1_5b_v3,pl,object,anger,centroid_phrases,neutral_centroid,0.06645743367262179,0.0042873965576291,-0.0016915996093302996,0.07499112025834616,0.062170037114992686,0.06814903328195208,-0.00853368658572437
bielik_1_5b_v3,pl,object,anger,centroid_words,neutral_centroid,0.024042393895797383,0.024042393895797383,0.02327155123930419,0.024042393895797383,0.0,0.0007708426564931939,0.0
bielik_1_5b_v3,pl,object,anger,feeling_phrase,neutral_centroid,0.05368669102899728,-0.0024189447518437796,-0.00823969640769061,0.05458999346010383,0.05610563578084106,0.06192638743668789,-0.0009033024311065549
bielik_1_5b_v3,pl,object,anger,single_word,neutral_centroid,0.02092365550342943,0.02092365550342943,0.02244750333484258,0.02092365550342943,0.0,-0.001523847831413152,0.0
bielik_1_5b_v3,pl,object,disgust,centroid_phrases,neutral_centroid,0.08517060689628121,-0.0032016340643167404,0.00036010872572661936,0.0667595173232257,0.08837224096059795,0.0848104981705546,0.01841108957305551
bielik_1_5b_v3,pl,object,disgust,centroid_words,neutral_centroid,0.018001630436629022,0.00627605505287646,0.00800297595560549,0.00800297595560549,0.011725575383752563,0.009998654481023533,0.009998654481023533
bielik_1_5b_v3,pl,object,disgust,feeling_phrase,neutral_centroid,0.05554771963506935,-0.00908232820220288,-0.00684296307153996,0.04621892068535089,0.06463004783727222,0.06239068270660931,0.009328798949718456
bielik_1_5b_v3,pl,object,disgust,single_word,neutral_centroid,0.0015167474746704205,-0.006929254019632911,-0.009624361526221011,-0.006929254019632909,0.00844600149430333,0.01114110900089143,0.008446001494303329
bielik_1_5b_v3,pl,object,joy,centroid_phrases,neutral_centroid,0.06521473177708684,0.0024613135028630695,0.0005039379466325293,0.06521473177708684,0.06275341827422377,0.0647107938304543,0.0
bielik_1_5b_v3,pl,object,joy,centroid_words,neutral_centroid,0.020325719751417608,0.018274072557687728,0.01596223879605528,0.018274072557687728,0.0020516471937298796,0.004363480955362327,0.0020516471937298796
bielik_1_5b_v3,pl,object,joy,feeling_phrase,neutral_centroid,0.06067858231253918,0.0026211854536086396,0.00025952910073103006,0.057549032988026695,0.058057396858930535,0.06041905321180815,0.0031295493245124817
bielik_1_5b_v3,pl,object,joy,single_word,neutral_centroid,0.020116239530034323,0.020116239530034323,0.01775764424819495,0.020116239530034323,0.0,0.002358595281839373,0.0
bielik_1_5b_v3,pl,object,sadness,centroid_phrases,neutral_centroid,0.0735629674978554,0.00108099323697389,0.004437594558112319,0.07989665130153296,0.07248197426088152,0.06912537293974308,-0.006333683803677562
bielik_1_5b_v3,pl,object,sadness,centroid_words,neutral_centroid,0.01188069069758054,0.01188069069758054,0.01280334126204249,0.013804433401674,0.0,-0.00092265056446195,-0.0019237427040934597
bielik_1_5b_v3,pl,object,sadness,feeling_phrase,neutral_centroid,0.058472034311853306,-0.0008839385816827299,0.00179547893349083,0.06673590918071565,0.05935597289353604,0.05667655537836248,-0.00826387486886234
bielik_1_5b_v3,pl,object,sadness,single_word,neutral_centroid,-0.0009130844613537198,-0.0009130844613537195,-0.00016729317139833975,-0.00011599145364016953,-2.168404344971009e-19,-0.00074579128995538,-0.0007970930077135502
bielik_1_5b_v3,pl,person,anger,centroid_phrases,neutral_centroid,0.05628813719376916,-0.0015888466499746003,0.004160998109728082,0.0660807254724204,0.05787698384374376,0.05212713908404108,-0.009792588278651239
bielik_1_5b_v3,pl,person,anger,centroid_words,neutral_centroid,0.0019826889270916507,-0.00587247197981923,-0.01257943611126391,0.00229853580240159,0.00785516090691088,0.01456212503835556,-0.0003158468753099394
bielik_1_5b_v3,pl,person,anger,feeling_phrase,neutral_centroid,0.054135186504572594,0.0062356949318200195,0.01031955485232173,0.0681699509732425,0.04789949157275258,0.043815631652250865,-0.0140347644686699
bielik_1_5b_v3,pl,person,anger,single_word,neutral_centroid,0.01818073382601138,0.01362141976132986,0.0030270555056631397,0.019000455271452617,0.004559314064681519,0.015153678320348238,-0.0008197214454412384
bielik_1_5b_v3,pl,person,disgust,centroid_phrases,neutral_centroid,0.08035647596698249,0.00231525439303367,0.00936182129662481,0.0636364448582753,0.07804122157394883,0.07099465467035768,0.016720031108707192
bielik_1_5b_v3,pl,person,disgust,centroid_words,neutral_centroid,0.02288104536710305,-0.00505151931429282,-0.00220255363965408,0.00942115344805643,0.02793256468139587,0.025083599006757128,0.013459891919046618
bielik_1_5b_v3,pl,person,disgust,feeling_phrase,neutral_centroid,0.05892999221105124,0.0060207032831385504,0.01119183276314285,0.0539187682094052,0.05290928892791269,0.04773815944790839,0.005011224001646039
bielik_1_5b_v3,pl,person,disgust,single_word,neutral_centroid,0.02454412579536434,0.01170545995701102,0.010262029175646581,0.01844284357503052,0.01283866583835332,0.014282096619717759,0.00610128222033382
bielik_1_5b_v3,pl,person,joy,centroid_phrases,neutral_centroid,0.05444127982482309,-0.0028920188546180995,-0.007264739088714139,0.05444127982482309,0.05733329867944119,0.061706018913537226,0.0
bielik_1_5b_v3,pl,person,joy,centroid_words,neutral_centroid,0.00771447950974107,-0.005926250945776679,-0.00444230940192936,-0.0040369314607232604,0.013640730455517749,0.01215678891167043,0.01175141097046433
bielik_1_5b_v3,pl,person,joy,feeling_phrase,neutral_centroid,0.04414575744885949,-0.010574587318114921,-0.01390009771566835,0.03861150622833518,0.05472034476697441,0.05804585516452784,0.005534251220524311
bielik_1_5b_v3,pl,person,joy,single_word,neutral_centroid,-0.005231789709068841,-0.021021355153061437,-0.017652584076859053,-0.017652584076859053,0.015789565443992598,0.012420794367790212,0.012420794367790212
bielik_1_5b_v3,pl,person,sadness,centroid_phrases,neutral_centroid,0.07084503611549729,0.0019490185193717293,0.00194901851937173,0.0765849325805902,0.06889601759612557,0.06889601759612557,-0.005739896465092903
bielik_1_5b_v3,pl,person,sadness,centroid_words,neutral_centroid,0.011447054333984831,-0.0006751209497451799,-0.0006751209497451799,0.01515898846555499,0.01212217528373001,0.01212217528373001,-0.0037119341315701593
bielik_1_5b_v3,pl,person,sadness,feeling_phrase,neutral_centroid,0.06628457382321354,0.0013853091746568397,0.0013853091746568401,0.05694368779659267,0.06489926464855669,0.06489926464855669,0.009340886026620872
bielik_1_5b_v3,pl,person,sadness,single_word,neutral_centroid,0.007073485758155551,-0.0047297333367169,-0.0047297333367169,0.00396007467061279,0.01180321909487245,0.01180321909487245,0.003113411087542761
bielik_1_5b_v3,pl,place,anger,centroid_phrases,neutral_centroid,0.03313906476832924,0.00770608377642929,0.01312396808061747,0.03313906476832924,0.025432980991899952,0.020015096687711773,0.0
bielik_1_5b_v3,pl,place,anger,centroid_words,neutral_centroid,0.019717877311632,0.0114014826249331,0.01046532690525052,0.01638040724210438,0.0083163946866989,0.009252550406381479,0.0033374700695276184
bielik_1_5b_v3,pl,place,anger,feeling_phrase,neutral_centroid,0.033583541400730575,0.00997765846550463,0.011798798572272052,0.033583541400730575,0.023605882935225947,0.021784742828458523,0.0
bielik_1_5b_v3,pl,place,anger,single_word,neutral_centroid,0.028296943427994804,0.023481406690552792,0.013445952022448148,0.02466309661976989,0.0048155367374420124,0.014850991405546656,0.0036338468082249137
bielik_1_5b_v3,pl,place,disgust,centroid_phrases,neutral_centroid,0.047542101284489,0.008038647077046329,0.00717640498187392,0.036352712986990776,0.03950345420744267,0.04036569630261508,0.011189388297498222
bielik_1_5b_v3,pl,place,disgust,centroid_words,neutral_centroid,0.020050828671082828,-0.0002189407590776604,0.0012910904828458997,6.837551482022989e-05,0.020269769430160487,0.018759738188236928,0.019982453156262597
bielik_1_5b_v3,pl,place,disgust,feeling_phrase,neutral_centroid,0.044569197017699444,0.013081782031804328,0.01256504850462079,0.03558832826092837,0.031487414985895114,0.03200414851307865,0.008980868756771072
bielik_1_5b_v3,pl,place,disgust,single_word,neutral_centroid,0.026150696538388703,0.013258857466280461,0.01632190765812993,0.0138636201620102,0.012891839072108242,0.009828788880258774,0.012287076376378502
bielik_1_5b_v3,pl,place,joy,centroid_phrases,neutral_centroid,0.02516595143824814,0.00050524128600955,0.0068053063936531506,0.02516595143824814,0.024660710152238592,0.01836064504459499,0.0
bielik_1_5b_v3,pl,place,joy,centroid_words,neutral_centroid,-0.01288788085803388,-0.01657137242145834,-0.01508653168566522,-0.01269762488082051,0.003683491563424462,0.00219865082763134,-0.00019025597721336954
bielik_1_5b_v3,pl,place,joy,feeling_phrase,neutral_centroid,0.022220757044851748,-0.00043430868536234007,0.005107551254332069,0.022220757044851748,0.02265506573021409,0.017113205790519677,0.0
bielik_1_5b_v3,pl,place,joy,single_word,neutral_centroid,-0.00868475483730433,-0.015064577851444449,-0.01521251806989308,-0.013405536580830778,0.006379823014140119,0.006527763232588751,0.004720781743526449
bielik_1_5b_v3,pl,place,sadness,centroid_phrases,neutral_centroid,0.03463415866717695,0.00877866884693504,0.01738293590024114,0.043669520784169406,0.02585548982024191,0.01725122276693581,-0.009035362116992456
bielik_1_5b_v3,pl,place,sadness,centroid_words,neutral_centroid,0.004403417417779549,0.0014574449509382203,0.00048127984628081044,0.00912881176918742,0.0029459724668413293,0.003922137571498739,-0.00472539435140787
bielik_1_5b_v3,pl,place,sadness,feeling_phrase,neutral_centroid,0.034786352049559335,0.010757139790803179,0.01745573887601494,0.0408283778466284,0.024029212258756157,0.017330613173544396,-0.006042025797069063
bielik_1_5b_v3,pl,place,sadness,single_word,neutral_centroid,0.00761525854468347,0.00384129472076895,-0.0004365596920251503,0.0029928144998848704,0.00377396382391452,0.00805181823670862,0.0046224440447986
bielik_1_5b_v3,pl,situation,anger,centroid_phrases,neutral_centroid,0.055567295756190994,0.006460689660161731,0.01964606791734695,0.055567295756190994,0.049106606096029265,0.03592122783884404,0.0
bielik_1_5b_v3,pl,situation,anger,centroid_words,neutral_centroid,0.00464091924950481,-0.018964140117168387,-0.012215709965676039,0.00464091924950481,0.023605059366673196,0.01685662921518085,0.0
bielik_1_5b_v3,pl,situation,anger,feeling_phrase,neutral_centroid,0.0533917860127985,0.01017366168089211,0.02228052164427934,0.05665374137461181,0.04321812433190639,0.031111264368519163,-0.0032619553618133054
bielik_1_5b_v3,pl,situation,anger,single_word,neutral_centroid,0.01570133208297188,-0.007997030997648851,-0.0034740077797323805,0.00463196053169664,0.023698363080620732,0.019175339862704262,0.011069371551275242
bielik_1_5b_v3,pl,situation,disgust,centroid_phrases,neutral_centroid,0.07356171212159093,0.018387299170717568,0.01838729917071757,0.06934164627455172,0.055174412950873365,0.05517441295087336,0.004220065847039212
bielik_1_5b_v3,pl,situation,disgust,centroid_words,neutral_centroid,0.022404791973531242,0.0016702415421605305,0.0016702415421605305,0.018003095313906658,0.02073455043137071,0.02073455043137071,0.004401696659624584
bielik_1_5b_v3,pl,situation,disgust,feeling_phrase,neutral_centroid,0.06432481787633146,0.019421287276782072,0.019421287276782072,0.06432481787633146,0.044903530599549386,0.044903530599549386,0.0
bielik_1_5b_v3,pl,situation,disgust,single_word,neutral_centroid,0.023656998970545788,0.00872497709933667,0.00872497709933667,0.01822429450694469,0.014932021871209119,0.014932021871209119,0.0054327044636010985
bielik_1_5b_v3,pl,situation,joy,centroid_phrases,neutral_centroid,0.060448700119741225,0.011031816457398206,0.023681073565967357,0.060448700119741225,0.04941688366234302,0.03676762655377387,0.0
bielik_1_5b_v3,pl,situation,joy,centroid_words,neutral_centroid,0.0034918158082291395,-0.01684495892841367,-0.010153347929008301,0.003850518981926139,0.020336774736642808,0.01364516373723744,-0.00035870317369699964
bielik_1_5b_v3,pl,situation,joy,feeling_phrase,neutral_centroid,0.05259670829400418,0.0014633784536272456,0.012941705854609607,0.047781900642439694,0.05113332984037693,0.03965500243939457,0.004814807651564487
bielik_1_5b_v3,pl,situation,joy,single_word,neutral_centroid,-0.00821774951182307,-0.02763680629432198,-0.024883789755403972,-0.004401026526466021,0.01941905678249891,0.016666040243580902,-0.0038167229853570492
bielik_1_5b_v3,pl,situation,sadness,centroid_phrases,neutral_centroid,0.06320347823202607,0.01397380721755325,0.01644575293175876,0.06695356443524357,0.04922967101447282,0.04675772530026731,-0.003750086203217498
bielik_1_5b_v3,pl,situation,sadness,centroid_words,neutral_centroid,0.010121013643220055,-0.011812973720952843,-0.005608755676075804,0.008216043584980065,0.0219339873641729,0.015729769319295858,0.0019049700582399898
bielik_1_5b_v3,pl,situation,sadness,feeling_phrase,neutral_centroid,0.059658947680145444,0.01012609074823557,0.012013261625543229,0.059658947680145444,0.049532856931909876,0.04764568605460222,0.0
bielik_1_5b_v3,pl,situation,sadness,single_word,neutral_centroid,-0.0014723505359142811,-0.01658815857954321,-0.01184591981582341,0.0007678345777094593,0.01511580804362893,0.01037356927990913,-0.00224018511362374
bielik_1_5b_v3,zh,food,anger,centroid_phrases,neutral_centroid,0.05831007016822694,-0.006300408486276851,-0.006300408486276851,0.044691239483654485,0.06461047865450378,0.06461047865450378,0.013618830684572453
bielik_1_5b_v3,zh,food,anger,centroid_words,neutral_centroid,-0.03653181232511995,-0.07184339985251424,-0.07184339985251424,-0.0653184778988361,0.03531158752739429,0.03531158752739429,0.028786665573716154
bielik_1_5b_v3,zh,food,anger,feeling_phrase,neutral_centroid,0.033808301715180275,-0.018231511162593927,-0.018231511162593927,0.02671989188529551,0.052039812877774205,0.052039812877774205,0.0070884098298847655
bielik_1_5b_v3,zh,food,anger,single_word,neutral_centroid,-0.051056981459259944,-0.06852194070816034,-0.06852194070816034,-0.05742721743881697,0.017464959248900395,0.017464959248900395,0.006370235979557028
bielik_1_5b_v3,zh,food,disgust,centroid_phrases,neutral_centroid,0.08356840088963503,0.015832834690809244,0.015832834690809244,0.07004979550838467,0.06773556619882579,0.06773556619882579,0.013518605381250368
bielik_1_5b_v3,zh,food,disgust,centroid_words,neutral_centroid,-0.020650524552911477,-0.0334030707366764,-0.0334030707366764,-0.02387248920276757,0.012752546183764923,0.012752546183764923,0.0032219646498560933
bielik_1_5b_v3,zh,food,disgust,feeling_phrase,neutral_centroid,0.1048260603100061,0.03694414477795362,0.03694414477795362,0.09403797108680005,0.06788191553205247,0.06788191553205247,0.010788089223206052
bielik_1_5b_v3,zh,food,disgust,single_word,neutral_centroid,0.02735058269463478,0.011861480353400108,0.01186148035340011,0.01911136093549429,0.01548910234123467,0.015489102341234668,0.008239221759140488
bielik_1_5b_v3,zh,food,joy,centroid_phrases,neutral_centroid,0.07066149469465013,0.018714153580367567,0.013636164553463458,0.07590028997510669,0.051947341114282564,0.05702533014118667,-0.005238795280456551
bielik_1_5b_v3,zh,food,joy,centroid_words,neutral_centroid,-0.02557778558693824,-0.034550780570134484,-0.03890972840599713,-0.04205528604798015,0.008972994983196245,0.01333194281905889,0.016477500461041912
bielik_1_5b_v3,zh,food,joy,feeling_phrase,neutral_centroid,0.0644221050664782,0.011895397491753109,0.00863316375762225,0.060341661423444715,0.05252670757472509,0.055788941308855956,0.004080443643033491
bielik_1_5b_v3,zh,food,joy,single_word,neutral_centroid,-0.0454259185120463,-0.060360525548458055,-0.06377464383840556,-0.07467091754078861,0.014934607036411758,0.018348725326359262,0.029244999028742315
bielik_1_5b_v3,zh,food,sadness,centroid_phrases,neutral_centroid,0.049009517394006205,-0.0039935065433383,0.009186691604554641,0.05750520359724755,0.053003023937344504,0.039822825789451566,-0.008495686203241343
bielik_1_5b_v3,zh,food,sadness,centroid_words,neutral_centroid,-0.10281732156872744,-0.10524881556630131,-0.10548050180077548,-0.11115780696272845,0.0024314939975738636,0.0026631802320480347,0.008340485394001007
bielik_1_5b_v3,zh,food,sadness,feeling_phrase,neutral_centroid,0.06961461938917632,0.014334315806627279,0.03256242498755455,0.0820903249084949,0.05528030358254904,0.03705219440162177,-0.012475705519318578
bielik_1_5b_v3,zh,food,sadness,single_word,neutral_centroid,-0.013803651137277462,-0.03733281367458398,-0.02390418793074783,-0.040607728343456925,0.023529162537306518,0.010100536793470368,0.026804077206179465
bielik_1_5b_v3,zh,object,anger,centroid_phrases,neutral_centroid,0.08771438524127004,0.03253021836280822,0.03328638672828673,0.08254164084792134,0.05518416687846182,0.05442799851298331,0.005172744393348694
bielik_1_5b_v3,zh,object,anger,centroid_words,neutral_centroid,0.06323336865752932,0.02572185774333774,0.02487363424152135,0.02764969654381273,0.03751151091419158,0.03835973441600797,0.03558367211371659
bielik_1_5b_v3,zh,object,anger,feeling_phrase,neutral_centroid,0.06851106476970015,0.02875523581169545,0.02682851492427289,0.06396921095438299,0.039755828958004696,0.041682549845427255,0.0045418538153171595
bielik_1_5b_v3,zh,object,anger,single_word,neutral_centroid,0.03471613929141311,0.020187400956638152,0.015519839595071949,0.031629570131190096,0.014528738334774957,0.01919629969634116,0.0030865691602230128
bielik_1_5b_v3,zh,object,disgust,centroid_phrases,neutral_centroid,0.07646750700660047,0.027448516385629763,0.022294735955074422,0.06952964500524103,0.04901899062097071,0.054172771051526056,0.006937862001359443
bielik_1_5b_v3,zh,object,disgust,centroid_words,neutral_centroid,0.02109935982152818,0.01631339890882372,0.01466994034126401,0.01979582561179994,0.0047859609127044594,0.006429419480264171,0.0013035342097282403
bielik_1_5b_v3,zh,object,disgust,feeling_phrase,neutral_centroid,0.1079589510336518,0.03727017007768152,0.03188148960471151,0.07574029657989738,0.07068878095597028,0.07607746142894029,0.03221865445375442
bielik_1_5b_v3,zh,object,disgust,single_word,neutral_centroid,0.03454859070479867,0.03412683382630345,0.03279254809021946,0.01991532072424886,0.00042175687849521637,0.0017560426145792063,0.014633269980549809
bielik_1_5b_v3,zh,object,joy,centroid_phrases,neutral_centroid,0.05954764739144595,0.013584560272283877,0.016394751635380116,0.05683336809743197,0.04596308711916207,0.04315289575606583,0.00271427929401398
bielik_1_5b_v3,zh,object,joy,centroid_words,neutral_centroid,-0.01286273915320633,-0.01793370600789784,-0.01635630931705235,-0.02377864420413969,0.00507096685469151,0.0034935701638460197,0.01091590505093336
bielik_1_5b_v3,zh,object,joy,feeling_phrase,neutral_centroid,0.0492651963373646,0.01450518274214119,0.015572374104522169,0.05102928893174974,0.034760013595223405,0.03369282223284243,-0.0017640925943851402
bielik_1_5b_v3,zh,object,joy,single_word,neutral_centroid,-0.0005277859047054994,-0.02380793560296294,-0.024903320707380737,-0.032128195837140064,0.023280149698257438,0.024375534802675236,0.03160040993243456
bielik_1_5b_v3,zh,object,sadness,centroid_phrases,neutral_centroid,0.07286644154228268,0.02912650355137885,0.024119562702253468,0.074894179450348,0.04373993799090383,0.04874687884002921,-0.002027737908065319
bielik_1_5b_v3,zh,object,sadness,centroid_words,neutral_centroid,0.029077294142916748,0.02150460560806092,0.021374835120514003,0.01952409376390275,0.007572688534855827,0.007702459022402745,0.009553200379013999
bielik_1_5b_v3,zh,object,sadness,feeling_phrase,neutral_centroid,0.06946565581019963,0.03021627583075312,0.022819461510516677,0.09435842928942288,0.03924937997944651,0.046646194299682954,-0.02489277347922325
bielik_1_5b_v3,zh,object,sadness,single_word,neutral_centroid,0.04334166916087266,0.02694388804957269,0.020591629762202503,0.030935653019696453,0.016397781111299973,0.02275003939867016,0.012406016141176208
bielik_1_5b_v3,zh,person,anger,centroid_phrases,neutral_centroid,0.2662456899881363,0.18064360767602916,0.18974398821592328,0.2330392628908157,0.08560208231210714,0.07650170177221302,0.03320642709732061
bielik_1_5b_v3,zh,person,anger,centroid_words,neutral_centroid,0.10119933513924476,0.0874358206056058,0.08661063155159351,0.08028422137722369,0.013763514533638957,0.014588703587651242,0.02091511376202107
bielik_1_5b_v3,zh,person,anger,feeling_phrase,neutral_centroid,0.19986095055937764,0.13499677851796146,0.14739959016442294,0.18472775891423224,0.06486417204141617,0.05246136039495469,0.0151331916451454
bielik_1_5b_v3,zh,person,anger,single_word,neutral_centroid,0.06822714859154069,0.02900044431444254,0.03770525900181379,0.04024662019219245,0.03922670427709815,0.030521889589726903,0.02798052839934824
bielik_1_5b_v3,zh,person,disgust,centroid_phrases,neutral_centroid,0.26779562830924986,0.17740025222301478,0.17740025222301478,0.25287289321422574,0.09039537608623507,0.09039537608623507,0.01492273509502412
bielik_1_5b_v3,zh,person,disgust,centroid_words,neutral_centroid,0.08237569686025378,0.07017398606985804,0.07017398606985804,0.08352810721844431,0.01220171079039574,0.01220171079039574,-0.0011524103581905254
bielik_1_5b_v3,zh,person,disgust,feeling_phrase,neutral_centroid,0.2839730091392994,0.19160329028964038,0.19160329028964038,0.24953202977776523,0.09236971884965903,0.09236971884965903,0.034440979361534174
bielik_1_5b_v3,zh,person,disgust,single_word,neutral_centroid,0.1421221166849136,0.1108720056712627,0.1108720056712627,0.12021742910146709,0.0312501110136509,0.0312501110136509,0.021904687583446505
bielik_1_5b_v3,zh,person,joy,centroid_phrases,neutral_centroid,0.2705683514475822,0.18296620845794673,0.18296620845794673,0.28080317527055737,0.08760214298963545,0.08760214298963545,-0.010234823822975192
bielik_1_5b_v3,zh,person,joy,centroid_words,neutral_centroid,0.07527476623654362,0.04513636529445645,0.04513636529445645,0.050714907981455296,0.030138400942087175,0.030138400942087175,0.02455985825508833
bielik_1_5b_v3,zh,person,joy,feeling_phrase,neutral_centroid,0.2130548976361751,0.13651986718177792,0.13651986718177792,0.19736834391951558,0.07653503045439719,0.07653503045439719,0.01568655371665953
bielik_1_5b_v3,zh,person,joy,single_word,neutral_centroid,-0.0167858657427132,-0.04758551390841601,-0.04758551390841601,-0.05185118438675999,0.03079964816570281,0.03079964816570281,0.035065318644046786
bielik_1_5b_v3,zh,person,sadness,centroid_phrases,neutral_centroid,0.23016933649778365,0.16458720564842222,0.16458720564842222,0.2488430306315422,0.06558213084936143,0.06558213084936143,-0.01867369413375855
bielik_1_5b_v3,zh,person,sadness,centroid_words,neutral_centroid,0.01593928970396518,0.007917345687747001,0.007917345687747001,0.0206044603139162,0.00802194401621818,0.00802194401621818,-0.00466517060995102
bielik_1_5b_v3,zh,person,sadness,feeling_phrase,neutral_centroid,0.2183552324771881,0.14754987284541127,0.14754987284541127,0.23258984088897705,0.07080535963177684,0.07080535963177684,-0.014234608411788946
bielik_1_5b_v3,zh,person,sadness,single_word,neutral_centroid,0.02268983824178577,0.00282445801422001,0.0028244580142200103,0.005533391283825059,0.01986538022756576,0.01986538022756576,0.01715644695796071
bielik_1_5b_v3,zh,place,anger,centroid_phrases,neutral_centroid,0.062431233888491956,0.015318557713180761,-0.0006379957310855486,0.06081219292245801,0.047112676175311195,0.0630692296195775,0.0016190409660339494
bielik_1_5b_v3,zh,place,anger,centroid_words,neutral_centroid,0.012642753636464499,-0.00488605112768707,-0.01791694373823699,0.0042982960352674305,0.01752880476415157,0.03055969737470149,0.008344457601197067
bielik_1_5b_v3,zh,place,anger,feeling_phrase,neutral_centroid,0.037333072116598434,0.00925841047428545,-0.004562800237908981,0.04303809278644617,0.028074661642312985,0.04189587235450742,-0.005705020669847738
bielik_1_5b_v3,zh,place,anger,single_word,neutral_centroid,0.003447734937071801,-0.00846211984753608,-0.018619312252849317,0.0034477349370718004,0.011909854784607881,0.022067047189921116,4.336808689942018e-19
bielik_1_5b_v3,zh,place,disgust,centroid_phrases,neutral_centroid,0.06900348248891527,0.01453375327400861,0.002226273668929932,0.06900348248891527,0.05446972921490666,0.06677720881998535,0.0
bielik_1_5b_v3,zh,place,disgust,centroid_words,neutral_centroid,-0.00904004173353314,-0.0191469914279878,-0.022312179580330837,-0.01220522988587618,0.010106949694454661,0.013272137846797698,0.0031651881523430403
bielik_1_5b_v3,zh,place,disgust,feeling_phrase,neutral_centroid,0.09217455275356765,0.019814256764948367,0.00806077010929585,0.07808844335377212,0.07236029598861927,0.0841137826442718,0.01408610939979553
bielik_1_5b_v3,zh,place,disgust,single_word,neutral_centroid,0.01192165352404118,-0.002051586285233481,-0.00395713625475763,0.006960748601704839,0.01397323980927466,0.015878789778798807,0.0049609049223363405
bielik_1_5b_v3,zh,place,joy,centroid_phrases,neutral_centroid,0.07776852278038855,0.018981137126684162,0.018981137126684155,0.06743876086547966,0.058787385653704394,0.058787385653704394,0.010329761914908892
bielik_1_5b_v3,zh,place,joy,centroid_words,neutral_centroid,0.0015486069023609196,-0.0174579285085201,-0.0174579285085201,-0.02201813403517004,0.019006535410881018,0.019006535410881018,0.02356674093753096
bielik_1_5b_v3,zh,place,joy,feeling_phrase,neutral_centroid,0.08386357212439174,0.028912303689867254,0.028912303689867254,0.06211195634678003,0.05495126843452449,0.05495126843452449,0.021751615777611713
bielik_1_5b_v3,zh,place,joy,single_word,neutral_centroid,0.041633002087473836,0.005184857919812212,0.005184857919812211,0.0013748280704021607,0.03644814416766162,0.03644814416766162,0.04025817401707168
bielik_1_5b_v3,zh,place,sadness,centroid_phrases,neutral_centroid,0.07229043785482642,0.02617102777585385,0.03308695154264567,0.07788878995925184,0.046119410078972564,0.03920348631218075,-0.0055983521044254275
bielik_1_5b_v3,zh,place,sadness,centroid_words,neutral_centroid,0.03312349077314137,0.018071640236303206,0.007114183064550181,0.02000650675036012,0.015051850536838163,0.026009307708591188,0.013116984022781247
bielik_1_5b_v3,zh,place,sadness,feeling_phrase,neutral_centroid,0.0774641796946525,0.032977535203099206,0.037395437434315636,0.08892267122864717,0.04448664449155329,0.04006874226033686,-0.011458491533994669
bielik_1_5b_v3,zh,place,sadness,single_word,neutral_centroid,0.058977781608700694,0.047939574625343026,0.03694643927738066,0.03991100741550322,0.011038206983357668,0.022031342331320036,0.019066774193197474
bielik_1_5b_v3,zh,situation,anger,centroid_phrases,neutral_centroid,0.0525534871034324,-0.045609237719327185,-0.03960373485460875,0.04156374325975774,0.09816272482275959,0.09215722195804116,0.010989743843674654
bielik_1_5b_v3,zh,situation,anger,centroid_words,neutral_centroid,-0.016870620474219312,-0.03897408908233044,-0.0371035757474601,-0.02996233236044644,0.022103468608111125,0.020232955273240788,0.013091711886227129
bielik_1_5b_v3,zh,situation,anger,feeling_phrase,neutral_centroid,0.02019521016627549,-0.05314383246004578,-0.04514050446450707,0.007077218126505619,0.07333904262632127,0.06533571463078255,0.013117992039769873
bielik_1_5b_v3,zh,situation,anger,single_word,neutral_centroid,-0.03906434020027515,-0.059138420969247776,-0.054490743577480294,-0.05443572551012036,0.02007408076897263,0.015426403377205147,0.015371385309845213
bielik_1_5b_v3,zh,situation,disgust,centroid_phrases,neutral_centroid,0.05977373081259426,-0.0402800251264125,-0.06666103210300205,0.05239603775553402,0.10005375593900676,0.1264347629155963,0.007377693057060243
bielik_1_5b_v3,zh,situation,disgust,centroid_words,neutral_centroid,0.02407010076567528,-0.00021231225691733965,-0.01730208150111135,0.011705946689471591,0.02428241302259262,0.04137218226678663,0.01236415407620369
bielik_1_5b_v3,zh,situation,disgust,feeling_phrase,neutral_centroid,0.06443906562635672,-0.0410229451372288,-0.06395410075783725,0.050634449592325805,0.10546201076358552,0.12839316638419396,0.013804616034030916
bielik_1_5b_v3,zh,situation,disgust,single_word,neutral_centroid,0.03277234509587283,0.00577887687832114,-0.006941279442980891,0.004775607213377921,0.02699346821755169,0.03971362453885372,0.02799673788249491
bielik_1_5b_v3,zh,situation,joy,centroid_phrases,neutral_centroid,0.06003099679946896,-0.03288150280714035,-0.01916678957641125,0.06513633579015729,0.0929124996066093,0.07919778637588021,-0.005105338990688331
bielik_1_5b_v3,zh,situation,joy,centroid_words,neutral_centroid,0.048766395170241526,0.01703424784354862,0.0088357308413833,0.009999208245426392,0.03173214732669291,0.03993066432885822,0.038767186924815136
bielik_1_5b_v3,zh,situation,joy,feeling_phrase,neutral_centroid,0.06689163222908971,-0.015430531185120328,-0.00458913845941424,0.05485485307872292,0.08232216341421005,0.07148077068850395,0.012036779150366793
bielik_1_5b_v3,zh,situation,joy,single_word,neutral_centroid,0.0577501437626779,0.03040072722360491,0.01987691065296531,0.00955204563215376,0.027349416539072986,0.037873233109712585,0.048198098130524135
bielik_1_5b_v3,zh,situation,sadness,centroid_phrases,neutral_centroid,0.04992970498278733,-0.030740097444504493,-0.029245128482580172,0.058459427673369604,0.08066980242729183,0.0791748334653675,-0.008529722690582275
bielik_1_5b_v3,zh,situation,sadness,centroid_words,neutral_centroid,0.02930167550221082,0.017926270421594358,0.02295806137844918,0.01208793320693074,0.011375405080616463,0.006343614123761641,0.017213742295280082
bielik_1_5b_v3,zh,situation,sadness,feeling_phrase,neutral_centroid,0.046802487038075914,-0.021260202303528757,-0.0173974176868796,0.0653476735576987,0.06806268934160467,0.06419990472495551,-0.018545186519622787
bielik_1_5b_v3,zh,situation,sadness,single_word,neutral_centroid,0.02027548225596542,0.0035523449070751305,0.013253105524927342,-0.003034268971532609,0.01672313734889029,0.007022376731038078,0.023309751227498027
gemini,en,food,anger,centroid_phrases,neutral_centroid,0.03473567189648745,0.00776818487793207,0.013440201058983792,0.03477832768112419,0.026967487018555378,0.021295470837503657,-4.265578463674008e-05
gemini,en,food,anger,centroid_words,neutral_centroid,0.01976530726533383,-0.01539302219171074,-0.011136211198754582,0.005249303230084488,0.03515832945704457,0.030901518464088413,0.014516004035249342
gemini,en,food,anger,feeling_phrase,neutral_centroid,0.03586515937931835,0.01086027910932899,0.016653326433151962,0.026972676161676652,0.025004880269989357,0.019211832946166386,0.008892483217641696
gemini,en,food,anger,single_word,neutral_centroid,0.016923141805455087,-0.015311382384970752,-0.01158010209910568,-0.00145503687672315,0.03223452419042584,0.028503243904560768,0.018378178682178236
gemini,en,food,disgust,centroid_phrases,neutral_centroid,0.08119346085004506,0.00933756665326654,0.009337566653266538,0.011692536273039868,0.07185589419677851,0.07185589419677851,0.06950092457700519
gemini,en,food,disgust,centroid_words,neutral_centroid,0.05254310811869796,-0.010548310400918129,-0.010548310400918129,-0.00988645390607415,0.06309141851961608,0.06309141851961608,0.06242956202477211
gemini,en,food,disgust,feeling_phrase,neutral_centroid,0.07916402164846655,0.008618017099797731,0.00861801709979773,0.007784662744961679,0.07054600454866881,0.07054600454866881,0.07137935890350487
gemini,en,food,disgust,single_word,neutral_centroid,0.05727132097817955,-0.005820499127730713,-0.0058204991277307095,-0.00529923080466685,0.06309182010591026,0.06309182010591026,0.0625705517828464
gemini,en,food,joy,centroid_phrases,neutral_centroid,0.02784890173934395,0.006977210147306301,0.0015162895899265803,0.00981655218638478,0.02087169159203765,0.02633261214941737,0.018032349552959168
gemini,en,food,joy,centroid_words,neutral_centroid,-0.025092234741896348,-0.033532570954412165,-0.03609217917546625,-0.038323678262531705,0.008440336212515817,0.0109999444335699,0.013231443520635357
gemini,en,food,joy,feeling_phrase,neutral_centroid,0.02582436851225789,0.01060642623342572,0.005398467043414711,0.016150326607748837,0.015217942278832169,0.02042590146884318,0.009674041904509052
gemini,en,food,joy,single_word,neutral_centroid,-0.020462825987488,-0.03451101039536293,-0.03616053392179306,-0.03576506469398733,0.01404818440787493,0.01569770793430506,0.01530223870649933
gemini,en,food,sadness,centroid_phrases,neutral_centroid,0.038165522564668194,0.0025680678081698902,-0.00659321899292987,0.04789909591199827,0.0355974547564983,0.04475874155759806,-0.009733573347330077
gemini,en,food,sadness,centroid_words,neutral_centroid,0.020489460695534922,-0.010010734107345338,-0.021884634625166648,0.021377266664057933,0.03050019480288026,0.04237409532070157,-0.0008878059685230102
gemini,en,food,sadness,feeling_phrase,neutral_centroid,0.02389980317093428,-0.00206380789168179,-0.007710834546014669,0.02364653553813693,0.02596361106261607,0.03161063771694895,0.0002532676327973507
gemini,en,food,sadness,single_word,neutral_centroid,0.01803400188218802,-0.00795109861064701,-0.016493218322284498,0.02356738746166228,0.025985100492835034,0.03452722020447252,-0.0055333855794742585
gemini,en,object,anger,centroid_phrases,neutral_centroid,0.09574451670050617,0.04266088483855126,0.048651759233325695,0.0761065630242228,0.05308363186195491,0.047092757467180474,0.019637953676283362
gemini,en,object,anger,centroid_words,neutral_centroid,0.06745022013783449,0.031690888572484185,0.035987567622214486,0.05752268526703112,0.0357593315653503,0.03146265251562,0.009927534870803362
gemini,en,object,anger,feeling_phrase,neutral_centroid,0.07481370568275449,0.03876435533165928,0.04354641288518902,0.05566588398069139,0.03604935035109521,0.03126729279756547,0.019147821702063098
gemini,en,object,anger,single_word,neutral_centroid,0.06877353508025404,0.034510646853595936,0.03766894740983841,0.051220113271847334,0.0342628882266581,0.03110458767041563,0.017553421808406702
gemini,en,object,disgust,centroid_phrases,neutral_centroid,0.07582090739160771,0.02479815911501643,0.022960532642900912,0.041676934063434555,0.051022748276591284,0.0528603747487068,0.034143973328173156
gemini,en,object,disgust,centroid_words,neutral_centroid,0.043619512580335126,0.0005856323987245698,0.0002931188791990405,0.00823843097314238,0.043033880181610557,0.043326393701136084,0.03538108160719275
gemini,en,object,disgust,feeling_phrase,neutral_centroid,0.09350914023816581,0.029624090995639518,0.025941545423120223,0.04337826063856479,0.06388504924252629,0.0675675948150456,0.05013087959960102
gemini,en,object,disgust,single_word,neutral_centroid,0.06214325577020642,-0.00260539287701248,-0.00444262800738213,0.007508910726755862,0.0647486486472189,0.06658588377758855,0.054634345043450556
gemini,en,object,joy,centroid_phrases,neutral_centroid,0.08192188292741773,0.05649792365729804,0.05962054617702957,0.06906821783632036,0.025423959270119686,0.02230133675038816,0.012853665091097366
gemini,en,object,joy,centroid_words,neutral_centroid,0.06480206642299885,0.0467490810900926,0.0493576450273394,0.03862610692158337,0.018052985332906252,0.01544442139565945,0.026175959501415477
gemini,en,object,joy,feeling_phrase,neutral_centroid,0.06783976946026084,0.04842481128871437,0.05135837607085701,0.06609239820390936,0.019414958171546468,0.016481393389403826,0.0017473712563514793
gemini,en,object,joy,single_word,neutral_centroid,0.0720752447843551,0.058651978522539096,0.06217113994061942,0.052995146252214874,0.01342326626181601,0.009904104843735682,0.01908009853214023
gemini,en,object,sadness,centroid_phrases,neutral_centroid,0.07800242863595482,0.04008134696632619,0.03839574400335546,0.06984143592417237,0.037921081669628626,0.03960668463259936,0.008160992711782444
gemini,en,object,sadness,centroid_words,neutral_centroid,0.06111590899527068,0.026402381551451932,0.024886287120170842,0.05334391975775356,0.034713527443818754,0.03622962187509984,0.007771989237517124
gemini,en,object,sadness,feeling_phrase,neutral_centroid,0.054146094433963246,0.03427475206553929,0.031718616001307896,0.06140520609915253,0.019871342368423958,0.02242747843265535,-0.007259111665189284
gemini,en,object,sadness,single_word,neutral_centroid,0.06195302233099934,0.02509731967002149,0.0213463736698031,0.04820125382393593,0.03685570266097785,0.040606648661196246,0.01375176850706341
gemini,en,person,anger,centroid_phrases,neutral_centroid,0.0930560926441103,-0.00634410553611812,-0.00634410553611812,0.0287554629612714,0.09940019818022842,0.09940019818022842,0.0643006296828389
gemini,en,person,anger,centroid_words,neutral_centroid,0.09217400476336478,0.002999029494822021,0.00299902949482202,0.03871677094139156,0.08917497526854276,0.08917497526854276,0.05345723382197322
gemini,en,person,anger,feeling_phrase,neutral_centroid,0.0776532490737736,-0.01627360181882976,-0.01627360181882976,0.017114958073943858,0.09392685089260336,0.09392685089260336,0.06053829099982975
gemini,en,person,anger,single_word,neutral_centroid,0.10559140872210263,0.00045293625444176017,0.00045293625444176,0.04005306418985129,0.10513847246766087,0.10513847246766087,0.06553834453225134
gemini,en,person,disgust,centroid_phrases,neutral_centroid,0.0681046035606414,-0.0052395287435501705,-0.00992324179969726,0.0005745912436395898,0.07334413230419157,0.07802784536033866,0.0675300123170018
gemini,en,person,disgust,centroid_words,neutral_centroid,0.06321003804914652,-0.0005547164473682604,-0.005287880310788741,0.0054365481249988,0.06376475449651478,0.06849791835993525,0.057773489924147714
gemini,en,person,disgust,feeling_phrase,neutral_centroid,0.06617703777737913,-0.00430955230258402,-0.00691581922583278,-0.0012459352612495095,0.07048659007996315,0.07309285700321191,0.06742297303862864
gemini,en,person,disgust,single_word,neutral_centroid,0.07317351168021556,0.00028627244755628984,-0.008717260230332572,0.00526896817609669,0.07288723923265927,0.08189077191054814,0.06790454350411887
gemini,en,person,joy,centroid_phrases,neutral_centroid,0.0567964228335768,0.00477542574517431,-0.00882706181146201,0.02817915845662352,0.052020997088402486,0.06562348464503881,0.028617264376953278
gemini,en,person,joy,centroid_words,neutral_centroid,0.05871369589585808,0.013842194457538409,0.006500743632204811,0.02446552691981194,0.044871501438319666,0.052212952263653266,0.03424816897604614
gemini,en,person,joy,feeling_phrase,neutral_centroid,0.04871448939666153,0.0015880309976637503,-0.00841479403898117,0.02608269453048704,0.04712645839899778,0.0571292834356427,0.02263179486617449
gemini,en,person,joy,single_word,neutral_centroid,0.04634076370857654,0.00461559579707683,-0.00348694049753247,0.014733236702159019,0.04172516791149971,0.049827704206109005,0.031607527006417516
gemini,en,person,sadness,centroid_phrases,neutral_centroid,0.08566683947574343,-0.00701577907893806,-0.00701577907893806,0.0382528838003054,0.09268261855468149,0.09268261855468149,0.047413955675438026
gemini,en,person,sadness,centroid_words,neutral_centroid,0.08536955974996087,-0.0012056693900376499,-0.0012056693900376503,0.029407757520675638,0.08657522913999852,0.08657522913999852,0.055961802229285235
gemini,en,person,sadness,feeling_phrase,neutral_centroid,0.07392374183982608,-0.00814543794840572,-0.00814543794840572,0.04355149772018191,0.0820691797882318,0.0820691797882318,0.030372244119644176
gemini,en,person,sadness,single_word,neutral_centroid,0.0773731583729386,-0.003248381847515692,-0.003248381847515691,0.025872003426775307,0.08062154022045429,0.08062154022045429,0.05150115494616329
gemini,en,place,anger,centroid_phrases,neutral_centroid,0.08101720474660393,0.03716318565420803,0.039971404103562216,0.062039023265242535,0.0438540190923959,0.04104580064304171,0.018978181481361392
gemini,en,place,anger,centroid_words,neutral_centroid,0.06941786855459206,0.03230400243774051,0.033665709476917924,0.06703263297677034,0.03711386611685155,0.03575215907767414,0.0023852355778217205
gemini,en,place,anger,feeling_phrase,neutral_centroid,0.07536535039544101,0.02891511521302161,0.03217719993554053,0.05598857700824733,0.046450235182419405,0.04318815045990048,0.01937677338719368
gemini,en,place,anger,single_word,neutral_centroid,0.07723243832588192,0.03923683445900676,0.03751754332333801,0.05316943675279613,0.03799560386687516,0.03971489500254391,0.024063001573085788
gemini,en,place,disgust,centroid_phrases,neutral_centroid,0.11400433741509912,0.051054458785802094,0.054228965472429946,0.060386633966118076,0.06294987862929702,0.05977537194266917,0.05361770344898104
gemini,en,place,disgust,centroid_words,neutral_centroid,0.1162316713482141,0.05560898352414366,0.057574846222996676,0.050739452242851216,0.060622687824070445,0.05865682512521743,0.06549221910536289
gemini,en,place,disgust,feeling_phrase,neutral_centroid,0.11212295237928627,0.04430590001866217,0.04839526312425729,0.05518219443038101,0.0678170523606241,0.06372768925502897,0.056940757948905255
gemini,en,place,disgust,single_word,neutral_centroid,0.10719193816184994,0.045202821679413266,0.04904901254922147,0.04262548368424173,0.06198911648243667,0.05814292561262847,0.0645664544776082
gemini,en,place,joy,centroid_phrases,neutral_centroid,0.0390469365753233,0.01593182715587315,0.013632666086778,0.01947155725210902,0.02311510941945015,0.0254142704885453,0.01957537932321428
gemini,en,place,joy,centroid_words,neutral_centroid,0.05099429702386258,0.02555397776886818,0.02413463154807684,0.01855379529297349,0.0254403192549944,0.02685966547578574,0.03244050173088909
gemini,en,place,joy,feeling_phrase,neutral_centroid,0.04840895719826218,0.01694026954937724,0.01515326844528313,0.01950846305117007,0.03146868764888494,0.033255688752979046,0.02890049414709211
gemini,en,place,joy,single_word,neutral_centroid,0.037321511190384585,0.01348335696384308,0.014665646106004678,0.01053601754829288,0.023838154226541505,0.022655865084379907,0.026785493642091707
gemini,en,place,sadness,centroid_phrases,neutral_centroid,0.07701889462769027,0.02390805531758811,0.025419810158200516,0.06896220035850997,0.05311083931010216,0.05159908446948975,0.008056694269180292
gemini,en,place,sadness,centroid_words,neutral_centroid,0.08493925016373391,0.03245132807642217,0.02953903358429666,0.07756074722856277,0.05248792208731174,0.05540021657943725,0.007378502935171144
gemini,en,place,sadness,feeling_phrase,neutral_centroid,0.05102172829210755,0.00798258427530525,0.01264803949743506,0.051885733567178204,0.0430391440168023,0.03837368879467249,-0.0008640052750706548
gemini,en,place,sadness,single_word,neutral_centroid,0.05774895094800736,0.02180318960454313,0.0233580717584118,0.052541465125977946,0.03594576134346423,0.03439087918959556,0.005207485822029415
gemini,en,situation,anger,centroid_phrases,neutral_centroid,0.04565813746303319,0.025246974406763927,0.02410362255759538,0.04333934653550385,0.020411163056269263,0.02155451490543781,0.002318790927529339
gemini,en,situation,anger,centroid_words,neutral_centroid,0.03704239223152396,0.027265885565429908,0.026928555779159057,0.03101320452988146,0.009776506666094052,0.010113836452364904,0.006029187701642499
gemini,en,situation,anger,feeling_phrase,neutral_centroid,0.05682437773793932,0.029998999880626792,0.030680741695687165,0.05746259829029436,0.02682537785731253,0.026143636042252158,-0.0006382205523550386
gemini,en,situation,anger,single_word,neutral_centroid,0.056196052022278266,0.04614415075629947,0.04609891818836327,0.047980834078043655,0.010051901265978797,0.010097133833914994,0.008215217944234611
gemini,en,situation,disgust,centroid_phrases,neutral_centroid,0.028654792066663482,0.009483830211684101,-0.006188081623986349,0.01349755777046085,0.01917096185497938,0.03484287369064983,0.015157234296202632
gemini,en,situation,disgust,centroid_words,neutral_centroid,0.029634933755733027,0.01973753927741197,0.01645517696160818,0.0023411426693200803,0.009897394478321057,0.013179756794124847,0.027293791086412948
gemini,en,situation,disgust,feeling_phrase,neutral_centroid,0.0373923676088452,0.01383399611804632,-0.0025199727853760204,0.015936658391728958,0.02355837149079888,0.03991234039422122,0.02145570921711624
gemini,en,situation,disgust,single_word,neutral_centroid,0.04024003837257617,0.027937309257686088,0.02964016757905478,0.01261566542088984,0.012302729114890082,0.010599870793521392,0.027624372951686328
gemini,en,situation,joy,centroid_phrases,neutral_centroid,0.12228792384266847,0.029503730265423612,0.03759440365247424,0.03731274115853006,0.09278419357724485,0.08469352019019423,0.08497518268413841
gemini,en,situation,joy,centroid_words,neutral_centroid,0.1229157712310552,0.06116263996809714,0.06968899648636574,0.060212883912026824,0.061753131262958054,0.05322677474468945,0.06270288731902837
gemini,en,situation,joy,feeling_phrase,neutral_centroid,0.11302920086309312,0.030371113400906292,0.03858864037320015,0.05296988403424617,0.08265808746218684,0.07444056048989298,0.06005931682884695
gemini,en,situation,joy,single_word,neutral_centroid,0.10729935774579642,0.04745506448671219,0.057817169558256845,0.04536556256934998,0.05984429325908423,0.04948218818753958,0.06193379517644644
gemini,en,situation,sadness,centroid_phrases,neutral_centroid,0.05540975760668513,0.02897674492560328,0.012444701744243532,0.04618083126842973,0.02643301268108185,0.0429650558624416,0.009228926338255401
gemini,en,situation,sadness,centroid_words,neutral_centroid,0.05823671049438413,0.040081703849136806,0.0265776385553181,0.05491525796242055,0.018155006645247322,0.03165907193906603,0.00332145253196358
gemini,en,situation,sadness,feeling_phrase,neutral_centroid,0.07068624170497058,0.028268363093957298,0.013396496046334503,0.04610156933777032,0.04241787861101328,0.05728974565863608,0.024584672367200258
gemini,en,situation,sadness,single_word,neutral_centroid,0.07164616715162989,0.04773214245215056,0.03265280621126293,0.05904334941878912,0.023914024699479328,0.038993360940366956,0.012602817732840763
gemini,pl,food,anger,centroid_phrases,neutral_centroid,0.03019198374822733,0.013182497490197408,0.01838668873533604,0.026144403498619774,0.01700948625802992,0.011805295012891289,0.004047580249607555
gemini,pl,food,anger,centroid_words,neutral_centroid,0.02913383794948457,0.00878797685727478,0.01899599144235253,0.019519348908215762,0.020345861092209788,0.01013784650713204,0.009614489041268808
gemini,pl,food,anger,feeling_phrase,neutral_centroid,0.02059544543735682,0.01198982144705952,0.014968813932500772,0.01799634851049632,0.0086056239902973,0.005626631504856049,0.0025990969268605
gemini,pl,food,anger,single_word,neutral_centroid,-0.0028579558711498802,-0.013297674013301692,-0.01069030533544716,0.0005624182056635791,0.010439718142151812,0.00783234946429728,-0.0034203740768134596
gemini,pl,food,disgust,centroid_phrases,neutral_centroid,0.04578768862411377,0.006389841716736561,0.019756815489381553,0.008840843196958322,0.03939784690737721,0.026030873134732214,0.03694684542715544
gemini,pl,food,disgust,centroid_words,neutral_centroid,0.037967829965054975,-0.01238551549613474,0.004330892488360409,-0.0073626630008220405,0.05035334546118972,0.033636937476694564,0.04533049296587702
gemini,pl,food,disgust,feeling_phrase,neutral_centroid,0.05056522688828406,0.01193482480011881,0.02516976012848317,0.012472885614261039,0.038630402088165254,0.02539546675980089,0.03809234127402302
gemini,pl,food,disgust,single_word,neutral_centroid,0.058224303973838654,0.010418609669432031,0.026783045521005973,0.01785097918473183,0.04780569430440662,0.03144125845283268,0.040373324789106824
gemini,pl,food,joy,centroid_phrases,neutral_centroid,0.008651684597134593,-0.0017426960170268875,0.0005763874389231324,-0.005191169772297117,0.01039438061416148,0.008075297158211462,0.013842854369431709
gemini,pl,food,joy,centroid_words,neutral_centroid,0.01235215589404105,0.0004245489835739302,0.0014019193127751503,0.00379037074744702,0.011927606910467119,0.010950236581265899,0.00856178514659403
gemini,pl,food,joy,feeling_phrase,neutral_centroid,0.0004897336941212503,-0.010504300100728831,-0.00910716238431629,-0.01429878096096215,0.010994033794850082,0.009596896078437542,0.014788514655083402
gemini,pl,food,joy,single_word,neutral_centroid,0.0036896414123475498,-0.006557049509137861,-0.00659678857773541,1.974403858179957e-06,0.010246690921485412,0.01028642999008296,0.0036876670084893697
gemini,pl,food,sadness,centroid_phrases,neutral_centroid,0.03111459780484433,0.013734850473701932,0.01750655174255367,0.03132745637558395,0.0173797473311424,0.01360804606229066,-0.00021285857073961856
gemini,pl,food,sadness,centroid_words,neutral_centroid,0.02504551021847872,0.008851197548210612,0.0147490890463814,0.0371599659323692,0.016194312670268107,0.01029642117209732,-0.012114455713890478
gemini,pl,food,sadness,feeling_phrase,neutral_centroid,0.03203175417147573,0.01741818985901771,0.02395001365803179,0.03522574962116774,0.01461356431245802,0.00808174051344394,-0.003193995449692011
gemini,pl,food,sadness,single_word,neutral_centroid,0.04160559506854039,0.01438754483824595,0.02274552559247238,0.04219921529293056,0.02721805023029444,0.01886006947606801,-0.0005936202243901692
gemini,pl,object,anger,centroid_phrases,neutral_centroid,0.06292523853480811,0.04160209987312552,0.05118495766073461,0.06596265025436875,0.02132313866168259,0.0117402808740735,-0.003037411719560637
gemini,pl,object,anger,centroid_words,neutral_centroid,0.0704503126442432,0.0547468671109527,0.06364874541759487,0.07195827886462208,0.0157034455332905,0.0068015672266483335,-0.0015079662203788813
gemini,pl,object,anger,feeling_phrase,neutral_centroid,0.06534134373068806,0.042571637080982286,0.051053651981055694,0.06667306572198864,0.022769706649705776,0.014287691749632368,-0.0013317219913005773
gemini,pl,object,anger,single_word,neutral_centroid,0.07176675163209434,0.05507472250610586,0.05868713688105341,0.06791208051145073,0.01669202912598848,0.013079614751040927,0.00385467112064361
gemini,pl,object,disgust,centroid_phrases,neutral_centroid,0.07594706285744902,0.029487264039926197,0.0391264314530417,0.05080080833286042,0.046459798817522824,0.03682063140440733,0.0251462545245886
gemini,pl,object,disgust,centroid_words,neutral_centroid,0.07792101986706253,0.03988154614344236,0.04419430913403627,0.045583909004926634,0.03803947372362017,0.03372671073302626,0.03233711086213589
gemini,pl,object,disgust,feeling_phrase,neutral_centroid,0.06341600324958559,0.01828270852565761,0.025825608149170832,0.03594984710216517,0.04513329472392798,0.03759039510041476,0.027466156147420415
gemini,pl,object,disgust,single_word,neutral_centroid,0.05259987319586793,0.01477300476981325,0.014754604257177539,0.025151073827873884,0.03782686842605468,0.03784526893869039,0.027448799367994048
gemini,pl,object,joy,centroid_phrases,neutral_centroid,0.08858988471329206,0.06329092960804696,0.07614824604243034,0.08409381918609135,0.025298955105245102,0.012441638670861718,0.004496065527200707
gemini,pl,object,joy,centroid_words,neutral_centroid,0.09172235317528243,0.0757046021521091,0.08057532906532283,0.08602175973355763,0.016017751023173335,0.011147024109959602,0.005700593441724799
gemini,pl,object,joy,feeling_phrase,neutral_centroid,0.08629355877637859,0.06411283016204829,0.08043539933860297,0.08617309555411334,0.022180728614330306,0.005858159437775623,0.00012046322226524908
gemini,pl,object,joy,single_word,neutral_centroid,0.10544014647603032,0.09181301593780514,0.09972048103809353,0.09121369123458858,0.013627130538225188,0.005719665437936797,0.01422645524144174
gemini,pl,object,sadness,centroid_phrases,neutral_centroid,0.0881277915090322,0.04737179903313513,0.04737179903313513,0.0738010130822658,0.04075599247589707,0.04075599247589707,0.014326778426766398
gemini,pl,object,sadness,centroid_words,neutral_centroid,0.08332422189414497,0.05440924167633053,0.05440924167633053,0.06787700168788428,0.02891498021781444,0.02891498021781444,0.015447220206260687
gemini,pl,object,sadness,feeling_phrase,neutral_centroid,0.09466350749135012,0.04935717936605211,0.04935717936605211,0.07421842366456981,0.04530632812529801,0.04530632812529801,0.020445083826780314
gemini,pl,object,sadness,single_word,neutral_centroid,0.10003634542226787,0.06388000994920724,0.06388000994920724,0.07860765084624284,0.03615633547306063,0.03615633547306063,0.02142869457602503
gemini,pl,person,anger,centroid_phrases,neutral_centroid,0.09879126418381926,0.01283185402862724,0.01050317953340706,0.06427397616207595,0.08595941015519201,0.0882880846504122,0.03451728802174331
gemini,pl,person,anger,centroid_words,neutral_centroid,0.08141504777595396,-0.007475678948685541,-0.0052804116625339,0.0651863761246204,0.0888907267246395,0.08669545943848786,0.016228671651333557
gemini,pl,person,anger,feeling_phrase,neutral_centroid,0.09837867300957438,0.011411385610699641,0.00930173192173241,0.034704102575778925,0.08696728739887474,0.08907694108784198,0.06367457043379546
gemini,pl,person,anger,single_word,neutral_centroid,0.04255533693358298,-0.00808974923565985,-0.0028351048938930192,0.03693022755905982,0.050645086169242834,0.045390441827476,0.005625109374523159
gemini,pl,person,disgust,centroid_phrases,neutral_centroid,0.0984083176590502,-0.01078208507969974,-0.01339076906442641,0.01713864048942921,0.10919040273874994,0.1117990867234766,0.081269677169621
gemini,pl,person,disgust,centroid_words,neutral_centroid,0.058414873341098406,-0.0319919222500175,-0.03411928978748617,-0.0014960178639739704,0.0904067955911159,0.09253416312858458,0.05991089120507238
gemini,pl,person,disgust,feeling_phrase,neutral_centroid,0.10746751865372058,0.007228735089302041,0.00422198325395584,0.02736665057018394,0.10023878356441854,0.10324553539976473,0.08010086808353664
gemini,pl,person,disgust,single_word,neutral_centroid,0.10248820260167116,0.00471073212102054,0.004807874094694851,0.02435264429077501,0.09777747048065062,0.0976803285069763,0.07813555831089615
gemini,pl,person,joy,centroid_phrases,neutral_centroid,0.06346812280826267,0.006017017224803551,5.2905315533280374e-05,0.04848199984990058,0.05745110558345912,0.06341521749272938,0.014986122958362089
gemini,pl,person,joy,centroid_words,neutral_centroid,0.05697554303333159,-0.0010037917643785596,-0.006381939724087721,0.013393446709960682,0.05797933479771015,0.06335748275741931,0.04358209632337091
gemini,pl,person,joy,feeling_phrase,neutral_centroid,0.04724876871332525,-0.01420456701889633,-0.01873292885720728,0.030740603664889933,0.06145333573222158,0.06598169757053253,0.016508165048435317
gemini,pl,person,joy,single_word,neutral_centroid,0.014140922296792272,-0.045873068552464244,-0.05010417243465781,-0.030582098569720967,0.060013990849256516,0.06424509473145008,0.04472302086651324
gemini,pl,person,sadness,centroid_phrases,neutral_centroid,0.09031148795038457,0.006253619119524939,0.00849648229777811,0.04849111679941413,0.08405786883085964,0.08181500565260647,0.04182037115097044
gemini,pl,person,sadness,centroid_words,neutral_centroid,0.07443740032613275,-0.0059422303456813,-0.00340450122021137,0.047157899150624835,0.08037963067181404,0.07784190154634411,0.02727950117550791
gemini,pl,person,sadness,feeling_phrase,neutral_centroid,0.08284289259463547,0.010044334083795538,0.009188438486307852,0.04045201605185864,0.07279855851083993,0.07365445410832762,0.042390876542776824
gemini,pl,person,sadness,single_word,neutral_centroid,0.05686834501102563,-0.00945087778382003,-0.010156167903915029,0.03839975846931336,0.06631922279484566,0.06702451291494066,0.018468586541712274
gemini,pl,place,anger,centroid_phrases,neutral_centroid,0.0546955911442637,0.028936049528419928,0.02967593204230065,0.03481626268476244,0.025759541615843772,0.02501965910196305,0.019879328459501258
gemini,pl,place,anger,centroid_words,neutral_centroid,0.0411901138722896,0.02042904924601312,0.01854779832065102,0.03084384491667147,0.02076106462627648,0.02264231555163858,0.010346268955618132
gemini,pl,place,anger,feeling_phrase,neutral_centroid,0.051368939317762805,0.028223245590925185,0.029122020304202988,0.03800560589879748,0.02314569372683762,0.022246919013559817,0.013363333418965326
gemini,pl,place,anger,single_word,neutral_centroid,0.02072791559621687,-0.004322923719882981,-0.00594417639076712,0.007406386407092189,0.025050839316099853,0.02667209198698399,0.013321529189124682
gemini,pl,place,disgust,centroid_phrases,neutral_centroid,0.06830883175134654,0.023399644391611192,0.01851491061970588,0.018794532073661642,0.04490918735973535,0.04979392113164066,0.0495142996776849
gemini,pl,place,disgust,centroid_words,neutral_centroid,0.06119273239746685,0.02427004179917274,0.02190437116660176,0.022141067078337063,0.03692269059829411,0.03928836123086509,0.03905166531912979
gemini,pl,place,disgust,feeling_phrase,neutral_centroid,0.0670686786063015,0.02425519814714788,0.01937858574092387,0.020421809935942278,0.04281348045915362,0.047690092865377634,0.04664686867035922
gemini,pl,place,disgust,single_word,neutral_centroid,0.06536847306415436,0.02925367336720227,0.02398513979278504,0.02864997438155113,0.03611479969695209,0.04138333327136932,0.036718498682603226
gemini,pl,place,joy,centroid_phrases,neutral_centroid,0.02825129898264999,0.01752931410446758,0.016753062745556192,0.02092980276793237,0.010721984878182409,0.011498236237093798,0.007321496214717619
gemini,pl,place,joy,centroid_words,neutral_centroid,0.00428708996623756,-0.00728098885156211,-0.010122301895171371,-0.00567521513439712,0.01156807881779967,0.01440939186140893,0.009962305100634679
gemini,pl,place,joy,feeling_phrase,neutral_centroid,0.0283337551169097,0.019968323037028272,0.018500248529016942,0.02256148392334578,0.008365432079881427,0.009833506587892758,0.005772271193563921
gemini,pl,place,joy,single_word,neutral_centroid,-0.00427995435893534,-0.01054540975019333,-0.019202507566660608,-0.00975559279322623,0.00626545539125799,0.01492255320772527,0.00547563843429089
gemini,pl,place,sadness,centroid_phrases,neutral_centroid,0.05493682269006963,0.03455527592450375,0.02711176592856641,0.056771937198936875,0.020381546765565882,0.02782505676150322,-0.0018351145088672458
gemini,pl,place,sadness,centroid_words,neutral_centroid,0.06274373345077033,0.04380508027970787,0.02765275430865583,0.054961037635803164,0.018938653171062463,0.0350909791421145,0.007782695814967169
gemini,pl,place,sadness,feeling_phrase,neutral_centroid,0.06262400969862933,0.042609096318483294,0.03021752070635552,0.0620688118040561,0.020014913380146035,0.03240648899227381,0.0005551978945732283
gemini,pl,place,sadness,single_word,neutral_centroid,0.07453225068747993,0.05127184414304788,0.02618123604916034,0.057380308583378746,0.023260406544432045,0.04835101463831959,0.017151942104101182
gemini,pl,situation,anger,centroid_phrases,neutral_centroid,0.04208458364009854,0.03279583826661108,0.03346480466425416,0.04253119770437477,0.009288745373487457,0.008619778975844379,-0.00044661406427622813
gemini,pl,situation,anger,centroid_words,neutral_centroid,0.05751891639083619,0.0536929346621036,0.04911822241265322,0.0599176717922091,0.0038259817287325942,0.008400693978182973,-0.0023987554013729095
gemini,pl,situation,anger,feeling_phrase,neutral_centroid,0.042499975021928524,0.039138559345155935,0.03861717106774447,0.04479909101501105,0.003361415676772589,0.0038828039541840553,-0.0022991159930825233
gemini,pl,situation,anger,single_word,neutral_centroid,0.05046216910704966,0.046369621576741286,0.039465133333578664,0.046000659978017173,0.0040925475303083755,0.010997035773470998,0.0044615091290324885
gemini,pl,situation,disgust,centroid_phrases,neutral_centroid,0.08300733938813205,0.06001623123884196,0.06001623123884196,0.04014699533581728,0.02299110814929009,0.02299110814929009,0.04286034405231477
gemini,pl,situation,disgust,centroid_words,neutral_centroid,0.08220913186669346,0.06403175629675384,0.06403175629675384,0.05487382244318719,0.01817737556993962,0.01817737556993962,0.027335309423506267
gemini,pl,situation,disgust,feeling_phrase,neutral_centroid,0.08486752398312088,0.0639795027673244,0.0639795027673244,0.042931695654988236,0.02088802121579647,0.02088802121579647,0.04193582832813264
gemini,pl,situation,disgust,single_word,neutral_centroid,0.09348389953374858,0.06854710974730546,0.06854710974730546,0.05884402021765704,0.02493678978644312,0.02493678978644312,0.03463987931609154
gemini,pl,situation,joy,centroid_phrases,neutral_centroid,0.07933265939354893,0.03788416573079298,0.03788416573079298,0.04398833477171133,0.04144849366275595,0.04144849366275595,0.0353443246218376
gemini,pl,situation,joy,centroid_words,neutral_centroid,0.06106437523849306,0.03830289505422113,0.03830289505422113,0.041285818256437755,0.02276148018427193,0.02276148018427193,0.019778556982055308
gemini,pl,situation,joy,feeling_phrase,neutral_centroid,0.08548760404810304,0.03528594686649733,0.03528594686649733,0.0363550090696662,0.05020165718160571,0.05020165718160571,0.04913259497843685
gemini,pl,situation,joy,single_word,neutral_centroid,0.06262647756375368,0.04069395507685834,0.04069395507685835,0.04126673373393709,0.02193252248689534,0.021932522486895333,0.02135974382981659
gemini,pl,situation,sadness,centroid_phrases,neutral_centroid,0.0687328089959919,0.04466709895059463,0.04466709895059463,0.04726873682811852,0.024065710045397273,0.024065710045397273,0.02146407216787339
gemini,pl,situation,sadness,centroid_words,neutral_centroid,0.07282749433070418,0.056778053939342474,0.056778053939342474,0.06646387744694945,0.016049440391361705,0.016049440391361705,0.006363616883754725
gemini,pl,situation,sadness,feeling_phrase,neutral_centroid,0.0666922595351934,0.03712788531556724,0.03712788531556724,0.042207091767340874,0.029564374219626155,0.029564374219626155,0.02448516776785252
gemini,pl,situation,sadness,single_word,neutral_centroid,0.036623072810471016,0.02603758731856941,0.02603758731856941,0.03178114388138052,0.010585485491901605,0.010585485491901605,0.004841928929090494
gemini,zh,food,anger,centroid_phrases,neutral_centroid,0.042120125237852316,0.0147468569688499,0.02065440407022833,0.04535475904121992,0.027373268269002417,0.021465721167623984,-0.0032346338033676023
gemini,zh,food,anger,centroid_words,neutral_centroid,0.02915080497041344,0.0019066378474235797,0.00876979352906348,0.023950789496302614,0.02724416712298986,0.02038101144134996,0.005200015474110826
gemini,zh,food,anger,feeling_phrase,neutral_centroid,0.03824312537908551,0.004637900181114681,0.009171755705028772,0.0332582803443074,0.03360522519797083,0.029071369674056737,0.004984845034778106
gemini,zh,food,anger,single_word,neutral_centroid,0.01232863082550464,-0.01078295367769897,-0.007262993184849629,0.003922991594299671,0.023111584503203608,0.019591624010354268,0.00840563923120497
gemini,zh,food,disgust,centroid_phrases,neutral_centroid,0.09452513409778474,0.030176846683025383,0.01816645357757808,0.016788943856954598,0.06434828741475936,0.07635868052020665,0.07773619024083014
gemini,zh,food,disgust,centroid_words,neutral_centroid,0.09614291153848169,0.029531452478840953,0.01834703725762665,0.01784644052386283,0.06661145905964073,0.07779587428085503,0.07829647101461885
gemini,zh,food,disgust,feeling_phrase,neutral_centroid,0.09055385924875732,0.027842678502202046,0.014863442629575733,0.01552555626258254,0.06271118074655527,0.07569041661918159,0.07502830298617479
gemini,zh,food,disgust,single_word,neutral_centroid,0.07817609296180303,0.03176991040818393,0.02146862554363905,0.021079110493883467,0.0464061825536191,0.05670746741816398,0.05709698246791956
gemini,zh,food,joy,centroid_phrases,neutral_centroid,0.008532681269571171,-0.008582938881590962,-0.010555451037362211,-0.01173252309672532,0.017115620151162133,0.019088132306933382,0.02026520436629649
gemini,zh,food,joy,centroid_words,neutral_centroid,0.014925359888002272,-0.0058198246173560494,-0.00869649844244122,-0.01494480133987961,0.02074518450535832,0.02362185833044349,0.02987016122788188
gemini,zh,food,joy,feeling_phrase,neutral_centroid,0.00996755911037323,-0.005012484546750779,-0.0071138100698590195,-0.00830673016607761,0.01498004365712401,0.017081369180232252,0.01827428927645084
gemini,zh,food,joy,single_word,neutral_centroid,0.0233778830617666,0.00954166054725645,0.00812055505812167,0.0050292829982936495,0.01383622251451015,0.01525732800364493,0.018348600063472952
gemini,zh,food,sadness,centroid_phrases,neutral_centroid,0.09550553169101472,0.06681520175188775,0.05992339011281724,0.10273395236581559,0.02869032993912697,0.03558214157819748,-0.007228420674800867
gemini,zh,food,sadness,centroid_words,neutral_centroid,0.10339381322264667,0.08009364120662207,0.07636033035814757,0.1136626653373241,0.023300172016024592,0.027033482864499095,-0.01026885211467743
gemini,zh,food,sadness,feeling_phrase,neutral_centroid,0.09073980618268246,0.060717185586690856,0.055858092755079226,0.09293123874813312,0.030022620595991603,0.03488171342760323,-0.0021914325654506656
gemini,zh,food,sadness,single_word,neutral_centroid,0.10048245601356025,0.07274426817893978,0.07288665547966952,0.10164293013513084,0.027738187834620467,0.027595800533890727,-0.0011604741215705955
gemini,zh,object,anger,centroid_phrases,neutral_centroid,0.046777416393160784,0.01967344186268745,0.01987098208628593,0.04167347066104408,0.027103974530473335,0.026906434306874855,0.005103945732116706
gemini,zh,object,anger,centroid_words,neutral_centroid,0.04204733427613967,0.013117337506264409,0.010335254948586189,0.03260413864627474,0.028929996769875264,0.03171207932755348,0.009443195629864932
gemini,zh,object,anger,feeling_phrase,neutral_centroid,0.03466939274221652,0.014223989099264112,0.01598300458863375,0.03496283059939736,0.020445403642952407,0.018686388153582766,-0.00029343785718084076
gemini,zh,object,anger,single_word,neutral_centroid,0.04082830697298045,0.02158821504563091,0.01827848283573983,0.03840098287910218,0.01924009192734954,0.022549824137240618,0.002427324093878268
gemini,zh,object,disgust,centroid_phrases,neutral_centroid,0.054491312429308825,0.013456889800727321,0.01169878812506791,0.030703115276992272,0.04103442262858151,0.042792524304240916,0.023788197152316552
gemini,zh,object,disgust,centroid_words,neutral_centroid,0.05024609982501712,0.00912673936691133,0.004221429512836029,0.02211192601826039,0.04111936045810579,0.04602467031218109,0.02813417380675673
gemini,zh,object,disgust,feeling_phrase,neutral_centroid,0.05083540068008,0.009167032828554491,0.0068574487697332905,0.0278769348748028,0.041668367851525515,0.04397795191034671,0.022958465805277203
gemini,zh,object,disgust,single_word,neutral_centroid,0.03897476103156802,-0.0021059203892946294,-0.00800335388630628,0.01386767334770409,0.04108068142086265,0.046978114917874306,0.02510708768386393
gemini,zh,object,joy,centroid_phrases,neutral_centroid,0.055112362839281524,0.02844339087605472,0.03102279379963873,0.037506087403744406,0.026668971963226804,0.024089569039642794,0.017606275435537118
gemini,zh,object,joy,centroid_words,neutral_centroid,0.0238519603386521,0.00428187698125839,0.00973274838179348,0.01753671206533905,0.01957008335739371,0.014119211956858621,0.006315248273313052
gemini,zh,object,joy,feeling_phrase,neutral_centroid,0.059549708664417236,0.0289643261581659,0.03062759432941674,0.03483119122683998,0.030585382506251337,0.028922114335000495,0.024718517437577255
gemini,zh,object,joy,single_word,neutral_centroid,0.03274225525092328,0.017598415282554902,0.02166402626316992,0.026006493018940053,0.015143839968368378,0.01107822898775336,0.006735762231983227
gemini,zh,object,sadness,centroid_phrases,neutral_centroid,0.08053456917405125,0.03000647276639936,0.03068658038973806,0.06264425106346602,0.050528096407651886,0.04984798878431319,0.017890318110585224
gemini,zh,object,sadness,centroid_words,neutral_centroid,0.07743814326822754,0.0314904007129371,0.034497657325118766,0.059339001961052386,0.04594774255529044,0.04294048594310877,0.018099141307175153
gemini,zh,object,sadness,feeling_phrase,neutral_centroid,0.08300844281911847,0.02777186371386046,0.02975208908319469,0.0572951938025653,0.055236579105258005,0.05325635373592378,0.02571324901655317
gemini,zh,object,sadness,single_word,neutral_centroid,0.08746207989752289,0.028109361417591537,0.03358639013022181,0.06553099546581503,0.05935271847993135,0.053875689767301074,0.021931084431707853
gemini,zh,person,anger,centroid_phrases,neutral_centroid,0.11478055301122363,0.00256206030026076,0.00222600190900264,0.04670111457817254,0.11221849271096286,0.11255455110222098,0.06807943843305109
gemini,zh,person,anger,centroid_words,neutral_centroid,0.09238213528878984,-0.020787971420213557,-0.01980141433887181,0.02385355657897889,0.1131701067090034,0.11218354962766165,0.06852857870981095
gemini,zh,person,anger,feeling_phrase,neutral_centroid,0.13018880188465115,0.00811943309381601,0.00980847515165803,0.05985771324485541,0.12206936879083514,0.12038032673299312,0.07033108863979574
gemini,zh,person,anger,single_word,neutral_centroid,0.10278766993433235,-0.01773535003885624,-0.014855511579662539,0.00927854189649224,0.1205230199731886,0.11764318151399489,0.0935091280378401
gemini,zh,person,disgust,centroid_phrases,neutral_centroid,0.11719378102570768,0.00904972814023492,0.01503618657588956,0.02573502538725731,0.10814405288547277,0.10215759444981812,0.09145875563845038
gemini,zh,person,disgust,centroid_words,neutral_centroid,0.1013918696437031,-0.01252116509713227,-0.00749065666459497,-0.00365380453877149,0.11391303474083538,0.10888252630829807,0.1050456741824746
gemini,zh,person,disgust,feeling_phrase,neutral_centroid,0.13153974674642083,0.01272344961762426,0.018117793276905988,0.02794734481722112,0.11881629712879657,0.11342195346951484,0.1035924019291997
gemini,zh,person,disgust,single_word,neutral_centroid,0.11764352142345158,-0.00217095725238325,0.0019963330123573403,0.00462562821339815,0.11981447867583483,0.11564718841109424,0.11301789321005343
gemini,zh,person,joy,centroid_phrases,neutral_centroid,0.08064957261085506,0.0208272670395672,0.04778199549764392,0.040720958262681926,0.05982230557128786,0.032867577113211144,0.03992861434817314
gemini,zh,person,joy,centroid_words,neutral_centroid,0.04262434989213943,-0.0019406931474804801,0.02671893211081624,0.02537731649354099,0.04456504303961991,0.01590541778132319,0.01724703339859844
gemini,zh,person,joy,feeling_phrase,neutral_centroid,0.0822969774715602,0.019080563355237203,0.04836337538436051,0.05132519025355574,0.063216414116323,0.03393360208719969,0.030971787218004462
gemini,zh,person,joy,single_word,neutral_centroid,0.04591265157796441,-0.00014125066809354963,0.03414552891626954,0.02879320457577701,0.04605390224605796,0.01176712266169487,0.017119447002187402
gemini,zh,person,sadness,centroid_phrases,neutral_centroid,0.10055886521004138,0.014981420757248962,0.014981420757248962,0.06013155370019372,0.08557744445279242,0.08557744445279242,0.040427311509847665
gemini,zh,person,sadness,centroid_words,neutral_centroid,0.08848102795891463,0.00108511587604883,0.00108511587604883,0.0463649000506848,0.0873959120828658,0.0873959120828658,0.042116127908229835
gemini,zh,person,sadness,feeling_phrase,neutral_centroid,0.10906204367056486,0.01549731572158632,0.01549731572158632,0.06406361600384113,0.09356472794897855,0.09356472794897855,0.04499842766672374
gemini,zh,person,sadness,single_word,neutral_centroid,0.0898610133677721,0.0129761812277138,0.0129761812277138,0.05551640698686237,0.0768848321400583,0.0768848321400583,0.03434460638090973
gemini,zh,place,anger,centroid_phrases,neutral_centroid,0.07715520570054647,0.022809605067595808,0.02144262003712353,0.06692514987662432,0.054345600632950665,0.055712585663422944,0.010230055823922155
gemini,zh,place,anger,centroid_words,neutral_centroid,0.0984300926327705,0.04555560909211631,0.04757109805941577,0.0875417340546846,0.05287448354065419,0.05085899457335473,0.0108883585780859
gemini,zh,place,anger,feeling_phrase,neutral_centroid,0.06978385914117094,0.01626630313694475,0.0153062906116247,0.06208256864920255,0.05351755600422619,0.05447756852954624,0.007701290491968389
gemini,zh,place,anger,single_word,neutral_centroid,0.08902256786823269,0.03835352044552561,0.04306273069232698,0.08065457548946138,0.05066904742270708,0.04595983717590571,0.00836799237877131
gemini,zh,place,disgust,centroid_phrases,neutral_centroid,0.07390010631643232,0.01166248363442716,0.02061502062715588,0.032134971115738084,0.06223762268200516,0.05328508568927644,0.041765135200694234
gemini,zh,place,disgust,centroid_words,neutral_centroid,0.06960454210638996,0.01415015514940019,0.027257215417921497,0.01329208444803948,0.05545438695698977,0.04234732668846846,0.05631245765835048
gemini,zh,place,disgust,feeling_phrase,neutral_centroid,0.07614988461136814,0.009429117012768941,0.018230252387002068,0.01567836711183186,0.0667207675985992,0.057919632224366066,0.060471517499536276
gemini,zh,place,disgust,single_word,neutral_centroid,0.0714498713612556,0.0167354624252766,0.02899938272312279,0.02071507559157905,0.05471440893597901,0.04245048863813282,0.05073479576967656
gemini,zh,place,joy,centroid_phrases,neutral_centroid,0.045597440190613236,0.00178534798324109,0.00658001136034727,0.00791548583656548,0.043812092207372144,0.03901742883026597,0.03768195435404775
gemini,zh,place,joy,centroid_words,neutral_centroid,0.05625963360071177,0.02689496260136364,0.033084313198924034,0.024868407100439048,0.029364670999348128,0.023175320401787734,0.03139122650027272
gemini,zh,place,joy,feeling_phrase,neutral_centroid,0.038215656951069786,-0.0020237006247043497,0.0022685095202177805,0.006432483810931431,0.04023935757577413,0.035947147430852006,0.03178317314013836
gemini,zh,place,joy,single_word,neutral_centroid,0.060854182392358735,0.03152756318449971,0.03601898215711113,0.03953227698802943,0.029326619207859027,0.024835200235247608,0.021321905404329308
gemini,zh,place,sadness,centroid_phrases,neutral_centroid,0.06794259808957573,0.01289513753727078,0.029457115475088346,0.05980309257283804,0.05504746055230495,0.03848548261448738,0.008139505516737686
gemini,zh,place,sadness,centroid_words,neutral_centroid,0.08695003874599928,0.03292667274363333,0.051925616525113516,0.0770527999848127,0.05402336600236595,0.03502442222088577,0.009897238761186589
gemini,zh,place,sadness,feeling_phrase,neutral_centroid,0.06349939964711661,0.00948924594558776,0.02500493242405353,0.05523313404992218,0.05401015370152885,0.03849446722306308,0.008266265597194428
gemini,zh,place,sadness,single_word,neutral_centroid,0.08072241060435767,0.02728662253357466,0.04508878034539516,0.06786771365441377,0.05343578807078301,0.03563363025896251,0.0128546969499439
gemini,zh,situation,anger,centroid_phrases,neutral_centroid,0.07725585512816903,0.06552191618829963,0.05284676086157558,0.06741013266146179,0.011733938939869404,0.024409094266593448,0.009845722466707243
gemini,zh,situation,anger,centroid_words,neutral_centroid,0.0897458009421825,0.07991238646209235,0.06491176318377254,0.0885595969855785,0.009833414480090147,0.024834037758409963,0.0011862039566040011
gemini,zh,situation,anger,feeling_phrase,neutral_centroid,0.0734152495861053,0.06281219767406578,0.04894351745024318,0.06696824636310335,0.01060305191203953,0.024471732135862123,0.006447003223001957
gemini,zh,situation,anger,single_word,neutral_centroid,0.0976681366562843,0.08787377960979935,0.06956330761313434,0.09808638319373127,0.009794357046484944,0.028104829043149954,-0.00041824653744697293
gemini,zh,situation,disgust,centroid_phrases,neutral_centroid,0.08263097647577519,0.05773943299427622,0.061507117934524944,0.04996176832355555,0.024891543481498975,0.02112385854125025,0.032669208152219645
gemini,zh,situation,disgust,centroid_words,neutral_centroid,0.08254545796662563,0.06774473972618575,0.07106237728148694,0.04053108580410475,0.01480071824043988,0.011483080685138689,0.04201437216252088
gemini,zh,situation,disgust,feeling_phrase,neutral_centroid,0.08577079838141793,0.054689311841502754,0.057767373882234054,0.042080016806721646,0.03108148653991518,0.02800342449918388,0.04369078157469629
gemini,zh,situation,disgust,single_word,neutral_centroid,0.06624127598479386,0.04934978303499517,0.05190241532400247,0.027649408020079102,0.016891492949798692,0.014338860660791389,0.038591867964714754
gemini,zh,situation,joy,centroid_phrases,neutral_centroid,0.12940695621073242,0.0264641403686255,0.0452151502948254,0.03782933889888225,0.10294281584210692,0.08419180591590703,0.09157761731185017
gemini,zh,situation,joy,centroid_words,neutral_centroid,0.11780032515525814,0.04907750114798543,0.06266996935009954,0.06627924051135776,0.0687228240072727,0.0551303558051586,0.05152108464390037
gemini,zh,situation,joy,feeling_phrase,neutral_centroid,0.12610591612756247,0.030154529679566593,0.04661622578278181,0.03976681390777228,0.09595138644799588,0.07948969034478066,0.08633910221979019
gemini,zh,situation,joy,single_word,neutral_centroid,0.09038129458203908,0.040517884492874134,0.05223535485565661,0.04514020364731548,0.04986341008916495,0.03814593972638247,0.0452410909347236
gemini,zh,situation,sadness,centroid_phrases,neutral_centroid,0.08495774064213032,0.04459018707275387,0.04768278934061524,0.06833954136818642,0.040367553569376456,0.037274951301515084,0.01661819927394391
gemini,zh,situation,sadness,centroid_words,neutral_centroid,0.10127246305346485,0.061981277260929314,0.059387323353439526,0.08271272582933302,0.039291185792535537,0.041885139700025324,0.01855973722413183
gemini,zh,situation,sadness,feeling_phrase,neutral_centroid,0.08937247470021242,0.04956038165837523,0.05221940036863086,0.07431456446647637,0.03981209304183719,0.03715307433158156,0.015057910233736052
gemini,zh,situation,sadness,single_word,neutral_centroid,0.10598771721124645,0.0665266024880111,0.06270047454163427,0.0859276656992733,0.03946111472323535,0.043287242669612175,0.02006005151197314
mmlw_roberta_large,en,food,anger,centroid_phrases,neutral_centroid,0.042560823634266796,0.030974453501403286,0.0391411859542131,0.03279913011938329,0.01158637013286351,0.003419637680053697,0.009761693514883506
mmlw_roberta_large,en,food,anger,centroid_words,neutral_centroid,0.052812095312401594,0.02533184476196761,0.037625115737318936,0.02589436913840467,0.027480250550433984,0.015186979575082658,0.026917726173996924
mmlw_roberta_large,en,food,anger,feeling_phrase,neutral_centroid,0.02578658219426867,0.01808613713365046,0.0220801624236628,0.020047909277491248,0.007700445060618209,0.0037064197706058698,0.0057386729167774216
mmlw_roberta_large,en,food,anger,single_word,neutral_centroid,0.04052618555724619,0.015232303040102129,0.025947519484907377,0.0125498907174915,0.025293882517144064,0.014578666072338816,0.027976294839754695
mmlw_roberta_large,en,food,disgust,centroid_phrases,neutral_centroid,0.05259943753480907,0.030574837885796992,0.0277064140886068,0.03106185141950843,0.02202459964901208,0.02489302344620227,0.02153758611530064
mmlw_roberta_large,en,food,disgust,centroid_words,neutral_centroid,0.062666430696845,0.024266403820365663,0.024847336299717422,0.01205363366752863,0.03840002687647933,0.03781909439712757,0.05061279702931636
mmlw_roberta_large,en,food,disgust,feeling_phrase,neutral_centroid,0.06613680785521861,0.02756332312710581,0.028274617949500664,0.02492339070886371,0.0385734847281128,0.03786218990571795,0.0412134171463549
mmlw_roberta_large,en,food,disgust,single_word,neutral_centroid,0.05527684758417304,0.00921075935475528,0.01162585760466754,0.008951468300074329,0.04606608822941776,0.0436509899795055,0.04632537928409871
mmlw_roberta_large,en,food,joy,centroid_phrases,neutral_centroid,0.0229349913075566,0.01480026247445492,0.0171441931510344,0.02283180244266985,0.00813472883310168,0.005790798156522201,0.00010318886488674961
mmlw_roberta_large,en,food,joy,centroid_words,neutral_centroid,0.011151207762304691,-0.00010807685321194936,0.0015085735940374612,-0.00101277664070946,0.01125928461551664,0.00964263416826723,0.01216398440301415
mmlw_roberta_large,en,food,joy,feeling_phrase,neutral_centroid,0.02075642105191944,0.01198284598067403,0.01445575365796685,0.02047992050647733,0.008773575071245411,0.006300667393952592,0.0002765005454421106
mmlw_roberta_large,en,food,joy,single_word,neutral_centroid,0.02200218325015156,0.01080269597005099,0.0115546953631565,0.014675152930431071,0.01119948728010057,0.01044748788699506,0.00732703031972049
mmlw_roberta_large,en,food,sadness,centroid_phrases,neutral_centroid,0.03171249525621531,0.027947981562465408,0.028615526203066084,0.04051334029063579,0.0037645136937499053,0.0030969690531492296,-0.008800845034420475
mmlw_roberta_large,en,food,sadness,centroid_words,neutral_centroid,0.03270218642428513,0.029932319466024586,0.03258972847834225,0.04863502793014045,0.002769866958260543,0.00011245794594287595,-0.01593284150585532
mmlw_roberta_large,en,food,sadness,feeling_phrase,neutral_centroid,0.03075894918292758,0.025172053556889267,0.02421345654875037,0.03780895629897709,0.005586895626038313,0.006545492634177211,-0.007050007116049511
mmlw_roberta_large,en,food,sadness,single_word,neutral_centroid,0.02245800727978346,0.01782696922309693,0.0225379815790802,0.03799667875282461,0.0046310380566865275,-7.997429929674019e-05,-0.015538671473041148
mmlw_roberta_large,en,object,anger,centroid_phrases,neutral_centroid,0.01730802282690998,0.00372588615864512,0.0029466891661286,0.01266318862326439,0.013582136668264862,0.014361333660781381,0.0046448342036455904
mmlw_roberta_large,en,object,anger,centroid_words,neutral_centroid,0.02876191297546025,0.01640351200476285,0.01741998279467221,0.02968802498653526,0.012358400970697403,0.01134193018078804,-0.0009261120110750087
mmlw_roberta_large,en,object,anger,feeling_phrase,neutral_centroid,0.01815780038014052,0.00856997407972811,0.00564557537436483,0.018364118505269263,0.009587826300412411,0.01251222500577569,-0.00020631812512874118
mmlw_roberta_large,en,object,anger,single_word,neutral_centroid,0.017341398494318087,0.00736985325347628,0.0081972743850201,0.01885740605648602,0.009971545240841807,0.009144124109297987,-0.0015160075621679335
mmlw_roberta_large,en,object,disgust,centroid_phrases,neutral_centroid,0.021956499991938428,-0.0008682237938046598,0.0074139021802693186,0.01290632565505798,0.022824723785743087,0.01454259781166911,0.009050174336880448
mmlw_roberta_large,en,object,disgust,centroid_words,neutral_centroid,0.028770959842950083,-0.0009901486802845999,0.00242761997506022,0.00299605536274611,0.029761108523234683,0.026343339867889864,0.025774904480203975
mmlw_roberta_large,en,object,disgust,feeling_phrase,neutral_centroid,0.030690827313810544,0.00187010224908589,0.00867577530443665,0.01438264017924662,0.028820725064724655,0.022015052009373894,0.016308187134563924
mmlw_roberta_large,en,object,disgust,single_word,neutral_centroid,0.041951504303142415,0.00498511979822071,0.010135311936028301,0.00908667636103928,0.03696638450492171,0.03181619236711411,0.03286482794210313
mmlw_roberta_large,en,object,joy,centroid_phrases,neutral_centroid,0.03438158342614766,0.01629259632900355,0.01629259632900355,0.030267900601029362,0.01808898709714411,0.01808898709714411,0.004113682825118297
mmlw_roberta_large,en,object,joy,centroid_words,neutral_centroid,0.03843866242095824,0.02161096725612876,0.02161096725612876,0.01292869132012128,0.01682769516482948,0.01682769516482948,0.02550997110083696
mmlw_roberta_large,en,object,joy,feeling_phrase,neutral_centroid,0.03765450904611497,0.01792982064653187,0.01792982064653187,0.02857388698030261,0.0197246883995831,0.0197246883995831,0.009080622065812359
mmlw_roberta_large,en,object,joy,single_word,neutral_centroid,0.04126002253033217,0.0250309944618493,0.0250309944618493,0.01986171924509105,0.016229028068482868,0.016229028068482868,0.021398303285241116
mmlw_roberta_large,en,object,sadness,centroid_phrases,neutral_centroid,0.023228053515776958,0.00971642187796532,0.01457158536650239,0.031159286061301788,0.013511631637811638,0.008656468149274567,-0.00793123254552483
mmlw_roberta_large,en,object,sadness,centroid_words,neutral_centroid,0.0223655607551336,0.00259814485907551,0.010145278833806491,0.02002880945801732,0.019767415896058092,0.01222028192132711,0.002336751297116281
mmlw_roberta_large,en,object,sadness,feeling_phrase,neutral_centroid,0.021922492771409417,0.00978089307900515,0.013336410722695261,0.01887274405453352,0.012141599692404267,0.008586082048714156,0.003049748716875897
mmlw_roberta_large,en,object,sadness,single_word,neutral_centroid,0.017102984106168128,-0.0001737488899380012,0.005813698563724749,0.01635445393621918,0.017276732996106128,0.011289285542443378,0.000748530169948948
mmlw_roberta_large,en,person,anger,centroid_phrases,neutral_centroid,0.06178171308711167,-0.0032833013683557497,0.01193820347543805,0.0400330946780741,0.06506501445546742,0.049843509611673616,0.021748618409037565
mmlw_roberta_large,en,person,anger,centroid_words,neutral_centroid,0.06896154335699974,0.00448537939228118,0.03146995664574204,0.038543788483366356,0.06447616396471856,0.0374915867112577,0.03041775487363338
mmlw_roberta_large,en,person,anger,feeling_phrase,neutral_centroid,0.03877112623304127,0.0026336033130064706,0.00586993291508406,0.0424509244970977,0.0361375229200348,0.03290119331795721,-0.0036797982640564275
mmlw_roberta_large,en,person,anger,single_word,neutral_centroid,0.060689850524067834,-0.00671884808689355,0.020026770466938588,0.029349233303219053,0.06740869861096138,0.04066308005712925,0.031340617220848785
mmlw_roberta_large,en,person,disgust,centroid_phrases,neutral_centroid,0.059834251832216946,-0.00237734778784216,0.01526377713307736,0.046647941041737764,0.06221159962005911,0.044570474699139585,0.013186310790479182
mmlw_roberta_large,en,person,disgust,centroid_words,neutral_centroid,0.07736258422955866,0.00939243314787743,0.03406723421066994,0.01837376421317455,0.06797015108168124,0.04329535001888872,0.058988820016384114
mmlw_roberta_large,en,person,disgust,feeling_phrase,neutral_centroid,0.06187350973486897,-0.00386323109269142,0.01799427862279116,0.022854564501903943,0.0657367408275604,0.04387923111207781,0.03901894523296503
mmlw_roberta_large,en,person,disgust,single_word,neutral_centroid,0.0696933470666408,0.007400868088006961,0.031563574820756876,0.01513810092583295,0.062292478978633846,0.03812977224588393,0.05455524614080785
mmlw_roberta_large,en,person,joy,centroid_phrases,neutral_centroid,0.05754571533761914,0.00552963248919695,0.00958560756407675,0.039661347214132496,0.052016082848422185,0.047960107773542385,0.017884368123486642
mmlw_roberta_large,en,person,joy,centroid_words,neutral_centroid,0.0691398667171597,0.027040640264749498,0.03147750515490767,0.04204225670546288,0.0420992264524102,0.03766236156225203,0.02709761001169682
mmlw_roberta_large,en,person,joy,feeling_phrase,neutral_centroid,0.05679392591118807,0.00814931821078059,0.011429506959393581,0.03638818925246591,0.04864460770040748,0.045364418951794494,0.02040573665872216
mmlw_roberta_large,en,person,joy,single_word,neutral_centroid,0.0746159110218286,0.03425557427108285,0.03940745033323761,0.05281056165695186,0.040360336750745754,0.035208460688590994,0.02180534936487674
mmlw_roberta_large,en,person,sadness,centroid_phrases,neutral_centroid,0.051072849659249166,0.007176987593993519,0.00478982510976491,0.060854139458388044,0.04389586206525565,0.046283024549484256,-0.009781289799138879
mmlw_roberta_large,en,person,sadness,centroid_words,neutral_centroid,0.0648236322216689,0.01233232426457102,0.012740272749215308,0.07452587392181154,0.052491307957097874,0.052083359472453586,-0.009702241700142639
mmlw_roberta_large,en,person,sadness,feeling_phrase,neutral_centroid,0.06046617049723859,0.00620544464327393,0.006375297857448439,0.0650747753679752,0.05426072585396466,0.05409087263979015,-0.004608604870736603
mmlw_roberta_large,en,person,sadness,single_word,neutral_centroid,0.0731846041977405,0.008349204831756631,0.009725890192203199,0.06798933520913118,0.06483539936598387,0.0634587140055373,0.005195268988609322
mmlw_roberta_large,en,place,anger,centroid_phrases,neutral_centroid,0.00445276671089233,-0.00583374998532233,-0.0062618347816169205,0.00445276671089233,0.01028651669621466,0.01071460149250925,0.0
mmlw_roberta_large,en,place,anger,centroid_words,neutral_centroid,0.005085853743366909,-0.00859304952900855,-0.0011784447589889102,-0.00579543805215507,0.01367890327237546,0.00626429850235582,0.01088129179552198
mmlw_roberta_large,en,place,anger,feeling_phrase,neutral_centroid,0.004770501889288429,-0.00905429162085054,-0.01201148901600387,0.00477050188928843,0.01382479351013897,0.0167819909052923,-8.673617379884035e-19
mmlw_roberta_large,en,place,anger,single_word,neutral_centroid,-0.006306236237287491,-0.01736634774133557,-0.012628375738859141,-0.016334526613354623,0.011060111504048079,0.006322139501571651,0.010028290376067131
mmlw_roberta_large,en,place,disgust,centroid_phrases,neutral_centroid,0.00968737270450221,-0.004451066919136761,0.0033292895997874697,0.00707556804409252,0.01413843962363897,0.00635808310471474,0.0026118046604096893
mmlw_roberta_large,en,place,disgust,centroid_words,neutral_centroid,0.01489505697973073,-0.00261420495808123,0.008240272337570801,0.0008124890271574302,0.01750926193781196,0.00665478464215993,0.0140825679525733
mmlw_roberta_large,en,place,disgust,feeling_phrase,neutral_centroid,0.01917928790207949,-0.0004354799166321698,0.010015137959271659,0.005949729285202909,0.01961476781871166,0.009164149942807832,0.013229558616876582
mmlw_roberta_large,en,place,disgust,single_word,neutral_centroid,0.02421153476461767,-0.0037809143774211198,0.008528989087790251,-0.0030619085766374907,0.02799244914203879,0.01568254567682742,0.02727344334125516
mmlw_roberta_large,en,place,joy,centroid_phrases,neutral_centroid,0.03060965246986596,0.0013684898847714302,0.012170543964020909,0.020352170499973,0.02924116258509453,0.01843910850584505,0.01025748196989296
mmlw_roberta_large,en,place,joy,centroid_words,neutral_centroid,0.03226057896390555,9.93154942989391e-05,0.00867390753701329,0.0007815018296241802,0.03216126346960661,0.02358667142689226,0.03147907713428137
mmlw_roberta_large,en,place,joy,feeling_phrase,neutral_centroid,0.032668929034843995,0.0014034553430974498,0.01227491344325243,0.02127341427840291,0.031265473691746544,0.020394015591591565,0.011395514756441086
mmlw_roberta_large,en,place,joy,single_word,neutral_centroid,0.02589876004494726,0.00011961092241109979,0.00720389219932259,0.0024036710616201205,0.025779149122536163,0.01869486784562467,0.02349508898332714
mmlw_roberta_large,en,place,sadness,centroid_phrases,neutral_centroid,0.01153346712235361,-0.0048131139716133305,-0.0005623217439278801,0.01273281543981283,0.01634658109396694,0.01209578886628149,-0.0011993483174592198
mmlw_roberta_large,en,place,sadness,centroid_words,neutral_centroid,0.010471504693850869,-0.0029951960314064997,-0.0069048574659973105,-0.0017946538049727497,0.013466700725257368,0.01737636215984818,0.012266158498823619
mmlw_roberta_large,en,place,sadness,feeling_phrase,neutral_centroid,0.00141281357500703,-0.01220258444081988,-0.00811513306107369,0.00423233120236546,0.01361539801582691,0.00952794663608072,-0.00281951762735843
mmlw_roberta_large,en,place,sadness,single_word,neutral_centroid,0.00436754943802954,-0.0008129316382109907,-0.003138829767703991,-0.0054360584821551905,0.00518048107624053,0.007506379205733531,0.00980360792018473
mmlw_roberta_large,en,situation,anger,centroid_phrases,neutral_centroid,0.052803413849323966,0.046737983170896745,0.03677493389695881,0.04731403486803172,0.006065430678427221,0.016028479952365157,0.005489378981292245
mmlw_roberta_large,en,situation,anger,centroid_words,neutral_centroid,0.039611934963613704,0.026972661074250903,0.021988610178232164,0.039343672152608575,0.012639273889362802,0.01762332478538154,0.0002682628110051294
mmlw_roberta_large,en,situation,anger,feeling_phrase,neutral_centroid,0.04463395620696244,0.04128287327475843,0.030423999158665522,0.0439437817316502,0.0033510829322040137,0.01420995704829692,0.0006901744753122427
mmlw_roberta_large,en,situation,anger,single_word,neutral_centroid,0.031164186378009585,0.023836028133518965,0.020336307282559547,0.034271797561086684,0.00732815824449062,0.010827879095450039,-0.0031076111830770983
mmlw_roberta_large,en,situation,disgust,centroid_phrases,neutral_centroid,0.06087379101663824,0.05541782062500713,0.052913793735206105,0.06418060716241594,0.005455970391631114,0.007959997281432138,-0.0033068161457776996
mmlw_roberta_large,en,situation,disgust,centroid_words,neutral_centroid,0.05957779083400962,0.04578968845307823,0.043390785530209496,0.02730215359479186,0.013788102380931387,0.01618700530380012,0.03227563723921775
mmlw_roberta_large,en,situation,disgust,feeling_phrase,neutral_centroid,0.06961247902363535,0.06474754419177767,0.06130565609782931,0.057233534939587084,0.004864934831857681,0.008306822925806041,0.012378944084048264
mmlw_roberta_large,en,situation,disgust,single_word,neutral_centroid,0.06010656412690872,0.04716665018349881,0.04316751454025502,0.04115859288722272,0.01293991394340991,0.016939049586653702,0.018947971239686
mmlw_roberta_large,en,situation,joy,centroid_phrases,neutral_centroid,0.06236032675951716,0.04454902969300743,0.041857360675930946,0.04382603615522382,0.017811297066509725,0.020502966083586212,0.01853429060429334
mmlw_roberta_large,en,situation,joy,centroid_words,neutral_centroid,0.049193811882287206,0.03048778444062914,0.031375339697115076,0.020913650165311957,0.018706027441658064,0.01781847218517213,0.028280161716975248
mmlw_roberta_large,en,situation,joy,feeling_phrase,neutral_centroid,0.05527290673926468,0.0434868422336876,0.0423806318081915,0.04668908389285203,0.011786064505577079,0.012892274931073179,0.008583822846412653
mmlw_roberta_large,en,situation,joy,single_word,neutral_centroid,0.05016505494713778,0.03536001387983556,0.03535264115780588,0.0297752812504768,0.014805041067302217,0.014812413789331902,0.02038977369666098
mmlw_roberta_large,en,situation,sadness,centroid_phrases,neutral_centroid,0.05296143358573313,0.04925774475559588,0.04620995195582504,0.05150320185348387,0.003703688830137254,0.006751481629908088,0.0014582317322492586
mmlw_roberta_large,en,situation,sadness,centroid_words,neutral_centroid,0.04368357136845586,0.025810296135023218,0.029581567086279358,0.04368357136845586,0.017873275233432642,0.014102004282176502,0.0
mmlw_roberta_large,en,situation,sadness,feeling_phrase,neutral_centroid,0.04704671674408016,0.04454427049495277,0.04252813183702526,0.04704671674408016,0.0025024462491273908,0.0045185849070549025,0.0
mmlw_roberta_large,en,situation,sadness,single_word,neutral_centroid,0.04068181868642567,0.025535282434429967,0.027363776066340502,0.04039630074985324,0.0151465362519957,0.013318042620085166,0.00028551793657242974
mmlw_roberta_large,pl,food,anger,centroid_phrases,neutral_centroid,0.020804625039454523,0.010565536504145689,0.012101846595760421,0.02589113231515508,0.010239088535308834,0.008702778443694102,-0.005086507275700557
mmlw_roberta_large,pl,food,anger,centroid_words,neutral_centroid,0.03770727647934107,0.014867961383424699,0.014039018051698821,0.03770727647934107,0.02283931509591637,0.023668258427642253,0.0
mmlw_roberta_large,pl,food,anger,feeling_phrase,neutral_centroid,0.02794757308438415,0.02794757308438415,0.02666026797378431,0.039245121646672425,0.0,0.0012873051105998373,-0.011297548562288276
mmlw_roberta_large,pl,food,anger,single_word,neutral_centroid,0.03903767778538163,0.017106840107589928,0.014606669265776858,0.036561894277110665,0.0219308376777917,0.02443100851960477,0.0024757835082709623
mmlw_roberta_large,pl,food,disgust,centroid_phrases,neutral_centroid,0.032878039870411144,0.00740962009876967,-0.0035193807445466295,0.007726500276476152,0.025468419771641472,0.03639742061495777,0.025151539593934992
mmlw_roberta_large,pl,food,disgust,centroid_words,neutral_centroid,0.04375654784962534,0.001986046601086891,-0.011868092324584679,0.00251069730147722,0.04177050124853845,0.055624640174210024,0.041245850548148125
mmlw_roberta_large,pl,food,disgust,feeling_phrase,neutral_centroid,0.013897672016173581,-8.103055879473964e-05,-0.00996925188228487,0.00010560275986790102,0.01397870257496832,0.02386692389845845,0.01379206925630568
mmlw_roberta_large,pl,food,disgust,single_word,neutral_centroid,0.01155886233318595,-0.01485160819720476,-0.02446401834022252,-0.023521436820737998,0.02641047053039071,0.036022880673408475,0.03508029915392395
mmlw_roberta_large,pl,food,joy,centroid_phrases,neutral_centroid,0.00440949602052571,0.0005175686441362196,0.0010693552671000397,0.00575394323095681,0.0038919273763894906,0.0033401407534256705,-0.0013444472104311
mmlw_roberta_large,pl,food,joy,centroid_words,neutral_centroid,0.0042241746559739,-0.0010443769395351405,0.00254416801035402,0.0063559398986399104,0.00526855159550904,0.00168000664561988,-0.0021317652426660104
mmlw_roberta_large,pl,food,joy,feeling_phrase,neutral_centroid,0.00807044110260903,0.00275535113178194,0.00356109836138785,0.00275535113178194,0.00531508997082709,0.0045093427412211794,0.00531508997082709
mmlw_roberta_large,pl,food,joy,single_word,neutral_centroid,0.00937461354769768,0.00396221620030703,0.00893001719377935,0.00513006341643631,0.0054123973473906494,0.0004445963539183289,0.0042445501312613695
mmlw_roberta_large,pl,food,sadness,centroid_phrases,neutral_centroid,0.02852164740907024,0.012396724254358529,0.006714586180169099,0.03510661298641929,0.01612492315471171,0.02180706122890114,-0.006584965577349049
mmlw_roberta_large,pl,food,sadness,centroid_words,neutral_centroid,0.03452977167908099,0.01299149172846226,0.00591589028481392,0.046197150950320044,0.021538279950618727,0.028613881394267068,-0.011667379271239058
mmlw_roberta_large,pl,food,sadness,feeling_phrase,neutral_centroid,0.03491524071432646,0.01739129177294669,0.012428949540480941,0.029507632087916104,0.01752394894137977,0.02248629117384552,0.005407608626410355
mmlw_roberta_large,pl,food,sadness,single_word,neutral_centroid,0.03695100001059467,0.01701347590424116,0.011196145089343152,0.03649473234545434,0.019937524106353507,0.025754854921251517,0.000456267665140328
mmlw_roberta_large,pl,object,anger,centroid_phrases,neutral_centroid,0.0167771318927407,0.0061448149383068005,0.00646225167438387,0.014815434440970401,0.010632316954433901,0.010314880218356831,0.0019616974517703
mmlw_roberta_large,pl,object,anger,centroid_words,neutral_centroid,0.02316526118665932,-0.0003198875114321598,0.00668961480259897,0.0073224084451794695,0.023485148698091478,0.01647564638406035,0.01584285274147985
mmlw_roberta_large,pl,object,anger,feeling_phrase,neutral_centroid,0.0305620569735765,0.02234673835337158,0.01913822088390586,0.03042060676962132,0.008215318620204921,0.011423836089670642,0.00014145020395518043
mmlw_roberta_large,pl,object,anger,single_word,neutral_centroid,0.01648303263355046,0.0023368963273242304,0.00556091612670572,0.010551168187521399,0.01414613630622623,0.01092211650684474,0.005931864446029061
mmlw_roberta_large,pl,object,disgust,centroid_phrases,neutral_centroid,0.02134141530841587,0.007749819941818709,0.0025187788764015,0.01008623340167104,0.013591595366597164,0.018822636432014372,0.011255181906744832
mmlw_roberta_large,pl,object,disgust,centroid_words,neutral_centroid,0.01809301855973896,0.0022747713606804496,-0.00407133647240697,-0.0021655454766005304,0.01581824719905851,0.02216435503214593,0.02025856403633949
mmlw_roberta_large,pl,object,disgust,feeling_phrase,neutral_centroid,0.0210772040300071,0.00819851094856858,0.0027331020333804298,0.01010950105264783,0.01287869308143852,0.01834410199662667,0.01096770297735927
mmlw_roberta_large,pl,object,disgust,single_word,neutral_centroid,0.014165763417258819,0.005478470167145109,-0.0033184480387717505,0.00116036226972938,0.00868729325011371,0.01748421145603057,0.01300540114752944
mmlw_roberta_large,pl,object,joy,centroid_phrases,neutral_centroid,0.02432930413633579,0.01435723183676596,0.01844538860023017,0.01891599232330913,0.00997207229956983,0.005883915536105618,0.00541331181302666
mmlw_roberta_large,pl,object,joy,centroid_words,neutral_centroid,0.02583963235374536,0.01636329211760309,0.01984711133409289,0.015360692446120061,0.009476340236142272,0.005992521019652471,0.0104789399076253
mmlw_roberta_large,pl,object,joy,feeling_phrase,neutral_centroid,0.029317787988111334,0.014174575218930802,0.0188921297434717,0.02170900166966016,0.015143212769180531,0.010425658244639632,0.0076087863184511745
mmlw_roberta_large,pl,object,joy,single_word,neutral_centroid,0.0239358351100236,0.01577607137151061,0.018169319583103038,0.01623934758827088,0.00815976373851299,0.005766515526920563,0.007696487521752719
mmlw_roberta_large,pl,object,sadness,centroid_phrases,neutral_centroid,0.01744035461451858,0.0082517865812406,0.00908852787688375,0.01838229382410645,0.00918856803327798,0.00835182673763483,-0.0009419392095878706
mmlw_roberta_large,pl,object,sadness,centroid_words,neutral_centroid,0.01647012806497513,0.00811197715811431,0.007331434031948439,0.01887612077407537,0.00835815090686082,0.009138694033026692,-0.0024059927091002395
mmlw_roberta_large,pl,object,sadness,feeling_phrase,neutral_centroid,0.019300290383398498,0.00814623418264089,0.00918493233621118,0.013701291568577259,0.011154056200757607,0.010115358047187318,0.005598998814821239
mmlw_roberta_large,pl,object,sadness,single_word,neutral_centroid,0.01823805840685962,0.007441421411931511,0.007037039194256059,0.01180695779621599,0.01079663699492811,0.011201019212603561,0.00643110061064363
mmlw_roberta_large,pl,person,anger,centroid_phrases,neutral_centroid,0.02777595359366384,-0.00035253840032965984,0.01208008064422755,0.03413931096438314,0.0281284919939935,0.01569587294943629,-0.0063633573707193025
mmlw_roberta_large,pl,person,anger,centroid_words,neutral_centroid,0.07266829442232843,-0.00331003200262784,0.01598378312774,0.044934288971126043,0.07597832642495628,0.05668451129458843,0.027734005451202387
mmlw_roberta_large,pl,person,anger,feeling_phrase,neutral_centroid,0.01677106707356868,0.0028568608686327804,0.01586354556493459,0.03358283238485453,0.0139142062049359,0.0009075215086340911,-0.01681176531128585
mmlw_roberta_large,pl,person,anger,single_word,neutral_centroid,0.06175133734941479,-0.0025488385930657305,0.0158670844044536,0.03235211013816293,0.06430017594248053,0.04588425294496119,0.029399227211251863
mmlw_roberta_large,pl,person,disgust,centroid_phrases,neutral_centroid,0.05714130117557938,-0.00215267171151938,0.0036515853833407005,0.011466675298288428,0.05929397288709876,0.053489715792238685,0.04567462587729096
mmlw_roberta_large,pl,person,disgust,centroid_words,neutral_centroid,0.05703570730984207,-9.500053711236963e-05,0.00602457667700944,0.006179535202681991,0.05713070784695443,0.05101113063283263,0.05085617210716008
mmlw_roberta_large,pl,person,disgust,feeling_phrase,neutral_centroid,0.05404220889322457,0.00272191879339515,0.00991139640100299,0.010654685320332629,0.05132029009982942,0.04413081249222158,0.04338752357289194
mmlw_roberta_large,pl,person,disgust,single_word,neutral_centroid,0.04344671010039744,-0.0030597800388932205,0.00438314536586403,0.00862544826231894,0.04650649013929066,0.03906356473453341,0.0348212618380785
mmlw_roberta_large,pl,person,joy,centroid_phrases,neutral_centroid,0.03081524982117113,0.00664644665084777,0.00468085501343012,0.032384566636756026,0.024168803170323362,0.02613439480774101,-0.001569316815584896
mmlw_roberta_large,pl,person,joy,centroid_words,neutral_centroid,0.04430432962253687,0.02184415515512227,0.02052440308034419,0.0284654025919735,0.022460174467414603,0.023779926542192683,0.015838927030563374
mmlw_roberta_large,pl,person,joy,feeling_phrase,neutral_centroid,0.03364724279381333,0.00807743524201214,0.006709828460589051,0.01982095935381948,0.025569807551801188,0.026937414333224278,0.013826283439993849
mmlw_roberta_large,pl,person,joy,single_word,neutral_centroid,0.04606797243468459,0.01805853354744612,0.017256175866350518,0.01798426727764309,0.02800943888723847,0.028811796568334075,0.028083705157041502
mmlw_roberta_large,pl,person,sadness,centroid_phrases,neutral_centroid,0.04201797260902819,-0.00148608763702214,-0.0022214599419385,0.047750496258959135,0.04350406024605033,0.04423943255096669,-0.005732523649930946
mmlw_roberta_large,pl,person,sadness,centroid_words,neutral_centroid,0.055994080193340734,-0.00028644104022532987,0.0018272181507199901,0.04134158305823799,0.05628052123356606,0.05416686204262074,0.014652497135102742
mmlw_roberta_large,pl,person,sadness,feeling_phrase,neutral_centroid,0.047178296465426636,-0.0017846978502348,-0.0031625271774828505,0.0267853925004601,0.04896299431566144,0.05034082364290949,0.020392903964966538
mmlw_roberta_large,pl,person,sadness,single_word,neutral_centroid,0.0559164454694837,-0.0012602481059729997,-0.0005039364565163902,0.026851840596646047,0.0571766935754567,0.05642038192600009,0.02906460487283765
mmlw_roberta_large,pl,place,anger,centroid_phrases,neutral_centroid,-0.00656702383421359,-0.008792095864191619,-0.011809201305732089,-0.00396665991283951,0.0022250720299780294,0.005242177471518499,-0.00260036392137408
mmlw_roberta_large,pl,place,anger,centroid_words,neutral_centroid,1.3762153684995782e-06,-0.00583549300208688,-0.011437139566987739,-0.0063769235275685805,0.00583686921745538,0.011438515782356239,0.00637829974293708
mmlw_roberta_large,pl,place,anger,feeling_phrase,neutral_centroid,0.007078263605944798,0.003430737811140709,-0.0002857717918232111,0.005569293047301459,0.0036475257948040893,0.007364035397768009,0.0015089705586433392
mmlw_roberta_large,pl,place,anger,single_word,neutral_centroid,-0.009513597982004272,-0.01329702078364787,-0.01885703545995053,-0.013780098268762201,0.0037834228016435986,0.009343437477946259,0.004266500286757929
mmlw_roberta_large,pl,place,disgust,centroid_phrases,neutral_centroid,-0.0047217270825058,-0.010687508014962049,-0.014851526962593158,-0.01124054039828476,0.005965780932456249,0.010129799880087359,0.0065188133157789594
mmlw_roberta_large,pl,place,disgust,centroid_words,neutral_centroid,0.01221760120242834,-0.00355804306454955,-0.01059104893356559,-0.0074499931186437305,0.01577564426697789,0.02280865013599393,0.01966759432107207
mmlw_roberta_large,pl,place,disgust,feeling_phrase,neutral_centroid,0.00060061425901951,-0.00633016373030838,-0.009802777087315879,-0.00417759902775285,0.00693077798932789,0.010403391346335389,0.00477821328677236
mmlw_roberta_large,pl,place,disgust,single_word,neutral_centroid,-0.0009408163838088505,-0.00740616526454686,-0.01239467067643997,-0.0087304914370179,0.0064653488807380095,0.01145385429263112,0.0077896750532090485
mmlw_roberta_large,pl,place,joy,centroid_phrases,neutral_centroid,0.006704474519938219,-0.00407853624783456,-0.00223615365102888,-0.00565789202228188,0.010783010767772779,0.008940628170967099,0.012362366542220098
mmlw_roberta_large,pl,place,joy,centroid_words,neutral_centroid,0.012369507364928721,0.00020021894015372988,0.0026605637744069204,-0.0016355809755623097,0.012169288424774992,0.009708943590521801,0.01400508834049103
mmlw_roberta_large,pl,place,joy,feeling_phrase,neutral_centroid,0.008282645186409351,-0.0020088167861104,-0.0002814197447150897,-0.00365669685415922,0.01029146197251975,0.008564064931124441,0.011939342040568571
mmlw_roberta_large,pl,place,joy,single_word,neutral_centroid,0.01835128249367699,0.00897518399870024,0.00860108028864489,0.004378506203647719,0.009376098494976752,0.009750202205032102,0.013972776290029272
mmlw_roberta_large,pl,place,sadness,centroid_phrases,neutral_centroid,-0.01128005045466123,-0.0150340867694467,-0.0119289968628436,-0.011280050454661229,0.003754036314785469,0.000648946408182369,-1.734723475976807e-18
mmlw_roberta_large,pl,place,sadness,centroid_words,neutral_centroid,-0.0127596239559352,-0.0130158320534974,-0.009664760250598162,-0.0073098609689622816,0.00025620809756220046,-0.0030948637053370386,-0.005449762986972919
mmlw_roberta_large,pl,place,sadness,feeling_phrase,neutral_centroid,-0.00818046312779186,-0.012200143933296178,-0.008396338531747437,-0.00818046312779186,0.004019680805504319,0.0002158754039555781,0.0
mmlw_roberta_large,pl,place,sadness,single_word,neutral_centroid,-0.00435045245103536,-0.01098047229461369,-0.006740177189931249,-0.01136530428193507,0.006630019843578329,0.0023897247388958882,0.00701485183089971
mmlw_roberta_large,pl,situation,anger,centroid_phrases,neutral_centroid,0.04108762834221119,0.04108762834221119,0.040934483520686585,0.04454547483474011,0.0,0.00015314482152460618,-0.003457846492528921
mmlw_roberta_large,pl,situation,anger,centroid_words,neutral_centroid,0.05173954144120213,0.04277735315263268,0.03984048115089532,0.05173954144120213,0.008962188288569449,0.01189906029030681,0.0
mmlw_roberta_large,pl,situation,anger,feeling_phrase,neutral_centroid,0.05988322719931597,0.05988322719931597,0.056497624516487065,0.061400792002677874,0.0,0.003385602682828906,-0.0015175648033619038
mmlw_roberta_large,pl,situation,anger,single_word,neutral_centroid,0.04686986571177837,0.03545941421762106,0.03225794299505648,0.04949689367786046,0.011410451494157307,0.01461192271672189,-0.0026270279660820933
mmlw_roberta_large,pl,situation,disgust,centroid_phrases,neutral_centroid,0.06400119587779038,0.055964481085538795,0.04837580621242517,0.03964874669909471,0.008036714792251584,0.01562538966536521,0.024352449178695668
mmlw_roberta_large,pl,situation,disgust,centroid_words,neutral_centroid,0.07533114328980442,0.06676513403654094,0.052783023379743055,0.054174380935728496,0.008566009253263479,0.022548119910061365,0.021156762354075924
mmlw_roberta_large,pl,situation,disgust,feeling_phrase,neutral_centroid,0.05044131851755078,0.04194750301539894,0.03183115138672289,0.027877500606700738,0.008493815502151836,0.018610167130827887,0.02256381791085004
mmlw_roberta_large,pl,situation,disgust,single_word,neutral_centroid,0.06811029668897386,0.0608281839638948,0.04974867906421418,0.045534081570804075,0.0072821127250790665,0.018361617624759685,0.02257621511816979
mmlw_roberta_large,pl,situation,joy,centroid_phrases,neutral_centroid,0.04671302339993414,0.02491419403813775,0.024215369625017,0.02491419403813775,0.02179882936179639,0.02249765377491714,0.02179882936179639
mmlw_roberta_large,pl,situation,joy,centroid_words,neutral_centroid,0.04115761546418067,0.026690395269542887,0.023883921932429036,0.026687452290207102,0.014467220194637781,0.017273693531751632,0.014470163173973566
mmlw_roberta_large,pl,situation,joy,feeling_phrase,neutral_centroid,0.03909344328567384,0.02518999027088283,0.02437514010816811,0.02518999027088283,0.013903453014791008,0.014718303177505727,0.013903453014791008
mmlw_roberta_large,pl,situation,joy,single_word,neutral_centroid,0.051266732532530966,0.027718281652778343,0.026326897088438224,0.02867780430242415,0.023548450879752623,0.024939835444092742,0.022588928230106817
mmlw_roberta_large,pl,situation,sadness,centroid_phrases,neutral_centroid,0.04440664858557278,0.03969254032708698,0.02470466229133301,0.04719920139759772,0.004714108258485797,0.01970198629423977,-0.002792552812024944
mmlw_roberta_large,pl,situation,sadness,centroid_words,neutral_centroid,0.050764196948148266,0.0441465547541156,0.02152938910294322,0.04733849300537255,0.006617642194032665,0.029234807845205046,0.003425703942775714
mmlw_roberta_large,pl,situation,sadness,feeling_phrase,neutral_centroid,0.04736738102510567,0.04238880695775147,0.02429666491225358,0.0446773174218833,0.004978574067354198,0.023070716112852087,0.0026900636032223674
mmlw_roberta_large,pl,situation,sadness,single_word,neutral_centroid,0.05960383932106193,0.039893454010598316,0.01658869476523249,0.041276107029989316,0.019710385310463617,0.04301514455582944,0.018327732291072617
mmlw_roberta_large,zh,food,anger,centroid_phrases,neutral_centroid,0.0,0.0,0.0,0.0,0.0,0.0,0.0
mmlw_roberta_large,zh,food,anger,centroid_words,neutral_centroid,0.0,0.0,0.0,0.0,0.0,0.0,0.0
mmlw_roberta_large,zh,food,anger,feeling_phrase,neutral_centroid,0.0,0.0,0.0,0.0,0.0,0.0,0.0
mmlw_roberta_large,zh,food,anger,single_word,neutral_centroid,0.0,0.0,0.0,0.0,0.0,0.0,0.0
mmlw_roberta_large,zh,food,disgust,centroid_phrases,neutral_centroid,0.0,0.0,0.0,0.0,0.0,0.0,0.0
mmlw_roberta_large,zh,food,disgust,centroid_words,neutral_centroid,0.0,0.0,0.0,0.0,0.0,0.0,0.0
mmlw_roberta_large,zh,food,disgust,feeling_phrase,neutral_centroid,0.0,0.0,0.0,0.0,0.0,0.0,0.0
mmlw_roberta_large,zh,food,disgust,single_word,neutral_centroid,0.0,0.0,0.0,0.0,0.0,0.0,0.0
mmlw_roberta_large,zh,food,joy,centroid_phrases,neutral_centroid,0.0,0.0,0.0,0.0,0.0,0.0,0.0
mmlw_roberta_large,zh,food,joy,centroid_words,neutral_centroid,0.0,0.0,0.0,0.0,0.0,0.0,0.0
mmlw_roberta_large,zh,food,joy,feeling_phrase,neutral_centroid,0.0,0.0,0.0,0.0,0.0,0.0,0.0
mmlw_roberta_large,zh,food,joy,single_word,neutral_centroid,0.0,0.0,0.0,0.0,0.0,0.0,0.0
mmlw_roberta_large,zh,food,sadness,centroid_phrases,neutral_centroid,0.0,0.0,0.0,0.0,0.0,0.0,0.0
mmlw_roberta_large,zh,food,sadness,centroid_words,neutral_centroid,0.0,0.0,0.0,0.0,0.0,0.0,0.0
mmlw_roberta_large,zh,food,sadness,feeling_phrase,neutral_centroid,0.0,0.0,0.0,0.0,0.0,0.0,0.0
mmlw_roberta_large,zh,food,sadness,single_word,neutral_centroid,0.0,0.0,0.0,0.0,0.0,0.0,0.0
mmlw_roberta_large,zh,object,anger,centroid_phrases,neutral_centroid,0.0,0.0,0.0,0.0,0.0,0.0,0.0
mmlw_roberta_large,zh,object,anger,centroid_words,neutral_centroid,0.0,0.0,0.0,0.0,0.0,0.0,0.0
mmlw_roberta_large,zh,object,anger,feeling_phrase,neutral_centroid,0.0,0.0,0.0,0.0,0.0,0.0,0.0
mmlw_roberta_large,zh,object,anger,single_word,neutral_centroid,0.0,0.0,0.0,0.0,0.0,0.0,0.0
mmlw_roberta_large,zh,object,disgust,centroid_phrases,neutral_centroid,0.0,0.0,0.0,0.0,0.0,0.0,0.0
mmlw_roberta_large,zh,object,disgust,centroid_words,neutral_centroid,0.0,0.0,0.0,0.0,0.0,0.0,0.0
mmlw_roberta_large,zh,object,disgust,feeling_phrase,neutral_centroid,0.0,0.0,0.0,0.0,0.0,0.0,0.0
mmlw_roberta_large,zh,object,disgust,single_word,neutral_centroid,0.0,0.0,0.0,0.0,0.0,0.0,0.0
mmlw_roberta_large,zh,object,joy,centroid_phrases,neutral_centroid,0.0,0.0,0.0,0.0,0.0,0.0,0.0
mmlw_roberta_large,zh,object,joy,centroid_words,neutral_centroid,0.0,0.0,0.0,0.0,0.0,0.0,0.0
mmlw_roberta_large,zh,object,joy,feeling_phrase,neutral_centroid,0.0,0.0,0.0,0.0,0.0,0.0,0.0
mmlw_roberta_large,zh,object,joy,single_word,neutral_centroid,0.0,0.0,0.0,0.0,0.0,0.0,0.0
mmlw_roberta_large,zh,object,sadness,centroid_phrases,neutral_centroid,0.0,0.0,0.0,0.0,0.0,0.0,0.0
mmlw_roberta_large,zh,object,sadness,centroid_words,neutral_centroid,0.0,0.0,0.0,0.0,0.0,0.0,0.0
mmlw_roberta_large,zh,object,sadness,feeling_phrase,neutral_centroid,0.0,0.0,0.0,0.0,0.0,0.0,0.0
mmlw_roberta_large,zh,object,sadness,single_word,neutral_centroid,0.0,0.0,0.0,0.0,0.0,0.0,0.0
mmlw_roberta_large,zh,person,anger,centroid_phrases,neutral_centroid,0.0,0.0,0.0,0.0,0.0,0.0,0.0
mmlw_roberta_large,zh,person,anger,centroid_words,neutral_centroid,0.0,0.0,0.0,0.0,0.0,0.0,0.0
mmlw_roberta_large,zh,person,anger,feeling_phrase,neutral_centroid,0.0,0.0,0.0,0.0,0.0,0.0,0.0
mmlw_roberta_large,zh,person,anger,single_word,neutral_centroid,0.0,0.0,0.0,0.0,0.0,0.0,0.0
mmlw_roberta_large,zh,person,disgust,centroid_phrases,neutral_centroid,0.0,0.0,0.0,0.0,0.0,0.0,0.0
mmlw_roberta_large,zh,person,disgust,centroid_words,neutral_centroid,0.0,0.0,0.0,0.0,0.0,0.0,0.0
mmlw_roberta_large,zh,person,disgust,feeling_phrase,neutral_centroid,0.0,0.0,0.0,0.0,0.0,0.0,0.0
mmlw_roberta_large,zh,person,disgust,single_word,neutral_centroid,0.0,0.0,0.0,0.0,0.0,0.0,0.0
mmlw_roberta_large,zh,person,joy,centroid_phrases,neutral_centroid,0.0,0.0,0.0,0.0,0.0,0.0,0.0
mmlw_roberta_large,zh,person,joy,centroid_words,neutral_centroid,0.0,0.0,0.0,0.0,0.0,0.0,0.0
mmlw_roberta_large,zh,person,joy,feeling_phrase,neutral_centroid,0.0,0.0,0.0,0.0,0.0,0.0,0.0
mmlw_roberta_large,zh,person,joy,single_word,neutral_centroid,0.0,0.0,0.0,0.0,0.0,0.0,0.0
mmlw_roberta_large,zh,person,sadness,centroid_phrases,neutral_centroid,0.0,0.0,0.0,0.0,0.0,0.0,0.0
mmlw_roberta_large,zh,person,sadness,centroid_words,neutral_centroid,0.0,0.0,0.0,0.0,0.0,0.0,0.0
mmlw_roberta_large,zh,person,sadness,feeling_phrase,neutral_centroid,0.0,0.0,0.0,0.0,0.0,0.0,0.0
mmlw_roberta_large,zh,person,sadness,single_word,neutral_centroid,0.0,0.0,0.0,0.0,0.0,0.0,0.0
mmlw_roberta_large,zh,place,anger,centroid_phrases,neutral_centroid,0.0,0.0,0.0,0.0,0.0,0.0,0.0
mmlw_roberta_large,zh,place,anger,centroid_words,neutral_centroid,0.0,0.0,0.0,0.0,0.0,0.0,0.0
mmlw_roberta_large,zh,place,anger,feeling_phrase,neutral_centroid,0.0,0.0,0.0,0.0,0.0,0.0,0.0
mmlw_roberta_large,zh,place,anger,single_word,neutral_centroid,0.0,0.0,0.0,0.0,0.0,0.0,0.0
mmlw_roberta_large,zh,place,disgust,centroid_phrases,neutral_centroid,0.0,0.0,0.0,0.0,0.0,0.0,0.0
mmlw_roberta_large,zh,place,disgust,centroid_words,neutral_centroid,0.0,0.0,0.0,0.0,0.0,0.0,0.0
mmlw_roberta_large,zh,place,disgust,feeling_phrase,neutral_centroid,0.0,0.0,0.0,0.0,0.0,0.0,0.0
mmlw_roberta_large,zh,place,disgust,single_word,neutral_centroid,0.0,0.0,0.0,0.0,0.0,0.0,0.0
mmlw_roberta_large,zh,place,joy,centroid_phrases,neutral_centroid,0.0,0.0,0.0,0.0,0.0,0.0,0.0
mmlw_roberta_large,zh,place,joy,centroid_words,neutral_centroid,0.0,0.0,0.0,0.0,0.0,0.0,0.0
mmlw_roberta_large,zh,place,joy,feeling_phrase,neutral_centroid,0.0,0.0,0.0,0.0,0.0,0.0,0.0
mmlw_roberta_large,zh,place,joy,single_word,neutral_centroid,0.0,0.0,0.0,0.0,0.0,0.0,0.0
mmlw_roberta_large,zh,place,sadness,centroid_phrases,neutral_centroid,0.0,0.0,0.0,0.0,0.0,0.0,0.0
mmlw_roberta_large,zh,place,sadness,centroid_words,neutral_centroid,0.0,0.0,0.0,0.0,0.0,0.0,0.0
mmlw_roberta_large,zh,place,sadness,feeling_phrase,neutral_centroid,0.0,0.0,0.0,0.0,0.0,0.0,0.0
mmlw_roberta_large,zh,place,sadness,single_word,neutral_centroid,0.0,0.0,0.0,0.0,0.0,0.0,0.0
mmlw_roberta_large,zh,situation,anger,centroid_phrases,neutral_centroid,0.0,0.0,0.0,0.0,0.0,0.0,0.0
mmlw_roberta_large,zh,situation,anger,centroid_words,neutral_centroid,0.0,0.0,0.0,0.0,0.0,0.0,0.0
mmlw_roberta_large,zh,situation,anger,feeling_phrase,neutral_centroid,0.0,0.0,0.0,0.0,0.0,0.0,0.0
mmlw_roberta_large,zh,situation,anger,single_word,neutral_centroid,0.0,0.0,0.0,0.0,0.0,0.0,0.0
mmlw_roberta_large,zh,situation,disgust,centroid_phrases,neutral_centroid,0.0,0.0,0.0,0.0,0.0,0.0,0.0
mmlw_roberta_large,zh,situation,disgust,centroid_words,neutral_centroid,0.0,0.0,0.0,0.0,0.0,0.0,0.0
mmlw_roberta_large,zh,situation,disgust,feeling_phrase,neutral_centroid,0.0,0.0,0.0,0.0,0.0,0.0,0.0
mmlw_roberta_large,zh,situation,disgust,single_word,neutral_centroid,0.0,0.0,0.0,0.0,0.0,0.0,0.0
mmlw_roberta_large,zh,situation,joy,centroid_phrases,neutral_centroid,0.0,0.0,0.0,0.0,0.0,0.0,0.0
mmlw_roberta_large,zh,situation,joy,centroid_words,neutral_centroid,0.0,0.0,0.0,0.0,0.0,0.0,0.0
mmlw_roberta_large,zh,situation,joy,feeling_phrase,neutral_centroid,0.0,0.0,0.0,0.0,0.0,0.0,0.0
mmlw_roberta_large,zh,situation,joy,single_word,neutral_centroid,0.0,0.0,0.0,0.0,0.0,0.0,0.0
mmlw_roberta_large,zh,situation,sadness,centroid_phrases,neutral_centroid,0.0,0.0,0.0,0.0,0.0,0.0,0.0
mmlw_roberta_large,zh,situation,sadness,centroid_words,neutral_centroid,0.0,0.0,0.0,0.0,0.0,0.0,0.0
mmlw_roberta_large,zh,situation,sadness,feeling_phrase,neutral_centroid,0.0,0.0,0.0,0.0,0.0,0.0,0.0
mmlw_roberta_large,zh,situation,sadness,single_word,neutral_centroid,0.0,0.0,0.0,0.0,0.0,0.0,0.0
qwen3_embedding_8b,en,food,anger,centroid_phrases,neutral_centroid,-0.008242538711056081,-0.02123323753476139,-0.02123323753476139,-0.0165390578564256,0.012990698823705309,0.012990698823705309,0.008296519145369519
qwen3_embedding_8b,en,food,anger,centroid_words,neutral_centroid,-0.004538154043257219,-0.01060046022757886,-0.01060046022757886,-0.001074517145752889,0.00606230618432164,0.00606230618432164,-0.00346363689750433
qwen3_embedding_8b,en,food,anger,feeling_phrase,neutral_centroid,-0.01618453944101928,-0.02675717370584605,-0.02675717370584605,-0.024003819469362482,0.010572634264826769,0.010572634264826769,0.0078192800283432
qwen3_embedding_8b,en,food,anger,single_word,neutral_centroid,-0.00819403501227497,-0.01894740732386706,-0.01894740732386706,-0.01227605892345307,0.010753372311592091,0.010753372311592091,0.004082023911178101
qwen3_embedding_8b,en,food,disgust,centroid_phrases,neutral_centroid,0.0534851639997214,-0.0099046104121953,0.00507554705254736,-0.01293038357980546,0.0633897744119167,0.048409616947174036,0.06641554757952686
qwen3_embedding_8b,en,food,disgust,centroid_words,neutral_centroid,0.02157146022655071,-0.013577918848022803,-0.004402154870331271,-0.01636651810258624,0.03514937907457351,0.02597361509688198,0.03793797832913695
qwen3_embedding_8b,en,food,disgust,feeling_phrase,neutral_centroid,0.06339902626350521,-0.009015431348234373,0.006696473527699746,-0.01149320555850859,0.07241445761173959,0.05670255273580547,0.07489223182201381
qwen3_embedding_8b,en,food,disgust,single_word,neutral_centroid,0.051553882099688045,-0.01868418566882609,-0.006972977332770821,-0.01868418566882609,0.07023806776851413,0.05852685943245887,0.07023806776851413
qwen3_embedding_8b,en,food,joy,centroid_phrases,neutral_centroid,0.003634026763029411,-0.0027528770966455196,-0.00275287709664552,0.00012923383619637004,0.006386903859674931,0.006386903859674931,0.0035047929268330414
qwen3_embedding_8b,en,food,joy,centroid_words,neutral_centroid,0.0015351767186075726,-0.014841317478567331,-0.014841317478567331,-0.019769874773919543,0.016376494197174903,0.016376494197174903,0.021305051492527115
qwen3_embedding_8b,en,food,joy,feeling_phrase,neutral_centroid,0.0063401107909157916,0.0003354830434546002,0.00033548304345460046,0.00254802764393389,0.006004627747461191,0.006004627747461191,0.0037920831469819014
qwen3_embedding_8b,en,food,joy,single_word,neutral_centroid,-0.01785123422741888,-0.01785123422741888,-0.01785123422741888,-0.020530170574784252,0.0,0.0,0.0026789363473653724
qwen3_embedding_8b,en,food,sadness,centroid_phrases,neutral_centroid,0.02426048638299107,0.007643221039325021,0.007643221039325019,0.035912534315139036,0.01661726534366605,0.016617265343666053,-0.011652047932147965
qwen3_embedding_8b,en,food,sadness,centroid_words,neutral_centroid,0.04907440990209577,0.01868596104905009,0.01868596104905009,0.04165981933474539,0.03038844885304568,0.03038844885304568,0.007414590567350381
qwen3_embedding_8b,en,food,sadness,feeling_phrase,neutral_centroid,0.007936440315097573,-0.004711173567920899,-0.004711173567920899,0.0192454914562404,0.012647613883018471,0.012647613883018471,-0.011309051141142827
qwen3_embedding_8b,en,food,sadness,single_word,neutral_centroid,0.02575034052133558,0.0075682686641812295,0.0075682686641812295,0.02874754266813394,0.01818207185715435,0.01818207185715435,-0.0029972021467983626
qwen3_embedding_8b,en,object,anger,centroid_phrases,neutral_centroid,0.11412429437041276,0.06808028593659396,0.0676914662122726,0.11000386700034137,0.0460440084338188,0.04643282815814016,0.004120427370071386
qwen3_embedding_8b,en,object,anger,centroid_words,neutral_centroid,0.12551871389150615,0.07832254245877261,0.07735932394862169,0.10990456193685527,0.04719617143273354,0.04815938994288446,0.015614151954650879
qwen3_embedding_8b,en,object,anger,feeling_phrase,neutral_centroid,0.11069941371679301,0.06883152201771732,0.0681312464177608,0.09593187049031253,0.04186789169907569,0.042568167299032206,0.014767543226480481
qwen3_embedding_8b,en,object,anger,single_word,neutral_centroid,0.11231627576053138,0.07088119667023415,0.06916116233915084,0.10967174954712386,0.04143507909029723,0.043155113421380537,0.002644526213407522
qwen3_embedding_8b,en,object,disgust,centroid_phrases,neutral_centroid,0.11658275388181205,0.05013253851793702,0.05013253851793702,0.07311074323952194,0.06645021536387503,0.06645021536387503,0.043472010642290115
qwen3_embedding_8b,en,object,disgust,centroid_words,neutral_centroid,0.09369534067809578,0.049657932389527516,0.04965793238952752,0.05270304344594475,0.04403740828856826,0.04403740828856825,0.040992297232151025
qwen3_embedding_8b,en,object,disgust,feeling_phrase,neutral_centroid,0.13328390643000598,0.05053573818877336,0.05053573818877336,0.0760400340892374,0.08274816824123263,0.08274816824123263,0.05724387234076858
qwen3_embedding_8b,en,object,disgust,single_word,neutral_centroid,0.11946234721690414,0.05201550526544448,0.05201550526544448,0.062077421136200385,0.06744684195145967,0.06744684195145967,0.05738492608070376
qwen3_embedding_8b,en,object,joy,centroid_phrases,neutral_centroid,0.09143994729965922,0.06490118391811844,0.06255440227687356,0.08077674712985751,0.026538763381540778,0.02888554502278566,0.010663200169801712
qwen3_embedding_8b,en,object,joy,centroid_words,neutral_centroid,0.09710896052420136,0.07284445958212013,0.07272630380466576,0.08146850243210788,0.024264500942081227,0.0243826567195356,0.01564045809209348
qwen3_embedding_8b,en,object,joy,feeling_phrase,neutral_centroid,0.08940083477646109,0.060787008889019445,0.058269707299768894,0.0781855765730142,0.028613825887441643,0.031131127476692194,0.01121525820344689
qwen3_embedding_8b,en,object,joy,single_word,neutral_centroid,0.08744498863816257,0.06368647366762156,0.06341759189963336,0.08248445726931089,0.023758514970541003,0.024027396738529203,0.0049605313688516756
qwen3_embedding_8b,en,object,sadness,centroid_phrases,neutral_centroid,0.13816664889454838,0.0859401766210794,0.08392131440341469,0.12828831635415552,0.05222647227346898,0.054245334491133695,0.009878332540392859
qwen3_embedding_8b,en,object,sadness,centroid_words,neutral_centroid,0.13168203756213187,0.08943351749330757,0.09371502194553612,0.12652136608958242,0.042248520068824305,0.03796701561659575,0.00516067147254945
qwen3_embedding_8b,en,object,sadness,feeling_phrase,neutral_centroid,0.12402671836316581,0.08510452471673484,0.08282026611268517,0.13773015625774856,0.03892219364643097,0.04120645225048064,-0.013703437894582754
qwen3_embedding_8b,en,object,sadness,single_word,neutral_centroid,0.1400056187063455,0.08781221285462373,0.08931301981210703,0.12622696422040458,0.052193405851721775,0.05069259889423848,0.013778654485940928
qwen3_embedding_8b,en,person,anger,centroid_phrases,neutral_centroid,0.17112584793940183,0.01714904662221668,0.018222666997462493,0.052630947064608316,0.15397680131718516,0.15290318094193933,0.11849490087479352
qwen3_embedding_8b,en,person,anger,centroid_words,neutral_centroid,0.1532113846391439,0.03957082787528629,0.0421257895417511,0.06816511340439316,0.11364055676385762,0.11108559509739281,0.08504627123475075
qwen3_embedding_8b,en,person,anger,feeling_phrase,neutral_centroid,0.16653068438172336,0.01006053420715033,0.01175044393166898,0.050141240470111335,0.15647015017457302,0.15478024045005437,0.11638944391161202
qwen3_embedding_8b,en,person,anger,single_word,neutral_centroid,0.14277278892695902,0.03136211391538379,0.03386900071054695,0.06694383816793559,0.11141067501157523,0.10890378821641207,0.07582895075902343
qwen3_embedding_8b,en,person,disgust,centroid_phrases,neutral_centroid,0.12164740683510895,0.01794408746063707,0.01537938751280305,0.03955515809357163,0.10370331937447189,0.10626801932230591,0.08209224874153732
qwen3_embedding_8b,en,person,disgust,centroid_words,neutral_centroid,0.08924517065752295,0.03258914256002752,0.03215882682707158,0.0428310916991904,0.05665602809749543,0.05708634383045137,0.04641407895833255
qwen3_embedding_8b,en,person,disgust,feeling_phrase,neutral_centroid,0.11032354207709427,0.01472619073465466,0.01123276064172387,0.044998800288885796,0.09559735134243962,0.0990907814353704,0.06532474178820848
qwen3_embedding_8b,en,person,disgust,single_word,neutral_centroid,0.11589906169101594,0.02426547389477491,0.022458572499454023,0.041288249101489774,0.09163358779624103,0.09344048919156192,0.07461081258952616
qwen3_embedding_8b,en,person,joy,centroid_phrases,neutral_centroid,0.06527930311858651,-0.01318230647593736,-0.0025935282930731815,0.05586855541914698,0.07846160959452388,0.0678728314116597,0.009410747699439531
qwen3_embedding_8b,en,person,joy,centroid_words,neutral_centroid,0.0529187652748078,0.0002836852800101198,0.008876082627102742,0.022346716700121748,0.05263507999479768,0.044042682647705056,0.030572048574686053
qwen3_embedding_8b,en,person,joy,feeling_phrase,neutral_centroid,0.07730488274246453,-0.010907245613634552,0.0014145320281386583,0.06816482301801441,0.08821212835609908,0.07589035071432587,0.009140059724450117
qwen3_embedding_8b,en,person,joy,single_word,neutral_centroid,0.06222353507764637,0.0051025299821049214,0.013131128111854212,0.03161222389899193,0.05712100509554145,0.04909240696579216,0.03061131117865444
qwen3_embedding_8b,en,person,sadness,centroid_phrases,neutral_centroid,0.091267628967762,0.0010101122781634505,-0.0002808987163007197,0.08021042235195634,0.09025751668959855,0.09154852768406271,0.011057206615805656
qwen3_embedding_8b,en,person,sadness,centroid_words,neutral_centroid,0.11931340107694263,0.033489598287269454,0.03368674977682528,0.07649876484647389,0.08582380278967318,0.08562665130011735,0.042814636230468744
qwen3_embedding_8b,en,person,sadness,feeling_phrase,neutral_centroid,0.08615472614765166,-0.0024443909525871305,-0.00387414172291758,0.05394288264214989,0.08859911710023878,0.09002886787056924,0.03221184350550176
qwen3_embedding_8b,en,person,sadness,single_word,neutral_centroid,0.10968769257888193,0.01412949552759526,0.015006314404308779,0.06502931425347919,0.09555819705128667,0.09468137817457316,0.044658378325402745
qwen3_embedding_8b,en,place,anger,centroid_phrases,neutral_centroid,0.0865544933825731,0.04707326125353573,0.04835247974842784,0.067003583535552,0.03948123212903736,0.03820201363414526,0.019550909847021097
qwen3_embedding_8b,en,place,anger,centroid_words,neutral_centroid,0.0881238274974748,0.04551028122659769,0.04902066958602514,0.07072946510743347,0.04261354627087711,0.03910315791144966,0.01739436239004133
qwen3_embedding_8b,en,place,anger,feeling_phrase,neutral_centroid,0.07427714597433802,0.04374502748250958,0.044040555506944634,0.062494529969990206,0.030532118491828436,0.03023659046739338,0.01178261600434781
qwen3_embedding_8b,en,place,anger,single_word,neutral_centroid,0.08580405274406071,0.04816148374229666,0.04805820453912017,0.07237280393019316,0.03764256900176405,0.037745848204940535,0.01343124881386755
qwen3_embedding_8b,en,place,disgust,centroid_phrases,neutral_centroid,0.11002256311476226,0.04848278262652454,0.047105234349146465,0.053524592332541907,0.061539780488237716,0.06291732876561579,0.05649797078222035
qwen3_embedding_8b,en,place,disgust,centroid_words,neutral_centroid,0.10525489347055553,0.047651717904955135,0.04507702225819229,0.05295163998380301,0.05760317556560039,0.06017787121236324,0.052303253486752514
qwen3_embedding_8b,en,place,disgust,feeling_phrase,neutral_centroid,0.11143227801658209,0.04783961088396606,0.04704170287586746,0.051764876628294564,0.06359266713261603,0.06439057514071464,0.05966740138828753
qwen3_embedding_8b,en,place,disgust,single_word,neutral_centroid,0.10985587569884951,0.04934242139570414,0.046509480429813246,0.05416353209875522,0.06051345430314537,0.06334639526903627,0.05569234360009429
qwen3_embedding_8b,en,place,joy,centroid_phrases,neutral_centroid,0.05087221702560779,0.04293699970003215,0.03921131303068248,0.04465011171996588,0.007935217325575644,0.011660903994925309,0.006222105305641913
qwen3_embedding_8b,en,place,joy,centroid_words,neutral_centroid,0.04882204523310063,0.04088815960567442,0.03763392854016271,0.025173847097903452,0.00793388562742621,0.01118811669293792,0.02364819813519718
qwen3_embedding_8b,en,place,joy,feeling_phrase,neutral_centroid,0.06385409384965897,0.04441934395581482,0.040219852887093996,0.04612977951765059,0.019434749893844146,0.023634240962564973,0.017724314332008377
qwen3_embedding_8b,en,place,joy,single_word,neutral_centroid,0.047313561569899285,0.039967164490371895,0.03588700862601395,0.03579359659925098,0.007346397079527389,0.011426552943885337,0.011519964970648305
qwen3_embedding_8b,en,place,sadness,centroid_phrases,neutral_centroid,0.10676837945356961,0.04954974697902795,0.06179882669821378,0.10707801952958104,0.05721863247454166,0.04496955275535583,-0.0003096400760114332
qwen3_embedding_8b,en,place,sadness,centroid_words,neutral_centroid,0.12292468780651686,0.05563391502946611,0.06900061499327416,0.11262695239856835,0.06729077277705076,0.0539240728132427,0.01029773540794851
qwen3_embedding_8b,en,place,sadness,feeling_phrase,neutral_centroid,0.0832681059837341,0.04428554475307464,0.056724828109145156,0.09449692927300928,0.03898256123065946,0.026543277874588947,-0.011228823289275172
qwen3_embedding_8b,en,place,sadness,single_word,neutral_centroid,0.10508530531078572,0.05553752891719336,0.07182766236364838,0.10544749852269883,0.04954777639359236,0.033257642947137345,-0.0003621932119131088
qwen3_embedding_8b,en,situation,anger,centroid_phrases,neutral_centroid,0.04780952818691727,0.022775182127952567,0.00675916187465192,0.05874211788177486,0.025034346058964704,0.04105036631226535,-0.010932589694857588
qwen3_embedding_8b,en,situation,anger,centroid_words,neutral_centroid,0.045286532677710024,0.03209983799606559,0.0202544743195176,0.04742882358841595,0.013186694681644434,0.025032058358192423,-0.0021422909107059254
qwen3_embedding_8b,en,situation,anger,feeling_phrase,neutral_centroid,0.052366469800472236,0.02913203425705433,0.01533948499709368,0.05784276882186527,0.023234435543417906,0.03702698480337856,-0.005476299021393037
qwen3_embedding_8b,en,situation,anger,single_word,neutral_centroid,0.06056960280984637,0.04889704491943118,0.03546619955450294,0.06351506859064097,0.011672557890415193,0.02510340325534343,-0.002945465780794604
qwen3_embedding_8b,en,situation,disgust,centroid_phrases,neutral_centroid,0.10629439316689963,0.03147083297371863,0.031470832973718624,0.04826480420306324,0.07482356019318101,0.07482356019318101,0.05802958896383639
qwen3_embedding_8b,en,situation,disgust,centroid_words,neutral_centroid,0.05342747457325455,0.03905636109411714,0.03905636109411714,0.028961738944053635,0.014371113479137408,0.014371113479137408,0.024465735629200916
qwen3_embedding_8b,en,situation,disgust,feeling_phrase,neutral_centroid,0.1114950872957706,0.03313710866495967,0.03313710866495967,0.05407023988664149,0.07835797863081093,0.07835797863081093,0.05742484740912911
qwen3_embedding_8b,en,situation,disgust,single_word,neutral_centroid,0.09928729310631748,0.04469741247594355,0.04469741247594355,0.03792939241975545,0.054589880630373934,0.054589880630373934,0.06135790068656203
qwen3_embedding_8b,en,situation,joy,centroid_phrases,neutral_centroid,0.121708192769438,0.04093532050028442,0.04093532050028442,0.0378056210465729,0.08077287226915358,0.08077287226915358,0.08390257172286511
qwen3_embedding_8b,en,situation,joy,centroid_words,neutral_centroid,0.0974712779279798,0.062409537844359854,0.062409537844359854,0.0656370615120977,0.035061740083619945,0.035061740083619945,0.031834216415882105
qwen3_embedding_8b,en,situation,joy,feeling_phrase,neutral_centroid,0.12664797492325303,0.04634875822812317,0.04634875822812317,0.041845609061419944,0.08029921669512985,0.08029921669512985,0.08480236586183308
qwen3_embedding_8b,en,situation,joy,single_word,neutral_centroid,0.09976744628511366,0.06412231530994174,0.06412231530994174,0.06934708519838746,0.035645130975171926,0.035645130975171926,0.030420361086726203
qwen3_embedding_8b,en,situation,sadness,centroid_phrases,neutral_centroid,0.07915877047926181,0.009369784034788598,0.009369784034788598,0.07401637304574246,0.06978898644447322,0.06978898644447322,0.005142397433519352
qwen3_embedding_8b,en,situation,sadness,centroid_words,neutral_centroid,0.07830615453422067,0.030066272243857384,0.030066272243857384,0.0445685502141714,0.04823988229036329,0.04823988229036329,0.03373760432004927
qwen3_embedding_8b,en,situation,sadness,feeling_phrase,neutral_centroid,0.062484022788703394,0.006943622790276989,0.006943622790276989,0.06746165435761209,0.05554039999842641,0.05554039999842641,-0.004977631568908694
qwen3_embedding_8b,en,situation,sadness,single_word,neutral_centroid,0.08446155162528154,0.03639893168583512,0.03639893168583512,0.05536315958015618,0.048062619939446424,0.048062619939446424,0.029098392045125362
qwen3_embedding_8b,pl,food,anger,centroid_phrases,neutral_centroid,-0.02640991788357492,-0.029428753443062273,-0.029428753443062273,-0.02560122441500421,0.0030188355594873532,0.0030188355594873532,-0.0008086934685707092
qwen3_embedding_8b,pl,food,anger,centroid_words,neutral_centroid,-0.007596698729321336,-0.024187434231862388,-0.024187434231862384,-0.008501569414511296,0.016590735502541053,0.01659073550254105,0.0009048706851899598
qwen3_embedding_8b,pl,food,anger,feeling_phrase,neutral_centroid,-0.02060964968986806,-0.024260269338265028,-0.024260269338265028,-0.01862905733287332,0.003650619648396969,0.003650619648396969,-0.001980592356994739
qwen3_embedding_8b,pl,food,anger,single_word,neutral_centroid,0.017164649069309208,0.0020060108974575995,0.0020060108974576,0.008320566080510601,0.015158638171851608,0.015158638171851608,0.008844082988798607
qwen3_embedding_8b,pl,food,disgust,centroid_phrases,neutral_centroid,-0.012160101952031238,-0.025811237143352612,-0.025811237143352605,-0.02103915368206796,0.013651135191321374,0.013651135191321367,0.008879051730036721
qwen3_embedding_8b,pl,food,disgust,centroid_words,neutral_centroid,-0.005827721767127511,-0.03232504725456235,-0.03232504725456235,-0.018845016323029977,0.02649732548743484,0.02649732548743484,0.013017294555902465
qwen3_embedding_8b,pl,food,disgust,feeling_phrase,neutral_centroid,-0.0138672154396772,-0.027912137843668416,-0.027912137843668423,-0.02768190484493966,0.014044922403991217,0.014044922403991224,0.01381468940526246
qwen3_embedding_8b,pl,food,disgust,single_word,neutral_centroid,-0.002986441086977729,-0.02196036884561181,-0.02196036884561181,-0.01082565793767572,0.01897392775863408,0.01897392775863408,0.00783921685069799
qwen3_embedding_8b,pl,food,joy,centroid_phrases,neutral_centroid,-0.00317009771242738,-0.01128933997824787,-0.01128933997824787,-0.01178998621180653,0.008119242265820491,0.008119242265820491,0.00861988849937915
qwen3_embedding_8b,pl,food,joy,centroid_words,neutral_centroid,-0.00870871846564116,-0.017572961980476982,-0.017572961980476982,-0.007390063861384999,0.008864243514835822,0.008864243514835822,-0.0013186546042561614
qwen3_embedding_8b,pl,food,joy,feeling_phrase,neutral_centroid,-0.01764517584815617,-0.02105041407048698,-0.02105041407048698,-0.02235925160348411,0.0034052382223308114,0.0034052382223308114,0.004714075755327941
qwen3_embedding_8b,pl,food,joy,single_word,neutral_centroid,-0.00848940873984246,-0.02655605005566027,-0.026556050055660273,-0.01789648665580896,0.01806664131581781,0.01806664131581781,0.009407077915966499
qwen3_embedding_8b,pl,food,sadness,centroid_phrases,neutral_centroid,-0.0005449255462735899,-0.00753526161424813,-0.005439387401565901,0.0015587317291647198,0.006990336067974541,0.004894461855292311,-0.0021036572754383094
qwen3_embedding_8b,pl,food,sadness,centroid_words,neutral_centroid,0.01773834166815502,-0.0033635391504503896,0.00013055208837612015,0.02064525944879276,0.02110188081860541,0.017607789579778897,-0.0029069177806377404
qwen3_embedding_8b,pl,food,sadness,feeling_phrase,neutral_centroid,0.011386981373652799,-0.0010458322707563603,0.0002153412904590297,0.00830892170779406,0.012432813644409159,0.01117164008319377,0.003078059665858739
qwen3_embedding_8b,pl,food,sadness,single_word,neutral_centroid,0.03909959644079203,0.02381661208346482,0.026216002739965872,0.04136447757482523,0.015282984357327209,0.012883593700826156,-0.0022648811340332045
qwen3_embedding_8b,pl,object,anger,centroid_phrases,neutral_centroid,0.06168672814965244,0.03247505631297822,0.03659765366464849,0.053978623449802365,0.029211671836674218,0.02508907448500395,0.007708104699850074
qwen3_embedding_8b,pl,object,anger,centroid_words,neutral_centroid,0.07614847887307405,0.03228614511899649,0.03541661980561911,0.05293249269016085,0.04386233375407756,0.04073185906745494,0.0232159861829132
qwen3_embedding_8b,pl,object,anger,feeling_phrase,neutral_centroid,0.06286577666178342,0.03487624777480957,0.03955779513344165,0.06585240447893737,0.027989528886973848,0.023307981528341765,-0.0029866278171539473
qwen3_embedding_8b,pl,object,anger,single_word,neutral_centroid,0.0729605576023459,0.03378718476742503,0.03588561322540042,0.04076459174975748,0.03917337283492087,0.03707494437694549,0.032195965852588423
qwen3_embedding_8b,pl,object,disgust,centroid_phrases,neutral_centroid,0.0764032498002052,0.03205309705808755,0.0353455536998808,0.04260111572220917,0.04435015274211765,0.0410576961003244,0.03380213407799603
qwen3_embedding_8b,pl,object,disgust,centroid_words,neutral_centroid,0.09373760721646243,0.04712045029737051,0.04607691713608797,0.051244488032534674,0.04661715691909192,0.04766069008037446,0.04249311918392776
qwen3_embedding_8b,pl,object,disgust,feeling_phrase,neutral_centroid,0.08376567717641589,0.036803357210010254,0.03978245621547099,0.0470034351572394,0.04696231996640564,0.0439832209609449,0.036762242019176494
qwen3_embedding_8b,pl,object,disgust,single_word,neutral_centroid,0.06648459127172825,0.027767440676689098,0.02984419334679837,0.03840726055204864,0.03871715059503915,0.036640397924929874,0.028077330719679605
qwen3_embedding_8b,pl,object,joy,centroid_phrases,neutral_centroid,0.05850191297940906,0.03863676055334504,0.043042527278885204,0.04885705052874977,0.019865152426064014,0.015459385700523853,0.009644862450659285
qwen3_embedding_8b,pl,object,joy,centroid_words,neutral_centroid,0.06707106959074732,0.05460531357675787,0.055799735523760274,0.06087922919541594,0.01246575601398945,0.011271334066987049,0.006191840395331383
qwen3_embedding_8b,pl,object,joy,feeling_phrase,neutral_centroid,0.059088665060698944,0.02263883659616109,0.02688831342384216,0.03702014749869702,0.036449828464537856,0.032200351636856785,0.022068517562001927
qwen3_embedding_8b,pl,object,joy,single_word,neutral_centroid,0.07630148436874147,0.03260161560028789,0.037078460305929165,0.041891672834753965,0.04369986876845358,0.039223024062812306,0.034409811533987505
qwen3_embedding_8b,pl,object,sadness,centroid_phrases,neutral_centroid,0.056797616463154524,0.03950532646849749,0.04230250986292955,0.06723112752661106,0.017292289994657033,0.014495106600224975,-0.010433511063456538
qwen3_embedding_8b,pl,object,sadness,centroid_words,neutral_centroid,0.07818081099539989,0.05710973124951117,0.058489785157144016,0.07370552103966468,0.02107107974588872,0.019691025838255875,0.004475289955735207
qwen3_embedding_8b,pl,object,sadness,feeling_phrase,neutral_centroid,0.0781801115721464,0.04026111047714946,0.04213659930974242,0.06957557406276461,0.037919001094996935,0.03604351226240397,0.008604537509381782
qwen3_embedding_8b,pl,object,sadness,single_word,neutral_centroid,0.08972782306373114,0.0416898247785866,0.03539323918521401,0.034938339609652716,0.048037998285144545,0.05433458387851713,0.05478948345407843
qwen3_embedding_8b,pl,person,anger,centroid_phrases,neutral_centroid,0.07663369895890351,0.01884009081404655,0.01991638678591697,0.04549776006024328,0.05779360814485696,0.05671731217298654,0.03113593889866023
qwen3_embedding_8b,pl,person,anger,centroid_words,neutral_centroid,0.11263078786432738,0.038765649311244474,0.03273489307612179,0.06269611809402702,0.07386513855308291,0.0798958947882056,0.049934669770300366
qwen3_embedding_8b,pl,person,anger,feeling_phrase,neutral_centroid,0.08038371801376337,0.0244183833710849,0.025135625805705764,0.04926111842505631,0.05596533464267847,0.05524809220805761,0.031122599588707063
qwen3_embedding_8b,pl,person,anger,single_word,neutral_centroid,0.08762388583272693,0.05137523664161562,0.04536901218816637,0.045556445652618995,0.03624864919111131,0.042254873644560556,0.04206744018010793
qwen3_embedding_8b,pl,person,disgust,centroid_phrases,neutral_centroid,0.06520882272161539,0.008774057636037459,0.0074218577239662294,0.02150335484184323,0.05643476508557793,0.05778696499764916,0.04370546787977216
qwen3_embedding_8b,pl,person,disgust,centroid_words,neutral_centroid,0.06926666647195813,0.00691116750240327,0.0010923590511083714,0.02010991387069225,0.06235549896955486,0.06817430742084976,0.04915675260126588
qwen3_embedding_8b,pl,person,disgust,feeling_phrase,neutral_centroid,0.08499787263572212,0.01710343942977486,0.014601459959521867,0.02189283007755872,0.06789443320594726,0.07039641267620025,0.0631050425581634
qwen3_embedding_8b,pl,person,disgust,single_word,neutral_centroid,0.08339168850798158,0.015323247108608478,0.00898510413244366,0.019774069543927908,0.0680684413993731,0.07440658437553792,0.06361761896405367
qwen3_embedding_8b,pl,person,joy,centroid_phrases,neutral_centroid,0.01592672388069329,-0.009731616685166951,-0.0017269963864237111,0.01539883245714006,0.025658340565860242,0.017653720267117,0.0005278914235532298
qwen3_embedding_8b,pl,person,joy,centroid_words,neutral_centroid,0.01893564518541096,0.0011618150398135002,0.006229291670024381,0.024164956342428878,0.01777383014559746,0.012706353515386577,-0.00522931115701792
qwen3_embedding_8b,pl,person,joy,feeling_phrase,neutral_centroid,0.014919528923928718,-0.01204931614920495,-0.00418897559866309,0.01198670286685226,0.026968845073133667,0.01910850452259181,0.0029328260570764576
qwen3_embedding_8b,pl,person,joy,single_word,neutral_centroid,0.030608277599094402,0.0012442470702808401,0.00759788986179045,0.00807357658632099,0.02936403052881356,0.023010387737303954,0.02253470101277341
qwen3_embedding_8b,pl,person,sadness,centroid_phrases,neutral_centroid,0.05245855522807685,0.002128137997351569,0.00587095876689999,0.04160618341993536,0.05033041723072528,0.04658759646117686,0.01085237180814149
qwen3_embedding_8b,pl,person,sadness,centroid_words,neutral_centroid,0.04842886608093973,0.020456996466964462,0.018486106302589157,0.050900047365576,0.027971869613975266,0.02994275977835057,-0.002471181284636269
qwen3_embedding_8b,pl,person,sadness,feeling_phrase,neutral_centroid,0.048706181929446736,0.00324596597347408,0.008898598258383558,0.03903531853575255,0.04546021595597265,0.03980758367106318,0.009670863393694183
qwen3_embedding_8b,pl,person,sadness,single_word,neutral_centroid,0.06779229082167146,0.028411050327122177,0.02867194134742019,0.055029873549938144,0.03938124049454928,0.03912034947425127,0.012762417271733315
qwen3_embedding_8b,pl,place,anger,centroid_phrases,neutral_centroid,0.02490582745522257,0.0053854746744036504,0.0053854746744036504,0.030024605616927103,0.01952035278081892,0.01952035278081892,-0.005118778161704533
qwen3_embedding_8b,pl,place,anger,centroid_words,neutral_centroid,0.021048694755882,0.011030614655464867,0.011030614655464867,0.026419824268668856,0.010018080100417132,0.010018080100417132,-0.005371129512786857
qwen3_embedding_8b,pl,place,anger,feeling_phrase,neutral_centroid,0.01957636051811277,0.005918024899438041,0.005918024899438041,0.03173242923803624,0.013658335618674728,0.013658335618674728,-0.012156068719923474
qwen3_embedding_8b,pl,place,anger,single_word,neutral_centroid,0.02414204692468045,0.0048823178745806195,0.00488231787458062,0.0032509047538042007,0.01925972905009983,0.01925972905009983,0.02089114217087625
qwen3_embedding_8b,pl,place,disgust,centroid_phrases,neutral_centroid,0.036033210065215794,0.00742003181949257,-0.0008366200141608701,0.02614683574065562,0.028613178245723223,0.036869830079376664,0.009886374324560174
qwen3_embedding_8b,pl,place,disgust,centroid_words,neutral_centroid,0.05628530632238832,0.03076536941807715,0.024068055837415142,0.02642768525984136,0.025519936904311168,0.032217250484973176,0.029857621062546958
qwen3_embedding_8b,pl,place,disgust,feeling_phrase,neutral_centroid,0.04242363246157762,0.012228441145271048,0.003984331246465439,0.031161805568262903,0.03019519131630657,0.03843930121511218,0.011261826893314716
qwen3_embedding_8b,pl,place,disgust,single_word,neutral_centroid,0.025441979826427964,0.013057190948165931,0.004760263510979691,0.014905524812638748,0.012384788878262033,0.020681716315448274,0.010536455013789216
qwen3_embedding_8b,pl,place,joy,centroid_phrases,neutral_centroid,0.04029345465824004,9.06756613403975e-06,0.007221848797053098,0.02245857270900157,0.040284387092106,0.03307160586118694,0.01783488194923847
qwen3_embedding_8b,pl,place,joy,centroid_words,neutral_centroid,0.039910313300788355,0.014704712852835622,0.02368034813553092,0.0170671911910176,0.025205600447952732,0.016229965165257435,0.022843122109770755
qwen3_embedding_8b,pl,place,joy,feeling_phrase,neutral_centroid,0.04450312871485944,-0.0007491987198591191,0.0073471906594932,0.012186507694423181,0.045252327434718555,0.03715593805536624,0.032316621020436254
qwen3_embedding_8b,pl,place,joy,single_word,neutral_centroid,0.08545712186023588,0.02419781060889361,0.03900925526395438,0.026045248005539156,0.06125931125134227,0.0464478665962815,0.05941187385469672
qwen3_embedding_8b,pl,place,sadness,centroid_phrases,neutral_centroid,0.06254144588019694,0.01645403772126883,0.00840143344830723,0.03760366353671995,0.04608740815892812,0.05414001243188971,0.024937782343476995
qwen3_embedding_8b,pl,place,sadness,centroid_words,neutral_centroid,0.032926431111991374,0.00514326291158794,-0.002174773346632731,0.01865906929597255,0.027783168200403434,0.03510120445862411,0.014267361816018825
qwen3_embedding_8b,pl,place,sadness,feeling_phrase,neutral_centroid,0.054406860657036246,0.013382095843553538,0.00208731275051833,0.03219558652490373,0.04102476481348271,0.05231954790651792,0.022211274132132516
qwen3_embedding_8b,pl,place,sadness,single_word,neutral_centroid,0.012672483734786522,-0.028882618807256177,-0.02820246140472587,-0.02893594875931736,0.0415551025420427,0.04087494513951239,0.041608432494103884
qwen3_embedding_8b,pl,situation,anger,centroid_phrases,neutral_centroid,0.01823469549417496,0.00025200210511686983,0.0009059594944119717,0.012626919057220243,0.01798269338905809,0.01732873599976299,0.005607776436954717
qwen3_embedding_8b,pl,situation,anger,centroid_words,neutral_centroid,0.042527767270803415,0.02393648251891134,0.0240579083561897,0.042527767270803415,0.018591284751892076,0.018469858914613717,0.0
qwen3_embedding_8b,pl,situation,anger,feeling_phrase,neutral_centroid,0.01916476408950982,0.00791708915494382,0.00883300299756228,0.013171079894527782,0.011247674934566,0.01033176109194754,0.005993684194982038
qwen3_embedding_8b,pl,situation,anger,single_word,neutral_centroid,0.07435160055756565,0.05531294737011191,0.06226841323077674,0.05843139528296885,0.019038653187453743,0.01208318732678891,0.015920205274596803
qwen3_embedding_8b,pl,situation,disgust,centroid_phrases,neutral_centroid,0.0560792622156441,0.02673570942133664,0.0289313974790275,0.025373206194490183,0.02934355279430746,0.0271478647366166,0.030706056021153914
qwen3_embedding_8b,pl,situation,disgust,centroid_words,neutral_centroid,0.08755356781184669,0.060367138590663616,0.05606592036783692,0.05861480105668304,0.02718642922118307,0.03148764744400977,0.028938766755163645
qwen3_embedding_8b,pl,situation,disgust,feeling_phrase,neutral_centroid,0.05425612526014443,0.02281341115012763,0.02500192774459717,0.02432589726522563,0.0314427141100168,0.02925419751554726,0.0299302279949188
qwen3_embedding_8b,pl,situation,disgust,single_word,neutral_centroid,0.03429227927699683,0.02060902724042534,0.01852435981854796,0.022151307668536898,0.013683252036571489,0.01576791945844887,0.012140971608459932
qwen3_embedding_8b,pl,situation,joy,centroid_phrases,neutral_centroid,0.04001103253103793,0.012461569858714949,0.0092593271750957,0.01941362251527609,0.027549462672322982,0.03075170535594223,0.02059741001576184
qwen3_embedding_8b,pl,situation,joy,centroid_words,neutral_centroid,0.04711109632626175,0.027175998967140902,0.017364293988794088,0.029227841738611447,0.01993509735912085,0.029746802337467664,0.017883254587650305
qwen3_embedding_8b,pl,situation,joy,feeling_phrase,neutral_centroid,0.04745228670071809,0.01663908183109014,0.009713054145686333,0.030697858962230384,0.03081320486962795,0.037739232555031754,0.016754427738487707
qwen3_embedding_8b,pl,situation,joy,single_word,neutral_centroid,0.0686033237725496,0.04989161789417264,0.0398296311497688,0.05122833475470538,0.018711705878376964,0.028773692622780803,0.01737498901784422
qwen3_embedding_8b,pl,situation,sadness,centroid_phrases,neutral_centroid,-0.0019413590431213406,-0.01926381550729272,-0.02257386185228822,-0.00145607069134712,0.01732245646417138,0.02063250280916688,-0.0004852883517742206
qwen3_embedding_8b,pl,situation,sadness,centroid_words,neutral_centroid,0.024116389360278812,2.7216877788290017e-05,-0.005552615318447371,0.01481667188927529,0.024089172482490522,0.029669004678726185,0.009299717471003522
qwen3_embedding_8b,pl,situation,sadness,feeling_phrase,neutral_centroid,-0.013487451616674629,-0.01973365312442179,-0.02427408518269654,-0.007120171468704919,0.00624620150774716,0.01078663356602191,-0.00636728014796971
qwen3_embedding_8b,pl,situation,sadness,single_word,neutral_centroid,-0.0020969774341210506,-0.01098302749451247,-0.01603521478828039,-0.007096119388006611,0.00888605006039142,0.01393823735415934,0.00499914195388556
qwen3_embedding_8b,zh,food,anger,centroid_phrases,neutral_centroid,0.02509810742922127,0.003556948853656661,-0.0002676239702850393,0.02071994375437498,0.02154115857556461,0.02536573139950631,0.004378163674846291
qwen3_embedding_8b,zh,food,anger,centroid_words,neutral_centroid,0.02287479639053346,-0.006066483119502621,-0.008120188349857883,0.018727088486775758,0.02894127951003608,0.03099498474039134,0.004147707903757701
qwen3_embedding_8b,zh,food,anger,feeling_phrase,neutral_centroid,0.02483660625293849,0.0015644782222807387,-0.002894756011664861,0.015585778001695869,0.02327212803065775,0.027731362264603352,0.009250828251242621
qwen3_embedding_8b,zh,food,anger,single_word,neutral_centroid,0.011116798268631099,-0.009299439424648852,-0.01180265373550352,0.008132496988400828,0.02041623769327995,0.02291945200413462,0.0029843012802302712
qwen3_embedding_8b,zh,food,disgust,centroid_phrases,neutral_centroid,0.05008218674920497,0.0029823895078152623,-0.003321244614198788,0.012141030747443451,0.047099797241389706,0.05340343136340376,0.03794115600176152
qwen3_embedding_8b,zh,food,disgust,centroid_words,neutral_centroid,0.03424736014567315,0.0018353869672864897,-0.005554520944133372,0.0040096412412822385,0.03241197317838666,0.03980188108980652,0.030237718904390913
qwen3_embedding_8b,zh,food,disgust,feeling_phrase,neutral_centroid,0.06529891560785468,0.009160494338721039,0.0031215368304401596,0.021781240357086062,0.05613842126913364,0.06217737877741452,0.04351767525076862
qwen3_embedding_8b,zh,food,disgust,single_word,neutral_centroid,0.03960764184594155,0.01263546613045039,0.006034460151568081,0.02104666982777419,0.02697217571549116,0.03357318169437347,0.018560972018167362
qwen3_embedding_8b,zh,food,joy,centroid_phrases,neutral_centroid,0.021349872788414347,-0.00471025900915264,-0.00990718724206088,0.010303976945579049,0.026060131797566985,0.03125706003047522,0.011045895842835298
qwen3_embedding_8b,zh,food,joy,centroid_words,neutral_centroid,0.02342628496699034,-0.0034978695679455905,-0.00698223724029957,0.01679108440876006,0.02692415453493593,0.03040852220728991,0.006635200558230282
qwen3_embedding_8b,zh,food,joy,feeling_phrase,neutral_centroid,0.026768644363619372,0.00138253394979984,-0.00355690594296901,0.016606638231314707,0.02538611041381953,0.030325550306588383,0.010162006132304665
qwen3_embedding_8b,zh,food,joy,single_word,neutral_centroid,0.034956769598647915,0.010701974062249032,0.008092829538509221,0.02671119449660179,0.024254795536398883,0.026863940060138695,0.008245575102046123
qwen3_embedding_8b,zh,food,sadness,centroid_phrases,neutral_centroid,0.04338749200105668,0.00967537518590692,0.00887216851115229,0.04350424893200398,0.03371211681514976,0.034515323489904395,-0.000116756930947301
qwen3_embedding_8b,zh,food,sadness,centroid_words,neutral_centroid,0.06819382067769765,0.022174745798110938,0.0231696774251759,0.04981696866452693,0.046019074879586716,0.04502414325252175,0.01837685201317072
qwen3_embedding_8b,zh,food,sadness,feeling_phrase,neutral_centroid,0.03845415795221922,0.011565079307183621,0.01067443257197737,0.04336288422346113,0.0268890786450356,0.027779725380241854,-0.004908726271241906
qwen3_embedding_8b,zh,food,sadness,single_word,neutral_centroid,0.05430826749652621,0.023645874997600888,0.02392414673231541,0.050016887951642254,0.03066239249892532,0.0303841207642108,0.004291379544883955
qwen3_embedding_8b,zh,object,anger,centroid_phrases,neutral_centroid,0.07029721606522796,0.04167203623801467,0.04005503971129653,0.06416518371552225,0.028625179827213285,0.03024217635393143,0.006132032349705704
qwen3_embedding_8b,zh,object,anger,centroid_words,neutral_centroid,0.07572464863769705,0.04568577869795259,0.043600344797596294,0.07572464863769705,0.030038869939744466,0.03212430384010076,0.0
qwen3_embedding_8b,zh,object,anger,feeling_phrase,neutral_centroid,0.06682076342403886,0.03784671425819395,0.0358819033950567,0.07048457395285365,0.028974049165844916,0.030938860028982162,-0.003663810528814787
qwen3_embedding_8b,zh,object,anger,single_word,neutral_centroid,0.07411279305815693,0.0432420318946242,0.04019843172281977,0.08251191154122349,0.030870761163532733,0.033914361335337165,-0.008399118483066556
qwen3_embedding_8b,zh,object,disgust,centroid_phrases,neutral_centroid,0.08263959204778074,0.03544353228062389,0.035964239947497825,0.04165770513936875,0.047196059767156844,0.04667535210028291,0.04098188690841199
qwen3_embedding_8b,zh,object,disgust,centroid_words,neutral_centroid,0.07779856640845534,0.04271117793396114,0.044228549767285574,0.05714613283053038,0.0350873884744942,0.033570016641169764,0.020652433577924956
qwen3_embedding_8b,zh,object,disgust,feeling_phrase,neutral_centroid,0.08067258112132547,0.02868656702339647,0.0291992876678705,0.04289986966177818,0.051986014097929,0.05147329345345497,0.03777271145954729
qwen3_embedding_8b,zh,object,disgust,single_word,neutral_centroid,0.07793310862034557,0.04230493064969777,0.04218877535313367,0.058338654041290273,0.035628177970647795,0.035744333267211895,0.019594454579055294
qwen3_embedding_8b,zh,object,joy,centroid_phrases,neutral_centroid,0.06462530549615617,0.056736789084970894,0.05372546445578332,0.07310976777225728,0.007888516411185272,0.010899841040372844,-0.008484462276101112
qwen3_embedding_8b,zh,object,joy,centroid_words,neutral_centroid,0.08264774736016985,0.06792833395302292,0.06580052487552161,0.08452044036239381,0.014719413407146928,0.016847222484648233,-0.0018726930022239657
qwen3_embedding_8b,zh,object,joy,feeling_phrase,neutral_centroid,0.0723712213337421,0.057874662987887814,0.05422733481973406,0.07154692411422728,0.01449655834585429,0.018143886514008042,0.0008242972195148246
qwen3_embedding_8b,zh,object,joy,single_word,neutral_centroid,0.08830937109887596,0.07079440318047996,0.06855664439499373,0.08244322985410686,0.017514967918396004,0.01975272670388223,0.005866141244769099
qwen3_embedding_8b,zh,object,sadness,centroid_phrases,neutral_centroid,0.07471709912642835,0.05150749040767547,0.053534210752695766,0.08133918708190319,0.023209608718752876,0.021182888373732583,-0.006622087955474837
qwen3_embedding_8b,zh,object,sadness,centroid_words,neutral_centroid,0.09763981532305475,0.06602232400327916,0.0695270555093884,0.09596275296062227,0.03161749131977559,0.028112759813666358,0.0016770623624324799
qwen3_embedding_8b,zh,object,sadness,feeling_phrase,neutral_centroid,0.08510113302618261,0.05081707704812284,0.051968471892178014,0.07932939548045391,0.034284055978059766,0.03313266113400459,0.005771737545728697
qwen3_embedding_8b,zh,object,sadness,single_word,neutral_centroid,0.10595509828999636,0.06322747310623522,0.0652211955748498,0.09174661235883828,0.042727625183761136,0.040733902715146555,0.014208485931158074
qwen3_embedding_8b,zh,person,anger,centroid_phrases,neutral_centroid,0.14256125930696723,0.03617068948224181,0.03937112372368568,0.07978487629443401,0.10639056982472542,0.10319013558328155,0.06277638301253322
qwen3_embedding_8b,zh,person,anger,centroid_words,neutral_centroid,0.10628878809511659,0.040772146359086,0.04196150898933407,0.08409170620143411,0.06551664173603058,0.06432727910578252,0.022197081893682483
qwen3_embedding_8b,zh,person,anger,feeling_phrase,neutral_centroid,0.1408635889180004,0.03648783890530461,0.040316953603178204,0.06775960074737662,0.1043757500126958,0.1005466353148222,0.07310398817062379
qwen3_embedding_8b,zh,person,anger,single_word,neutral_centroid,0.11624188106507058,0.04844954833388325,0.04979554545134302,0.0934078304097056,0.06779233273118733,0.06644633561372756,0.02283405065536498
qwen3_embedding_8b,zh,person,disgust,centroid_phrases,neutral_centroid,0.104509749636054,0.04361884146928781,0.04361884146928781,0.0603136640042066,0.06089090816676619,0.06089090816676619,0.0441960856318474
qwen3_embedding_8b,zh,person,disgust,centroid_words,neutral_centroid,0.14057529717683787,0.0558907732367515,0.0558907732367515,0.06338169500231737,0.08468452394008637,0.08468452394008637,0.0771936021745205
qwen3_embedding_8b,zh,person,disgust,feeling_phrase,neutral_centroid,0.11302799787372346,0.04883029926568265,0.04883029926568265,0.0666965557262301,0.06419769860804081,0.06419769860804081,0.046331442147493365
qwen3_embedding_8b,zh,person,disgust,single_word,neutral_centroid,0.1566389001905918,0.06762271970510478,0.06762271970510478,0.0755069702863693,0.08901618048548701,0.08901618048548701,0.0811319299042225
qwen3_embedding_8b,zh,person,joy,centroid_phrases,neutral_centroid,0.060129626840352966,0.02741555972024793,0.03192640123888845,0.07655375488102432,0.032714067120105036,0.028203225601464516,-0.01642412804067136
qwen3_embedding_8b,zh,person,joy,centroid_words,neutral_centroid,0.10298675792291756,0.0527905543800443,0.052029020106419875,0.06420003222301597,0.05019620354287326,0.050957737816497685,0.03878672569990159
qwen3_embedding_8b,zh,person,joy,feeling_phrase,neutral_centroid,0.053166631981730425,0.02021176980342713,0.027072310610674288,0.06813572477549311,0.03295486217830329,0.026094321371056137,-0.014969092793762684
qwen3_embedding_8b,zh,person,joy,single_word,neutral_centroid,0.10230569876730437,0.04370032916776831,0.04841328109614546,0.06517357937991615,0.058605369599536064,0.05389241767115891,0.037132119387388224
qwen3_embedding_8b,zh,person,sadness,centroid_phrases,neutral_centroid,0.12138651064597065,0.03487504641525442,0.0315796776209026,0.0743205384816974,0.08651146423071623,0.08980683302506806,0.04706597216427326
qwen3_embedding_8b,zh,person,sadness,centroid_words,neutral_centroid,0.1542916610371321,0.05638577858917412,0.05267833168618378,0.10221156175248321,0.09790588244795798,0.10161332935094833,0.05208009928464889
qwen3_embedding_8b,zh,person,sadness,feeling_phrase,neutral_centroid,0.10514997933059929,0.03192771757021543,0.02792221121489999,0.06788929421454665,0.07322226176038385,0.0772277681156993,0.03726068511605264
qwen3_embedding_8b,zh,person,sadness,single_word,neutral_centroid,0.1538114310242235,0.05218539880588646,0.04791105380281802,0.0904455327428877,0.10162603221833705,0.1059003772214055,0.0633658982813358
qwen3_embedding_8b,zh,place,anger,centroid_phrases,neutral_centroid,0.10778467506170268,0.08368681110441681,0.08368681110441681,0.11505692526698108,0.024097863957285873,0.024097863957285873,-0.007272250205278399
qwen3_embedding_8b,zh,place,anger,centroid_words,neutral_centroid,0.1038519579917192,0.07662597000598902,0.07662597000598902,0.10719768963754173,0.027225987985730185,0.027225987985730185,-0.003345731645822525
qwen3_embedding_8b,zh,place,anger,feeling_phrase,neutral_centroid,0.12428908534348007,0.08445787541568274,0.08445787541568274,0.11222273223102086,0.03983120992779733,0.03983120992779733,0.01206635311245921
qwen3_embedding_8b,zh,place,anger,single_word,neutral_centroid,0.09877318963408467,0.07277013361454007,0.07277013361454007,0.0992585428059101,0.0260030560195446,0.0260030560195446,-0.0004853531718254228
qwen3_embedding_8b,zh,place,disgust,centroid_phrases,neutral_centroid,0.11748089157044883,0.08526071459054943,0.0816559731960296,0.098386163637042,0.0322201769798994,0.03582491837441923,0.01909472793340683
qwen3_embedding_8b,zh,place,disgust,centroid_words,neutral_centroid,0.1028461061418056,0.07272076755762096,0.06830179244279858,0.07629186995327468,0.030125338584184647,0.034544313699007026,0.026554236188530922
qwen3_embedding_8b,zh,place,disgust,feeling_phrase,neutral_centroid,0.12782331928610796,0.0799815952777862,0.07728289961814874,0.09629633724689479,0.04784172400832176,0.05054041966795922,0.03152698203921317
qwen3_embedding_8b,zh,place,disgust,single_word,neutral_centroid,0.11981655135750766,0.07585010975599285,0.07230749726295467,0.08382175788283344,0.043966441601514805,0.047509054094552985,0.035994793474674214
qwen3_embedding_8b,zh,place,joy,centroid_phrases,neutral_centroid,0.11585216857492919,0.07241379078477617,0.07241379078477617,0.09086626060307021,0.04343837779015303,0.04343837779015303,0.024985907971858984
qwen3_embedding_8b,zh,place,joy,centroid_words,neutral_centroid,0.08523607514798638,0.049383165407925825,0.049383165407925825,0.06740284375846382,0.03585290974006056,0.03585290974006056,0.017833231389522558
qwen3_embedding_8b,zh,place,joy,feeling_phrase,neutral_centroid,0.12134990021586414,0.0760578610002994,0.0760578610002994,0.10409994646906848,0.04529203921556474,0.04529203921556474,0.017249953746795665
qwen3_embedding_8b,zh,place,joy,single_word,neutral_centroid,0.1043590551242232,0.052788191568106366,0.052788191568106366,0.0736511437222361,0.05157086355611683,0.05157086355611683,0.030707911401987087
qwen3_embedding_8b,zh,place,sadness,centroid_phrases,neutral_centroid,0.12760092504322523,0.07676296345889562,0.0692320074886083,0.10547583140432829,0.05083796158432961,0.05836891755461693,0.022125093638896948
qwen3_embedding_8b,zh,place,sadness,centroid_words,neutral_centroid,0.11665631942450996,0.0626734478399157,0.05401733051985497,0.09055767096579069,0.053982871584594264,0.062638988904655,0.026098648458719273
qwen3_embedding_8b,zh,place,sadness,feeling_phrase,neutral_centroid,0.11723302900791163,0.07589660324156279,0.06781482584774488,0.11437423638999458,0.04133642576634884,0.04941820316016675,0.0028587926179170497
qwen3_embedding_8b,zh,place,sadness,single_word,neutral_centroid,0.10061381682753559,0.05839390156324951,0.04905899909790603,0.09898034147918221,0.04221991526428608,0.05155481772962956,0.0016334753483533831
qwen3_embedding_8b,zh,situation,anger,centroid_phrases,neutral_centroid,0.1625937812030315,0.10171922203153368,0.11905723866075273,0.14140994027256962,0.060874559171497825,0.043536542542278775,0.021183840930461884
qwen3_embedding_8b,zh,situation,anger,centroid_words,neutral_centroid,0.17534096576273436,0.10683445353060957,0.1331052543595433,0.1811150565743446,0.0685065122321248,0.04223571140319107,-0.005774090811610233
qwen3_embedding_8b,zh,situation,anger,feeling_phrase,neutral_centroid,0.1687115237116813,0.10937340408563608,0.12557348459959025,0.14813222065567963,0.059338119626045224,0.04313803911209105,0.02057930305600167
qwen3_embedding_8b,zh,situation,anger,single_word,neutral_centroid,0.20298912450671192,0.11937657482922073,0.14540983475744723,0.20013931468129154,0.08361254967749118,0.057579289749264684,0.0028498098254203796
qwen3_embedding_8b,zh,situation,disgust,centroid_phrases,neutral_centroid,0.16984900087118143,0.10898987129330631,0.11153767108917234,0.13012881726026532,0.06085912957787512,0.05831132978200909,0.039720183610916115
qwen3_embedding_8b,zh,situation,disgust,centroid_words,neutral_centroid,0.16505067497491835,0.11040286421775813,0.11459919214248655,0.12068965807557104,0.054647810757160215,0.050451482832431796,0.04436101689934731
qwen3_embedding_8b,zh,situation,disgust,feeling_phrase,neutral_centroid,0.1786807522177696,0.11898752972483631,0.11998998373746868,0.13971108347177502,0.059693222492933296,0.05869076848030093,0.038969668745994585
qwen3_embedding_8b,zh,situation,disgust,single_word,neutral_centroid,0.17742406874895095,0.12276579290628428,0.12729271724820135,0.13158521726727482,0.054658275842666665,0.0501313515007496,0.04583885148167613
qwen3_embedding_8b,zh,situation,joy,centroid_phrases,neutral_centroid,0.2097589127719402,0.12960166297852987,0.1225444104522466,0.17419514209032055,0.08015724979341032,0.0872145023196936,0.035563770681619644
qwen3_embedding_8b,zh,situation,joy,centroid_words,neutral_centroid,0.2233520835638046,0.1344423078000545,0.1276485331356525,0.16879412010312075,0.08890977576375009,0.0957035504281521,0.05455796346068384
qwen3_embedding_8b,zh,situation,joy,feeling_phrase,neutral_centroid,0.20476528853178025,0.13078577220439908,0.1247042819857597,0.17188886702060696,0.07397951632738117,0.08006100654602055,0.03287642151117329
qwen3_embedding_8b,zh,situation,joy,single_word,neutral_centroid,0.22911496683955188,0.13234433010220523,0.12849594727158542,0.18510288745164866,0.09677063673734665,0.10061901956796646,0.04401207938790322
qwen3_embedding_8b,zh,situation,sadness,centroid_phrases,neutral_centroid,0.16478180587291713,0.1194207455962896,0.13077634312212463,0.16674871295690533,0.045361060276627535,0.0340054627507925,-0.0019669070839881952
qwen3_embedding_8b,zh,situation,sadness,centroid_words,neutral_centroid,0.21296779066324228,0.1332880169153213,0.1542332105338573,0.17860622778534888,0.07967977374792098,0.05873458012938498,0.03436156287789341
qwen3_embedding_8b,zh,situation,sadness,feeling_phrase,neutral_centroid,0.17122127860784525,0.1267785988748073,0.13877044469118113,0.1729965016245842,0.04444267973303795,0.03245083391666412,-0.001775223016738936
qwen3_embedding_8b,zh,situation,sadness,single_word,neutral_centroid,0.21819815784692764,0.1368359368294477,0.15864496305584902,0.18145460262894628,0.08136222101747995,0.05955319479107862,0.036743555217981366
